customerID,gender,SeniorCitizen,Partner,Dependents,tenure,PhoneService,MultipleLines,InternetService,OnlineSecurity,OnlineBackup,DeviceProtection,TechSupport,StreamingTV,StreamingMovies,Contract,PaperlessBilling,PaymentMethod,MonthlyCharges,TotalCharges,Churn
8813-SWT,Male,0,No,No,6,Yes,Yes,Fiber optic,No,No,No,No,Yes,Yes,Month-to-month,No,Credit card (automatic),75.52,438.15,Yes
1540-RFB,Female,0,No,No,56,Yes,Yes,DSL,Yes,No,No,Yes,No,Yes,Month-to-month,Yes,Mailed check,27.98,1554.19,No
7513-KVS,Female,0,No,No,47,Yes,No,No,No internet service,No internet service,No internet service,No internet service,No internet service,No internet service,Month-to-month,Yes,Electronic check,53.16,2508.58,No
2645-IUO,Male,0,Yes,No,32,No,No phone service,DSL,No,Yes,No,No,Yes,Yes,Month-to-month,No,Bank transfer (automatic),61.55,1974.14,Yes
3055-SRX,Female,0,No,No,31,Yes,Yes,No,No internet service,No internet service,No internet service,No internet service,No internet service,No internet service,Month-to-month,No,Electronic check,42.29,1297.68,No
5659-VUF,Female,0,No,Yes,62,Yes,No,Fiber optic,No,No,No,No,Yes,Yes,Month-to-month,No,Electronic check,78.46,4919.96,No
4895-MFP,Male,0,Yes,No,6,Yes,No,Fiber optic,No,No,Yes,No,Yes,No,Two year,No,Electronic check,75.2,442.58,Yes
8400-BYV,Male,0,No,No,50,Yes,No,Fiber optic,Yes,No,Yes,No,Yes,No,Month-to-month,Yes,Bank transfer (automatic),67.19,3409.8,No
6617-WWY,Female,1,Yes,No,14,Yes,No phone service,Fiber optic,Yes,No,Yes,No,Yes,No,Month-to-month,Yes,Electronic check,61.05,858.2,Yes
1198-XOU,Female,0,Yes,No,6,Yes,No,No,No internet service,No internet service,No internet service,No internet service,No internet service,No internet service,Month-to-month,Yes,Electronic check,37.96,229.09,No
4468-LSK,Male,1,No,No,38,Yes,Yes,Fiber optic,Yes,No,Yes,No,Yes,No,Month-to-month,No,Mailed check,58.41,2237.71,No
3958-DAW,Female,0,Yes,No,71,Yes,No,Fiber optic,No,No,Yes,Yes,No,Yes,Month-to-month,Yes,Electronic check,95.55,6801.73,No
5252-HPZ,Female,0,Yes,No,53,Yes,No phone service,Fiber optic,No,Yes,Yes,No,Yes,No,One year,Yes,Mailed check,88.41,4680.67,Yes
7099-NVA,Female,0,No,No,55,Yes,No,DSL,No,No,No,No,Yes,Yes,Two year,No,Mailed check,50.95,2822.01,No
9997-STG,Male,0,No,No,52,Yes,Yes,DSL,Yes,No,No,Yes,Yes,No,Month-to-month,Yes,Electronic check,57.27,3002.1,No
3749-QYG,Male,0,Yes,No,57,Yes,No,Fiber optic,No,Yes,Yes,No,Yes,No,One year,Yes,Electronic check,88.93,5126.87,Yes
7102-HXP,Female,1,Yes,No,37,Yes,No phone service,Fiber optic,No,No,Yes,No,Yes,Yes,Month-to-month,Yes,Electronic check,86.62,3207.44,No
4740-ZDK,Male,0,Yes,No,9,Yes,No,Fiber optic,No,Yes,No,No,No,No,Month-to-month,Yes,Mailed check,62.6,536.07,No
7135-KDH,Female,0,No,Yes,61,Yes,No,Fiber optic,No,No,No,No,Yes,No,Two year,Yes,Credit card (automatic),81.94,4974.62,No
8829-EQD,Female,1,Yes,Yes,32,No,Yes,Fiber optic,Yes,Yes,Yes,Yes,Yes,Yes,Month-to-month,No,Electronic check,74.01,2451.2,Yes
4983-KDU,Male,1,No,Yes,36,Yes,No,Fiber optic,Yes,No,Yes,No,Yes,No,Two year,No,Electronic check,89.05,3140.01,No
3530-PHK,Male,0,Yes,No,27,Yes,No phone service,Fiber optic,Yes,Yes,No,No,No,Yes,Month-to-month,No,Electronic check,70.61,1864.82,Yes
1415-GDR,Female,0,Yes,Yes,13,Yes,Yes,No,No internet service,No internet service,No internet service,No internet service,No internet service,No internet service,Month-to-month,No,Bank transfer (automatic),61.97,806.52,No
6476-GAI,Male,0,Yes,No,67,Yes,No,DSL,No,No,Yes,No,No,Yes,Month-to-month,Yes,Electronic check,80.51,5372.64,No
5265-BPL,Female,0,Yes,No,57,Yes,Yes,Fiber optic,No,Yes,No,Yes,No,No,Month-to-month,Yes,Bank transfer (automatic),81.54,4676.44,No
3219-KZZ,Female,1,Yes,Yes,47,Yes,Yes,DSL,Yes,No,Yes,No,No,Yes,Two year,Yes,Bank transfer (automatic),71.25,3374.35,No
5118-XTH,Female,1,Yes,No,29,Yes,No,No,No internet service,No internet service,No internet service,No internet service,No internet service,No internet service,Month-to-month,No,Electronic check,46.22,1321.67,Yes
3002-CAL,Female,0,No,No,60,Yes,No,Fiber optic,Yes,Yes,Yes,No,No,No,Two year,Yes,Mailed check,74.59,4528.03,No
1658-SHF,Female,0,No,Yes,39,Yes,No,Fiber optic,No,Yes,No,No,Yes,No,Two year,No,Credit card (automatic),46.18,1762.4,Yes
3735-NEI,Female,0,Yes,Yes,32,No,No,No,No internet service,No internet service,No internet service,No internet service,No internet service,No internet service,Month-to-month,No,Electronic check,30.45,948.6,No
4012-ZDD,Male,1,No,No,32,No,No,Fiber optic,Yes,No,No,Yes,No,No,Month-to-month,No,Mailed check,95.41,3108.16,Yes
8976-SHC,Female,1,No,Yes,16,Yes,No,DSL,Yes,Yes,Yes,No,Yes,Yes,Month-to-month,Yes,Mailed check,75.56,1163.27,Yes
7580-QXB,Female,0,Yes,Yes,6,Yes,No,Fiber optic,No,Yes,No,No,No,No,Month-to-month,No,Electronic check,76.26,469.7,Yes
9422-OOU,Female,1,Yes,No,40,Yes,No,DSL,No,Yes,No,No,No,No,Two year,Yes,Bank transfer (automatic),47.01,1935.29,No
3936-OXO,Male,0,Yes,No,64,No,No,No,No internet service,No internet service,No internet service,No internet service,No internet service,No internet service,Month-to-month,Yes,Electronic check,52.31,3256.87,No
9750-BTZ,Male,1,Yes,No,4,Yes,Yes,Fiber optic,Yes,No,Yes,No,No,Yes,Two year,No,Electronic check,76.79,295.34,No
6206-AEH,Male,0,Yes,No,62,Yes,Yes,Fiber optic,Yes,Yes,Yes,No,No,No,One year,Yes,Bank transfer (automatic),83.05,5182.27,Yes
6640-VGD,Female,0,Yes,Yes,60,Yes,No,No,No internet service,No internet service,No internet service,No internet service,No internet service,No internet service,Month-to-month,No,Credit card (automatic),33.49,1999.95,No
2604-GKT,Female,0,Yes,Yes,20,Yes,No,No,No internet service,No internet service,No internet service,No internet service,No internet service,No internet service,One year,No,Electronic check,36.61,734.28,No
4597-UNS,Female,0,Yes,No,46,Yes,Yes,Fiber optic,No,No,No,No,Yes,Yes,Month-to-month,No,Bank transfer (automatic),63.22,2914.7,Yes
4464-VAJ,Female,0,No,Yes,12,Yes,Yes,DSL,Yes,No,Yes,No,No,No,Two year,Yes,Electronic check,70.48,856.71,Yes
5334-UHF,Male,0,Yes,No,55,Yes,Yes,Fiber optic,No,Yes,No,No,No,No,Month-to-month,Yes,Bank transfer (automatic),69.94,3818.49,No
6318-NKO,Male,0,No,No,51,Yes,Yes,No,No internet service,No internet service,No internet service,No internet service,No internet service,No internet service,Two year,Yes,Mailed check,28.96,1503.78,No
4641-DWE,Male,0,No,No,25,Yes,No,No,No internet service,No internet service,No internet service,No internet service,No internet service,No internet service,Two year,No,Mailed check,54.2,1363.93,No
7669-FUF,Male,0,No,No,4,Yes,No,Fiber optic,No,No,No,No,No,No,Two year,Yes,Credit card (automatic),72.98,251.81,Yes
6708-ZWF,Male,1,Yes,No,70,Yes,No phone service,DSL,No,Yes,Yes,No,No,No,Month-to-month,No,Bank transfer (automatic),46.04,3206.5,No
6683-IAZ,Male,0,Yes,Yes,32,Yes,No,DSL,No,Yes,Yes,No,No,No,Two year,No,Electronic check,43.33,1337.1,No
5522-LOE,Male,0,Yes,No,65,Yes,No,No,No internet service,No internet service,No internet service,No internet service,No internet service,No internet service,Month-to-month,Yes,Credit card (automatic),62.33,4058.93,No
9020-LNY,Male,0,No,Yes,49,Yes,Yes,DSL,No,No,No,Yes,Yes,No,One year,No,Electronic check,54.17,2671.5,No
3126-WLC,Female,0,No,Yes,56,Yes,No,Fiber optic,Yes,Yes,No,No,Yes,Yes,Month-to-month,Yes,Bank transfer (automatic),72.71,4079.19,No
4804-MOO,Female,0,No,Yes,55,Yes,No,Fiber optic,No,No,Yes,Yes,Yes,Yes,Month-to-month,Yes,Bank transfer (automatic),78.65,4344.99,No
3382-XIR,Male,0,Yes,No,14,Yes,Yes,DSL,No,Yes,No,No,No,Yes,Month-to-month,Yes,Credit card (automatic),46.34,653.43,No
9646-DMC,Male,0,No,No,26,Yes,Yes,Fiber optic,Yes,No,Yes,No,Yes,No,Month-to-month,No,Mailed check,63.21,1670.13,Yes
8632-VYX,Female,0,No,Yes,34,Yes,No,No,No internet service,No internet service,No internet service,No internet service,No internet service,No internet service,Month-to-month,No,Bank transfer (automatic),44.35,1503.42,No
8289-JKB,Female,0,No,Yes,36,Yes,Yes,Fiber optic,No,Yes,Yes,No,No,No,Two year,Yes,Bank transfer (automatic),82.2,2983.76,Yes
2784-LUW,Male,0,Yes,No,3,Yes,No,Fiber optic,Yes,Yes,No,Yes,Yes,Yes,Month-to-month,Yes,Mailed check,83.04,204.11,No
6540-EIF,Male,0,No,No,39,Yes,No,Fiber optic,No,No,No,No,No,No,One year,Yes,Credit card (automatic),74.82,2869.08,No
8277-WOJ,Male,0,No,No,11,Yes,Yes,No,No internet service,No internet service,No internet service,No internet service,No internet service,No internet service,Month-to-month,Yes,Electronic check,58.03,641.36,No
8027-VNU,Female,0,No,No,54,Yes,Yes,Fiber optic,Yes,No,Yes,No,Yes,Yes,One year,Yes,Electronic check,71.86,3904.4,No
6512-XJE,Female,0,No,Yes,49,Yes,No,Fiber optic,No,Yes,No,No,Yes,No,Two year,No,Bank transfer (automatic),73.09,3571.72,No
4112-FSE,Female,0,No,Yes,67,Yes,No,Fiber optic,No,No,No,No,Yes,Yes,Month-to-month,No,Electronic check,99.04,6658.01,No
4442-AKS,Male,0,Yes,No,54,No,Yes,DSL,No,Yes,No,No,Yes,Yes,One year,Yes,Credit card (automatic),38.09,2067.71,Yes
3682-WUC,Female,0,Yes,No,26,Yes,No,DSL,Yes,No,Yes,No,Yes,Yes,Two year,No,Electronic check,47.96,1175.25,No
8450-LES,Female,0,Yes,Yes,70,Yes,No,No,No internet service,No internet service,No internet service,No internet service,No internet service,No internet service,Two year,No,Mailed check,31.38,2277.92,No
7175-EGM,Male,0,No,No,29,Yes,Yes,Fiber optic,Yes,Yes,Yes,No,No,No,Month-to-month,No,Bank transfer (automatic),75.18,2136.17,Yes
3193-OET,Male,0,Yes,Yes,23,Yes,No,DSL,No,Yes,No,Yes,Yes,Yes,Month-to-month,No,Credit card (automatic),43.18,960.07,Yes
2998-BKF,Male,0,No,Yes,66,Yes,No,DSL,No,No,No,No,No,Yes,Two year,Yes,Bank transfer (automatic),45.68,3055.11,No
3635-KFC,Female,0,No,No,27,Yes,Yes,No,No internet service,No internet service,No internet service,No internet service,No internet service,No internet service,Month-to-month,Yes,Electronic check,43.28,1169.25,No
6650-QUN,Female,1,Yes,No,5,Yes,No,Fiber optic,No,Yes,Yes,Yes,No,No,Two year,Yes,Electronic check,96.7,456.63,No
4895-DAB,Male,0,No,Yes,34,Yes,Yes,Fiber optic,Yes,No,No,No,No,Yes,Month-to-month,No,Bank transfer (automatic),67.01,2261.9,Yes
6388-MVX,Male,0,No,No,58,Yes,No,DSL,No,Yes,No,No,Yes,Yes,Two year,Yes,Credit card (automatic),49.48,2839.02,No
6520-FVV,Female,0,No,No,13,Yes,No,No,No internet service,No internet service,No internet service,No internet service,No internet service,No internet service,Month-to-month,Yes,Bank transfer (automatic),20.37,236.8,Yes
1104-UFG,Female,1,No,No,33,Yes,Yes,No,No internet service,No internet service,No internet service,No internet service,No internet service,No internet service,Month-to-month,Yes,Bank transfer (automatic),46.77,1571.04,Yes
6861-LJL,Male,0,Yes,Yes,9,Yes,No phone service,Fiber optic,No,Yes,Yes,Yes,Yes,No,Two year,Yes,Mailed check,83.24,731.73,No
2777-FXW,Male,0,No,No,50,Yes,Yes,DSL,No,No,Yes,No,Yes,No,Two year,Yes,Mailed check,25.01,1213.1,No
4631-YVY,Female,1,Yes,No,34,Yes,No,Fiber optic,No,No,No,Yes,No,Yes,Two year,Yes,Mailed check,49.92,1670.68,No
9690-RAV,Female,0,Yes,Yes,24,No,Yes,No,No internet service,No internet service,No internet service,No internet service,No internet service,No internet service,Two year,No,Electronic check,32.18,766.88,No
9529-ZSZ,Female,0,No,No,16,Yes,Yes,No,No internet service,No internet service,No internet service,No internet service,No internet service,No internet service,Month-to-month,No,Electronic check,45.14,696.02,No
7990-HEP,Female,0,Yes,Yes,41,Yes,Yes,No,No internet service,No internet service,No internet service,No internet service,No internet service,No internet service,Month-to-month,Yes,Bank transfer (automatic),40.85,1664.07,No
2588-RMO,Female,0,Yes,No,48,Yes,Yes,Fiber optic,No,Yes,Yes,No,No,Yes,Month-to-month,No,Mailed check,81.66,3931.86,No
2374-ISR,Female,0,Yes,No,68,Yes,No phone service,DSL,No,Yes,No,No,No,No,Month-to-month,No,Electronic check,54.49,3688.49,No
9123-VYF,Female,0,Yes,No,31,Yes,No,Fiber optic,No,No,No,No,No,Yes,Month-to-month,Yes,Credit card (automatic),73.14,2237.25,Yes
3729-NNM,Female,0,Yes,Yes,11,Yes,Yes,No,No internet service,No internet service,No internet service,No internet service,No internet service,No internet service,Two year,Yes,Electronic check,28.99,294.5,No
2705-GIY,Female,0,No,No,60,Yes,Yes,DSL,No,Yes,Yes,No,Yes,Yes,Month-to-month,Yes,Bank transfer (automatic),53.95,3285.72,Yes
3488-ONK,Male,1,No,No,45,Yes,No,DSL,No,No,No,Yes,Yes,No,Month-to-month,Yes,Bank transfer (automatic),48.45,2256.37,No
3380-NAY,Male,0,No,No,51,Yes,No phone service,Fiber optic,Yes,Yes,Yes,No,No,Yes,Month-to-month,No,Credit card (automatic),74.22,3786.83,No
3387-UDU,Male,0,No,No,7,Yes,Yes,Fiber optic,No,No,No,Yes,Yes,No,Month-to-month,Yes,Credit card (automatic),54.71,408.34,No
1354-KMY,Female,1,Yes,Yes,22,Yes,No phone service,No,No internet service,No internet service,No internet service,No internet service,No internet service,No internet service,Month-to-month,Yes,Credit card (automatic),23.21,477.72,No
6770-QXW,Male,0,No,Yes,56,Yes,Yes,DSL,Yes,No,Yes,Yes,Yes,No,One year,Yes,Mailed check,69.43,3867.42,No
2854-KBT,Male,0,Yes,No,60,Yes,No,DSL,Yes,No,Yes,No,Yes,No,Month-to-month,Yes,Bank transfer (automatic),54.2,3267.75,No
7552-BNW,Female,0,No,Yes,31,Yes,No,DSL,No,Yes,Yes,No,Yes,No,One year,Yes,Credit card (automatic),52.16,1534.23,No
9233-IMI,Female,0,No,No,58,Yes,No phone service,Fiber optic,No,Yes,Yes,No,No,Yes,Two year,No,Mailed check,81.59,4759.26,No
8809-HBU,Female,0,No,Yes,61,Yes,Yes,Fiber optic,No,Yes,Yes,Yes,Yes,Yes,One year,Yes,Bank transfer (automatic),81.45,4948.69,No
9945-EKT,Male,1,No,No,28,Yes,No,Fiber optic,No,Yes,No,No,Yes,Yes,One year,Yes,Electronic check,90.07,2484.23,No
8802-AAY,Female,0,No,Yes,65,Yes,Yes,Fiber optic,No,Yes,No,Yes,No,No,Month-to-month,No,Mailed check,96.74,6301.69,No
2686-BPH,Female,0,No,Yes,21,Yes,No,DSL,No,No,No,No,Yes,No,Month-to-month,Yes,Electronic check,52.22,1147.11,No
1136-LOQ,Male,0,No,No,17,Yes,No phone service,Fiber optic,Yes,Yes,Yes,No,Yes,No,Month-to-month,No,Bank transfer (automatic),55.0,924.04,No
3437-ZNB,Male,0,Yes,No,49,Yes,No,No,No internet service,No internet service,No internet service,No internet service,No internet service,No internet service,Two year,Yes,Mailed check,47.33,2329.39,No
7737-KQR,Female,0,No,Yes,46,Yes,No phone service,Fiber optic,Yes,No,No,No,Yes,No,One year,Yes,Electronic check,92.82,4285.6,No
7705-EJZ,Male,0,Yes,Yes,10,No,No,DSL,No,No,No,No,No,Yes,Month-to-month,Yes,Mailed check,72.78,736.2,No
7448-ANU,Male,1,Yes,Yes,60,No,Yes,Fiber optic,No,No,Yes,No,Yes,No,Month-to-month,Yes,Bank transfer (automatic),64.23,3818.92,No
5573-TQV,Male,0,No,No,14,Yes,Yes,DSL,No,Yes,No,Yes,No,No,Two year,No,Credit card (automatic),70.59,996.08,Yes
5533-ZLR,Female,1,Yes,No,58,Yes,Yes,DSL,Yes,No,Yes,No,Yes,No,One year,No,Electronic check,57.64,3349.57,No
3844-UPD,Male,0,Yes,Yes,0,Yes,No,DSL,No,No,No,No,Yes,No,One year,Yes,Electronic check,48.21,0.0,No
3666-PAY,Male,1,Yes,No,58,Yes,Yes,DSL,Yes,No,Yes,Yes,Yes,No,Two year,Yes,Bank transfer (automatic),54.96,3217.7,No
1562-CWF,Female,0,Yes,No,57,Yes,No,DSL,Yes,No,Yes,No,Yes,No,One year,No,Mailed check,57.92,3248.81,No
8616-IYH,Male,0,Yes,Yes,56,Yes,No phone service,No,No internet service,No internet service,No internet service,No internet service,No internet service,No internet service,One year,Yes,Electronic check,58.47,3278.81,Yes
5022-XHH,Female,0,No,No,48,Yes,No,DSL,No,Yes,Yes,Yes,No,Yes,Month-to-month,Yes,Bank transfer (automatic),59.07,2888.48,No
9987-DPJ,Female,0,No,Yes,34,Yes,Yes,Fiber optic,No,No,No,No,Yes,No,Month-to-month,No,Credit card (automatic),70.67,2394.25,Yes
9171-NJI,Male,0,Yes,Yes,51,Yes,No,No,No internet service,No internet service,No internet service,No internet service,No internet service,No internet service,Two year,Yes,Electronic check,32.93,1642.82,No
7952-CUC,Male,0,Yes,No,20,Yes,No,Fiber optic,Yes,Yes,No,No,Yes,No,One year,No,Mailed check,75.42,1527.97,No
6921-JGG,Male,0,Yes,Yes,56,Yes,No,Fiber optic,No,Yes,Yes,No,No,Yes,Month-to-month,Yes,Electronic check,76.48,4331.95,Yes
8485-WMA,Female,0,No,No,40,Yes,Yes,Fiber optic,No,Yes,No,No,Yes,Yes,One year,No,Credit card (automatic),71.89,2836.8,No
7785-DOW,Male,0,No,No,33,Yes,Yes,DSL,No,No,No,Yes,Yes,Yes,Month-to-month,Yes,Credit card (automatic),35.24,1080.33,No
1958-ILE,Female,0,No,No,36,Yes,No,Fiber optic,Yes,No,Yes,No,Yes,Yes,Two year,Yes,Mailed check,66.15,2422.79,No
4410-JYB,Male,0,No,No,41,Yes,No,Fiber optic,Yes,No,Yes,No,Yes,No,Month-to-month,Yes,Credit card (automatic),76.21,3154.51,No
8531-VIV,Male,0,Yes,Yes,2,No,Yes,No,No internet service,No internet service,No internet service,No internet service,No internet service,No internet service,Two year,No,Electronic check,32.54,78.55,No
6491-YLG,Male,0,Yes,No,10,Yes,Yes,No,No internet service,No internet service,No internet service,No internet service,No internet service,No internet service,Month-to-month,Yes,Bank transfer (automatic),37.78,314.81,No
6905-LLF,Male,0,No,No,17,Yes,Yes,No,No internet service,No internet service,No internet service,No internet service,No internet service,No internet service,Month-to-month,Yes,Bank transfer (automatic),48.1,838.62,Yes
4665-MUW,Male,1,Yes,No,8,Yes,No,Fiber optic,Yes,Yes,Yes,Yes,Yes,No,Month-to-month,No,Credit card (automatic),91.11,765.05,Yes
9547-GBI,Female,1,No,Yes,32,Yes,No,Fiber optic,Yes,Yes,No,Yes,No,Yes,Two year,Yes,Bank transfer (automatic),81.7,2689.87,No
1194-YNR,Female,0,No,Yes,48,Yes,No,No,No internet service,No internet service,No internet service,No internet service,No internet service,No internet service,Month-to-month,Yes,Electronic check,39.62,1891.91,No
7501-DXY,Female,0,Yes,Yes,47,Yes,Yes,No,No internet service,No internet service,No internet service,No internet service,No internet service,No internet service,Month-to-month,Yes,Electronic check,25.48,1203.13,No
3620-PMG,Female,0,Yes,Yes,34,Yes,No,Fiber optic,No,Yes,No,No,No,Yes,One year,No,Electronic check,79.5,2627.66,Yes
8441-UIW,Female,0,Yes,No,62,Yes,No,No,No internet service,No internet service,No internet service,No internet service,No internet service,No internet service,Month-to-month,Yes,Credit card (automatic),37.82,2378.73,No
1591-HWN,Male,0,Yes,No,41,Yes,Yes,No,No internet service,No internet service,No internet service,No internet service,No internet service,No internet service,Month-to-month,Yes,Mailed check,66.94,2777.59,No
3400-RZI,Female,1,No,No,5,Yes,No,Fiber optic,No,No,No,No,No,Yes,Month-to-month,No,Mailed check,103.63,532.28,Yes
3278-DQL,Female,1,Yes,No,55,Yes,Yes,DSL,No,No,No,No,Yes,No,Two year,No,Electronic check,64.96,3614.37,No
9362-DGV,Female,0,No,No,41,Yes,Yes,DSL,Yes,No,No,Yes,Yes,No,Month-to-month,Yes,Mailed check,52.65,2131.29,No
4836-MLS,Female,0,No,No,46,Yes,No,Fiber optic,Yes,Yes,No,Yes,Yes,No,Month-to-month,Yes,Mailed check,78.84,3619.01,No
5784-CJQ,Male,0,No,Yes,41,Yes,No,DSL,Yes,Yes,Yes,No,Yes,No,Month-to-month,Yes,Mailed check,42.01,1716.14,No
5799-PQD,Male,0,No,No,40,Yes,No phone service,Fiber optic,No,No,No,Yes,Yes,No,Month-to-month,Yes,Mailed check,80.34,3252.07,Yes
3728-CQI,Male,0,No,No,6,Yes,Yes,Fiber optic,No,No,Yes,No,No,No,Month-to-month,Yes,Electronic check,70.05,459.56,Yes
2864-SGE,Male,0,No,No,40,Yes,No,No,No internet service,No internet service,No internet service,No internet service,No internet service,No internet service,Month-to-month,No,Electronic check,64.3,2583.12,No
1704-IWG,Male,0,Yes,Yes,58,Yes,No phone service,No,No internet service,No internet service,No internet service,No internet service,No internet service,No internet service,Month-to-month,No,Credit card (automatic),18.0,1053.29,No
4856-MHT,Female,1,Yes,No,22,Yes,Yes,Fiber optic,Yes,Yes,No,Yes,Yes,Yes,Month-to-month,Yes,Bank transfer (automatic),90.41,2008.3,Yes
7038-AJU,Male,0,Yes,Yes,44,Yes,Yes,Fiber optic,Yes,No,No,Yes,No,Yes,Two year,Yes,Bank transfer (automatic),73.82,3236.3,No
5457-CJJ,Male,0,No,No,2,Yes,No phone service,DSL,No,No,Yes,Yes,Yes,No,Month-to-month,Yes,Credit card (automatic),57.47,162.6,No
3443-GZT,Male,1,No,Yes,25,Yes,Yes,Fiber optic,No,Yes,Yes,No,Yes,No,Month-to-month,No,Mailed check,107.17,2663.43,No
1085-WIG,Female,0,Yes,No,31,Yes,No,DSL,No,No,Yes,No,Yes,Yes,Two year,No,Bank transfer (automatic),30.79,969.52,No
6984-YMY,Female,0,No,Yes,71,Yes,Yes,Fiber optic,No,No,No,No,Yes,Yes,Two year,No,Mailed check,63.96,4520.29,No
5466-NPY,Female,0,No,No,15,Yes,No phone service,No,No internet service,No internet service,No internet service,No internet service,No internet service,No internet service,One year,No,Electronic check,31.36,503.54,No
7860-RCF,Female,0,No,No,20,Yes,Yes,Fiber optic,No,No,No,Yes,No,Yes,Month-to-month,No,Electronic check,83.58,1668.11,Yes
1541-KIA,Female,0,Yes,Yes,29,No,Yes,Fiber optic,No,No,No,No,No,Yes,Month-to-month,No,Credit card (automatic),82.39,2461.64,Yes
5112-FVL,Male,1,Yes,No,72,Yes,Yes,Fiber optic,No,Yes,Yes,Yes,No,No,Month-to-month,No,Mailed check,87.28,6279.73,No
1106-SQT,Female,0,Yes,No,62,Yes,No,No,No internet service,No internet service,No internet service,No internet service,No internet service,No internet service,Month-to-month,Yes,Electronic check,33.73,2124.07,No
4025-YLP,Male,0,Yes,No,2,Yes,Yes,Fiber optic,Yes,Yes,No,Yes,No,Yes,Month-to-month,No,Credit card (automatic),85.35,148.63,Yes
6116-OFM,Male,0,Yes,Yes,17,Yes,Yes,Fiber optic,No,Yes,Yes,No,Yes,No,One year,Yes,Electronic check,64.26,1081.67,Yes
2852-GUU,Female,0,Yes,Yes,59,Yes,Yes,DSL,No,Yes,Yes,No,Yes,Yes,Month-to-month,Yes,Bank transfer (automatic),67.56,3984.57,Yes
8487-PGC,Female,1,No,Yes,4,No,No,Fiber optic,Yes,Yes,Yes,No,No,No,One year,Yes,Bank transfer (automatic),64.69,271.06,No
6664-WNH,Male,0,Yes,No,62,Yes,No,DSL,No,Yes,No,No,No,Yes,Month-to-month,Yes,Electronic check,55.63,3422.93,No
6363-EWK,Male,0,No,Yes,20,Yes,Yes,Fiber optic,No,Yes,No,No,No,Yes,Month-to-month,No,Electronic check,66.86,1317.22,No
6380-RWI,Male,0,No,Yes,66,Yes,No,Fiber optic,No,No,No,Yes,Yes,No,Two year,Yes,Mailed check,71.85,4745.22,No
5249-JBI,Female,0,No,No,21,Yes,Yes,DSL,No,Yes,No,Yes,No,Yes,Two year,Yes,Bank transfer (automatic),52.3,1112.25,No
2431-TQC,Female,1,No,Yes,31,Yes,Yes,Fiber optic,No,No,No,No,Yes,Yes,Month-to-month,No,Credit card (automatic),68.4,2119.13,Yes
4412-AMG,Male,0,No,Yes,48,Yes,No,DSL,No,Yes,No,No,No,No,One year,Yes,Credit card (automatic),73.5,3521.72,Yes
7680-YQD,Female,0,Yes,No,9,Yes,No,DSL,No,Yes,Yes,No,No,Yes,Month-to-month,Yes,Electronic check,53.15,431.89,Yes
7605-NAC,Male,0,No,Yes,40,Yes,No phone service,DSL,Yes,Yes,Yes,Yes,No,No,Month-to-month,Yes,Electronic check,46.36,1871.91,No
9364-TJA,Female,0,No,No,36,No,No,DSL,No,No,Yes,No,Yes,No,One year,Yes,Bank transfer (automatic),44.78,1641.58,No
7397-LKA,Female,0,Yes,Yes,57,No,No,No,No internet service,No internet service,No internet service,No internet service,No internet service,No internet service,Month-to-month,No,Bank transfer (automatic),51.21,2952.61,No
2889-GOQ,Female,0,No,No,72,Yes,Yes,No,No internet service,No internet service,No internet service,No internet service,No internet service,No internet service,Month-to-month,Yes,Electronic check,21.81,1575.57,No
1778-YBR,Female,0,Yes,No,48,Yes,No,Fiber optic,No,No,Yes,Yes,Yes,Yes,Month-to-month,No,Electronic check,66.64,3177.6,Yes
3505-ZLP,Female,1,No,No,29,Yes,No,Fiber optic,Yes,Yes,Yes,No,Yes,No,Month-to-month,Yes,Electronic check,65.36,1884.18,No
3209-IZV,Male,0,No,No,29,Yes,Yes,Fiber optic,No,No,Yes,No,No,No,Month-to-month,No,Mailed check,78.3,2276.1,Yes
1253-RWQ,Female,0,Yes,Yes,30,Yes,No,No,No internet service,No internet service,No internet service,No internet service,No internet service,No internet service,Month-to-month,Yes,Bank transfer (automatic),47.82,1433.94,No
4812-KTX,Male,0,No,No,59,Yes,No,Fiber optic,No,Yes,Yes,Yes,No,No,Two year,Yes,Credit card (automatic),63.42,3712.2,No
9180-OPS,Female,0,Yes,No,23,Yes,No,DSL,No,Yes,Yes,No,Yes,No,One year,Yes,Electronic check,71.59,1587.69,No
5484-BQU,Male,0,Yes,No,12,Yes,Yes,Fiber optic,No,Yes,No,Yes,Yes,No,Month-to-month,Yes,Mailed check,111.15,1314.35,Yes
9756-HCP,Female,0,No,No,24,Yes,Yes,No,No internet service,No internet service,No internet service,No internet service,No internet service,No internet service,Month-to-month,No,Mailed check,51.01,1214.55,No
6091-SMR,Female,0,Yes,Yes,1,Yes,Yes,DSL,No,No,No,Yes,Yes,No,One year,No,Mailed check,37.92,48.74,Yes
8373-FCU,Female,0,Yes,Yes,7,Yes,No,Fiber optic,No,Yes,No,No,No,Yes,Month-to-month,Yes,Electronic check,90.39,618.39,Yes
6768-DHO,Female,0,Yes,No,6,Yes,Yes,Fiber optic,Yes,No,No,Yes,No,No,Month-to-month,No,Electronic check,62.81,368.06,No
7848-NBU,Female,0,Yes,No,56,Yes,No,Fiber optic,Yes,Yes,No,Yes,No,No,One year,Yes,Electronic check,78.48,4398.79,Yes
8553-BAD,Female,1,No,No,52,Yes,No phone service,Fiber optic,Yes,No,Yes,No,No,Yes,Month-to-month,No,Bank transfer (automatic),58.68,3106.19,No
8959-YML,Male,0,Yes,No,50,Yes,No,Fiber optic,Yes,No,No,Yes,No,No,Month-to-month,Yes,Bank transfer (automatic),105.44,5266.18,No
9324-GAW,Male,1,Yes,No,33,No,Yes,No,No internet service,No internet service,No internet service,No internet service,No internet service,No internet service,Month-to-month,Yes,Bank transfer (automatic),31.41,982.33,No
9291-VOZ,Male,0,No,Yes,52,Yes,Yes,No,No internet service,No internet service,No internet service,No internet service,No internet service,No internet service,Month-to-month,Yes,Mailed check,45.84,2359.72,No
1596-WZO,Male,0,No,No,11,Yes,No,DSL,Yes,Yes,No,No,Yes,Yes,Month-to-month,Yes,Mailed check,33.29,429.47,Yes
3528-FEC,Female,0,Yes,No,65,Yes,No phone service,No,No internet service,No internet service,No internet service,No internet service,No internet service,No internet service,Two year,No,Electronic check,43.23,2860.14,No
1606-NNC,Female,0,No,No,36,Yes,No,Fiber optic,No,Yes,Yes,Yes,No,Yes,Month-to-month,Yes,Electronic check,55.51,2031.25,Yes
7082-NHX,Female,0,No,No,68,Yes,No,Fiber optic,No,Yes,No,No,Yes,No,One year,Yes,Electronic check,53.93,3691.79,No
7253-JVZ,Female,0,No,No,11,No,No,Fiber optic,No,Yes,No,Yes,No,Yes,One year,No,Electronic check,87.04,982.39,No
5086-QZL,Female,1,No,No,36,Yes,No,No,No internet service,No internet service,No internet service,No internet service,No internet service,No internet service,Month-to-month,Yes,Credit card (automatic),18.0,639.64,Yes
1959-KSZ,Male,0,Yes,No,50,Yes,No,Fiber optic,Yes,No,Yes,No,Yes,No,Month-to-month,Yes,Credit card (automatic),61.74,3117.36,No
7628-YOT,Female,0,No,No,36,Yes,Yes,DSL,Yes,Yes,Yes,Yes,No,Yes,Month-to-month,No,Bank transfer (automatic),53.06,1941.88,Yes
2255-WOA,Female,0,Yes,No,32,Yes,No,DSL,No,Yes,Yes,No,No,Yes,One year,Yes,Bank transfer (automatic),61.63,2001.72,Yes
2486-TCQ,Female,0,No,No,12,Yes,No,DSL,No,No,Yes,No,No,Yes,Month-to-month,No,Bank transfer (automatic),71.66,838.97,No
5867-LPR,Male,0,Yes,No,27,Yes,Yes,Fiber optic,No,Yes,Yes,No,No,No,One year,Yes,Bank transfer (automatic),94.42,2537.98,Yes
8226-NFW,Female,1,Yes,No,17,Yes,Yes,DSL,No,No,Yes,No,No,Yes,Two year,Yes,Bank transfer (automatic),45.17,745.43,Yes
9387-EOM,Female,0,No,No,22,Yes,No,Fiber optic,No,No,No,No,No,No,One year,Yes,Electronic check,80.91,1814.91,Yes
6804-BEE,Female,0,No,Yes,49,Yes,No,Fiber optic,No,No,No,No,No,No,Two year,Yes,Credit card (automatic),67.7,3327.91,No
8205-QRI,Male,0,Yes,No,46,Yes,No,No,No internet service,No internet service,No internet service,No internet service,No internet service,No internet service,One year,Yes,Bank transfer (automatic),18.0,841.72,No
2664-CNT,Male,0,Yes,No,44,Yes,Yes,Fiber optic,No,No,Yes,No,Yes,Yes,Two year,Yes,Electronic check,64.61,2862.98,No
4474-ZZB,Female,0,No,No,26,Yes,No,No,No internet service,No internet service,No internet service,No internet service,No internet service,No internet service,Two year,No,Mailed check,32.42,793.5,No
9858-TPF,Female,0,No,Yes,70,No,Yes,No,No internet service,No internet service,No internet service,No internet service,No internet service,No internet service,One year,Yes,Bank transfer (automatic),43.09,3047.17,No
4470-VMX,Male,0,Yes,No,6,Yes,No phone service,DSL,No,Yes,No,No,No,No,Two year,No,Credit card (automatic),44.71,249.33,No
3387-IUD,Female,0,No,Yes,25,Yes,No,Fiber optic,Yes,Yes,Yes,Yes,No,Yes,Two year,Yes,Mailed check,74.29,1841.5,No
5529-IOE,Female,1,Yes,No,8,No,No,DSL,Yes,No,Yes,No,No,Yes,Month-to-month,No,Mailed check,21.48,142.59,Yes
1406-UCK,Male,0,No,No,24,Yes,Yes,No,No internet service,No internet service,No internet service,No internet service,No internet service,No internet service,One year,Yes,Electronic check,37.23,896.32,No
2931-SLZ,Male,0,No,No,70,Yes,No,Fiber optic,Yes,Yes,No,No,Yes,No,Month-to-month,No,Mailed check,68.38,4784.26,No
4940-GWV,Female,0,Yes,No,26,Yes,Yes,DSL,Yes,Yes,No,Yes,Yes,No,Two year,Yes,Electronic check,50.09,1253.65,No
8014-LQH,Female,0,Yes,No,66,Yes,No,DSL,No,No,No,No,Yes,No,Month-to-month,Yes,Electronic check,47.75,3088.88,No
1283-COG,Female,1,No,No,36,Yes,Yes,Fiber optic,Yes,Yes,No,Yes,No,No,Two year,Yes,Mailed check,90.79,3261.35,Yes
9862-BMO,Female,1,Yes,No,51,Yes,No,No,No internet service,No internet service,No internet service,No internet service,No internet service,No internet service,Two year,No,Mailed check,43.55,2249.54,No
5965-NBR,Male,0,Yes,No,33,Yes,Yes,No,No internet service,No internet service,No internet service,No internet service,No internet service,No internet service,Two year,No,Bank transfer (automatic),26.84,910.83,No
3359-GPU,Female,0,No,No,19,Yes,No phone service,DSL,No,No,No,Yes,Yes,Yes,Month-to-month,No,Mailed check,39.36,782.86,No
8782-WTL,Female,0,Yes,No,55,Yes,Yes,DSL,No,Yes,No,No,Yes,Yes,One year,Yes,Electronic check,67.82,3723.18,No
8526-XUA,Female,0,No,No,70,Yes,Yes,Fiber optic,Yes,No,No,No,No,No,One year,Yes,Mailed check,86.12,6016.02,No
6633-XNC,Male,0,Yes,No,19,Yes,No,Fiber optic,Yes,No,Yes,Yes,No,No,Two year,Yes,Credit card (automatic),73.03,1383.68,No
4224-SVQ,Female,0,Yes,Yes,56,Yes,No,DSL,No,Yes,No,No,No,No,Two year,No,Mailed check,36.62,2078.88,No
4911-NOZ,Female,0,Yes,No,19,No,No,DSL,No,Yes,Yes,Yes,No,Yes,One year,Yes,Mailed check,40.03,817.01,No
9989-LHF,Female,0,No,Yes,52,No,No,No,No internet service,No internet service,No internet service,No internet service,No internet service,No internet service,One year,No,Electronic check,32.48,1672.85,Yes
4815-ECI,Female,0,No,No,57,Yes,Yes,Fiber optic,No,Yes,Yes,No,Yes,No,Month-to-month,No,Electronic check,62.91,3576.57,Yes
4025-TXI,Male,0,No,Yes,32,Yes,No,Fiber optic,Yes,No,No,No,Yes,No,Two year,Yes,Credit card (automatic),53.89,1725.56,No
3421-KVI,Female,0,Yes,No,53,Yes,No,Fiber optic,No,Yes,Yes,Yes,No,Yes,Month-to-month,No,Electronic check,70.36,3719.8,No
5830-LON,Male,1,No,Yes,19,Yes,No,Fiber optic,Yes,No,No,Yes,No,No,One year,Yes,Mailed check,79.79,1495.69,Yes
9842-DMQ,Male,0,Yes,No,5,Yes,Yes,Fiber optic,Yes,No,Yes,No,Yes,Yes,Two year,Yes,Electronic check,53.81,264.65,No
3736-MQU,Female,1,No,No,7,Yes,No,DSL,No,Yes,Yes,No,Yes,Yes,Month-to-month,Yes,Mailed check,45.05,287.68,Yes
5516-SML,Male,0,No,No,32,Yes,Yes,DSL,Yes,No,Yes,No,Yes,No,Month-to-month,Yes,Bank transfer (automatic),64.14,2077.87,No
9031-JTF,Female,0,No,No,65,Yes,No,No,No internet service,No internet service,No internet service,No internet service,No internet service,No internet service,Month-to-month,Yes,Bank transfer (automatic),36.14,2400.68,Yes
4757-EEI,Male,0,No,No,9,Yes,No,No,No internet service,No internet service,No internet service,No internet service,No internet service,No internet service,Two year,No,Credit card (automatic),22.18,189.68,No
1654-QGQ,Female,0,No,Yes,33,Yes,Yes,Fiber optic,No,No,Yes,No,No,No,Month-to-month,No,Electronic check,95.51,3210.04,Yes
9783-YDQ,Male,0,No,No,51,No,Yes,DSL,No,No,No,No,No,Yes,Month-to-month,Yes,Electronic check,41.3,2102.52,Yes
9976-SQU,Female,0,Yes,Yes,14,No,Yes,DSL,Yes,Yes,No,No,Yes,No,One year,No,Credit card (automatic),59.13,803.41,No
5420-SWP,Male,0,No,Yes,52,Yes,No phone service,DSL,No,Yes,Yes,No,Yes,Yes,Month-to-month,No,Mailed check,55.71,2920.94,Yes
3721-TBR,Male,0,No,No,22,Yes,Yes,No,No internet service,No internet service,No internet service,No internet service,No internet service,No internet service,Two year,Yes,Credit card (automatic),29.14,608.73,No
2593-AUU,Female,0,No,Yes,59,Yes,No,No,No internet service,No internet service,No internet service,No internet service,No internet service,No internet service,Month-to-month,Yes,Bank transfer (automatic),40.55,2414.29,No
6222-AML,Male,0,No,No,42,No,Yes,Fiber optic,No,No,Yes,No,No,No,Month-to-month,No,Electronic check,78.09,3288.67,No
7822-WMS,Male,0,No,No,39,Yes,Yes,No,No internet service,No internet service,No internet service,No internet service,No internet service,No internet service,Month-to-month,Yes,Credit card (automatic),23.51,902.76,No
5246-XXS,Male,0,Yes,No,12,Yes,No,DSL,No,Yes,No,Yes,Yes,Yes,Month-to-month,Yes,Electronic check,50.38,586.73,Yes
6144-MQJ,Female,0,Yes,Yes,33,Yes,No,Fiber optic,Yes,No,Yes,No,No,Yes,Month-to-month,No,Bank transfer (automatic),115.41,3777.98,Yes
6721-AHS,Male,0,Yes,No,62,Yes,Yes,DSL,Yes,Yes,Yes,No,Yes,No,One year,No,Electronic check,60.44,3783.39,No
9984-EBJ,Male,0,Yes,No,1,Yes,Yes,DSL,No,No,No,No,Yes,No,Month-to-month,No,Bank transfer (automatic),61.57,53.77,Yes
3863-ZIX,Male,0,No,No,55,Yes,Yes,No,No internet service,No internet service,No internet service,No internet service,No internet service,No internet service,Month-to-month,No,Mailed check,43.95,2428.14,Yes
9812-APH,Male,0,Yes,No,35,Yes,No,No,No internet service,No internet service,No internet service,No internet service,No internet service,No internet service,Month-to-month,Yes,Electronic check,42.23,1477.66,No
4372-LIE,Male,0,Yes,No,52,Yes,No phone service,DSL,Yes,No,Yes,No,No,Yes,Month-to-month,No,Credit card (automatic),59.27,3074.62,No
1794-DAK,Female,0,Yes,No,48,Yes,No,DSL,Yes,No,Yes,No,No,No,Two year,No,Electronic check,31.34,1515.74,No
2413-ELP,Male,0,Yes,Yes,31,Yes,No,Fiber optic,No,No,Yes,Yes,No,No,Month-to-month,Yes,Mailed check,62.92,1968.44,No
3597-MZW,Female,1,No,No,22,Yes,No,DSL,Yes,Yes,No,Yes,Yes,No,Two year,Yes,Electronic check,46.67,1031.59,No
3501-SVO,Male,0,Yes,No,45,Yes,No,Fiber optic,No,Yes,Yes,No,Yes,No,Month-to-month,Yes,Bank transfer (automatic),78.12,3508.79,Yes
8675-IFL,Female,0,Yes,No,10,Yes,Yes,Fiber optic,Yes,Yes,No,No,Yes,Yes,Month-to-month,No,Mailed check,69.26,654.57,No
3041-PSX,Female,0,Yes,No,42,Yes,Yes,DSL,No,Yes,Yes,Yes,Yes,Yes,Month-to-month,No,Mailed check,41.19,1708.86,No
9658-MNA,Male,0,No,No,6,Yes,No,DSL,No,No,No,No,No,Yes,Month-to-month,No,Bank transfer (automatic),48.67,281.31,No
4384-HAB,Male,0,Yes,No,47,Yes,Yes,DSL,Yes,Yes,No,Yes,No,Yes,Two year,Yes,Bank transfer (automatic),63.44,2982.24,No
8106-CGQ,Female,0,No,No,45,Yes,Yes,No,No internet service,No internet service,No internet service,No internet service,No internet service,No internet service,Month-to-month,No,Credit card (automatic),45.72,1996.53,No
2790-OFJ,Female,0,No,No,6,Yes,No,Fiber optic,No,Yes,No,No,Yes,No,Month-to-month,Yes,Credit card (automatic),58.94,375.32,Yes
7045-VKP,Female,0,Yes,No,55,Yes,Yes,Fiber optic,No,Yes,Yes,No,No,No,One year,No,Electronic check,97.58,5378.14,No
8278-VCB,Female,0,No,Yes,30,Yes,No,DSL,Yes,Yes,No,No,No,Yes,One year,Yes,Bank transfer (automatic),59.93,1777.53,Yes
7179-MWP,Male,0,Yes,Yes,57,No,No phone service,Fiber optic,Yes,Yes,No,No,No,Yes,Two year,No,Electronic check,92.77,5255.82,No
8668-UEW,Male,0,Yes,No,3,Yes,No,DSL,No,No,Yes,No,Yes,No,Two year,Yes,Electronic check,50.29,126.84,No
6382-CYG,Female,0,Yes,Yes,13,Yes,Yes,DSL,Yes,No,Yes,Yes,Yes,Yes,One year,Yes,Mailed check,70.36,868.35,No
8188-JWC,Male,0,No,No,36,Yes,No,Fiber optic,No,No,Yes,Yes,Yes,No,Two year,Yes,Mailed check,79.42,2847.24,No
9354-MCL,Male,1,No,No,13,No,No,Fiber optic,Yes,Yes,Yes,No,Yes,Yes,Two year,No,Mailed check,91.87,1188.03,No
2656-NUC,Male,0,Yes,Yes,24,Yes,No,DSL,No,No,No,No,No,No,Month-to-month,Yes,Mailed check,47.73,1177.67,No
8140-VCV,Female,0,Yes,Yes,48,Yes,No,Fiber optic,No,Yes,No,No,No,Yes,One year,No,Bank transfer (automatic),72.24,3484.12,No
8723-QIE,Male,0,No,No,10,No,No,No,No internet service,No internet service,No internet service,No internet service,No internet service,No internet service,Month-to-month,Yes,Credit card (automatic),31.69,360.55,No
9316-UBG,Male,1,Yes,No,49,Yes,No,DSL,Yes,No,Yes,Yes,No,No,One year,Yes,Electronic check,56.31,2763.12,No
6458-PZR,Male,0,Yes,No,7,Yes,No,DSL,No,Yes,Yes,No,No,Yes,Two year,Yes,Mailed check,53.56,343.03,No
6297-ICH,Male,0,Yes,Yes,12,Yes,No,Fiber optic,No,No,No,Yes,No,No,Month-to-month,Yes,Electronic check,91.94,1164.2,No
1808-YOK,Female,0,Yes,No,42,Yes,Yes,DSL,No,Yes,Yes,No,No,No,Two year,Yes,Electronic check,66.19,2768.83,No
7542-QUB,Male,0,Yes,No,57,Yes,No,Fiber optic,Yes,No,Yes,No,No,No,Two year,Yes,Credit card (automatic),93.1,5252.6,Yes
6239-AHI,Female,0,Yes,No,12,Yes,No,Fiber optic,No,Yes,No,No,No,Yes,Month-to-month,Yes,Electronic check,60.33,731.67,Yes
1911-YRV,Female,1,No,Yes,21,Yes,No,Fiber optic,No,No,Yes,Yes,Yes,Yes,Month-to-month,No,Electronic check,97.94,2001.1,Yes
5999-MGF,Female,1,No,Yes,67,Yes,No,Fiber optic,Yes,Yes,No,No,No,Yes,Two year,Yes,Mailed check,96.49,6461.87,No
9553-XOW,Female,0,No,No,72,Yes,Yes,Fiber optic,No,No,No,No,Yes,No,Two year,Yes,Electronic check,76.34,5479.84,No
8038-TPJ,Female,0,No,No,42,Yes,No phone service,Fiber optic,No,Yes,Yes,No,Yes,No,Month-to-month,No,Mailed check,84.5,3567.33,Yes
2394-MYC,Female,0,No,Yes,32,Yes,No phone service,DSL,No,Yes,No,No,No,Yes,Month-to-month,Yes,Credit card (automatic),65.0,2113.37,No
6181-MQS,Female,0,No,No,25,Yes,No,DSL,No,Yes,Yes,No,No,Yes,One year,Yes,Bank transfer (automatic),63.77,1582.88,Yes
5650-PUF,Male,0,No,No,44,Yes,No phone service,Fiber optic,No,Yes,Yes,No,No,No,Month-to-month,Yes,Mailed check,88.35,3873.54,No
9492-NIX,Female,1,No,No,43,Yes,No,DSL,No,Yes,No,No,No,No,Month-to-month,Yes,Bank transfer (automatic),66.64,2892.06,No
8655-EDW,Male,0,Yes,Yes,21,Yes,Yes,DSL,Yes,No,Yes,Yes,Yes,Yes,Month-to-month,Yes,Credit card (automatic),59.84,1229.8,No
4833-ZXC,Female,0,No,No,1,Yes,Yes,Fiber optic,Yes,No,Yes,No,Yes,No,Month-to-month,No,Electronic check,85.68,87.94,Yes
6247-OBI,Female,0,Yes,Yes,11,Yes,Yes,Fiber optic,No,No,Yes,Yes,No,No,One year,Yes,Bank transfer (automatic),62.59,707.44,No
4302-PSD,Female,0,Yes,No,69,Yes,Yes,DSL,No,Yes,Yes,No,Yes,Yes,One year,No,Bank transfer (automatic),52.35,3584.48,No
3922-KGW,Male,0,Yes,Yes,30,No,No,Fiber optic,No,Yes,Yes,No,Yes,Yes,One year,No,Bank transfer (automatic),62.61,1867.78,No
8213-CGH,Female,0,Yes,Yes,35,Yes,Yes,Fiber optic,Yes,No,No,Yes,Yes,Yes,Two year,Yes,Electronic check,75.78,2655.83,No
2833-ESW,Female,0,No,No,34,Yes,Yes,Fiber optic,No,Yes,No,Yes,No,Yes,Month-to-month,Yes,Bank transfer (automatic),75.82,2624.46,No
7231-SAC,Female,0,No,Yes,57,Yes,No,DSL,No,No,No,Yes,No,Yes,Month-to-month,Yes,Bank transfer (automatic),62.09,3496.8,No
6058-QBS,Male,0,No,No,4,No,Yes,No,No internet service,No internet service,No internet service,No internet service,No internet service,No internet service,Month-to-month,Yes,Bank transfer (automatic),18.0,66.78,No
9186-QTT,Female,0,Yes,No,6,Yes,No,DSL,No,Yes,Yes,No,No,Yes,Month-to-month,No,Electronic check,39.2,282.58,Yes
7611-NTA,Female,1,Yes,Yes,20,Yes,No,No,No internet service,No internet service,No internet service,No internet service,No internet service,No internet service,Month-to-month,Yes,Electronic check,48.53,1004.6,No
2668-MCL,Male,0,Yes,No,35,Yes,Yes,Fiber optic,No,No,No,No,Yes,No,Month-to-month,Yes,Bank transfer (automatic),66.51,2318.21,Yes
5038-MSJ,Female,0,No,Yes,48,Yes,No,DSL,No,No,Yes,No,No,Yes,Month-to-month,No,Bank transfer (automatic),60.07,2880.86,Yes
9935-BHW,Male,0,No,No,35,Yes,No,No,No internet service,No internet service,No internet service,No internet service,No internet service,No internet service,Month-to-month,No,Credit card (automatic),27.34,972.98,No
9175-XBM,Male,1,Yes,Yes,32,Yes,No,Fiber optic,Yes,Yes,No,No,Yes,Yes,One year,Yes,Mailed check,90.21,2903.52,Yes
3707-BKA,Female,0,No,No,68,Yes,No,Fiber optic,No,No,No,Yes,Yes,Yes,One year,No,Electronic check,82.71,5672.51,No
4183-PVC,Male,0,Yes,No,11,No,Yes,Fiber optic,No,No,No,No,Yes,No,Two year,No,Bank transfer (automatic),79.26,911.46,No
4929-KTG,Male,1,No,No,41,Yes,No,Fiber optic,No,Yes,No,No,No,No,Two year,No,Bank transfer (automatic),66.33,2671.15,No
8952-GNV,Male,1,No,Yes,39,No,No,Fiber optic,No,Yes,Yes,No,No,No,One year,Yes,Mailed check,90.52,3474.45,Yes
4456-TAZ,Male,0,Yes,Yes,34,Yes,No,No,No internet service,No internet service,No internet service,No internet service,No internet service,No internet service,Month-to-month,No,Bank transfer (automatic),57.4,1932.57,No
7561-DZW,Male,0,No,Yes,58,Yes,No,DSL,No,Yes,No,Yes,Yes,No,One year,Yes,Electronic check,36.72,2064.92,Yes
3144-JYJ,Female,0,No,No,19,Yes,No,Fiber optic,No,No,Yes,No,Yes,Yes,Month-to-month,Yes,Electronic check,79.32,1553.02,No
9828-HRF,Male,0,Yes,No,69,Yes,No,Fiber optic,Yes,Yes,No,No,Yes,No,Month-to-month,Yes,Electronic check,61.53,4193.21,No
6729-VVK,Female,0,Yes,Yes,24,Yes,No,Fiber optic,No,No,No,Yes,Yes,No,Month-to-month,Yes,Electronic check,80.63,1924.65,Yes
9762-KQW,Female,1,No,No,39,No,No,Fiber optic,No,Yes,No,No,No,Yes,Month-to-month,Yes,Bank transfer (automatic),57.97,2230.34,No
1202-STK,Female,0,No,No,38,No,Yes,Fiber optic,Yes,Yes,No,No,Yes,No,Month-to-month,Yes,Electronic check,92.12,3445.01,No
3691-TND,Male,0,No,Yes,62,Yes,No,Fiber optic,Yes,Yes,No,No,No,Yes,One year,Yes,Credit card (automatic),86.71,5417.35,No
6613-YJU,Male,0,Yes,No,32,Yes,No,DSL,No,Yes,No,No,No,Yes,Two year,No,Electronic check,83.33,2646.37,No
2067-BOG,Female,0,Yes,No,20,Yes,No,DSL,Yes,Yes,Yes,No,No,Yes,One year,Yes,Bank transfer (automatic),51.02,1087.15,No
5293-JZJ,Male,0,Yes,No,1,Yes,Yes,Fiber optic,No,No,Yes,Yes,Yes,No,One year,Yes,Mailed check,86.09,135.28,Yes
1706-GWM,Female,0,Yes,Yes,26,Yes,No,DSL,No,No,No,No,Yes,No,Month-to-month,No,Electronic check,44.25,1150.39,No
5448-VFV,Female,1,No,Yes,60,No,Yes,DSL,No,Yes,No,No,Yes,No,Month-to-month,Yes,Mailed check,72.81,4295.27,No
3651-UAK,Male,0,No,Yes,0,Yes,No phone service,DSL,No,No,No,No,Yes,Yes,One year,No,Credit card (automatic),22.03,0.0,No
5873-MYI,Female,0,No,No,65,Yes,No,Fiber optic,No,Yes,Yes,No,No,Yes,Month-to-month,Yes,Credit card (automatic),95.3,6274.51,No
7766-XHT,Female,0,Yes,Yes,39,Yes,Yes,No,No internet service,No internet service,No internet service,No internet service,No internet service,No internet service,Month-to-month,No,Electronic check,58.27,2287.52,No
4183-LHI,Male,1,No,Yes,10,No,No,Fiber optic,No,Yes,Yes,No,Yes,Yes,Month-to-month,Yes,Mailed check,83.5,829.14,Yes
2133-UET,Female,0,Yes,No,22,No,No,DSL,No,Yes,Yes,No,Yes,No,Two year,Yes,Electronic check,75.91,1648.62,No
7447-WPD,Male,0,Yes,No,40,Yes,No,No,No internet service,No internet service,No internet service,No internet service,No internet service,No internet service,One year,No,Mailed check,21.33,884.25,No
3595-UGV,Female,0,Yes,Yes,23,Yes,No,DSL,Yes,Yes,No,No,Yes,Yes,Month-to-month,Yes,Electronic check,59.95,1391.79,No
7514-QCO,Male,0,No,No,7,Yes,No,No,No internet service,No internet service,No internet service,No internet service,No internet service,No internet service,One year,Yes,Credit card (automatic),38.61,280.21,No
2951-ZJL,Male,0,Yes,No,48,Yes,No,Fiber optic,Yes,No,Yes,No,No,No,Month-to-month,Yes,Bank transfer (automatic),68.6,3332.56,No
8875-AVH,Male,0,Yes,No,49,Yes,Yes,DSL,No,No,Yes,No,Yes,Yes,Month-to-month,No,Electronic check,42.59,2124.79,No
1743-EOF,Female,0,Yes,Yes,8,Yes,No,Fiber optic,Yes,Yes,Yes,Yes,Yes,Yes,Month-to-month,Yes,Credit card (automatic),73.84,606.02,No
8527-BOA,Male,1,Yes,No,20,Yes,Yes,DSL,No,No,No,No,Yes,No,Month-to-month,No,Bank transfer (automatic),58.6,1116.46,No
5163-TXW,Male,1,Yes,Yes,17,Yes,No,Fiber optic,No,No,No,No,No,No,One year,No,Electronic check,60.81,999.39,No
7607-WNX,Male,0,Yes,No,48,Yes,Yes,DSL,Yes,No,Yes,No,No,No,Month-to-month,Yes,Credit card (automatic),54.11,2575.7,No
2579-LED,Male,1,Yes,No,53,Yes,Yes,No,No internet service,No internet service,No internet service,No internet service,No internet service,No internet service,Two year,No,Mailed check,29.84,1580.22,No
3130-TPO,Female,0,Yes,No,53,Yes,Yes,Fiber optic,No,Yes,Yes,No,Yes,No,Month-to-month,No,Mailed check,67.48,3628.91,No
5923-LQE,Male,0,No,No,68,Yes,No,No,No internet service,No internet service,No internet service,No internet service,No internet service,No internet service,One year,Yes,Electronic check,42.04,2930.56,Yes
2775-HNQ,Female,1,Yes,No,56,Yes,No,No,No internet service,No internet service,No internet service,No internet service,No internet service,No internet service,One year,Yes,Electronic check,54.26,3052.27,No
6491-DWS,Male,0,No,No,23,Yes,No,DSL,Yes,No,Yes,Yes,No,Yes,One year,Yes,Electronic check,69.85,1625.81,No
3479-EHZ,Female,0,Yes,No,7,Yes,Yes,Fiber optic,Yes,Yes,Yes,No,No,No,One year,No,Credit card (automatic),89.53,573.82,No
9934-KBJ,Male,0,Yes,No,44,Yes,No,No,No internet service,No internet service,No internet service,No internet service,No internet service,No internet service,Two year,Yes,Electronic check,45.45,1985.0,No
5393-ZYS,Female,0,No,No,66,Yes,No,Fiber optic,No,No,Yes,Yes,No,Yes,Month-to-month,Yes,Mailed check,64.51,4238.3,Yes
5945-NPC,Female,0,Yes,Yes,71,Yes,No,DSL,Yes,Yes,Yes,No,Yes,No,One year,No,Credit card (automatic),56.41,3982.83,No
3414-PTL,Male,1,Yes,No,16,Yes,No,DSL,Yes,Yes,No,No,Yes,No,One year,No,Credit card (automatic),66.54,1084.93,No
9655-TMZ,Female,0,Yes,No,17,No,Yes,DSL,Yes,Yes,No,No,No,No,Month-to-month,Yes,Credit card (automatic),27.75,455.97,Yes
8790-NAP,Male,0,No,No,2,Yes,Yes,No,No internet service,No internet service,No internet service,No internet service,No internet service,No internet service,Month-to-month,No,Credit card (automatic),18.0,0.0,No
8572-XYB,Male,0,No,Yes,10,No,Yes,Fiber optic,No,Yes,Yes,Yes,No,No,Month-to-month,No,Credit card (automatic),68.91,718.59,Yes
8650-KCL,Female,0,Yes,Yes,40,Yes,No,Fiber optic,No,No,No,No,Yes,No,Month-to-month,Yes,Credit card (automatic),57.81,2354.52,No
6725-QBC,Female,0,Yes,No,39,Yes,Yes,No,No internet service,No internet service,No internet service,No internet service,No internet service,No internet service,Month-to-month,Yes,Mailed check,35.03,1376.26,No
1609-CCF,Female,0,Yes,Yes,27,Yes,Yes,DSL,No,No,Yes,Yes,Yes,No,Month-to-month,No,Electronic check,56.33,1515.02,Yes
2286-TNO,Female,0,Yes,No,22,Yes,No,Fiber optic,Yes,Yes,No,No,Yes,Yes,One year,Yes,Electronic check,90.45,1958.42,No
7718-PEX,Female,0,Yes,No,60,Yes,No,DSL,No,No,No,No,No,Yes,Month-to-month,No,Mailed check,48.11,2857.29,No
1059-HLF,Female,0,No,No,33,No,Yes,DSL,Yes,No,Yes,Yes,Yes,Yes,Two year,Yes,Electronic check,45.09,1525.45,No
4828-ELC,Male,0,No,No,59,No,No,DSL,No,No,Yes,Yes,No,Yes,Month-to-month,No,Electronic check,62.14,3640.07,Yes
6014-OZE,Female,0,Yes,No,70,Yes,No,DSL,Yes,No,No,Yes,No,Yes,One year,No,Electronic check,59.83,4258.54,No
3544-QOP,Female,0,No,No,23,Yes,No,Fiber optic,No,No,Yes,No,No,Yes,Month-to-month,Yes,Mailed check,67.3,1581.14,No
8587-MLI,Female,0,Yes,No,14,Yes,No,Fiber optic,No,No,No,Yes,Yes,Yes,Month-to-month,Yes,Mailed check,70.52,999.17,Yes
1133-KJS,Male,0,No,No,69,Yes,Yes,DSL,No,Yes,No,No,Yes,No,Month-to-month,No,Electronic check,64.95,4576.56,No
7331-HER,Male,0,No,No,46,Yes,Yes,DSL,Yes,No,Yes,No,Yes,No,One year,No,Bank transfer (automatic),39.12,1844.17,No
6997-HBM,Female,1,No,No,21,Yes,Yes,Fiber optic,No,Yes,No,No,Yes,No,Month-to-month,Yes,Electronic check,52.88,1095.42,No
7039-FNX,Male,1,No,No,45,Yes,No,DSL,Yes,No,Yes,No,Yes,No,Two year,Yes,Mailed check,59.61,2646.62,No
7322-WAY,Female,0,No,Yes,37,Yes,No,No,No internet service,No internet service,No internet service,No internet service,No internet service,No internet service,Month-to-month,Yes,Electronic check,30.13,1099.97,No
9567-RPE,Female,0,No,Yes,66,No,No,No,No internet service,No internet service,No internet service,No internet service,No internet service,No internet service,One year,Yes,Bank transfer (automatic),51.86,3419.17,Yes
7016-QVF,Male,0,No,No,18,Yes,Yes,Fiber optic,No,No,No,No,Yes,No,Month-to-month,Yes,Credit card (automatic),79.84,1410.58,Yes
1443-MEW,Female,1,Yes,No,72,No,Yes,Fiber optic,No,No,Yes,Yes,Yes,No,One year,Yes,Electronic check,65.02,4642.08,No
2419-EEW,Male,0,No,Yes,68,Yes,Yes,Fiber optic,Yes,Yes,No,No,No,Yes,Month-to-month,Yes,Credit card (automatic),87.01,5924.92,Yes
1785-MXI,Female,0,Yes,No,13,No,Yes,Fiber optic,No,Yes,No,No,No,No,Month-to-month,No,Credit card (automatic),51.15,696.04,Yes
4135-RCO,Male,1,No,Yes,12,Yes,No,No,No internet service,No internet service,No internet service,No internet service,No internet service,No internet service,Month-to-month,No,Credit card (automatic),35.78,494.38,No
7410-KJD,Male,0,Yes,Yes,38,Yes,No,No,No internet service,No internet service,No internet service,No internet service,No internet service,No internet service,Month-to-month,No,Credit card (automatic),28.64,1091.0,No
2849-HYE,Male,0,No,No,3,Yes,Yes,Fiber optic,No,Yes,No,Yes,Yes,Yes,Month-to-month,No,Mailed check,90.59,292.86,No
8626-IPU,Male,0,Yes,Yes,21,Yes,Yes,Fiber optic,Yes,No,No,No,No,Yes,Two year,Yes,Electronic check,53.08,1049.89,No
5477-ZCQ,Male,1,Yes,Yes,31,Yes,Yes,No,No internet service,No internet service,No internet service,No internet service,No internet service,No internet service,Month-to-month,Yes,Electronic check,41.13,1305.08,No
5329-NKV,Male,0,Yes,No,70,Yes,No phone service,DSL,No,Yes,No,No,Yes,Yes,Month-to-month,Yes,Electronic check,51.37,3560.59,No
5532-VKB,Female,1,Yes,No,72,Yes,Yes,Fiber optic,Yes,Yes,Yes,No,No,Yes,Two year,Yes,Mailed check,73.75,5320.67,No
5786-ZOY,Male,0,Yes,No,11,Yes,Yes,Fiber optic,No,No,Yes,No,Yes,Yes,Month-to-month,No,Credit card (automatic),74.51,818.1,Yes
1760-RFB,Male,0,Yes,No,65,Yes,Yes,Fiber optic,No,No,Yes,Yes,Yes,No,Month-to-month,No,Electronic check,70.39,4566.88,No
5115-QXO,Male,1,Yes,No,6,Yes,No,Fiber optic,No,Yes,No,No,Yes,No,One year,No,Mailed check,94.98,517.95,Yes
9453-POF,Female,0,No,No,54,Yes,No phone service,DSL,No,Yes,Yes,No,Yes,No,Two year,Yes,Credit card (automatic),43.1,2300.9,Yes
6155-ZNQ,Male,0,Yes,Yes,61,Yes,No,DSL,No,Yes,Yes,Yes,Yes,Yes,One year,Yes,Electronic check,73.78,4467.17,No
3618-XLK,Male,0,Yes,No,65,Yes,No phone service,Fiber optic,Yes,No,Yes,Yes,No,Yes,Month-to-month,No,Electronic check,107.18,6945.91,No
6128-RWO,Female,0,Yes,No,16,Yes,Yes,No,No internet service,No internet service,No internet service,No internet service,No internet service,No internet service,Two year,Yes,Electronic check,44.01,745.55,No
4101-IFG,Female,0,No,No,65,Yes,Yes,No,No internet service,No internet service,No internet service,No internet service,No internet service,No internet service,Month-to-month,Yes,Electronic check,18.0,1157.66,No
2337-UIZ,Male,0,Yes,No,8,Yes,No phone service,Fiber optic,Yes,Yes,No,No,Yes,No,Two year,No,Mailed check,66.74,510.37,No
5549-CZR,Female,1,No,Yes,37,No,No,DSL,Yes,No,No,No,No,No,Two year,No,Mailed check,40.12,1507.17,No
2760-TBC,Female,1,No,No,34,Yes,Yes,No,No internet service,No internet service,No internet service,No internet service,No internet service,No internet service,Two year,Yes,Bank transfer (automatic),49.83,1705.65,No
3438-SPI,Female,1,Yes,No,23,Yes,No,Fiber optic,Yes,Yes,Yes,No,Yes,Yes,Month-to-month,Yes,Electronic check,77.76,1859.61,Yes
9587-SRB,Male,0,No,No,1,Yes,Yes,Fiber optic,No,No,Yes,Yes,No,No,Month-to-month,No,Bank transfer (automatic),89.27,124.66,Yes
8077-DQH,Male,1,No,No,56,No,No,Fiber optic,Yes,Yes,Yes,Yes,No,Yes,One year,No,Electronic check,85.12,4697.11,No
9669-ZPM,Male,1,Yes,Yes,24,Yes,No,DSL,Yes,Yes,Yes,No,No,No,Month-to-month,Yes,Mailed check,60.49,1479.94,No
7101-WZY,Male,0,Yes,Yes,48,Yes,No,No,No internet service,No internet service,No internet service,No internet service,No internet service,No internet service,Month-to-month,No,Electronic check,26.94,1317.14,No
6019-CGJ,Male,1,No,Yes,29,Yes,No,Fiber optic,No,No,No,No,No,No,Two year,Yes,Credit card (automatic),77.09,2293.69,No
9544-IOT,Female,0,Yes,No,27,No,No,Fiber optic,No,Yes,No,No,Yes,Yes,One year,No,Bank transfer (automatic),83.59,2249.98,No
8269-GKX,Female,1,No,No,64,Yes,Yes,No,No internet service,No internet service,No internet service,No internet service,No internet service,No internet service,Month-to-month,Yes,Electronic check,35.02,2279.65,No
9644-PUN,Male,0,Yes,No,6,Yes,Yes,Fiber optic,Yes,No,Yes,Yes,Yes,No,Month-to-month,No,Bank transfer (automatic),75.42,440.11,Yes
6705-ZTU,Male,0,Yes,No,53,Yes,No phone service,No,No internet service,No internet service,No internet service,No internet service,No internet service,No internet service,Month-to-month,No,Mailed check,54.54,2900.79,No
8372-AWP,Male,0,No,No,54,Yes,Yes,Fiber optic,Yes,No,No,Yes,No,No,Month-to-month,Yes,Credit card (automatic),75.15,4021.18,No
5998-YSP,Male,0,Yes,No,27,Yes,No,Fiber optic,Yes,No,No,Yes,No,Yes,Month-to-month,Yes,Credit card (automatic),108.68,2886.25,Yes
9718-OOC,Female,0,No,Yes,19,No,No,No,No internet service,No internet service,No internet service,No internet service,No internet service,No internet service,Two year,No,Electronic check,46.57,915.27,No
1077-KAO,Female,0,No,Yes,0,Yes,No,No,No internet service,No internet service,No internet service,No internet service,No internet service,No internet service,One year,Yes,Mailed check,50.49,0.0,Yes
7930-IBW,Female,1,Yes,Yes,68,Yes,No phone service,No,No internet service,No internet service,No internet service,No internet service,No internet service,No internet service,Month-to-month,No,Electronic check,47.22,3166.13,Yes
7143-CXL,Male,0,Yes,Yes,69,Yes,No,No,No internet service,No internet service,No internet service,No internet service,No internet service,No internet service,Month-to-month,Yes,Bank transfer (automatic),47.56,3310.15,No
6046-VGF,Female,0,Yes,Yes,17,Yes,No,Fiber optic,No,Yes,Yes,No,No,Yes,One year,Yes,Electronic check,75.65,1190.3,Yes
9356-CNG,Female,0,Yes,No,2,No,No,DSL,No,No,No,No,Yes,No,Two year,No,Mailed check,47.65,66.95,No
2609-XKZ,Male,0,No,No,8,No,Yes,Fiber optic,No,No,Yes,No,No,Yes,Two year,Yes,Credit card (automatic),93.76,691.95,Yes
7902-QOD,Male,0,No,Yes,4,Yes,No,No,No internet service,No internet service,No internet service,No internet service,No internet service,No internet service,Month-to-month,No,Mailed check,29.76,161.01,Yes
6050-YBV,Male,0,Yes,No,60,Yes,Yes,Fiber optic,No,Yes,No,No,Yes,Yes,Two year,Yes,Credit card (automatic),81.02,4846.03,No
4778-LRU,Male,0,No,No,65,Yes,Yes,Fiber optic,No,Yes,No,Yes,No,No,Month-to-month,Yes,Electronic check,69.6,4526.76,No
2533-SZG,Female,0,Yes,No,11,Yes,No,No,No internet service,No internet service,No internet service,No internet service,No internet service,No internet service,Month-to-month,Yes,Credit card (automatic),55.95,626.1,No
1242-GGM,Male,1,No,Yes,54,Yes,No,No,No internet service,No internet service,No internet service,No internet service,No internet service,No internet service,Two year,Yes,Credit card (automatic),54.51,2971.84,No
1317-OGO,Female,0,No,Yes,13,No,Yes,No,No internet service,No internet service,No internet service,No internet service,No internet service,No internet service,Month-to-month,No,Mailed check,18.0,258.34,No
3795-XMZ,Female,0,No,No,26,Yes,Yes,Fiber optic,Yes,No,Yes,Yes,Yes,No,Month-to-month,Yes,Electronic check,72.07,1901.86,No
8770-THV,Female,0,Yes,No,43,Yes,No,Fiber optic,No,No,No,Yes,Yes,No,Month-to-month,Yes,Mailed check,70.54,3023.93,No
2818-UFN,Female,1,Yes,No,52,Yes,No,No,No internet service,No internet service,No internet service,No internet service,No internet service,No internet service,Month-to-month,No,Bank transfer (automatic),49.92,2625.7,No
1763-ODW,Male,0,No,No,63,Yes,No,DSL,Yes,Yes,No,No,Yes,Yes,Month-to-month,Yes,Electronic check,79.82,5005.72,No
3672-ZFT,Female,1,No,No,3,Yes,Yes,DSL,Yes,Yes,No,No,Yes,No,One year,Yes,Credit card (automatic),57.68,158.97,Yes
1701-OYF,Male,0,No,Yes,14,Yes,Yes,No,No internet service,No internet service,No internet service,No internet service,No internet service,No internet service,Month-to-month,No,Bank transfer (automatic),18.0,198.21,No
1696-PTH,Female,1,Yes,No,20,Yes,Yes,Fiber optic,No,Yes,No,No,Yes,No,Month-to-month,No,Credit card (automatic),105.69,2172.47,Yes
3393-POG,Female,0,Yes,No,22,Yes,Yes,Fiber optic,Yes,Yes,Yes,No,No,Yes,Two year,Yes,Electronic check,74.05,1594.32,Yes
1012-KAV,Male,0,No,No,72,Yes,No,DSL,No,No,No,No,No,No,Month-to-month,No,Mailed check,53.66,3912.9,No
4032-BST,Male,0,No,Yes,56,No,Yes,Fiber optic,No,No,Yes,Yes,No,Yes,Two year,Yes,Electronic check,78.95,4440.01,No
9751-TLJ,Female,0,No,Yes,23,Yes,No,No,No internet service,No internet service,No internet service,No internet service,No internet service,No internet service,Month-to-month,Yes,Electronic check,23.08,537.81,Yes
7119-EOI,Male,1,No,No,70,Yes,Yes,Fiber optic,No,Yes,Yes,Yes,No,No,One year,Yes,Electronic check,60.81,4269.54,No
9453-EOH,Female,0,No,No,36,Yes,No,Fiber optic,No,No,No,No,No,Yes,Month-to-month,No,Electronic check,79.18,2813.2,No
3470-SSV,Male,0,Yes,No,36,No,Yes,Fiber optic,No,Yes,Yes,No,Yes,No,Two year,Yes,Bank transfer (automatic),86.57,3172.71,No
8738-XWD,Male,0,Yes,No,31,Yes,Yes,No,No internet service,No internet service,No internet service,No internet service,No internet service,No internet service,Month-to-month,No,Electronic check,41.48,1273.22,Yes
8215-XCV,Female,0,No,No,10,No,No,No,No internet service,No internet service,No internet service,No internet service,No internet service,No internet service,Two year,Yes,Electronic check,56.66,602.05,No
5185-JLL,Female,1,No,No,68,Yes,No,Fiber optic,Yes,Yes,Yes,No,Yes,No,Month-to-month,Yes,Mailed check,86.08,5834.43,No
9859-WDX,Female,0,No,Yes,1,Yes,No,Fiber optic,No,Yes,No,Yes,Yes,No,One year,No,Bank transfer (automatic),60.18,10.08,Yes
5131-WTS,Male,0,No,No,12,Yes,Yes,DSL,Yes,No,Yes,No,Yes,No,Month-to-month,No,Bank transfer (automatic),77.15,995.22,No
1580-KXI,Male,0,Yes,No,16,Yes,Yes,Fiber optic,No,Yes,No,No,Yes,No,Month-to-month,Yes,Bank transfer (automatic),72.68,1141.76,Yes
7358-JDL,Male,1,No,No,20,Yes,No phone service,DSL,Yes,Yes,Yes,No,No,No,Month-to-month,Yes,Electronic check,76.29,1541.96,Yes
7166-YQM,Male,0,No,No,9,Yes,No,Fiber optic,No,Yes,Yes,Yes,Yes,Yes,Month-to-month,No,Bank transfer (automatic),86.74,674.69,Yes
2089-WZN,Female,0,Yes,No,1,Yes,Yes,Fiber optic,No,Yes,Yes,No,No,No,Month-to-month,Yes,Bank transfer (automatic),59.19,56.71,Yes
5564-VND,Female,0,Yes,Yes,49,Yes,No phone service,DSL,No,Yes,Yes,No,No,Yes,One year,Yes,Electronic check,42.82,2119.32,No
7153-EFG,Female,1,Yes,No,70,Yes,No,DSL,No,No,Yes,Yes,No,No,Month-to-month,Yes,Electronic check,70.7,4953.99,No
6344-EIV,Male,1,Yes,Yes,8,Yes,No,DSL,No,Yes,No,No,No,No,Month-to-month,No,Credit card (automatic),51.86,411.45,No
8918-IXI,Female,0,No,No,21,No,No,DSL,No,No,No,No,No,Yes,Month-to-month,Yes,Electronic check,59.16,1234.97,Yes
7807-AEI,Female,0,No,No,36,No,No,Fiber optic,No,No,No,Yes,Yes,No,Month-to-month,Yes,Electronic check,67.75,2469.47,No
5240-OZB,Female,0,Yes,Yes,67,Yes,No phone service,DSL,No,Yes,Yes,Yes,Yes,Yes,Month-to-month,Yes,Electronic check,55.14,3649.1,Yes
4254-KIM,Male,0,No,No,50,Yes,Yes,DSL,No,Yes,No,No,No,Yes,One year,Yes,Credit card (automatic),46.94,2338.71,No
2966-LBE,Male,0,No,No,55,Yes,No,No,No internet service,No internet service,No internet service,No internet service,No internet service,No internet service,Month-to-month,Yes,Mailed check,46.63,2614.86,No
1682-PEW,Female,1,No,No,42,Yes,No,DSL,Yes,Yes,No,No,Yes,No,Two year,Yes,Credit card (automatic),40.36,1643.23,Yes
4703-GOB,Male,0,No,Yes,30,Yes,No,No,No internet service,No internet service,No internet service,No internet service,No internet service,No internet service,Month-to-month,No,Credit card (automatic),18.0,536.27,No
5768-OLT,Male,1,Yes,No,14,Yes,No,Fiber optic,Yes,Yes,No,No,Yes,No,Month-to-month,Yes,Bank transfer (automatic),76.68,1034.9,No
8823-SVK,Male,0,No,No,63,Yes,Yes,Fiber optic,No,Yes,Yes,No,No,No,Two year,Yes,Electronic check,61.06,3857.31,No
4528-BNY,Male,0,Yes,No,58,Yes,No,Fiber optic,No,No,Yes,No,No,No,Month-to-month,No,Mailed check,72.66,4215.44,No
8969-DEX,Female,0,Yes,No,1,Yes,Yes,DSL,No,No,Yes,No,Yes,No,Month-to-month,Yes,Credit card (automatic),67.99,34.95,No
4175-OPK,Female,0,Yes,No,52,Yes,No phone service,No,No internet service,No internet service,No internet service,No internet service,No internet service,No internet service,Two year,Yes,Credit card (automatic),20.45,1064.25,No
5018-VOZ,Male,1,No,No,6,Yes,No phone service,No,No internet service,No internet service,No internet service,No internet service,No internet service,No internet service,Two year,Yes,Credit card (automatic),54.07,326.72,No
1363-DMR,Female,0,No,Yes,53,Yes,Yes,Fiber optic,No,No,Yes,Yes,No,Yes,One year,No,Credit card (automatic),63.72,3355.84,No
9616-YYL,Female,0,No,No,60,Yes,No,Fiber optic,Yes,No,Yes,No,No,No,Month-to-month,No,Bank transfer (automatic),78.04,4667.82,No
7255-HYW,Male,1,Yes,No,9,Yes,Yes,Fiber optic,Yes,Yes,No,No,Yes,No,One year,No,Mailed check,74.42,647.1,No
7813-RES,Female,0,No,No,31,Yes,No,No,No internet service,No internet service,No internet service,No internet service,No internet service,No internet service,Two year,No,Mailed check,47.43,1390.51,No
7179-HZJ,Male,0,No,No,9,Yes,No phone service,No,No internet service,No internet service,No internet service,No internet service,No internet service,No internet service,Two year,Yes,Mailed check,39.92,391.72,No
6893-ZUU,Male,1,Yes,No,41,Yes,Yes,DSL,Yes,Yes,Yes,No,Yes,No,Month-to-month,No,Electronic check,38.42,1617.04,No
7252-BAS,Female,0,Yes,No,67,Yes,Yes,No,No internet service,No internet service,No internet service,No internet service,No internet service,No internet service,Month-to-month,Yes,Electronic check,45.03,2955.75,No
1166-RTF,Male,0,No,No,5,Yes,No,No,No internet service,No internet service,No internet service,No internet service,No internet service,No internet service,Month-to-month,Yes,Electronic check,21.02,147.38,Yes
3753-WMR,Male,0,Yes,Yes,29,Yes,Yes,Fiber optic,Yes,Yes,No,No,No,No,Month-to-month,Yes,Electronic check,81.19,2368.56,Yes
3962-DFF,Male,0,Yes,No,71,Yes,No,DSL,No,Yes,Yes,No,No,No,One year,Yes,Electronic check,35.82,2504.64,Yes
3745-SLM,Male,0,No,Yes,21,Yes,No,No,No internet service,No internet service,No internet service,No internet service,No internet service,No internet service,Month-to-month,Yes,Bank transfer (automatic),31.32,650.4,No
3631-PZV,Male,1,No,No,9,Yes,No,Fiber optic,Yes,No,Yes,No,Yes,No,Month-to-month,Yes,Bank transfer (automatic),54.22,463.28,No
9497-LCG,Male,0,No,No,35,Yes,Yes,DSL,Yes,No,Yes,No,Yes,No,Month-to-month,No,Mailed check,53.75,1913.57,No
3128-NDL,Male,1,No,No,37,No,Yes,No,No internet service,No internet service,No internet service,No internet service,No internet service,No internet service,Month-to-month,No,Bank transfer (automatic),47.23,1715.39,No
6337-KON,Male,0,No,No,48,Yes,Yes,Fiber optic,Yes,No,Yes,No,Yes,Yes,Month-to-month,No,Mailed check,78.74,3853.82,Yes
2152-EQL,Male,0,No,Yes,22,Yes,No,No,No internet service,No internet service,No internet service,No internet service,No internet service,No internet service,Month-to-month,Yes,Mailed check,34.22,793.39,No
4174-OMQ,Male,0,No,No,69,Yes,No,Fiber optic,Yes,Yes,No,Yes,Yes,No,Month-to-month,Yes,Mailed check,74.89,5124.54,No
7528-CAR,Male,0,Yes,No,38,Yes,No,DSL,Yes,Yes,No,No,Yes,No,Two year,No,Electronic check,84.42,3265.3,No
8976-SCW,Male,0,Yes,No,20,No,No,No,No internet service,No internet service,No internet service,No internet service,No internet service,No internet service,Month-to-month,Yes,Bank transfer (automatic),53.97,1104.94,No
5873-AYA,Female,1,No,Yes,70,Yes,No phone service,Fiber optic,No,Yes,Yes,No,Yes,Yes,Month-to-month,Yes,Bank transfer (automatic),88.3,6175.73,No
9581-TTX,Female,0,No,Yes,67,Yes,No phone service,Fiber optic,No,No,Yes,No,Yes,Yes,Month-to-month,Yes,Electronic check,64.08,4317.01,No
6736-CNE,Female,0,No,No,36,Yes,No,Fiber optic,No,Yes,No,No,Yes,Yes,Month-to-month,Yes,Credit card (automatic),58.98,2155.64,No
2430-CMR,Female,0,No,Yes,1,Yes,Yes,DSL,No,No,Yes,Yes,Yes,No,Month-to-month,Yes,Electronic check,40.16,13.62,No
4004-SXI,Female,1,Yes,No,43,Yes,No,Fiber optic,Yes,Yes,No,No,Yes,No,Month-to-month,No,Mailed check,96.84,4193.34,No
1124-SPB,Male,0,No,Yes,40,Yes,No,Fiber optic,Yes,No,No,No,Yes,Yes,Month-to-month,No,Credit card (automatic),95.34,3798.45,No
8541-PBR,Male,0,No,No,10,Yes,No,No,No internet service,No internet service,No internet service,No internet service,No internet service,No internet service,Month-to-month,No,Bank transfer (automatic),27.28,301.3,No
6191-AON,Female,0,No,No,46,Yes,Yes,No,No internet service,No internet service,No internet service,No internet service,No internet service,No internet service,One year,Yes,Bank transfer (automatic),29.46,1350.39,No
1503-JSP,Female,0,Yes,Yes,61,Yes,No,Fiber optic,Yes,No,No,Yes,No,Yes,Month-to-month,Yes,Bank transfer (automatic),87.97,5330.91,No
4740-PLC,Male,0,No,No,7,Yes,Yes,DSL,No,Yes,No,Yes,No,Yes,Month-to-month,No,Electronic check,53.42,396.0,No
1480-QKT,Female,1,Yes,Yes,52,Yes,Yes,Fiber optic,Yes,No,Yes,No,Yes,No,One year,Yes,Bank transfer (automatic),71.64,3712.03,Yes
1910-VSV,Male,0,No,Yes,10,Yes,No,DSL,Yes,No,Yes,Yes,Yes,No,Month-to-month,Yes,Bank transfer (automatic),77.45,779.91,No
8033-BEE,Male,0,No,No,54,Yes,No,No,No internet service,No internet service,No internet service,No internet service,No internet service,No internet service,Month-to-month,No,Electronic check,62.4,3383.91,No
2025-SZV,Male,1,No,Yes,30,No,No,Fiber optic,No,No,Yes,No,Yes,Yes,Month-to-month,Yes,Electronic check,93.15,2845.92,No
5046-XTS,Male,0,Yes,No,0,Yes,No,No,No internet service,No internet service,No internet service,No internet service,No internet service,No internet service,Month-to-month,Yes,Credit card (automatic),64.02,0.0,Yes
3053-UEO,Male,0,No,No,70,Yes,Yes,Fiber optic,Yes,No,Yes,No,No,Yes,Month-to-month,Yes,Electronic check,57.67,4007.22,No
3779-STP,Male,0,No,No,12,Yes,No,DSL,No,Yes,Yes,No,No,No,Two year,Yes,Credit card (automatic),61.32,793.44,Yes
5759-AVR,Male,0,Yes,No,43,Yes,Yes,No,No internet service,No internet service,No internet service,No internet service,No internet service,No internet service,Two year,Yes,Electronic check,21.69,932.78,Yes
1093-NOA,Male,0,No,No,13,Yes,No,Fiber optic,No,No,No,Yes,Yes,Yes,Two year,Yes,Mailed check,99.56,1275.2,No
4842-BEV,Female,0,Yes,Yes,68,Yes,Yes,No,No internet service,No internet service,No internet service,No internet service,No internet service,No internet service,Month-to-month,Yes,Mailed check,61.03,4162.72,No
4216-DMN,Female,0,Yes,Yes,53,Yes,No,No,No internet service,No internet service,No internet service,No internet service,No internet service,No internet service,Month-to-month,No,Bank transfer (automatic),45.05,2375.62,No
4468-CXB,Female,1,No,No,58,Yes,No,Fiber optic,Yes,Yes,No,No,No,Yes,Month-to-month,No,Mailed check,59.38,3434.67,No
4332-RWS,Male,1,Yes,No,31,Yes,No,Fiber optic,No,Yes,Yes,No,No,No,Month-to-month,No,Mailed check,71.53,2307.51,No
6255-LVM,Male,0,Yes,Yes,34,Yes,No,Fiber optic,No,Yes,Yes,Yes,No,Yes,Month-to-month,No,Mailed check,82.95,2785.72,No
6320-LUB,Male,1,Yes,No,46,Yes,Yes,No,No internet service,No internet service,No internet service,No internet service,No internet service,No internet service,Month-to-month,Yes,Bank transfer (automatic),40.12,1795.19,No
2950-VCP,Female,0,No,No,57,No,No,No,No internet service,No internet service,No internet service,No internet service,No internet service,No internet service,Month-to-month,Yes,Mailed check,41.0,2379.89,No
6527-DGH,Female,1,No,Yes,61,Yes,Yes,DSL,No,No,Yes,No,No,Yes,Month-to-month,Yes,Mailed check,71.8,4366.53,Yes
5197-NGI,Female,0,Yes,No,1,Yes,No,Fiber optic,Yes,No,Yes,No,Yes,No,Month-to-month,Yes,Mailed check,102.11,113.28,Yes
6766-XSX,Female,0,No,Yes,48,Yes,Yes,DSL,Yes,No,Yes,Yes,No,Yes,One year,No,Electronic check,42.77,2075.3,No
5534-AJZ,Male,1,Yes,Yes,7,Yes,Yes,Fiber optic,Yes,Yes,Yes,No,No,No,Month-to-month,Yes,Electronic check,85.39,536.49,Yes
6496-HVJ,Male,0,No,Yes,21,No,Yes,No,No internet service,No internet service,No internet service,No internet service,No internet service,No internet service,Two year,No,Electronic check,53.61,1165.73,No
3707-ADL,Male,0,Yes,No,60,Yes,No,No,No internet service,No internet service,No internet service,No internet service,No internet service,No internet service,Month-to-month,Yes,Bank transfer (automatic),27.36,1621.95,No
6163-ELK,Female,0,Yes,No,18,Yes,Yes,Fiber optic,Yes,Yes,Yes,No,No,Yes,Month-to-month,Yes,Credit card (automatic),77.96,1469.74,No
5885-XLS,Male,0,Yes,No,58,Yes,Yes,Fiber optic,Yes,No,Yes,Yes,No,Yes,Month-to-month,No,Electronic check,81.52,4700.29,No
6462-VYU,Female,0,No,Yes,33,Yes,No,DSL,No,No,No,Yes,No,No,Month-to-month,Yes,Electronic check,56.32,1913.36,Yes
2945-GGT,Female,0,No,No,16,Yes,No,DSL,No,No,No,Yes,Yes,No,Month-to-month,No,Credit card (automatic),56.54,965.78,No
9981-BZQ,Male,0,No,No,24,Yes,No,Fiber optic,Yes,No,Yes,No,No,No,Month-to-month,No,Mailed check,80.42,1912.95,Yes
5152-TMJ,Male,0,Yes,No,38,Yes,Yes,No,No internet service,No internet service,No internet service,No internet service,No internet service,No internet service,One year,No,Mailed check,18.86,710.02,Yes
6088-MOV,Female,0,No,No,55,Yes,No,Fiber optic,Yes,No,Yes,No,Yes,No,Month-to-month,No,Bank transfer (automatic),78.26,4293.31,No
7532-UNZ,Female,0,Yes,No,44,Yes,No,DSL,Yes,No,Yes,No,No,Yes,Month-to-month,Yes,Mailed check,21.58,1002.71,No
7614-ITJ,Male,0,No,No,68,Yes,Yes,Fiber optic,No,No,Yes,No,Yes,No,Two year,Yes,Mailed check,91.28,6213.32,No
4096-LSH,Female,0,No,No,63,Yes,No,DSL,No,Yes,Yes,No,Yes,Yes,Month-to-month,No,Credit card (automatic),79.54,5029.67,No
5880-VYI,Female,0,Yes,No,54,Yes,Yes,DSL,No,Yes,Yes,No,No,No,One year,Yes,Mailed check,54.03,2912.6,No
5874-XUR,Female,0,No,No,44,Yes,No phone service,No,No internet service,No internet service,No internet service,No internet service,No internet service,No internet service,Month-to-month,No,Bank transfer (automatic),33.02,1469.4,No
2019-VQM,Female,0,No,Yes,21,Yes,Yes,DSL,No,Yes,No,No,Yes,No,Month-to-month,Yes,Electronic check,56.02,1195.22,No
2012-SRG,Female,0,No,No,30,Yes,Yes,Fiber optic,No,Yes,Yes,No,Yes,No,Month-to-month,Yes,Electronic check,73.35,2179.61,Yes
3938-YQN,Female,0,No,No,8,Yes,No,Fiber optic,Yes,Yes,Yes,Yes,No,No,Month-to-month,Yes,Credit card (automatic),101.75,876.04,Yes
4907-NVB,Female,0,No,No,27,Yes,No,DSL,No,Yes,No,Yes,Yes,No,One year,No,Credit card (automatic),42.07,1128.76,No
2104-FGD,Male,0,No,No,67,No,Yes,DSL,No,No,Yes,Yes,Yes,Yes,Month-to-month,Yes,Credit card (automatic),53.81,3641.32,No
4818-AJA,Male,0,Yes,Yes,31,Yes,No,DSL,No,No,No,Yes,Yes,No,Month-to-month,Yes,Electronic check,61.53,1863.27,Yes
1821-RLZ,Female,0,No,Yes,8,Yes,No,Fiber optic,No,Yes,No,No,No,Yes,Month-to-month,Yes,Credit card (automatic),80.01,664.02,Yes
6166-KTV,Male,0,No,No,47,Yes,No,No,No internet service,No internet service,No internet service,No internet service,No internet service,No internet service,Two year,Yes,Electronic check,35.83,1721.28,No
2786-OHZ,Female,0,No,No,70,Yes,No,Fiber optic,Yes,Yes,Yes,No,No,Yes,Two year,Yes,Bank transfer (automatic),95.81,6716.01,No
5039-CVX,Female,1,No,No,63,Yes,No,Fiber optic,Yes,Yes,Yes,Yes,Yes,No,Two year,No,Bank transfer (automatic),82.32,5223.82,No
4382-LSA,Male,0,Yes,No,20,Yes,No,Fiber optic,Yes,Yes,Yes,No,No,Yes,One year,Yes,Mailed check,59.92,1173.65,No
8952-AEI,Female,0,No,Yes,33,Yes,Yes,No,No internet service,No internet service,No internet service,No internet service,No internet service,No internet service,One year,Yes,Mailed check,27.0,907.54,No
6783-UEI,Male,0,No,No,38,Yes,No,DSL,No,No,No,No,No,No,Month-to-month,Yes,Bank transfer (automatic),72.74,2710.89,No
8194-IJK,Female,0,Yes,No,18,Yes,Yes,No,No internet service,No internet service,No internet service,No internet service,No internet service,No internet service,Two year,Yes,Credit card (automatic),30.84,560.32,No
6581-UYV,Female,0,No,Yes,19,Yes,No phone service,DSL,No,Yes,No,No,No,Yes,Month-to-month,No,Electronic check,50.35,928.9,Yes
3242-JQK,Female,0,No,No,17,Yes,No,No,No internet service,No internet service,No internet service,No internet service,No internet service,No internet service,Month-to-month,No,Electronic check,44.9,760.89,No
5893-IRP,Male,0,Yes,No,72,Yes,No,DSL,No,No,No,No,No,No,One year,No,Bank transfer (automatic),71.55,5199.87,No
1916-ZCK,Female,0,Yes,No,54,Yes,Yes,DSL,Yes,No,Yes,Yes,No,No,Month-to-month,No,Electronic check,45.48,2516.74,Yes
8608-AHS,Female,0,No,Yes,61,Yes,Yes,Fiber optic,Yes,No,Yes,No,Yes,No,Month-to-month,Yes,Electronic check,77.1,4658.22,Yes
7125-XSP,Male,0,Yes,No,59,No,Yes,DSL,No,Yes,No,Yes,No,No,Month-to-month,No,Electronic check,46.88,2809.5,No
2680-WKE,Male,0,No,No,70,Yes,No,Fiber optic,Yes,Yes,Yes,No,No,Yes,Month-to-month,Yes,Electronic check,51.94,3684.77,No
2047-ZCE,Female,0,Yes,No,7,Yes,No,Fiber optic,No,Yes,No,No,Yes,No,Two year,No,Mailed check,94.36,671.88,No
8970-RQC,Female,0,No,Yes,64,Yes,No phone service,Fiber optic,No,Yes,No,Yes,Yes,Yes,Month-to-month,No,Credit card (automatic),87.66,5657.77,No
3941-UOB,Female,0,No,No,4,Yes,Yes,DSL,No,No,No,No,Yes,No,Two year,Yes,Credit card (automatic),63.82,240.76,Yes
6572-BAG,Female,0,No,No,34,Yes,No,Fiber optic,Yes,No,No,No,Yes,Yes,Month-to-month,Yes,Mailed check,69.52,2345.69,No
4096-OOW,Female,0,No,No,43,Yes,Yes,DSL,No,No,No,No,Yes,No,One year,Yes,Electronic check,43.14,1837.18,No
4176-HHL,Male,1,No,No,26,Yes,Yes,No,No internet service,No internet service,No internet service,No internet service,No internet service,No internet service,Month-to-month,Yes,Bank transfer (automatic),49.98,1324.47,No
5208-FTN,Male,0,Yes,Yes,10,Yes,No,Fiber optic,No,No,No,No,Yes,Yes,Two year,Yes,Mailed check,66.51,661.7,No
7647-APW,Female,0,No,No,14,Yes,No phone service,Fiber optic,No,Yes,Yes,No,Yes,Yes,Month-to-month,No,Bank transfer (automatic),69.1,942.35,Yes
7917-HDY,Female,0,Yes,Yes,60,No,Yes,No,No internet service,No internet service,No internet service,No internet service,No internet service,No internet service,Month-to-month,Yes,Mailed check,44.88,2669.42,No
2424-LTO,Female,0,No,Yes,23,Yes,Yes,Fiber optic,No,Yes,Yes,Yes,Yes,Yes,Month-to-month,No,Bank transfer (automatic),76.18,1752.18,No
3459-VFY,Male,0,No,No,22,Yes,No,Fiber optic,No,No,No,Yes,Yes,Yes,Month-to-month,Yes,Electronic check,74.19,1602.46,Yes
2035-ALK,Female,1,No,Yes,67,Yes,No,DSL,Yes,Yes,Yes,No,No,No,Month-to-month,Yes,Credit card (automatic),39.7,2683.29,No
5889-NHI,Female,0,No,No,10,Yes,Yes,Fiber optic,No,No,Yes,No,Yes,No,One year,Yes,Bank transfer (automatic),69.3,734.83,Yes
4217-ZZO,Male,0,No,No,66,Yes,Yes,Fiber optic,Yes,No,No,Yes,Yes,Yes,Two year,Yes,Mailed check,60.97,4058.1,No
3319-NKA,Male,1,No,No,67,No,Yes,DSL,No,No,No,No,No,No,One year,Yes,Credit card (automatic),52.16,3596.61,No
4291-JOU,Female,0,Yes,No,43,Yes,No,No,No internet service,No internet service,No internet service,No internet service,No internet service,No internet service,Month-to-month,Yes,Electronic check,37.31,1618.71,No
8427-ZXE,Male,0,No,No,12,Yes,No,DSL,Yes,No,Yes,No,No,No,Month-to-month,Yes,Electronic check,53.07,696.17,Yes
4648-DKU,Female,0,Yes,Yes,11,Yes,No,Fiber optic,Yes,Yes,No,Yes,Yes,No,Two year,Yes,Bank transfer (automatic),90.51,1002.04,No
6166-SXY,Male,0,Yes,Yes,20,Yes,No,DSL,Yes,Yes,Yes,No,No,Yes,Two year,No,Bank transfer (automatic),68.53,1360.86,No
1720-HZK,Female,1,Yes,No,42,Yes,No,Fiber optic,Yes,Yes,No,No,Yes,Yes,Month-to-month,No,Electronic check,57.22,2407.41,No
7912-MLH,Male,0,No,No,11,Yes,Yes,No,No internet service,No internet service,No internet service,No internet service,No internet service,No internet service,Two year,Yes,Electronic check,20.5,231.32,No
6507-BZU,Female,0,No,Yes,33,Yes,No,DSL,Yes,Yes,No,Yes,Yes,No,Month-to-month,No,Electronic check,61.39,2021.54,No
2803-PYB,Male,0,Yes,No,8,Yes,Yes,Fiber optic,No,No,No,No,Yes,No,Two year,No,Electronic check,71.46,533.79,Yes
2680-NZB,Female,0,Yes,No,39,No,No,Fiber optic,No,No,Yes,No,Yes,No,Two year,Yes,Mailed check,74.9,2886.82,No
1128-KSR,Female,1,Yes,No,1,Yes,No,No,No internet service,No internet service,No internet service,No internet service,No internet service,No internet service,One year,Yes,Electronic check,46.61,86.27,No
1274-LMM,Male,1,Yes,Yes,51,Yes,Yes,DSL,Yes,No,No,Yes,Yes,No,Month-to-month,Yes,Mailed check,45.2,2334.39,No
1061-LBM,Female,1,No,No,4,Yes,No phone service,No,No internet service,No internet service,No internet service,No internet service,No internet service,No internet service,One year,Yes,Bank transfer (automatic),18.0,134.26,Yes
8118-AXO,Female,0,Yes,No,14,Yes,No,Fiber optic,Yes,Yes,Yes,No,Yes,Yes,Month-to-month,No,Bank transfer (automatic),97.09,1345.51,No
7411-MVH,Male,0,No,No,12,Yes,No,Fiber optic,Yes,Yes,No,Yes,Yes,No,Two year,No,Credit card (automatic),73.8,868.59,No
2399-MPV,Female,0,No,No,60,Yes,No phone service,Fiber optic,Yes,No,Yes,Yes,Yes,No,Month-to-month,Yes,Electronic check,91.35,5440.78,No
5478-CWV,Female,0,No,Yes,3,Yes,Yes,Fiber optic,Yes,Yes,No,No,No,No,One year,Yes,Electronic check,49.53,185.55,Yes
6002-BXR,Female,0,No,Yes,31,Yes,Yes,Fiber optic,No,Yes,Yes,Yes,No,Yes,Two year,No,Electronic check,77.34,2366.32,No
9182-DIF,Male,0,Yes,No,43,Yes,Yes,DSL,Yes,No,No,No,No,Yes,Month-to-month,Yes,Electronic check,34.53,1483.71,No
7710-IXK,Male,0,No,No,37,Yes,No phone service,Fiber optic,No,Yes,No,No,Yes,No,Month-to-month,Yes,Mailed check,84.62,3141.9,Yes
4290-PUK,Male,0,No,No,49,Yes,Yes,Fiber optic,No,Yes,No,Yes,No,Yes,One year,Yes,Electronic check,73.13,3528.65,No
1004-XLC,Female,1,No,No,58,Yes,No phone service,Fiber optic,Yes,Yes,No,No,Yes,No,Month-to-month,No,Bank transfer (automatic),64.48,3767.03,Yes
6733-SJE,Male,0,No,Yes,28,Yes,No,DSL,Yes,No,Yes,No,Yes,No,Month-to-month,No,Credit card (automatic),63.71,1819.23,No
8951-WQG,Female,0,No,No,60,Yes,No,Fiber optic,No,No,No,No,Yes,Yes,Month-to-month,No,Electronic check,67.44,4056.09,No
5825-PWX,Female,0,No,No,23,Yes,Yes,Fiber optic,Yes,Yes,Yes,Yes,Yes,No,Month-to-month,No,Electronic check,103.13,2368.95,Yes
7747-RGD,Male,1,No,No,71,Yes,Yes,Fiber optic,No,Yes,No,No,No,No,One year,Yes,Bank transfer (automatic),82.13,5830.1,Yes
8216-CNN,Female,0,No,No,36,Yes,Yes,No,No internet service,No internet service,No internet service,No internet service,No internet service,No internet service,One year,Yes,Bank transfer (automatic),18.0,697.01,No
2847-GZT,Male,0,Yes,No,53,Yes,No,Fiber optic,No,No,Yes,No,Yes,Yes,Month-to-month,No,Electronic check,48.99,2598.34,No
4600-TAE,Male,0,No,No,63,Yes,No,Fiber optic,No,No,No,Yes,No,Yes,Month-to-month,No,Bank transfer (automatic),96.44,6075.01,Yes
9289-UDF,Female,1,No,No,57,Yes,Yes,DSL,Yes,No,No,No,Yes,No,Month-to-month,Yes,Electronic check,50.3,2843.07,No
5102-KNV,Male,0,No,No,62,Yes,No,No,No internet service,No internet service,No internet service,No internet service,No internet service,No internet service,Month-to-month,Yes,Bank transfer (automatic),33.05,1951.13,No
7842-TCL,Male,0,No,Yes,39,Yes,Yes,DSL,Yes,No,No,No,No,No,One year,No,Bank transfer (automatic),51.91,2062.86,No
7736-SSU,Male,0,Yes,No,3,Yes,No,Fiber optic,No,No,No,Yes,No,No,Month-to-month,Yes,Electronic check,87.44,262.22,Yes
3747-VUF,Female,0,No,Yes,35,Yes,Yes,DSL,No,No,Yes,No,No,No,Month-to-month,Yes,Electronic check,32.61,1110.71,No
2636-IZO,Female,0,No,No,13,No,Yes,DSL,Yes,No,No,No,Yes,No,Two year,Yes,Bank transfer (automatic),68.26,961.24,No
9401-JRZ,Male,1,No,No,64,Yes,Yes,No,No internet service,No internet service,No internet service,No internet service,No internet service,No internet service,Month-to-month,Yes,Bank transfer (automatic),55.28,3553.3,No
4078-TKX,Female,1,No,No,17,Yes,No phone service,DSL,No,No,No,Yes,Yes,Yes,One year,No,Credit card (automatic),55.29,932.72,No
7863-TFY,Female,0,Yes,Yes,16,Yes,No,DSL,Yes,No,No,No,Yes,No,Month-to-month,No,Mailed check,62.36,1033.4,No
3805-KLS,Female,0,No,No,18,Yes,No,DSL,No,No,Yes,No,Yes,Yes,Month-to-month,Yes,Credit card (automatic),52.67,960.94,Yes
8043-YDV,Female,0,No,No,46,Yes,No,No,No internet service,No internet service,No internet service,No internet service,No internet service,No internet service,Month-to-month,Yes,Bank transfer (automatic),18.1,844.8,No
2041-NXT,Male,0,Yes,Yes,41,Yes,No,No,No internet service,No internet service,No internet service,No internet service,No internet service,No internet service,One year,Yes,Bank transfer (automatic),49.17,1994.67,No
9694-BNB,Female,0,Yes,Yes,69,No,Yes,No,No internet service,No internet service,No internet service,No internet service,No internet service,No internet service,Two year,Yes,Electronic check,21.5,1507.87,No
7399-EFH,Female,1,Yes,Yes,30,Yes,No,No,No internet service,No internet service,No internet service,No internet service,No internet service,No internet service,Month-to-month,Yes,Electronic check,38.43,1185.81,Yes
8796-IWP,Female,0,Yes,No,20,Yes,No,No,No internet service,No internet service,No internet service,No internet service,No internet service,No internet service,Month-to-month,Yes,Mailed check,39.31,765.09,No
2380-GTV,Male,0,Yes,No,3,Yes,No,Fiber optic,Yes,No,No,No,Yes,No,Month-to-month,No,Electronic check,70.19,144.25,Yes
2873-MLM,Female,0,No,Yes,0,Yes,Yes,DSL,No,No,Yes,No,Yes,Yes,One year,No,Electronic check,66.99,0.0,No
3976-WWJ,Male,0,Yes,No,27,Yes,No,DSL,No,No,No,No,Yes,No,One year,Yes,Electronic check,58.93,1613.11,No
5184-XVN,Female,0,Yes,Yes,67,Yes,Yes,DSL,No,Yes,Yes,No,No,No,One year,No,Credit card (automatic),66.04,4454.15,No
6466-VMW,Male,0,No,No,38,Yes,No,Fiber optic,Yes,Yes,No,Yes,No,Yes,Two year,No,Bank transfer (automatic),63.32,2407.78,No
7044-KAU,Male,0,Yes,No,65,No,No,DSL,No,No,Yes,No,Yes,No,Month-to-month,Yes,Credit card (automatic),68.12,4461.49,No
5873-PEW,Male,0,Yes,No,7,Yes,No,DSL,No,No,Yes,No,Yes,Yes,One year,No,Credit card (automatic),47.18,307.41,Yes
8052-BWK,Male,0,Yes,Yes,6,Yes,No,Fiber optic,No,Yes,Yes,No,Yes,No,Month-to-month,Yes,Bank transfer (automatic),78.42,463.99,Yes
7725-ZYW,Female,0,No,No,60,Yes,Yes,DSL,No,Yes,Yes,Yes,Yes,No,Month-to-month,Yes,Mailed check,65.02,3864.56,No
2293-OFV,Male,1,No,No,7,Yes,No,DSL,No,No,Yes,No,Yes,Yes,Two year,Yes,Mailed check,30.42,253.45,No
7410-JDX,Male,0,No,No,3,No,No phone service,DSL,No,No,Yes,No,Yes,No,Month-to-month,Yes,Bank transfer (automatic),39.95,118.21,No
5592-SRQ,Male,0,Yes,No,29,Yes,No,Fiber optic,Yes,No,Yes,Yes,No,No,One year,No,Credit card (automatic),68.62,1998.09,No
2886-EKY,Female,0,No,No,67,No,Yes,DSL,Yes,Yes,Yes,No,No,Yes,One year,No,Credit card (automatic),51.01,3432.84,No
8295-XJJ,Female,0,No,No,50,Yes,Yes,DSL,Yes,No,No,No,Yes,Yes,Two year,Yes,Mailed check,48.09,2396.15,No
7216-BYV,Male,0,Yes,Yes,7,Yes,Yes,DSL,No,No,Yes,No,Yes,Yes,Month-to-month,Yes,Bank transfer (automatic),56.17,421.97,No
7870-UUN,Female,0,Yes,No,61,Yes,No,Fiber optic,No,No,Yes,Yes,Yes,Yes,Month-to-month,No,Mailed check,74.93,4628.76,No
3831-ZEX,Male,0,No,No,61,Yes,No,DSL,No,Yes,No,Yes,Yes,No,Two year,No,Mailed check,57.5,3541.79,No
7673-VLT,Female,0,No,No,58,Yes,No,DSL,Yes,No,Yes,No,No,Yes,Two year,No,Electronic check,48.54,2755.01,No
7241-VHT,Female,0,Yes,No,65,Yes,Yes,No,No internet service,No internet service,No internet service,No internet service,No internet service,No internet service,Month-to-month,Yes,Electronic check,35.08,2284.04,No
2876-ZNX,Male,0,Yes,No,17,Yes,Yes,No,No internet service,No internet service,No internet service,No internet service,No internet service,No internet service,One year,Yes,Electronic check,54.95,939.58,No
2039-JOZ,Male,0,Yes,No,71,Yes,Yes,DSL,Yes,Yes,Yes,No,No,Yes,Month-to-month,Yes,Bank transfer (automatic),60.78,4358.86,No
3199-LDU,Male,0,No,Yes,23,Yes,Yes,DSL,No,No,Yes,Yes,Yes,Yes,One year,No,Electronic check,57.49,1303.05,No
5320-FPS,Male,0,Yes,No,58,Yes,No,DSL,Yes,No,No,Yes,No,Yes,Two year,No,Credit card (automatic),26.13,1479.13,No
8147-IHR,Female,0,No,No,42,Yes,No phone service,Fiber optic,No,No,Yes,No,Yes,Yes,Month-to-month,No,Electronic check,70.91,3007.47,No
6171-FPP,Male,0,Yes,Yes,56,Yes,Yes,DSL,No,No,Yes,No,Yes,Yes,Month-to-month,Yes,Electronic check,57.31,3208.69,Yes
2498-ZAR,Female,0,No,No,45,Yes,Yes,No,No internet service,No internet service,No internet service,No internet service,No internet service,No internet service,Two year,No,Mailed check,39.21,1742.62,No
6457-INH,Male,1,No,No,46,Yes,No,No,No internet service,No internet service,No internet service,No internet service,No internet service,No internet service,Two year,No,Electronic check,46.06,2109.66,No
9521-LPI,Male,0,No,No,44,Yes,Yes,Fiber optic,Yes,Yes,No,Yes,No,No,Two year,No,Electronic check,69.64,3014.77,No
2801-ETY,Female,0,No,No,56,Yes,No,DSL,No,Yes,No,Yes,Yes,Yes,Month-to-month,No,Electronic check,62.84,3524.99,No
1195-DSF,Female,0,No,No,53,Yes,No,No,No internet service,No internet service,No internet service,No internet service,No internet service,No internet service,Two year,Yes,Mailed check,43.42,2290.63,No
8312-UEC,Female,0,No,Yes,9,Yes,No phone service,Fiber optic,Yes,No,No,Yes,Yes,Yes,Month-to-month,Yes,Electronic check,83.46,769.79,Yes
3471-DCY,Female,0,No,Yes,60,Yes,Yes,No,No internet service,No internet service,No internet service,No internet service,No internet service,No internet service,Month-to-month,Yes,Mailed check,18.0,1072.83,No
2773-OGE,Male,0,No,No,39,No,Yes,DSL,Yes,No,Yes,Yes,Yes,Yes,Month-to-month,Yes,Electronic check,28.84,1126.0,No
3518-GLP,Female,1,No,No,23,Yes,Yes,Fiber optic,Yes,Yes,No,Yes,Yes,No,Two year,Yes,Electronic check,71.31,1624.19,No
9503-SBE,Male,1,Yes,No,37,Yes,No,No,No internet service,No internet service,No internet service,No internet service,No internet service,No internet service,Two year,No,Electronic check,46.26,1702.71,No
4067-PFO,Male,0,No,Yes,70,Yes,No,No,No internet service,No internet service,No internet service,No internet service,No internet service,No internet service,One year,Yes,Electronic check,24.07,1645.36,No
7782-AYS,Female,0,No,No,62,Yes,No,Fiber optic,No,Yes,Yes,Yes,No,No,One year,Yes,Credit card (automatic),73.14,4570.81,No
4901-FXI,Male,0,Yes,Yes,60,No,No,Fiber optic,No,Yes,Yes,No,No,Yes,Month-to-month,Yes,Mailed check,98.02,5879.74,Yes
8714-XJA,Male,0,No,No,33,Yes,No,Fiber optic,No,Yes,Yes,No,No,No,Month-to-month,No,Bank transfer (automatic),71.83,2300.77,Yes
1920-QZU,Male,0,No,Yes,57,Yes,No,Fiber optic,No,Yes,Yes,No,No,Yes,Month-to-month,No,Credit card (automatic),89.39,5039.74,No
8285-XSF,Male,0,No,No,28,Yes,Yes,No,No internet service,No internet service,No internet service,No internet service,No internet service,No internet service,Month-to-month,Yes,Electronic check,32.94,958.63,Yes
4977-JFN,Male,0,No,No,50,Yes,Yes,Fiber optic,Yes,Yes,Yes,No,Yes,No,Month-to-month,No,Credit card (automatic),53.15,2655.99,Yes
4026-VLQ,Male,1,Yes,No,46,Yes,Yes,DSL,No,Yes,No,Yes,No,No,Two year,No,Bank transfer (automatic),42.32,1946.02,No
6652-DCM,Female,0,No,No,18,Yes,Yes,DSL,Yes,Yes,No,No,Yes,Yes,One year,No,Bank transfer (automatic),40.38,726.75,Yes
7438-QSW,Male,0,Yes,No,19,Yes,No,Fiber optic,No,No,Yes,No,No,No,Two year,No,Credit card (automatic),60.51,1166.75,Yes
9902-UUQ,Female,0,No,Yes,4,Yes,No,No,No internet service,No internet service,No internet service,No internet service,No internet service,No internet service,Month-to-month,No,Electronic check,37.24,202.53,Yes
9907-VBB,Female,0,No,No,10,Yes,Yes,DSL,Yes,No,No,No,No,Yes,Month-to-month,No,Mailed check,56.25,578.08,Yes
9357-YUU,Male,0,Yes,No,31,Yes,Yes,Fiber optic,No,No,No,Yes,Yes,Yes,Month-to-month,Yes,Mailed check,78.32,2438.68,No
6097-RJQ,Male,0,Yes,Yes,34,Yes,No,No,No internet service,No internet service,No internet service,No internet service,No internet service,No internet service,Month-to-month,No,Bank transfer (automatic),46.87,1573.59,No
2300-OBF,Male,0,No,Yes,12,Yes,Yes,Fiber optic,Yes,Yes,Yes,Yes,No,Yes,Month-to-month,Yes,Electronic check,91.96,1049.53,Yes
4239-QKK,Male,0,No,No,30,Yes,No,DSL,No,No,No,No,No,Yes,Month-to-month,Yes,Electronic check,64.99,1966.31,Yes
7817-TGF,Male,0,No,No,44,Yes,No,Fiber optic,Yes,No,Yes,No,Yes,No,Month-to-month,No,Credit card (automatic),72.04,3189.19,Yes
3512-DEY,Female,0,No,No,16,Yes,Yes,Fiber optic,Yes,No,Yes,No,Yes,Yes,One year,No,Mailed check,76.45,1261.69,No
9560-NDZ,Female,0,No,No,24,Yes,No,DSL,Yes,Yes,No,No,No,Yes,Month-to-month,No,Electronic check,39.63,1011.04,No
5725-GJJ,Male,0,No,No,26,Yes,Yes,Fiber optic,Yes,Yes,No,No,Yes,No,Month-to-month,No,Electronic check,87.87,2244.02,Yes
6110-JAH,Male,0,No,Yes,36,Yes,No,Fiber optic,No,Yes,Yes,Yes,No,Yes,Month-to-month,No,Bank transfer (automatic),57.88,2062.19,No
8746-WKU,Female,0,No,No,26,No,No,Fiber optic,No,Yes,No,Yes,Yes,Yes,Month-to-month,Yes,Electronic check,70.7,1861.59,No
3347-HIV,Male,0,No,No,53,Yes,Yes,Fiber optic,Yes,No,Yes,No,Yes,Yes,Month-to-month,No,Electronic check,86.78,4599.38,Yes
9709-YJS,Male,0,No,No,23,Yes,No,DSL,Yes,Yes,Yes,Yes,No,Yes,Month-to-month,Yes,Credit card (automatic),56.33,1346.11,No
5232-VWW,Female,0,No,Yes,31,Yes,Yes,DSL,No,Yes,Yes,No,Yes,Yes,One year,Yes,Electronic check,43.45,1340.17,No
9957-GZF,Female,0,Yes,No,27,Yes,Yes,DSL,No,No,Yes,No,No,Yes,Month-to-month,Yes,Electronic check,62.27,1751.33,No
2210-TOT,Female,0,No,No,13,Yes,Yes,DSL,Yes,No,Yes,No,Yes,Yes,Two year,Yes,Bank transfer (automatic),70.37,916.77,No
6388-KUQ,Male,0,No,No,50,Yes,No,Fiber optic,No,No,No,Yes,Yes,Yes,Month-to-month,No,Electronic check,78.8,3996.97,No
5361-NME,Male,0,No,Yes,17,Yes,No,DSL,No,No,Yes,No,Yes,Yes,Month-to-month,No,Electronic check,37.03,545.27,No
4234-DSS,Male,0,No,No,21,Yes,Yes,Fiber optic,Yes,Yes,No,No,No,Yes,Month-to-month,Yes,Mailed check,44.39,949.21,No
6885-HZT,Male,0,No,No,57,Yes,No,DSL,No,No,Yes,Yes,No,No,Month-to-month,No,Bank transfer (automatic),80.15,4569.37,No
6280-QXA,Male,0,Yes,No,69,Yes,No phone service,DSL,Yes,No,Yes,Yes,Yes,Yes,Month-to-month,No,Mailed check,45.82,3088.3,No
9705-MAJ,Male,1,No,No,48,Yes,Yes,DSL,Yes,Yes,No,No,Yes,No,Two year,No,Bank transfer (automatic),55.2,2649.06,No
1339-PZQ,Male,0,No,No,66,Yes,Yes,Fiber optic,No,No,Yes,No,Yes,Yes,Month-to-month,Yes,Credit card (automatic),71.18,4654.56,No
6394-BHH,Male,0,Yes,No,62,Yes,No,Fiber optic,Yes,Yes,Yes,No,Yes,No,One year,No,Bank transfer (automatic),80.29,4959.79,No
4972-VLE,Female,0,Yes,Yes,35,Yes,No,No,No internet service,No internet service,No internet service,No internet service,No internet service,No internet service,Month-to-month,No,Bank transfer (automatic),29.98,1059.98,No
1936-CXF,Male,0,Yes,Yes,56,Yes,No,DSL,No,Yes,Yes,No,No,No,Month-to-month,Yes,Credit card (automatic),49.5,2767.7,No
3891-NOV,Female,0,No,No,23,Yes,No,Fiber optic,No,Yes,Yes,No,Yes,Yes,Month-to-month,Yes,Electronic check,70.84,1641.79,Yes
8824-FXK,Male,1,No,No,33,Yes,Yes,Fiber optic,No,Yes,No,No,Yes,No,Month-to-month,Yes,Mailed check,67.24,2224.42,Yes
2682-NEJ,Female,0,No,No,39,Yes,No,DSL,No,No,Yes,Yes,Yes,Yes,Month-to-month,Yes,Electronic check,36.59,1509.41,No
2242-TGY,Female,0,Yes,Yes,70,Yes,No,DSL,No,Yes,No,Yes,Yes,No,Two year,Yes,Electronic check,63.09,4425.37,No
3876-ESM,Female,0,Yes,Yes,61,Yes,No,DSL,Yes,Yes,No,No,Yes,Yes,One year,No,Credit card (automatic),32.45,1983.39,No
2366-KFR,Female,0,No,No,35,Yes,Yes,DSL,Yes,Yes,No,No,Yes,No,Two year,Yes,Electronic check,48.51,1712.58,No
4398-CAZ,Female,0,No,Yes,47,Yes,No,No,No internet service,No internet service,No internet service,No internet service,No internet service,No internet service,Month-to-month,No,Electronic check,31.1,1460.78,No
3267-VMR,Male,0,No,Yes,14,Yes,No,Fiber optic,No,Yes,No,Yes,No,Yes,Two year,Yes,Electronic check,84.46,1127.0,Yes
6009-KQC,Female,0,No,No,58,Yes,Yes,Fiber optic,No,No,Yes,Yes,Yes,Yes,Month-to-month,Yes,Bank transfer (automatic),97.2,5661.81,No
4531-DOO,Female,0,No,Yes,40,Yes,Yes,Fiber optic,Yes,No,No,No,No,Yes,One year,No,Credit card (automatic),59.01,2405.57,No
8734-ASR,Female,0,No,No,38,Yes,Yes,Fiber optic,Yes,Yes,No,Yes,Yes,Yes,Two year,No,Mailed check,71.64,2776.75,No
6171-XUI,Male,0,No,No,55,Yes,No,Fiber optic,No,No,Yes,No,No,Yes,One year,No,Credit card (automatic),54.36,3013.93,No
3638-TYI,Male,0,Yes,No,46,Yes,Yes,DSL,Yes,No,Yes,No,Yes,No,Two year,No,Mailed check,55.01,2521.05,No
7206-FRH,Male,0,No,No,5,Yes,No,Fiber optic,Yes,Yes,Yes,No,Yes,No,One year,No,Credit card (automatic),72.1,369.7,No
8067-SAT,Male,0,Yes,Yes,21,Yes,No,DSL,Yes,No,No,Yes,No,No,Month-to-month,No,Credit card (automatic),47.43,1058.55,No
2272-GOP,Female,0,No,No,12,No,No,DSL,Yes,No,Yes,No,Yes,No,One year,No,Electronic check,65.24,775.04,No
6469-IXQ,Female,0,No,No,53,Yes,Yes,DSL,Yes,Yes,No,No,No,Yes,Month-to-month,Yes,Credit card (automatic),64.09,3355.0,No
5789-TGL,Male,0,No,Yes,2,Yes,Yes,Fiber optic,No,Yes,No,No,No,No,Two year,Yes,Electronic check,59.25,195.83,Yes
5402-DIV,Male,1,Yes,No,14,Yes,No,Fiber optic,Yes,Yes,No,Yes,Yes,Yes,Two year,No,Mailed check,90.12,1226.05,No
7122-XPB,Male,0,Yes,No,43,Yes,Yes,Fiber optic,No,Yes,Yes,Yes,No,No,Month-to-month,Yes,Electronic check,64.81,2731.82,Yes
2704-IJZ,Female,0,No,No,50,Yes,No,DSL,No,Yes,Yes,Yes,No,Yes,Month-to-month,Yes,Mailed check,68.51,3436.67,No
7090-WYP,Male,0,No,No,36,Yes,Yes,No,No internet service,No internet service,No internet service,No internet service,No internet service,No internet service,Month-to-month,Yes,Credit card (automatic),48.66,1766.07,No
4561-NST,Male,0,No,No,62,Yes,No,DSL,No,No,No,Yes,Yes,No,Month-to-month,No,Bank transfer (automatic),71.92,4475.07,No
4796-CJL,Female,0,No,No,67,Yes,Yes,No,No internet service,No internet service,No internet service,No internet service,No internet service,No internet service,Month-to-month,Yes,Mailed check,19.05,1307.09,No
6697-PYR,Female,0,Yes,No,9,Yes,Yes,Fiber optic,No,Yes,No,Yes,No,No,One year,No,Credit card (automatic),80.85,721.99,Yes
3896-ULI,Male,0,No,No,69,Yes,No,Fiber optic,Yes,No,No,No,No,No,Month-to-month,No,Mailed check,58.72,4046.53,No
1485-UQB,Male,0,Yes,Yes,44,Yes,No,Fiber optic,No,Yes,Yes,Yes,No,Yes,Two year,No,Electronic check,91.29,3996.7,No
4378-KDT,Male,0,Yes,No,46,Yes,Yes,Fiber optic,No,Yes,Yes,No,No,Yes,Month-to-month,Yes,Credit card (automatic),93.13,4288.77,No
6577-FRO,Female,0,Yes,No,6,No,No,Fiber optic,Yes,Yes,No,Yes,Yes,Yes,Month-to-month,No,Electronic check,90.77,563.59,Yes
2112-PPE,Female,1,Yes,Yes,45,No,No,DSL,No,No,Yes,No,No,No,Month-to-month,No,Credit card (automatic),41.52,1900.14,No
8595-TOS,Male,0,No,No,52,Yes,No,No,No internet service,No internet service,No internet service,No internet service,No internet service,No internet service,Two year,Yes,Electronic check,47.55,2441.18,No
8168-NMK,Male,0,Yes,Yes,42,Yes,Yes,DSL,Yes,No,No,Yes,No,Yes,Month-to-month,No,Electronic check,38.34,1566.66,Yes
3090-OEA,Female,0,No,No,6,Yes,Yes,Fiber optic,No,Yes,Yes,No,Yes,Yes,Month-to-month,Yes,Mailed check,56.59,370.51,Yes
3072-CQE,Male,0,Yes,Yes,38,Yes,No,Fiber optic,No,Yes,No,Yes,Yes,Yes,Month-to-month,No,Electronic check,88.79,3355.5,Yes
3626-LOE,Male,0,No,No,68,No,Yes,No,No internet service,No internet service,No internet service,No internet service,No internet service,No internet service,Two year,No,Electronic check,18.0,1189.52,No
8232-DCE,Male,0,No,No,52,Yes,No,Fiber optic,No,Yes,Yes,No,Yes,No,Month-to-month,Yes,Electronic check,63.96,3261.17,No
2055-DTP,Female,1,No,No,10,Yes,Yes,DSL,Yes,Yes,No,No,No,Yes,One year,No,Electronic check,66.93,718.56,Yes
1271-PFC,Male,0,No,No,70,Yes,No,Fiber optic,No,Yes,No,Yes,No,Yes,One year,Yes,Bank transfer (automatic),71.87,5040.55,No
4887-VZC,Female,0,Yes,Yes,69,Yes,No phone service,DSL,No,No,No,Yes,No,Yes,One year,No,Mailed check,58.21,4035.58,No
5715-MDP,Male,1,Yes,No,12,Yes,Yes,Fiber optic,Yes,No,Yes,No,No,No,Month-to-month,No,Electronic check,77.6,946.51,Yes
6251-AJX,Male,0,Yes,No,58,Yes,Yes,Fiber optic,Yes,Yes,Yes,Yes,No,Yes,Month-to-month,Yes,Electronic check,63.04,3663.76,No
1523-CNZ,Male,1,Yes,Yes,29,Yes,No phone service,No,No internet service,No internet service,No internet service,No internet service,No internet service,No internet service,Month-to-month,No,Electronic check,35.29,1022.6,No
6721-RYB,Male,1,No,No,43,Yes,Yes,DSL,No,Yes,Yes,No,Yes,No,Month-to-month,No,Mailed check,53.1,2280.84,No
7528-XUF,Female,0,No,No,32,Yes,Yes,DSL,Yes,Yes,No,Yes,Yes,No,One year,Yes,Mailed check,31.56,975.73,No
9206-LIF,Female,0,No,No,57,Yes,No,Fiber optic,Yes,Yes,Yes,Yes,No,Yes,Month-to-month,No,Electronic check,85.55,4814.56,No
6088-EZG,Male,0,No,No,72,No,No,DSL,No,Yes,No,Yes,Yes,No,Month-to-month,Yes,Credit card (automatic),78.06,5698.92,No
5975-BDW,Male,0,Yes,No,58,Yes,No,DSL,No,Yes,No,No,No,No,Month-to-month,Yes,Electronic check,41.43,2404.27,Yes
9622-KJQ,Female,0,Yes,No,67,Yes,Yes,Fiber optic,No,No,No,No,No,Yes,One year,Yes,Mailed check,81.2,5425.09,Yes
3268-HQM,Male,0,Yes,No,69,Yes,Yes,Fiber optic,No,No,Yes,No,No,No,Month-to-month,Yes,Bank transfer (automatic),90.45,6213.02,No
4172-HKW,Female,0,Yes,Yes,6,Yes,Yes,DSL,No,No,Yes,No,No,No,One year,Yes,Electronic check,51.38,345.02,No
2940-GAE,Female,0,No,Yes,18,Yes,Yes,Fiber optic,No,Yes,No,No,No,Yes,Month-to-month,Yes,Electronic check,85.38,1541.91,Yes
1656-QHR,Female,0,Yes,No,52,Yes,No,No,No internet service,No internet service,No internet service,No internet service,No internet service,No internet service,Two year,No,Mailed check,74.12,3824.02,No
4805-TVA,Female,0,Yes,No,43,Yes,No,Fiber optic,No,Yes,No,No,No,Yes,One year,Yes,Mailed check,86.04,3689.09,No
2928-VRA,Female,0,Yes,No,3,Yes,No,DSL,Yes,Yes,No,Yes,Yes,No,Month-to-month,No,Credit card (automatic),51.28,164.74,Yes
9333-VKN,Female,0,No,No,6,Yes,No phone service,DSL,Yes,No,Yes,Yes,No,Yes,Month-to-month,Yes,Mailed check,57.64,332.31,Yes
9808-ZQO,Male,0,No,Yes,37,Yes,Yes,DSL,No,Yes,Yes,No,No,Yes,Month-to-month,Yes,Credit card (automatic),60.57,2269.62,No
9612-FHP,Male,0,No,Yes,44,Yes,No,Fiber optic,No,No,No,No,Yes,Yes,Month-to-month,No,Mailed check,69.85,3147.74,Yes
6894-IEP,Female,0,No,No,12,Yes,Yes,Fiber optic,No,Yes,No,No,No,Yes,Month-to-month,Yes,Bank transfer (automatic),45.94,536.51,Yes
9219-AIV,Male,0,No,No,12,Yes,Yes,DSL,Yes,No,No,Yes,No,Yes,Two year,Yes,Electronic check,61.72,730.67,No
2427-VNB,Male,0,No,Yes,9,Yes,Yes,DSL,No,Yes,Yes,No,Yes,No,One year,No,Credit card (automatic),61.66,525.89,Yes
2505-BHG,Female,0,Yes,No,41,Yes,No,DSL,No,No,Yes,No,No,Yes,Month-to-month,Yes,Electronic check,58.99,2413.22,No
4433-ODZ,Male,0,No,No,0,Yes,No,DSL,No,Yes,Yes,Yes,Yes,No,Month-to-month,Yes,Electronic check,68.66,0.0,Yes
1363-SJF,Male,0,No,No,41,Yes,No,No,No internet service,No internet service,No internet service,No internet service,No internet service,No internet service,Month-to-month,No,Mailed check,62.22,2589.5,No
2865-URS,Male,0,No,No,34,Yes,Yes,DSL,No,Yes,No,No,Yes,Yes,Two year,Yes,Credit card (automatic),66.23,2205.12,No
1001-WQC,Female,1,Yes,No,34,Yes,No,DSL,No,Yes,No,No,Yes,No,Month-to-month,No,Mailed check,51.7,1729.58,Yes
5889-UNR,Female,0,No,No,49,Yes,No,Fiber optic,No,No,No,No,No,No,One year,Yes,Electronic check,61.92,3037.01,No
5568-BOT,Female,0,Yes,Yes,38,Yes,No phone service,DSL,No,Yes,No,No,No,Yes,Two year,Yes,Credit card (automatic),66.54,2576.73,No
5558-ZLR,Female,1,No,Yes,53,Yes,Yes,DSL,Yes,Yes,No,Yes,Yes,No,Month-to-month,Yes,Credit card (automatic),33.33,1736.59,Yes
4057-AJS,Female,0,Yes,Yes,55,Yes,No,Fiber optic,No,Yes,No,Yes,Yes,Yes,Month-to-month,Yes,Bank transfer (automatic),44.89,2462.42,No
1873-EKW,Female,0,No,No,67,Yes,No,DSL,No,No,Yes,Yes,No,No,Month-to-month,No,Mailed check,65.12,4373.31,No
5412-BTO,Male,0,No,No,58,Yes,Yes,DSL,No,No,No,No,Yes,No,Two year,No,Mailed check,57.93,3336.43,No
4943-GUX,Male,0,Yes,Yes,37,Yes,Yes,Fiber optic,No,No,Yes,No,Yes,No,Month-to-month,No,Credit card (automatic),45.44,1677.06,No
8012-BIV,Female,0,No,No,35,Yes,No phone service,Fiber optic,No,No,No,No,Yes,Yes,One year,Yes,Electronic check,82.33,2825.88,Yes
5464-PIM,Female,0,Yes,No,17,Yes,No,DSL,No,Yes,Yes,No,Yes,No,Two year,No,Bank transfer (automatic),58.81,981.3,Yes
1651-JWW,Female,0,No,No,43,Yes,No,No,No internet service,No internet service,No internet service,No internet service,No internet service,No internet service,Two year,No,Bank transfer (automatic),28.78,1280.61,No
8383-SCF,Female,0,No,No,10,Yes,No,DSL,No,Yes,Yes,Yes,Yes,Yes,Month-to-month,Yes,Credit card (automatic),61.78,646.35,Yes
6890-EVP,Female,0,No,No,67,Yes,Yes,No,No internet service,No internet service,No internet service,No internet service,No internet service,No internet service,Month-to-month,Yes,Mailed check,42.97,2863.46,No
1359-OKX,Male,0,Yes,No,61,Yes,No,No,No internet service,No internet service,No internet service,No internet service,No internet service,No internet service,One year,Yes,Electronic check,27.48,1640.82,No
3196-ZME,Female,0,Yes,No,8,Yes,Yes,Fiber optic,No,Yes,No,Yes,Yes,Yes,Month-to-month,Yes,Bank transfer (automatic),48.98,384.41,Yes
2384-FAB,Female,0,Yes,Yes,57,Yes,No phone service,DSL,No,No,Yes,No,No,Yes,Two year,Yes,Credit card (automatic),52.35,2932.72,No
1188-YYV,Male,1,Yes,No,8,Yes,No,No,No internet service,No internet service,No internet service,No internet service,No internet service,No internet service,Month-to-month,Yes,Credit card (automatic),39.58,309.75,No
1603-CFS,Female,0,Yes,No,52,Yes,Yes,Fiber optic,No,No,No,No,Yes,Yes,Month-to-month,No,Electronic check,71.07,3681.29,Yes
6633-LQY,Male,0,No,No,6,Yes,No phone service,DSL,Yes,No,Yes,Yes,Yes,Yes,Two year,Yes,Mailed check,33.87,187.59,No
1862-GOJ,Female,0,Yes,No,35,Yes,No,Fiber optic,Yes,No,No,No,Yes,Yes,Month-to-month,Yes,Bank transfer (automatic),96.38,3368.36,Yes
5126-AFF,Male,0,Yes,No,48,Yes,Yes,Fiber optic,Yes,Yes,Yes,No,Yes,No,Month-to-month,No,Bank transfer (automatic),75.33,3634.63,No
8247-TZX,Male,0,Yes,No,53,Yes,No phone service,No,No internet service,No internet service,No internet service,No internet service,No internet service,No internet service,Month-to-month,Yes,Electronic check,18.0,917.65,No
3649-QFT,Female,0,Yes,No,30,Yes,Yes,Fiber optic,Yes,Yes,Yes,Yes,No,Yes,Month-to-month,Yes,Electronic check,81.73,2485.42,Yes
4276-NWP,Female,0,No,No,67,Yes,Yes,No,No internet service,No internet service,No internet service,No internet service,No internet service,No internet service,Two year,Yes,Electronic check,47.13,3197.09,No
7892-DTL,Male,0,Yes,No,56,Yes,No,Fiber optic,No,No,Yes,No,Yes,No,Month-to-month,No,Electronic check,59.05,3383.79,No
9125-HGQ,Female,0,No,No,15,Yes,Yes,Fiber optic,No,Yes,Yes,No,No,No,Month-to-month,Yes,Electronic check,71.82,1087.67,Yes
8771-CXO,Female,0,Yes,No,48,Yes,No,Fiber optic,No,No,Yes,No,No,Yes,Month-to-month,No,Credit card (automatic),94.93,4608.2,Yes
7265-WKW,Male,0,No,Yes,53,Yes,No,No,No internet service,No internet service,No internet service,No internet service,No internet service,No internet service,Two year,No,Bank transfer (automatic),32.42,1752.44,No
9170-TAP,Female,0,No,No,24,Yes,Yes,No,No internet service,No internet service,No internet service,No internet service,No internet service,No internet service,Month-to-month,No,Electronic check,51.2,1235.47,No
3554-CCX,Male,0,Yes,No,53,Yes,Yes,No,No internet service,No internet service,No internet service,No internet service,No internet service,No internet service,Two year,No,Bank transfer (automatic),46.15,2403.35,No
4452-CTQ,Female,0,Yes,Yes,65,Yes,No,Fiber optic,No,No,No,No,Yes,No,Two year,No,Mailed check,82.55,5397.08,No
4614-NOY,Male,0,No,No,59,Yes,No,Fiber optic,Yes,Yes,Yes,Yes,Yes,Yes,Month-to-month,No,Bank transfer (automatic),70.87,4189.72,No
4718-AAS,Male,0,No,No,55,Yes,No,DSL,No,Yes,No,No,No,Yes,Two year,Yes,Credit card (automatic),46.79,2636.01,No
1572-YBQ,Male,0,No,No,46,Yes,No phone service,No,No internet service,No internet service,No internet service,No internet service,No internet service,No internet service,One year,Yes,Electronic check,53.3,2477.71,No
8286-DCZ,Female,0,No,No,19,Yes,Yes,DSL,Yes,Yes,No,No,Yes,Yes,Month-to-month,Yes,Credit card (automatic),58.74,1153.01,Yes
3990-GOG,Female,0,Yes,Yes,58,Yes,Yes,DSL,Yes,Yes,Yes,No,No,No,Month-to-month,Yes,Electronic check,53.83,3101.9,No
5818-IPC,Female,0,No,No,26,Yes,Yes,Fiber optic,No,Yes,No,Yes,Yes,Yes,Two year,Yes,Bank transfer (automatic),63.04,1647.6,No
5730-OMH,Female,0,No,No,38,Yes,No,Fiber optic,No,No,Yes,Yes,No,Yes,Two year,No,Credit card (automatic),56.22,2069.03,No
7031-IHE,Male,0,Yes,No,22,Yes,Yes,Fiber optic,No,Yes,No,No,Yes,No,One year,Yes,Bank transfer (automatic),95.32,2116.45,No
5105-MLI,Male,0,Yes,Yes,22,Yes,Yes,DSL,No,Yes,No,Yes,No,No,Two year,Yes,Electronic check,36.49,845.4,No
4191-RZR,Male,0,No,No,11,Yes,Yes,DSL,Yes,No,No,Yes,Yes,Yes,Month-to-month,Yes,Electronic check,79.12,919.04,No
9125-NRJ,Female,0,No,No,70,Yes,Yes,DSL,Yes,No,Yes,No,No,No,Two year,No,Electronic check,46.92,3271.98,No
7656-OWK,Male,0,No,No,10,No,No,Fiber optic,No,No,No,No,No,No,Two year,Yes,Electronic check,57.51,511.62,No
4227-LNC,Male,0,No,Yes,6,Yes,No,DSL,Yes,No,No,No,Yes,Yes,Month-to-month,No,Electronic check,50.96,286.94,No
4183-MXP,Male,0,No,No,68,Yes,No,Fiber optic,No,No,No,No,Yes,Yes,Month-to-month,No,Electronic check,58.83,3997.72,No
6468-IOX,Male,0,Yes,No,40,Yes,Yes,DSL,Yes,No,No,No,Yes,Yes,Month-to-month,Yes,Mailed check,51.53,2075.51,No
5062-TOV,Male,0,Yes,No,31,Yes,No,Fiber optic,Yes,Yes,Yes,Yes,Yes,No,Two year,No,Electronic check,56.1,1668.07,No
3609-LNF,Male,0,Yes,No,53,Yes,Yes,DSL,No,Yes,No,Yes,Yes,No,Month-to-month,No,Mailed check,57.62,3050.2,No
2854-PGG,Female,0,Yes,No,27,Yes,Yes,Fiber optic,No,Yes,No,No,No,Yes,One year,No,Bank transfer (automatic),50.13,1317.2,No
2626-TFN,Female,1,Yes,No,9,Yes,Yes,No,No internet service,No internet service,No internet service,No internet service,No internet service,No internet service,Month-to-month,No,Electronic check,32.2,340.43,No
5294-DBT,Male,0,No,No,53,No,No,DSL,No,Yes,No,No,No,Yes,Month-to-month,Yes,Bank transfer (automatic),46.5,2382.78,Yes
3984-XMI,Female,0,No,Yes,12,Yes,Yes,Fiber optic,Yes,No,No,No,No,No,One year,No,Bank transfer (automatic),73.17,913.48,No
2345-DJF,Male,0,Yes,No,40,Yes,Yes,Fiber optic,No,Yes,No,Yes,Yes,Yes,Month-to-month,No,Mailed check,61.71,2462.82,Yes
5910-AXL,Female,0,Yes,No,69,Yes,No phone service,DSL,No,Yes,No,No,No,No,Two year,No,Mailed check,61.67,4183.59,No
3903-BAE,Male,0,No,No,68,Yes,No,No,No internet service,No internet service,No internet service,No internet service,No internet service,No internet service,Month-to-month,No,Bank transfer (automatic),39.51,2745.39,Yes
7068-BYC,Male,1,Yes,No,26,Yes,Yes,No,No internet service,No internet service,No internet service,No internet service,No internet service,No internet service,Two year,No,Mailed check,42.26,1146.02,No
9895-IMT,Female,0,No,No,56,Yes,No,Fiber optic,Yes,Yes,Yes,No,No,Yes,Month-to-month,Yes,Mailed check,81.86,4627.91,Yes
2583-DRN,Male,0,No,No,44,Yes,No,No,No internet service,No internet service,No internet service,No internet service,No internet service,No internet service,Two year,Yes,Credit card (automatic),31.67,1396.74,No
8265-MOI,Male,0,No,No,34,Yes,No,Fiber optic,Yes,Yes,Yes,No,Yes,No,One year,Yes,Credit card (automatic),85.81,2894.04,No
4163-ZIX,Male,0,No,No,10,Yes,Yes,Fiber optic,Yes,No,No,No,Yes,No,Month-to-month,No,Mailed check,83.89,841.18,Yes
4972-QFI,Male,0,No,No,27,Yes,Yes,DSL,Yes,Yes,Yes,No,Yes,Yes,Month-to-month,Yes,Mailed check,75.08,2046.27,No
4823-TVO,Male,1,No,No,47,Yes,No,DSL,No,Yes,No,Yes,Yes,No,Month-to-month,No,Credit card (automatic),44.84,2088.49,No
5996-BGX,Female,1,No,No,72,Yes,No,DSL,No,Yes,No,No,No,Yes,One year,Yes,Mailed check,70.04,5012.86,No
7298-WJR,Female,0,No,No,0,Yes,No,Fiber optic,Yes,Yes,Yes,No,No,Yes,Two year,Yes,Bank transfer (automatic),61.72,0.0,Yes
2684-SBZ,Female,0,No,No,52,Yes,Yes,Fiber optic,No,Yes,Yes,No,Yes,No,Month-to-month,Yes,Electronic check,66.52,3465.88,No
8799-QOU,Male,0,No,No,61,No,Yes,DSL,No,No,Yes,Yes,No,No,Month-to-month,Yes,Electronic check,51.97,3202.58,No
1268-FMC,Female,0,No,No,69,Yes,No,Fiber optic,Yes,No,No,Yes,No,No,One year,No,Mailed check,86.93,6051.48,No
3565-OGK,Male,0,Yes,No,30,Yes,No,DSL,No,No,No,No,No,No,Month-to-month,Yes,Credit card (automatic),39.21,1206.27,No
9314-SYG,Male,0,No,No,8,Yes,No,DSL,No,Yes,No,Yes,Yes,No,One year,Yes,Electronic check,49.44,355.19,No
7649-XGC,Male,1,Yes,Yes,19,Yes,Yes,DSL,No,No,No,No,Yes,Yes,Month-to-month,Yes,Credit card (automatic),49.52,940.43,Yes
1891-ZBL,Male,0,Yes,No,62,Yes,No phone service,Fiber optic,No,Yes,Yes,Yes,No,Yes,One year,Yes,Bank transfer (automatic),78.89,4904.72,No
1435-HZE,Female,0,Yes,Yes,64,Yes,Yes,Fiber optic,No,No,No,Yes,Yes,No,Two year,Yes,Bank transfer (automatic),59.72,3850.4,No
2569-ATF,Female,0,Yes,No,46,Yes,Yes,Fiber optic,Yes,Yes,Yes,No,Yes,Yes,Month-to-month,Yes,Credit card (automatic),76.21,3535.69,No
3822-TTM,Male,0,Yes,No,8,Yes,Yes,DSL,No,Yes,No,No,Yes,Yes,Month-to-month,No,Electronic check,50.41,401.25,No
8346-PGF,Male,0,No,No,8,Yes,No,Fiber optic,No,No,Yes,No,Yes,Yes,Month-to-month,No,Electronic check,85.6,667.64,No
4042-AMD,Female,0,No,No,34,Yes,No,No,No internet service,No internet service,No internet service,No internet service,No internet service,No internet service,Month-to-month,No,Electronic check,33.04,1158.66,No
1466-EAD,Male,1,Yes,No,42,Yes,Yes,DSL,No,Yes,Yes,Yes,Yes,No,Month-to-month,Yes,Mailed check,65.23,2752.88,No
8338-XLN,Female,0,No,No,2,Yes,No,Fiber optic,Yes,Yes,No,No,No,No,Two year,Yes,Electronic check,62.4,134.65,No
5484-PPH,Female,0,No,Yes,50,Yes,No,DSL,No,Yes,Yes,Yes,No,No,One year,Yes,Bank transfer (automatic),46.82,2316.34,No
3959-STF,Male,0,No,No,39,Yes,Yes,DSL,No,Yes,Yes,Yes,Yes,Yes,Month-to-month,No,Credit card (automatic),59.27,2385.02,No
1204-ADJ,Female,0,Yes,No,0,Yes,Yes,Fiber optic,No,No,No,No,No,No,Two year,Yes,Electronic check,62.16,0.0,No
9349-PWX,Female,1,No,No,6,Yes,No,DSL,Yes,Yes,Yes,Yes,No,No,Month-to-month,Yes,Mailed check,45.53,270.14,No
1689-DOX,Female,0,Yes,Yes,33,Yes,No phone service,Fiber optic,No,Yes,No,No,Yes,Yes,Two year,Yes,Bank transfer (automatic),90.05,2980.37,No
7597-LGH,Female,0,Yes,No,52,Yes,No,No,No internet service,No internet service,No internet service,No internet service,No internet service,No internet service,Month-to-month,Yes,Bank transfer (automatic),43.11,2237.11,No
1143-QRN,Female,0,Yes,Yes,60,Yes,No,DSL,No,Yes,Yes,Yes,Yes,Yes,One year,Yes,Credit card (automatic),46.44,2741.29,No
7971-STB,Female,0,No,Yes,31,Yes,No phone service,DSL,No,No,Yes,No,No,Yes,Two year,No,Electronic check,60.82,1895.87,No
2525-WOD,Male,0,Yes,No,21,Yes,No,No,No internet service,No internet service,No internet service,No internet service,No internet service,No internet service,Two year,No,Electronic check,25.06,475.45,No
3048-YPL,Male,0,Yes,No,70,Yes,No,Fiber optic,Yes,No,Yes,No,Yes,No,Two year,Yes,Credit card (automatic),81.82,5731.01,No
5338-POP,Female,0,Yes,No,33,Yes,Yes,No,No internet service,No internet service,No internet service,No internet service,No internet service,No internet service,Month-to-month,Yes,Electronic check,51.79,1653.31,Yes
3831-BNO,Male,0,Yes,Yes,23,Yes,No,DSL,No,No,Yes,No,Yes,Yes,Two year,Yes,Bank transfer (automatic),63.99,1396.37,No
5637-ZET,Female,0,Yes,Yes,32,Yes,Yes,Fiber optic,No,Yes,No,Yes,Yes,Yes,Month-to-month,Yes,Electronic check,73.62,2377.3,No
1171-IRM,Female,0,Yes,No,0,No,Yes,No,No internet service,No internet service,No internet service,No internet service,No internet service,No internet service,One year,Yes,Mailed check,40.5,0.0,Yes
3193-MNC,Male,0,No,No,22,Yes,Yes,DSL,Yes,Yes,Yes,No,Yes,Yes,Month-to-month,Yes,Bank transfer (automatic),31.65,711.5,No
1161-FGN,Female,0,No,Yes,37,Yes,No,No,No internet service,No internet service,No internet service,No internet service,No internet service,No internet service,Month-to-month,Yes,Bank transfer (automatic),18.09,675.26,No
1364-KHP,Female,0,No,Yes,67,Yes,Yes,Fiber optic,No,No,No,No,No,Yes,Month-to-month,Yes,Electronic check,70.56,4732.66,No
7569-TQN,Female,1,No,Yes,53,Yes,Yes,No,No internet service,No internet service,No internet service,No internet service,No internet service,No internet service,Month-to-month,No,Credit card (automatic),19.15,993.0,No
2480-PDL,Female,0,Yes,No,57,Yes,No,DSL,No,Yes,No,Yes,Yes,No,One year,No,Credit card (automatic),32.75,1862.16,No
2062-HWA,Female,0,Yes,No,39,Yes,No,Fiber optic,No,Yes,No,No,Yes,Yes,Two year,Yes,Credit card (automatic),48.59,1872.04,No
3562-CZW,Female,0,Yes,No,8,Yes,No,DSL,No,Yes,No,Yes,No,No,Two year,Yes,Credit card (automatic),39.94,352.59,No
5992-EZC,Female,0,Yes,No,28,Yes,Yes,No,No internet service,No internet service,No internet service,No internet service,No internet service,No internet service,Month-to-month,No,Credit card (automatic),48.27,1334.65,Yes
3166-OYD,Female,0,Yes,No,72,Yes,Yes,DSL,No,Yes,No,Yes,No,No,Two year,Yes,Bank transfer (automatic),70.22,5047.15,No
9303-FEZ,Female,0,No,No,3,Yes,No,DSL,No,Yes,No,No,No,Yes,Month-to-month,No,Bank transfer (automatic),65.7,223.17,No
9874-DJK,Female,0,No,No,64,Yes,No,No,No internet service,No internet service,No internet service,No internet service,No internet service,No internet service,Month-to-month,Yes,Credit card (automatic),48.75,3098.25,No
2327-YJU,Male,1,Yes,Yes,49,Yes,No phone service,DSL,No,No,No,No,Yes,Yes,Two year,No,Credit card (automatic),68.38,3287.93,No
1734-KPE,Male,0,Yes,No,20,Yes,Yes,Fiber optic,No,No,No,No,No,Yes,Month-to-month,Yes,Bank transfer (automatic),87.28,1708.47,Yes
6396-LIK,Male,0,Yes,No,56,Yes,Yes,DSL,No,Yes,Yes,No,No,Yes,Month-to-month,Yes,Electronic check,65.43,3701.03,No
3826-HAO,Female,0,Yes,No,61,Yes,Yes,Fiber optic,No,No,Yes,No,Yes,No,Month-to-month,No,Electronic check,61.84,3775.13,Yes
6991-YGL,Female,0,Yes,Yes,3,Yes,Yes,DSL,No,Yes,Yes,No,Yes,No,Month-to-month,No,Credit card (automatic),43.27,140.04,No
5259-QNL,Male,0,Yes,No,7,Yes,No,Fiber optic,Yes,No,Yes,Yes,No,Yes,Two year,Yes,Credit card (automatic),70.41,503.22,Yes
8087-DQE,Female,1,Yes,No,48,Yes,Yes,Fiber optic,Yes,No,No,No,Yes,Yes,Month-to-month,No,Electronic check,97.46,4740.67,No
9735-RQW,Male,1,Yes,Yes,72,Yes,No,DSL,No,No,Yes,Yes,Yes,Yes,Month-to-month,No,Credit card (automatic),65.73,4659.93,No
4214-CWY,Male,0,No,No,1,Yes,Yes,DSL,Yes,No,Yes,No,No,Yes,One year,Yes,Electronic check,67.18,62.71,No
5642-LEG,Female,0,No,No,48,Yes,No,DSL,No,Yes,Yes,No,Yes,Yes,Month-to-month,Yes,Mailed check,29.14,1399.77,Yes
6085-EDH,Female,0,Yes,Yes,9,Yes,No,Fiber optic,No,No,Yes,Yes,No,No,One year,Yes,Credit card (automatic),68.77,618.22,Yes
4107-GAI,Female,0,Yes,Yes,47,Yes,No,DSL,No,No,No,No,Yes,Yes,Two year,No,Credit card (automatic),30.63,1467.59,No
1704-TFA,Male,0,No,No,45,Yes,Yes,DSL,No,No,Yes,No,Yes,Yes,One year,Yes,Mailed check,65.43,2973.22,No
6597-JMQ,Female,0,Yes,No,6,Yes,No,DSL,No,Yes,No,No,No,No,Two year,Yes,Credit card (automatic),47.3,276.23,No
4896-COO,Male,1,Yes,No,49,No,Yes,Fiber optic,Yes,No,Yes,No,No,No,Month-to-month,Yes,Credit card (automatic),81.18,3918.69,Yes
2759-TRR,Male,0,Yes,No,65,No,No,Fiber optic,Yes,No,Yes,No,No,No,Two year,Yes,Credit card (automatic),91.57,6039.85,No
5897-QDD,Male,0,No,Yes,63,Yes,No,Fiber optic,No,Yes,No,No,Yes,Yes,Month-to-month,Yes,Credit card (automatic),58.16,3663.86,No
5986-TCQ,Male,1,Yes,No,2,Yes,No,No,No internet service,No internet service,No internet service,No internet service,No internet service,No internet service,Month-to-month,Yes,Mailed check,27.27,57.6,No
7067-ZFU,Male,0,No,No,17,Yes,No,Fiber optic,No,No,Yes,No,Yes,No,One year,Yes,Electronic check,73.32,1290.62,No
1439-UEL,Female,0,Yes,No,17,Yes,Yes,No,No internet service,No internet service,No internet service,No internet service,No internet service,No internet service,Month-to-month,Yes,Electronic check,35.42,588.38,No
5346-YSM,Male,1,Yes,No,33,Yes,No,Fiber optic,No,No,Yes,No,Yes,Yes,Two year,Yes,Electronic check,59.09,1995.18,No
4336-ZJV,Female,0,Yes,No,10,No,No,DSL,No,No,No,No,No,Yes,One year,Yes,Electronic check,64.53,634.57,Yes
4953-FWC,Male,0,No,Yes,62,Yes,No,No,No internet service,No internet service,No internet service,No internet service,No internet service,No internet service,Two year,Yes,Electronic check,18.0,1180.02,Yes
8204-UYZ,Male,0,No,No,56,Yes,No,No,No internet service,No internet service,No internet service,No internet service,No internet service,No internet service,Month-to-month,No,Electronic check,22.17,1257.46,No
8069-ALV,Female,0,No,No,59,Yes,No,Fiber optic,No,Yes,No,No,Yes,Yes,Month-to-month,Yes,Bank transfer (automatic),62.4,3657.96,Yes
6146-NOF,Male,0,Yes,No,14,Yes,No,DSL,No,No,No,No,No,No,One year,Yes,Electronic check,59.73,912.53,No
9895-ETB,Female,0,No,No,1,Yes,Yes,DSL,No,Yes,No,No,No,Yes,Month-to-month,Yes,Electronic check,54.83,75.91,Yes
5800-ZQV,Male,0,Yes,No,66,No,No,Fiber optic,Yes,No,Yes,No,No,Yes,Month-to-month,No,Electronic check,51.57,3382.31,No
9622-PER,Male,0,Yes,No,21,Yes,No phone service,Fiber optic,Yes,Yes,Yes,No,Yes,Yes,One year,No,Electronic check,74.67,1518.82,No
9484-SJF,Male,0,No,No,47,No,No,Fiber optic,Yes,No,Yes,No,Yes,Yes,Two year,No,Bank transfer (automatic),58.45,2771.57,No
4135-TFG,Female,0,No,Yes,66,Yes,No,Fiber optic,No,Yes,Yes,No,No,No,One year,Yes,Credit card (automatic),59.0,3942.44,No
4187-HNR,Male,1,No,Yes,2,No,Yes,Fiber optic,No,No,No,No,Yes,No,Month-to-month,Yes,Bank transfer (automatic),83.17,179.89,Yes
2537-VES,Female,0,Yes,No,0,No,No,DSL,No,No,No,Yes,Yes,No,Month-to-month,Yes,Bank transfer (automatic),54.62,0.0,No
3591-PAE,Female,1,Yes,No,0,Yes,No,DSL,Yes,Yes,No,Yes,Yes,No,One year,Yes,Credit card (automatic),61.97,0.0,No
6816-DFT,Male,1,No,No,11,Yes,Yes,DSL,Yes,Yes,No,No,Yes,Yes,Month-to-month,No,Bank transfer (automatic),49.72,567.86,No
8857-VJO,Female,1,Yes,Yes,3,Yes,Yes,No,No internet service,No internet service,No internet service,No internet service,No internet service,No internet service,Month-to-month,Yes,Electronic check,37.91,90.7,Yes
5092-DYU,Male,0,No,No,59,Yes,Yes,Fiber optic,Yes,Yes,Yes,No,No,Yes,Month-to-month,No,Electronic check,75.6,4438.88,No
1227-ASI,Male,0,No,No,44,Yes,No,No,No internet service,No internet service,No internet service,No internet service,No internet service,No internet service,Month-to-month,No,Bank transfer (automatic),49.29,2188.21,No
5551-LQV,Male,0,No,No,71,Yes,Yes,Fiber optic,Yes,No,No,No,No,Yes,Month-to-month,No,Bank transfer (automatic),103.06,7334.83,No
9729-GDH,Female,0,Yes,No,58,Yes,Yes,Fiber optic,No,Yes,No,No,No,No,Month-to-month,Yes,Credit card (automatic),71.12,4163.04,No
7076-HSF,Male,0,Yes,No,70,Yes,Yes,Fiber optic,No,No,No,Yes,No,No,One year,No,Electronic check,68.2,4786.9,No
5078-CEZ,Female,0,Yes,No,17,No,No,No,No internet service,No internet service,No internet service,No internet service,No internet service,No internet service,Month-to-month,Yes,Credit card (automatic),18.0,329.8,No
2548-LKR,Male,0,No,Yes,21,Yes,No,No,No internet service,No internet service,No internet service,No internet service,No internet service,No internet service,One year,Yes,Mailed check,31.33,670.11,No
7075-NOU,Female,0,No,No,62,Yes,No,Fiber optic,No,Yes,No,No,No,Yes,Month-to-month,Yes,Credit card (automatic),72.51,4529.37,No
1926-FBH,Male,0,No,No,17,Yes,Yes,DSL,No,No,No,No,No,No,Two year,No,Mailed check,93.06,1608.12,Yes
4336-DCM,Female,0,Yes,No,4,Yes,No,Fiber optic,Yes,No,No,No,No,Yes,Month-to-month,No,Electronic check,111.93,438.68,Yes
2260-SRP,Female,0,No,No,48,Yes,No,DSL,No,No,Yes,Yes,Yes,No,Month-to-month,Yes,Mailed check,54.27,2598.37,No
5278-WQX,Male,0,Yes,No,58,No,Yes,DSL,Yes,Yes,Yes,No,No,Yes,Month-to-month,No,Electronic check,49.66,2891.62,No
4125-NCM,Male,1,No,No,70,Yes,Yes,Fiber optic,No,Yes,No,No,Yes,Yes,Month-to-month,Yes,Electronic check,86.4,6051.92,Yes
1581-JAG,Female,0,Yes,No,67,Yes,Yes,No,No internet service,No internet service,No internet service,No internet service,No internet service,No internet service,Month-to-month,No,Credit card (automatic),66.71,4515.57,Yes
8766-SZY,Female,0,Yes,No,8,Yes,No,DSL,No,Yes,Yes,Yes,No,Yes,Two year,Yes,Mailed check,41.55,339.82,Yes
2349-EYU,Male,0,No,Yes,56,Yes,No,DSL,Yes,Yes,No,No,Yes,Yes,Two year,Yes,Electronic check,77.93,4314.26,No
3371-IQO,Female,1,No,No,61,Yes,No,No,No internet service,No internet service,No internet service,No internet service,No internet service,No internet service,Month-to-month,Yes,Mailed check,18.0,1056.63,No
4416-IQX,Female,0,Yes,No,50,Yes,Yes,DSL,No,Yes,Yes,No,No,No,Month-to-month,No,Bank transfer (automatic),44.83,2233.13,No
8585-TWB,Male,0,Yes,No,59,Yes,Yes,DSL,No,No,No,No,Yes,No,One year,No,Electronic check,50.76,3020.1,No
8820-KGW,Female,0,No,No,61,Yes,No,Fiber optic,Yes,No,No,No,Yes,No,One year,Yes,Electronic check,90.12,5471.94,No
7991-CJR,Female,1,No,No,32,Yes,Yes,No,No internet service,No internet service,No internet service,No internet service,No internet service,No internet service,Month-to-month,Yes,Credit card (automatic),31.3,1024.4,No
2622-EII,Male,0,No,Yes,2,Yes,No phone service,Fiber optic,No,Yes,No,Yes,Yes,Yes,One year,Yes,Electronic check,84.51,142.17,Yes
4132-UOL,Female,0,No,No,33,Yes,Yes,Fiber optic,Yes,No,No,Yes,Yes,Yes,Month-to-month,No,Credit card (automatic),104.91,3467.59,No
6554-ZKM,Male,0,No,Yes,14,Yes,Yes,DSL,Yes,Yes,Yes,No,Yes,No,One year,Yes,Electronic check,73.32,1040.99,No
8444-FBP,Male,0,Yes,No,8,Yes,Yes,DSL,No,No,No,No,No,Yes,Month-to-month,Yes,Bank transfer (automatic),56.37,410.95,Yes
8804-QSE,Male,0,Yes,Yes,9,Yes,No,Fiber optic,No,Yes,No,No,No,Yes,Month-to-month,Yes,Bank transfer (automatic),72.82,669.23,Yes
4275-IQG,Male,0,Yes,No,50,Yes,No,No,No internet service,No internet service,No internet service,No internet service,No internet service,No internet service,Month-to-month,Yes,Electronic check,33.31,1722.04,Yes
4875-DCH,Male,0,Yes,Yes,36,Yes,Yes,DSL,Yes,Yes,No,No,No,Yes,One year,No,Bank transfer (automatic),59.07,2119.61,No
9673-CJN,Female,0,No,No,39,No,No,DSL,Yes,Yes,Yes,Yes,No,No,Month-to-month,Yes,Mailed check,64.61,2522.47,No
8578-BUS,Female,0,Yes,No,54,Yes,Yes,DSL,Yes,Yes,Yes,No,No,Yes,Two year,Yes,Mailed check,33.1,1796.27,No
7835-PAA,Male,1,No,No,40,Yes,No phone service,DSL,Yes,No,No,No,Yes,Yes,Two year,Yes,Credit card (automatic),60.03,2404.37,No
8502-WMJ,Male,0,Yes,No,45,Yes,No,DSL,Yes,No,Yes,No,Yes,Yes,One year,Yes,Credit card (automatic),42.41,1909.29,No
8867-VKE,Male,0,No,Yes,6,Yes,Yes,DSL,Yes,Yes,Yes,Yes,No,Yes,Month-to-month,Yes,Electronic check,49.1,292.74,Yes
6838-WHD,Male,0,No,No,62,Yes,Yes,No,No internet service,No internet service,No internet service,No internet service,No internet service,No internet service,Month-to-month,Yes,Bank transfer (automatic),32.44,1956.42,No
7504-BZK,Female,0,Yes,No,32,Yes,No phone service,DSL,No,No,No,Yes,Yes,No,Month-to-month,No,Electronic check,65.67,2117.29,No
3885-ZIF,Male,1,Yes,Yes,11,Yes,No,Fiber optic,Yes,Yes,Yes,No,No,No,One year,Yes,Electronic check,59.53,617.21,No
7705-PMA,Male,0,Yes,Yes,59,No,Yes,Fiber optic,No,Yes,No,No,No,No,Two year,Yes,Electronic check,66.68,3947.3,No
3518-SZA,Female,1,Yes,No,53,No,Yes,No,No internet service,No internet service,No internet service,No internet service,No internet service,No internet service,Month-to-month,Yes,Bank transfer (automatic),53.59,2864.81,No
1597-BWO,Male,0,No,No,3,Yes,No,No,No internet service,No internet service,No internet service,No internet service,No internet service,No internet service,Two year,Yes,Bank transfer (automatic),38.04,128.36,No
1465-QQD,Male,0,Yes,No,14,No,Yes,Fiber optic,No,Yes,Yes,No,Yes,Yes,Month-to-month,Yes,Mailed check,77.15,1049.17,Yes
4186-IRM,Male,0,Yes,No,1,Yes,No,DSL,No,Yes,No,No,No,Yes,Month-to-month,No,Credit card (automatic),37.47,48.51,Yes
6959-PHA,Female,0,No,No,19,No,No phone service,Fiber optic,Yes,Yes,No,No,No,Yes,Month-to-month,Yes,Bank transfer (automatic),90.44,1710.88,Yes
4161-MTU,Male,1,Yes,Yes,7,Yes,No,DSL,Yes,Yes,No,No,Yes,No,One year,No,Electronic check,54.17,358.54,No
1103-XJV,Male,0,Yes,No,51,Yes,No,DSL,Yes,Yes,Yes,No,Yes,No,Month-to-month,Yes,Electronic check,48.42,2541.65,No
2753-WMR,Female,0,Yes,No,38,Yes,Yes,DSL,No,No,No,No,No,Yes,Month-to-month,Yes,Bank transfer (automatic),38.42,1428.52,No
2901-XSH,Male,0,No,No,71,Yes,No,No,No internet service,No internet service,No internet service,No internet service,No internet service,No internet service,Two year,Yes,Electronic check,48.71,3475.73,No
8111-FHE,Male,0,Yes,No,54,Yes,No,DSL,No,No,No,No,No,Yes,Month-to-month,No,Electronic check,60.58,3324.72,Yes
6044-TMR,Female,0,No,Yes,44,Yes,No,Fiber optic,No,No,Yes,Yes,No,Yes,Month-to-month,Yes,Electronic check,79.14,3495.56,No
3123-UTX,Female,0,Yes,Yes,37,Yes,No,Fiber optic,Yes,Yes,Yes,Yes,No,No,Month-to-month,No,Mailed check,67.47,2474.86,No
3608-GPB,Female,0,Yes,No,3,Yes,No,Fiber optic,No,Yes,No,No,Yes,No,Month-to-month,Yes,Mailed check,87.18,242.25,Yes
8749-KRG,Male,0,Yes,No,5,No,Yes,DSL,No,No,No,No,Yes,Yes,Month-to-month,No,Bank transfer (automatic),38.95,145.86,No
4485-NNS,Male,0,No,Yes,44,Yes,Yes,No,No internet service,No internet service,No internet service,No internet service,No internet service,No internet service,Month-to-month,Yes,Bank transfer (automatic),31.7,1398.07,No
8977-UQB,Male,0,Yes,No,0,No,Yes,Fiber optic,Yes,Yes,Yes,Yes,No,Yes,One year,Yes,Credit card (automatic),67.89,0.0,No
5941-CKY,Male,1,Yes,No,3,No,No,Fiber optic,No,No,No,Yes,No,No,Month-to-month,No,Credit card (automatic),80.38,232.37,Yes
7794-FEH,Male,0,No,Yes,15,Yes,Yes,Fiber optic,No,No,Yes,No,No,No,One year,Yes,Mailed check,60.74,960.93,Yes
7437-ION,Male,0,Yes,Yes,64,Yes,Yes,No,No internet service,No internet service,No internet service,No internet service,No internet service,No internet service,Month-to-month,Yes,Mailed check,63.82,4083.17,No
1810-QVM,Female,1,No,Yes,33,Yes,No,Fiber optic,Yes,No,Yes,No,No,Yes,Month-to-month,Yes,Electronic check,95.3,3090.65,Yes
6185-SPI,Male,0,Yes,Yes,51,Yes,No,Fiber optic,Yes,No,Yes,Yes,No,No,Month-to-month,No,Credit card (automatic),67.1,3475.18,No
6201-OXY,Male,0,Yes,Yes,30,Yes,No,Fiber optic,No,No,Yes,Yes,Yes,No,Month-to-month,No,Mailed check,81.97,2418.9,No
5918-XTK,Male,0,No,Yes,12,Yes,Yes,DSL,Yes,Yes,Yes,No,No,No,Month-to-month,Yes,Electronic check,41.83,521.12,Yes
5834-PUE,Male,0,No,Yes,27,Yes,Yes,DSL,Yes,No,No,Yes,No,No,Month-to-month,Yes,Bank transfer (automatic),59.0,1616.75,No
8071-YZA,Female,1,No,No,6,Yes,Yes,DSL,Yes,Yes,Yes,Yes,Yes,Yes,Two year,Yes,Mailed check,25.74,153.1,No
6361-MJP,Female,0,Yes,No,56,Yes,Yes,DSL,No,No,No,No,Yes,Yes,Two year,Yes,Credit card (automatic),44.26,2512.69,No
9148-AQG,Female,0,No,Yes,13,Yes,Yes,DSL,No,Yes,Yes,No,Yes,No,Month-to-month,Yes,Electronic check,59.1,772.46,No
6520-TTD,Female,0,Yes,Yes,27,Yes,No phone service,No,No internet service,No internet service,No internet service,No internet service,No internet service,No internet service,One year,Yes,Electronic check,51.6,1382.09,No
5542-SSK,Female,0,No,Yes,71,Yes,Yes,No,No internet service,No internet service,No internet service,No internet service,No internet service,No internet service,One year,Yes,Credit card (automatic),63.72,4452.64,No
9850-FSF,Female,1,Yes,No,43,Yes,No,No,No internet service,No internet service,No internet service,No internet service,No internet service,No internet service,Two year,Yes,Mailed check,48.9,2043.58,No
7853-JSC,Male,0,No,Yes,33,Yes,Yes,Fiber optic,Yes,No,Yes,No,No,No,Month-to-month,Yes,Electronic check,85.9,2932.58,Yes
6744-PQZ,Male,0,Yes,Yes,39,Yes,No phone service,Fiber optic,No,Yes,No,No,No,Yes,Month-to-month,Yes,Bank transfer (automatic),67.27,2650.77,Yes
9876-NRC,Female,0,Yes,Yes,57,Yes,Yes,DSL,No,No,No,No,Yes,Yes,Month-to-month,Yes,Bank transfer (automatic),63.8,3682.08,No
1419-JFN,Female,0,Yes,No,18,Yes,Yes,Fiber optic,Yes,No,No,Yes,No,Yes,Month-to-month,Yes,Electronic check,75.92,1456.14,Yes
3480-KRK,Male,0,Yes,No,46,Yes,Yes,DSL,No,Yes,Yes,No,No,No,Month-to-month,No,Electronic check,38.14,1743.43,Yes
2465-MXU,Female,0,No,No,63,Yes,No,Fiber optic,No,No,Yes,No,No,Yes,Two year,Yes,Electronic check,102.3,6441.65,No
2518-VVR,Male,0,Yes,No,41,Yes,No,No,No internet service,No internet service,No internet service,No internet service,No internet service,No internet service,Two year,Yes,Electronic check,50.25,2004.19,No
9247-OZD,Male,1,No,No,32,Yes,No phone service,No,No internet service,No internet service,No internet service,No internet service,No internet service,No internet service,Month-to-month,No,Mailed check,50.68,1613.32,No
1144-KMO,Female,1,No,Yes,10,Yes,Yes,DSL,No,No,Yes,No,Yes,Yes,Month-to-month,Yes,Electronic check,21.49,205.54,Yes
8116-TXH,Male,0,Yes,No,18,Yes,Yes,Fiber optic,Yes,No,No,No,No,Yes,Month-to-month,Yes,Bank transfer (automatic),67.98,1211.66,No
5636-QGO,Male,1,No,No,69,Yes,No,DSL,Yes,Yes,No,Yes,No,No,Month-to-month,No,Bank transfer (automatic),72.86,5065.84,No
4136-JKM,Male,0,No,No,39,Yes,No,DSL,Yes,No,Yes,No,No,No,Month-to-month,No,Mailed check,39.15,1553.6,No
8133-BYF,Female,0,Yes,No,21,Yes,No,DSL,No,No,No,No,Yes,No,Month-to-month,No,Electronic check,45.98,999.5,Yes
5132-TYA,Female,0,No,Yes,30,Yes,Yes,DSL,No,Yes,No,Yes,No,Yes,Two year,No,Mailed check,34.33,988.92,No
7230-OML,Female,0,No,No,42,No,No,Fiber optic,No,Yes,Yes,No,No,No,Two year,No,Electronic check,53.75,2260.21,No
1964-CNT,Female,0,Yes,No,39,Yes,No,Fiber optic,No,Yes,No,No,No,Yes,One year,Yes,Credit card (automatic),74.61,2923.52,No
4527-SDP,Female,0,No,No,51,Yes,No phone service,DSL,Yes,Yes,Yes,No,No,No,One year,Yes,Electronic check,45.03,2363.61,Yes
8951-ADS,Female,0,Yes,No,18,Yes,Yes,No,No internet service,No internet service,No internet service,No internet service,No internet service,No internet service,Month-to-month,Yes,Credit card (automatic),26.75,487.29,No
9424-QAD,Female,0,No,No,47,Yes,No,Fiber optic,No,Yes,No,No,Yes,No,Month-to-month,Yes,Bank transfer (automatic),94.6,4442.17,No
2704-CSG,Female,0,No,No,32,Yes,Yes,Fiber optic,No,Yes,Yes,No,Yes,Yes,Month-to-month,No,Credit card (automatic),69.65,2268.53,Yes
9586-EBV,Female,0,Yes,No,68,Yes,Yes,Fiber optic,No,Yes,Yes,No,Yes,No,One year,Yes,Credit card (automatic),60.04,4075.38,No
3264-TPT,Female,0,No,Yes,11,Yes,No,Fiber optic,No,No,No,No,No,Yes,Month-to-month,No,Credit card (automatic),96.0,1074.15,Yes
9484-DLC,Male,0,No,Yes,10,Yes,Yes,Fiber optic,No,No,No,No,No,Yes,Two year,Yes,Bank transfer (automatic),76.36,780.72,Yes
6225-XJN,Female,0,No,No,33,Yes,Yes,Fiber optic,No,Yes,Yes,Yes,No,No,Month-to-month,Yes,Electronic check,79.85,2618.55,Yes
2133-DAJ,Female,0,No,Yes,37,Yes,No,No,No internet service,No internet service,No internet service,No internet service,No internet service,No internet service,Month-to-month,No,Bank transfer (automatic),34.53,1255.11,No
7050-AWQ,Female,0,Yes,No,50,Yes,No,DSL,Yes,Yes,No,No,No,No,Month-to-month,Yes,Electronic check,58.58,2927.9,Yes
2478-MPX,Female,0,No,Yes,29,Yes,No,Fiber optic,No,No,Yes,Yes,No,Yes,Two year,Yes,Mailed check,58.7,1687.15,No
7670-VHB,Female,0,No,No,66,Yes,Yes,DSL,No,No,No,Yes,Yes,Yes,Month-to-month,Yes,Credit card (automatic),55.11,3584.82,No
4451-WYM,Male,0,No,No,34,Yes,No,No,No internet service,No internet service,No internet service,No internet service,No internet service,No internet service,Month-to-month,Yes,Bank transfer (automatic),25.34,886.81,Yes
4023-PGD,Male,0,No,No,9,Yes,No,DSL,No,Yes,Yes,No,No,No,Month-to-month,Yes,Electronic check,42.47,402.19,No
1794-ZPT,Male,0,Yes,Yes,8,Yes,Yes,DSL,Yes,Yes,No,No,Yes,No,One year,No,Credit card (automatic),59.17,447.36,Yes
5211-HYZ,Male,1,No,Yes,71,Yes,Yes,No,No internet service,No internet service,No internet service,No internet service,No internet service,No internet service,Two year,No,Electronic check,38.99,2738.9,No
6333-XGC,Male,0,Yes,Yes,9,Yes,No phone service,Fiber optic,No,No,Yes,Yes,No,Yes,Month-to-month,No,Credit card (automatic),79.27,730.53,Yes
1522-JXC,Female,0,No,Yes,69,Yes,No,DSL,No,Yes,Yes,Yes,No,Yes,Two year,No,Bank transfer (automatic),78.01,5444.01,No
7717-FPV,Male,0,Yes,No,20,Yes,Yes,DSL,Yes,No,Yes,No,Yes,Yes,Month-to-month,No,Electronic check,44.44,924.53,Yes
5064-OBY,Male,0,Yes,Yes,6,No,No,Fiber optic,No,No,Yes,Yes,No,Yes,One year,Yes,Electronic check,83.12,540.74,Yes
6195-ODD,Male,0,No,No,22,Yes,Yes,No,No internet service,No internet service,No internet service,No internet service,No internet service,No internet service,Month-to-month,No,Credit card (automatic),36.31,788.16,No
7819-ZXL,Male,0,Yes,No,44,Yes,No,Fiber optic,No,No,Yes,No,Yes,No,Month-to-month,No,Electronic check,64.75,2863.54,Yes
9321-SBO,Male,0,Yes,No,31,Yes,No,DSL,No,No,No,Yes,Yes,Yes,One year,Yes,Credit card (automatic),71.78,2220.55,No
4884-SPK,Female,0,No,No,57,Yes,No,Fiber optic,Yes,No,No,No,Yes,No,Month-to-month,Yes,Mailed check,87.39,4955.82,No
5060-CRN,Female,0,No,Yes,44,Yes,Yes,Fiber optic,No,Yes,Yes,No,No,No,Month-to-month,No,Mailed check,54.5,2404.85,No
5575-XCH,Male,0,Yes,Yes,29,Yes,Yes,DSL,No,No,Yes,Yes,No,Yes,Two year,No,Bank transfer (automatic),69.93,1997.6,Yes
2382-LQK,Male,0,Yes,No,46,Yes,No,No,No internet service,No internet service,No internet service,No internet service,No internet service,No internet service,Two year,No,Mailed check,32.42,1465.24,No
8205-BAZ,Male,0,Yes,No,70,Yes,No,DSL,No,Yes,Yes,No,No,No,Month-to-month,Yes,Mailed check,35.96,2501.62,No
4074-ZFN,Female,0,No,No,30,Yes,No,No,No internet service,No internet service,No internet service,No internet service,No internet service,No internet service,One year,No,Bank transfer (automatic),25.22,744.75,No
9510-CIP,Male,0,No,No,11,Yes,No phone service,No,No internet service,No internet service,No internet service,No internet service,No internet service,No internet service,Two year,Yes,Mailed check,50.35,552.82,No
5046-JTH,Female,0,Yes,No,29,Yes,Yes,DSL,No,No,Yes,No,Yes,Yes,Month-to-month,No,Electronic check,55.5,1537.18,Yes
2053-NHC,Female,0,Yes,No,61,Yes,Yes,Fiber optic,Yes,No,Yes,No,No,No,Two year,No,Credit card (automatic),69.92,4232.49,No
9093-CQM,Male,0,No,No,15,Yes,No phone service,Fiber optic,Yes,No,No,No,Yes,Yes,Month-to-month,No,Mailed check,73.05,1150.73,Yes
5431-RQG,Male,0,No,No,69,Yes,No,Fiber optic,No,Yes,No,No,No,No,Two year,No,Bank transfer (automatic),56.62,3906.47,No
6723-FGY,Female,0,No,No,42,Yes,No,Fiber optic,No,No,Yes,No,No,Yes,Month-to-month,Yes,Bank transfer (automatic),69.48,2937.81,No
9540-GIM,Female,0,Yes,No,43,Yes,Yes,DSL,No,No,Yes,No,Yes,Yes,Month-to-month,No,Bank transfer (automatic),55.57,2404.08,No
4734-HCV,Female,0,Yes,No,23,Yes,Yes,DSL,No,Yes,Yes,Yes,Yes,No,Month-to-month,No,Electronic check,52.71,1208.54,No
5719-GPC,Female,0,Yes,No,67,Yes,No phone service,Fiber optic,No,No,No,No,No,No,Month-to-month,Yes,Credit card (automatic),75.51,5028.27,Yes
5527-TTQ,Female,0,No,Yes,2,Yes,No,DSL,Yes,No,No,No,No,Yes,Two year,Yes,Mailed check,48.17,77.09,No
4031-ZPS,Male,1,Yes,Yes,21,Yes,No,DSL,Yes,Yes,Yes,No,Yes,No,Two year,No,Credit card (automatic),61.67,1363.61,No
2943-DYV,Male,0,No,Yes,30,Yes,No,Fiber optic,No,Yes,Yes,No,Yes,No,Month-to-month,Yes,Credit card (automatic),82.61,2459.64,Yes
7695-FGM,Female,0,Yes,No,34,Yes,Yes,DSL,No,No,No,Yes,Yes,No,Month-to-month,Yes,Bank transfer (automatic),24.02,876.94,No
1819-MES,Female,0,Yes,No,34,Yes,No phone service,No,No internet service,No internet service,No internet service,No internet service,No internet service,No internet service,Month-to-month,Yes,Mailed check,54.75,1846.96,No
2346-ASP,Female,0,Yes,No,10,Yes,Yes,No,No internet service,No internet service,No internet service,No internet service,No internet service,No internet service,Month-to-month,Yes,Electronic check,42.64,415.23,Yes
1083-RGZ,Female,1,No,Yes,16,Yes,No,No,No internet service,No internet service,No internet service,No internet service,No internet service,No internet service,Month-to-month,Yes,Electronic check,34.84,560.12,No
4617-EAC,Female,0,No,No,6,Yes,Yes,DSL,No,Yes,No,No,No,Yes,Two year,No,Bank transfer (automatic),62.39,368.18,No
3266-JUL,Male,0,No,No,41,Yes,No phone service,Fiber optic,No,No,No,No,Yes,Yes,Two year,Yes,Electronic check,79.25,3216.4,No
8668-JMX,Male,0,Yes,No,25,Yes,Yes,No,No internet service,No internet service,No internet service,No internet service,No internet service,No internet service,Month-to-month,No,Electronic check,24.34,608.0,No
7422-ZVB,Male,0,Yes,Yes,41,Yes,Yes,Fiber optic,No,No,No,No,Yes,No,Month-to-month,Yes,Mailed check,100.43,4066.1,Yes
1732-AVS,Female,0,Yes,No,43,Yes,Yes,Fiber optic,No,No,No,No,No,No,One year,No,Electronic check,83.69,3611.42,No
8542-USC,Male,0,Yes,No,51,No,Yes,Fiber optic,No,Yes,Yes,Yes,No,Yes,Month-to-month,Yes,Electronic check,90.19,4607.56,No
4680-ZNB,Male,0,No,No,39,Yes,No,Fiber optic,No,No,Yes,No,No,Yes,Month-to-month,No,Mailed check,88.19,3464.9,Yes
2389-KTU,Male,0,No,No,47,Yes,No,DSL,Yes,Yes,No,No,Yes,No,Month-to-month,No,Electronic check,73.37,3431.0,No
7467-QQO,Male,0,Yes,Yes,42,Yes,Yes,Fiber optic,No,Yes,Yes,Yes,Yes,No,Month-to-month,No,Electronic check,63.6,2697.04,Yes
8488-SCY,Female,0,No,No,47,Yes,Yes,DSL,Yes,Yes,Yes,No,No,Yes,Month-to-month,Yes,Electronic check,42.72,2022.91,No
5741-EIV,Male,0,Yes,No,45,Yes,Yes,No,No internet service,No internet service,No internet service,No internet service,No internet service,No internet service,One year,Yes,Bank transfer (automatic),40.23,1814.81,No
6356-WAN,Male,0,No,Yes,23,Yes,No phone service,Fiber optic,No,Yes,No,No,No,Yes,Month-to-month,Yes,Credit card (automatic),66.84,1606.52,No
3569-TCC,Female,0,No,No,17,Yes,No,DSL,Yes,No,Yes,Yes,No,Yes,One year,Yes,Electronic check,71.39,1230.11,No
4933-XYJ,Female,0,No,No,57,Yes,No,Fiber optic,Yes,Yes,No,No,Yes,Yes,Month-to-month,Yes,Bank transfer (automatic),72.78,4132.22,No
1411-FXP,Male,0,No,No,25,Yes,Yes,Fiber optic,No,No,No,No,Yes,Yes,Two year,No,Electronic check,82.8,2123.77,Yes
7288-EWR,Male,0,No,No,40,Yes,No phone service,DSL,No,No,Yes,No,No,No,Month-to-month,Yes,Bank transfer (automatic),47.92,1934.66,No
8131-JLA,Male,1,No,No,14,Yes,Yes,No,No internet service,No internet service,No internet service,No internet service,No internet service,No internet service,Month-to-month,Yes,Electronic check,44.93,691.28,No
5019-TAW,Male,0,No,No,31,Yes,Yes,Fiber optic,No,No,No,No,Yes,Yes,Month-to-month,Yes,Credit card (automatic),95.75,2903.33,Yes
5521-TNS,Male,0,Yes,No,38,Yes,No,Fiber optic,No,No,No,No,Yes,Yes,Month-to-month,No,Bank transfer (automatic),73.75,2791.98,No
7828-POG,Male,0,Yes,No,45,Yes,Yes,No,No internet service,No internet service,No internet service,No internet service,No internet service,No internet service,Month-to-month,No,Bank transfer (automatic),37.3,1668.07,No
3559-UFP,Male,0,Yes,No,38,Yes,No,Fiber optic,No,Yes,Yes,No,Yes,Yes,One year,Yes,Electronic check,88.02,3278.67,Yes
7956-PNI,Male,0,No,No,26,Yes,No phone service,Fiber optic,Yes,No,Yes,No,No,No,Month-to-month,Yes,Credit card (automatic),62.87,1640.43,No
1903-DUD,Female,0,No,No,70,Yes,No,DSL,Yes,No,No,No,Yes,No,Month-to-month,Yes,Electronic check,46.0,3206.99,Yes
4561-XHJ,Female,0,No,Yes,37,Yes,No,DSL,No,No,No,Yes,Yes,No,Month-to-month,No,Mailed check,54.77,1956.53,No
2024-MFQ,Male,1,No,Yes,59,Yes,Yes,Fiber optic,No,Yes,Yes,No,No,No,Two year,No,Bank transfer (automatic),76.59,4491.99,No
1470-KSM,Female,1,No,No,53,Yes,No,Fiber optic,Yes,Yes,Yes,No,Yes,Yes,Two year,Yes,Bank transfer (automatic),83.27,4461.83,No
6548-IZT,Male,0,No,No,40,Yes,Yes,Fiber optic,Yes,No,No,No,Yes,No,One year,Yes,Credit card (automatic),77.33,3125.01,Yes
2496-WHI,Female,0,Yes,Yes,64,Yes,Yes,Fiber optic,No,Yes,No,No,No,No,Month-to-month,No,Bank transfer (automatic),65.38,4159.41,Yes
6753-MOR,Male,0,No,Yes,9,No,No,Fiber optic,No,No,No,No,Yes,Yes,One year,No,Bank transfer (automatic),65.77,566.0,No
5900-DCP,Female,1,No,No,67,Yes,Yes,No,No internet service,No internet service,No internet service,No internet service,No internet service,No internet service,One year,Yes,Electronic check,67.15,4529.18,No
1186-VSQ,Male,0,Yes,Yes,62,Yes,No,No,No internet service,No internet service,No internet service,No internet service,No internet service,No internet service,Month-to-month,Yes,Mailed check,35.04,2103.68,No
7367-KAV,Female,0,No,No,36,Yes,No,DSL,No,Yes,No,No,No,No,Month-to-month,Yes,Mailed check,71.63,2599.46,No
8478-QTB,Female,0,Yes,No,53,Yes,No,No,No internet service,No internet service,No internet service,No internet service,No internet service,No internet service,Two year,No,Bank transfer (automatic),35.92,1839.65,No
2954-FOR,Female,0,No,No,37,Yes,Yes,No,No internet service,No internet service,No internet service,No internet service,No internet service,No internet service,Month-to-month,Yes,Bank transfer (automatic),44.31,1696.94,No
3365-LVJ,Male,0,No,No,19,No,No,DSL,No,No,Yes,Yes,Yes,No,One year,No,Mailed check,87.24,1680.6,No
2568-ZVY,Female,0,No,No,58,Yes,Yes,DSL,No,Yes,No,No,No,No,Month-to-month,No,Bank transfer (automatic),52.37,2972.92,No
6923-RER,Female,0,Yes,No,17,Yes,No,DSL,No,Yes,Yes,No,No,Yes,Month-to-month,No,Electronic check,52.02,871.02,Yes
8788-SVA,Male,0,No,Yes,22,Yes,No,Fiber optic,No,No,No,Yes,Yes,No,Month-to-month,No,Mailed check,80.3,1777.71,Yes
6718-CMC,Female,0,No,Yes,37,Yes,No,Fiber optic,No,No,Yes,No,Yes,Yes,One year,Yes,Credit card (automatic),78.86,2848.28,No
6660-NRQ,Female,0,Yes,No,61,Yes,Yes,Fiber optic,No,Yes,Yes,No,Yes,Yes,Two year,No,Electronic check,70.4,4292.88,No
1924-YKA,Female,0,Yes,No,28,Yes,No,Fiber optic,Yes,Yes,Yes,No,No,Yes,Month-to-month,No,Electronic check,73.88,2085.5,No
9421-WUT,Female,0,Yes,No,36,Yes,Yes,DSL,Yes,Yes,No,No,No,No,Month-to-month,No,Bank transfer (automatic),62.39,2173.64,No
1692-IWC,Male,0,Yes,No,3,Yes,No,Fiber optic,Yes,Yes,Yes,No,Yes,No,Month-to-month,Yes,Electronic check,69.54,234.73,Yes
1563-CRU,Male,0,Yes,No,8,Yes,No,No,No internet service,No internet service,No internet service,No internet service,No internet service,No internet service,Month-to-month,Yes,Mailed check,54.5,431.63,No
4031-XHI,Male,0,No,No,4,Yes,No,No,No internet service,No internet service,No internet service,No internet service,No internet service,No internet service,Two year,No,Bank transfer (automatic),45.26,213.13,No
5324-KCP,Female,0,Yes,No,5,No,No,Fiber optic,Yes,Yes,No,No,No,Yes,Month-to-month,Yes,Mailed check,78.67,385.14,Yes
9700-JYV,Male,0,Yes,No,63,No,No phone service,DSL,Yes,No,Yes,Yes,Yes,No,Month-to-month,No,Credit card (automatic),68.5,4278.5,No
2532-ZYS,Male,0,Yes,Yes,61,Yes,No,DSL,No,No,Yes,Yes,No,No,Month-to-month,Yes,Credit card (automatic),44.84,2694.83,No
9615-IDD,Male,0,Yes,No,59,Yes,No phone service,DSL,Yes,Yes,Yes,Yes,No,Yes,Two year,Yes,Mailed check,63.31,3724.37,No
1122-WMM,Male,0,No,No,4,Yes,Yes,Fiber optic,No,Yes,No,No,No,Yes,Month-to-month,No,Credit card (automatic),79.09,309.75,No
4039-NML,Male,1,No,No,5,Yes,No,DSL,Yes,Yes,Yes,No,Yes,Yes,One year,No,Electronic check,42.89,251.69,No
5633-GTA,Female,0,Yes,No,20,Yes,Yes,No,No internet service,No internet service,No internet service,No internet service,No internet service,No internet service,Month-to-month,Yes,Electronic check,30.79,606.02,No
6684-DNQ,Female,0,Yes,No,41,Yes,No,Fiber optic,Yes,No,No,No,Yes,Yes,Month-to-month,Yes,Bank transfer (automatic),70.23,2824.82,No
5517-ZYY,Female,0,No,No,24,Yes,Yes,Fiber optic,No,Yes,Yes,No,No,Yes,One year,Yes,Bank transfer (automatic),79.61,1894.62,No
3666-ZEJ,Female,0,No,No,35,Yes,No,DSL,Yes,No,Yes,Yes,Yes,No,Month-to-month,Yes,Electronic check,44.88,1517.45,No
3825-FUT,Female,1,No,No,12,Yes,No,Fiber optic,No,Yes,No,No,Yes,No,One year,Yes,Mailed check,76.24,927.13,Yes
3681-RQY,Male,0,No,No,53,No,No phone service,Fiber optic,No,No,No,No,No,No,Month-to-month,Yes,Electronic check,90.18,4799.84,Yes
4413-EKB,Male,0,No,Yes,22,Yes,Yes,Fiber optic,No,No,Yes,No,No,No,One year,Yes,Electronic check,94.49,2105.04,Yes
7688-ZEW,Male,0,No,Yes,4,Yes,Yes,DSL,No,Yes,No,No,No,Yes,One year,Yes,Mailed check,46.37,174.89,No
6554-ROE,Female,0,No,No,54,Yes,No,No,No internet service,No internet service,No internet service,No internet service,No internet service,No internet service,One year,No,Credit card (automatic),51.1,2734.91,No
8255-GXV,Male,0,No,Yes,65,Yes,No phone service,DSL,No,Yes,No,No,Yes,No,Month-to-month,No,Credit card (automatic),53.23,3442.07,No
2286-LGW,Female,0,No,No,1,Yes,Yes,DSL,Yes,Yes,Yes,Yes,No,No,One year,Yes,Mailed check,24.52,21.32,No
2279-FZS,Male,0,No,No,31,Yes,Yes,No,No internet service,No internet service,No internet service,No internet service,No internet service,No internet service,Two year,No,Mailed check,19.37,582.65,No
6475-CYE,Male,1,No,Yes,60,Yes,Yes,DSL,Yes,Yes,Yes,Yes,No,No,Month-to-month,Yes,Electronic check,56.29,3433.74,No
9670-OXL,Female,0,Yes,No,51,Yes,No phone service,DSL,No,Yes,No,Yes,Yes,No,Month-to-month,Yes,Mailed check,73.45,3733.14,No
3397-CNP,Male,0,No,No,62,Yes,No,Fiber optic,Yes,Yes,No,No,Yes,Yes,Two year,Yes,Bank transfer (automatic),62.39,3864.6,No
3101-ILD,Female,0,No,Yes,30,Yes,No,Fiber optic,Yes,No,No,No,Yes,No,Month-to-month,No,Bank transfer (automatic),95.9,2850.7,Yes
4833-IXH,Male,0,No,No,27,Yes,Yes,DSL,No,Yes,No,Yes,No,Yes,One year,Yes,Mailed check,61.99,1648.22,No
7253-UTL,Male,0,No,No,51,Yes,No,DSL,No,Yes,No,No,No,No,One year,Yes,Credit card (automatic),55.01,2760.95,No
7659-MON,Female,0,No,Yes,11,Yes,No,DSL,No,Yes,Yes,No,Yes,No,Month-to-month,No,Credit card (automatic),76.7,807.7,Yes
4107-IVC,Male,1,Yes,No,17,Yes,Yes,Fiber optic,No,No,Yes,No,Yes,Yes,Month-to-month,No,Electronic check,53.01,966.7,Yes
4124-MNE,Female,0,Yes,Yes,43,Yes,Yes,DSL,No,No,No,No,No,No,One year,No,Credit card (automatic),77.82,3365.3,No
2364-QPE,Female,0,Yes,No,48,Yes,No phone service,Fiber optic,No,No,Yes,Yes,Yes,No,Month-to-month,No,Electronic check,68.89,3294.86,No
5230-RWA,Male,0,Yes,No,8,Yes,No,No,No internet service,No internet service,No internet service,No internet service,No internet service,No internet service,Two year,No,Credit card (automatic),39.05,289.42,No
3725-THD,Female,0,Yes,No,37,Yes,No,DSL,No,No,No,No,Yes,No,Month-to-month,Yes,Bank transfer (automatic),54.04,2042.72,No
2118-PMG,Female,0,No,No,26,Yes,Yes,DSL,No,Yes,Yes,No,No,Yes,Month-to-month,No,Mailed check,19.53,478.53,No
7896-EQX,Female,0,No,No,36,Yes,No,DSL,No,Yes,Yes,No,Yes,No,Two year,Yes,Mailed check,65.84,2310.63,No
1799-MHU,Male,0,Yes,Yes,69,Yes,No phone service,DSL,Yes,No,No,No,Yes,No,Month-to-month,Yes,Mailed check,48.73,3379.0,No
3925-TPU,Female,0,No,No,5,Yes,No,DSL,No,No,No,No,No,No,Two year,No,Credit card (automatic),56.26,248.86,No
8095-SZV,Male,0,Yes,No,72,Yes,No,No,No internet service,No internet service,No internet service,No internet service,No internet service,No internet service,Month-to-month,Yes,Credit card (automatic),25.15,1765.88,No
3294-CFL,Male,0,Yes,No,32,Yes,Yes,Fiber optic,No,No,Yes,No,No,Yes,Month-to-month,Yes,Mailed check,75.32,2372.01,No
4805-TRD,Male,0,Yes,No,56,Yes,Yes,Fiber optic,Yes,Yes,Yes,No,No,No,Month-to-month,Yes,Credit card (automatic),62.04,3488.77,Yes
7463-PVL,Female,0,Yes,No,30,Yes,No,Fiber optic,No,Yes,No,No,No,Yes,One year,No,Mailed check,72.65,2175.85,No
3809-HVG,Female,1,Yes,Yes,22,Yes,Yes,No,No internet service,No internet service,No internet service,No internet service,No internet service,No internet service,Two year,No,Mailed check,41.28,873.7,No
7029-LAN,Female,0,Yes,Yes,56,Yes,Yes,DSL,Yes,Yes,No,Yes,No,Yes,Two year,Yes,Electronic check,31.32,1770.35,No
9754-IGN,Male,0,Yes,No,50,Yes,Yes,DSL,No,No,Yes,No,No,Yes,Two year,Yes,Credit card (automatic),80.24,3983.04,No
1679-JLK,Male,1,No,No,10,Yes,No phone service,No,No internet service,No internet service,No internet service,No internet service,No internet service,No internet service,One year,No,Bank transfer (automatic),38.61,328.85,No
5811-MMI,Female,0,No,Yes,51,Yes,No,DSL,Yes,Yes,No,No,Yes,No,One year,No,Mailed check,57.14,2868.37,No
7910-IDR,Male,0,No,Yes,54,Yes,Yes,Fiber optic,No,Yes,No,No,Yes,Yes,Month-to-month,Yes,Bank transfer (automatic),83.39,4503.83,No
8307-AMC,Female,0,Yes,No,28,Yes,No,Fiber optic,No,Yes,No,Yes,Yes,No,Two year,Yes,Credit card (automatic),91.01,2520.86,No
1695-UZA,Female,1,Yes,No,67,Yes,Yes,Fiber optic,No,Yes,Yes,Yes,No,No,One year,No,Electronic check,90.42,6061.82,Yes
9046-GIL,Male,0,Yes,No,46,Yes,No,DSL,No,No,Yes,Yes,No,No,Two year,Yes,Mailed check,54.39,2540.87,No
5544-DGM,Female,0,Yes,No,24,Yes,Yes,DSL,No,Yes,Yes,No,No,No,Month-to-month,No,Mailed check,47.28,1112.67,No
5565-LGG,Male,0,No,No,0,Yes,No,Fiber optic,No,No,No,No,Yes,No,Month-to-month,Yes,Electronic check,80.27,0.0,Yes
4331-JHF,Female,0,Yes,Yes,49,Yes,No phone service,Fiber optic,No,Yes,Yes,No,No,Yes,One year,No,Electronic check,89.13,4377.04,Yes
5032-WBD,Female,0,Yes,Yes,15,No,No,Fiber optic,No,Yes,No,No,Yes,Yes,Month-to-month,No,Bank transfer (automatic),75.49,1126.18,No
5812-UFH,Female,1,No,No,55,Yes,Yes,Fiber optic,No,No,No,No,Yes,Yes,Month-to-month,No,Electronic check,84.25,4587.04,Yes
2519-VJI,Female,0,No,No,38,Yes,No,No,No internet service,No internet service,No internet service,No internet service,No internet service,No internet service,Two year,No,Credit card (automatic),44.59,1682.22,No
7549-DJJ,Female,0,No,No,34,Yes,Yes,No,No internet service,No internet service,No internet service,No internet service,No internet service,No internet service,Month-to-month,Yes,Credit card (automatic),18.64,625.06,No
7785-EZK,Female,0,No,No,11,Yes,No,Fiber optic,No,No,No,No,No,No,Month-to-month,Yes,Electronic check,76.67,869.96,Yes
9494-EFB,Female,1,Yes,No,51,Yes,No phone service,DSL,No,No,Yes,No,Yes,No,Month-to-month,Yes,Mailed check,50.68,2563.83,No
9374-QWB,Male,0,No,Yes,12,Yes,Yes,Fiber optic,No,No,Yes,No,No,Yes,Month-to-month,No,Electronic check,61.61,754.45,Yes
1254-NZJ,Female,0,Yes,No,30,Yes,Yes,Fiber optic,No,Yes,No,No,No,No,One year,No,Bank transfer (automatic),85.78,2574.87,No
9617-WTY,Male,0,No,Yes,61,Yes,No phone service,Fiber optic,Yes,Yes,Yes,No,Yes,Yes,Two year,Yes,Mailed check,97.61,5988.33,No
6430-QZJ,Male,0,Yes,No,67,Yes,Yes,DSL,No,Yes,No,Yes,No,Yes,Two year,No,Bank transfer (automatic),44.52,3019.72,No
2758-NUE,Female,0,Yes,Yes,72,Yes,No,Fiber optic,No,No,Yes,Yes,No,Yes,One year,Yes,Bank transfer (automatic),76.2,5498.08,No
9137-XMX,Male,0,No,No,69,No,Yes,Fiber optic,Yes,No,No,No,Yes,No,One year,Yes,Bank transfer (automatic),69.66,4833.31,Yes
3682-VLV,Male,0,No,No,40,Yes,Yes,DSL,Yes,No,No,Yes,No,No,Month-to-month,Yes,Mailed check,23.65,985.32,No
9746-CTJ,Male,0,No,No,14,Yes,No,No,No internet service,No internet service,No internet service,No internet service,No internet service,No internet service,Two year,No,Credit card (automatic),29.54,432.37,No
5921-SCT,Female,0,No,No,61,Yes,No,Fiber optic,No,No,No,Yes,No,No,Month-to-month,Yes,Credit card (automatic),66.61,4072.93,Yes
7224-NGH,Male,0,No,No,58,Yes,No phone service,Fiber optic,No,No,No,No,Yes,No,Month-to-month,Yes,Bank transfer (automatic),74.03,4308.06,No
9898-WNV,Male,0,Yes,No,72,Yes,Yes,Fiber optic,No,Yes,No,No,No,Yes,Two year,No,Electronic check,79.75,5798.41,No
6528-OZB,Male,0,No,Yes,47,Yes,Yes,Fiber optic,No,Yes,Yes,Yes,No,No,Two year,Yes,Bank transfer (automatic),69.22,3257.28,No
7774-EMO,Female,0,No,Yes,10,Yes,Yes,DSL,No,Yes,Yes,No,No,No,Month-to-month,Yes,Credit card (automatic),46.76,493.11,No
5958-TXF,Female,0,Yes,No,36,Yes,Yes,Fiber optic,Yes,Yes,Yes,Yes,No,Yes,One year,Yes,Mailed check,81.31,2903.49,No
9429-KMM,Male,0,Yes,Yes,32,Yes,No phone service,DSL,No,No,No,No,No,No,Month-to-month,Yes,Bank transfer (automatic),68.8,2254.13,Yes
4127-KUA,Male,0,No,No,61,Yes,Yes,Fiber optic,Yes,Yes,Yes,No,No,Yes,Month-to-month,Yes,Mailed check,46.78,2869.31,No
2433-NKR,Female,0,Yes,Yes,28,Yes,No phone service,DSL,Yes,Yes,No,No,Yes,Yes,Month-to-month,Yes,Mailed check,56.94,1582.23,No
1192-HVG,Male,1,No,No,23,Yes,Yes,No,No internet service,No internet service,No internet service,No internet service,No internet service,No internet service,Month-to-month,No,Credit card (automatic),35.09,804.62,No
1438-GOP,Female,0,No,No,5,Yes,No,Fiber optic,No,No,Yes,No,No,Yes,Month-to-month,No,Credit card (automatic),72.21,353.41,No
9946-ZID,Male,0,No,No,60,No,Yes,Fiber optic,No,Yes,No,No,Yes,Yes,Month-to-month,No,Electronic check,80.61,4836.77,Yes
8228-XDW,Male,0,Yes,No,55,Yes,Yes,DSL,No,Yes,No,Yes,Yes,No,Month-to-month,Yes,Electronic check,41.33,2280.49,No
2164-QFT,Male,0,No,No,3,Yes,No,Fiber optic,No,No,No,Yes,No,Yes,Month-to-month,Yes,Mailed check,85.53,249.7,No
8219-VQN,Female,0,No,No,31,Yes,Yes,Fiber optic,Yes,No,Yes,Yes,No,No,Two year,Yes,Mailed check,87.7,2663.12,No
8482-YHE,Male,1,Yes,No,35,Yes,Yes,Fiber optic,No,No,Yes,No,Yes,No,One year,Yes,Bank transfer (automatic),52.55,1901.35,No
2572-ROM,Male,0,Yes,Yes,34,Yes,No,Fiber optic,Yes,No,No,Yes,Yes,Yes,Two year,No,Electronic check,90.7,3093.12,No
1313-GMI,Male,0,Yes,No,67,Yes,Yes,No,No internet service,No internet service,No internet service,No internet service,No internet service,No internet service,Month-to-month,Yes,Bank transfer (automatic),54.06,3631.51,No
9627-MQX,Male,0,Yes,No,10,No,No phone service,Fiber optic,No,No,No,Yes,No,No,One year,No,Mailed check,65.51,653.42,No
5554-CFG,Female,0,No,No,22,No,Yes,Fiber optic,No,No,No,No,Yes,Yes,Two year,No,Bank transfer (automatic),69.92,1570.02,No
5134-AOT,Male,0,Yes,No,13,Yes,No,Fiber optic,Yes,No,Yes,Yes,Yes,No,Month-to-month,Yes,Mailed check,89.8,1169.09,Yes
5514-UOW,Male,0,No,No,17,Yes,No,Fiber optic,No,No,Yes,No,No,Yes,Month-to-month,No,Credit card (automatic),75.79,1277.55,Yes
9697-RFT,Male,1,Yes,No,66,Yes,Yes,Fiber optic,No,Yes,No,Yes,Yes,Yes,Month-to-month,Yes,Mailed check,93.7,6175.55,Yes
4583-XDP,Female,0,No,No,68,Yes,No phone service,Fiber optic,Yes,Yes,No,No,Yes,No,Month-to-month,No,Mailed check,84.07,5760.56,No
4704-PCY,Female,0,Yes,Yes,3,Yes,Yes,DSL,No,Yes,No,Yes,Yes,No,Month-to-month,No,Bank transfer (automatic),52.24,163.8,Yes
4191-HKI,Male,0,Yes,No,46,Yes,Yes,DSL,Yes,No,No,No,Yes,Yes,Month-to-month,Yes,Mailed check,71.64,3294.21,No
7544-KXH,Male,0,Yes,No,16,Yes,No,DSL,Yes,Yes,No,Yes,Yes,No,Month-to-month,Yes,Electronic check,49.71,780.12,No
5555-VUT,Male,1,Yes,Yes,14,Yes,Yes,No,No internet service,No internet service,No internet service,No internet service,No internet service,No internet service,One year,Yes,Credit card (automatic),53.19,733.44,No
4654-ZHV,Female,0,Yes,Yes,21,Yes,No,Fiber optic,Yes,No,No,No,No,No,Month-to-month,No,Bank transfer (automatic),61.56,1330.58,Yes
2350-NKS,Female,0,No,No,14,Yes,Yes,Fiber optic,No,Yes,No,No,Yes,Yes,Month-to-month,Yes,Electronic check,64.51,871.07,Yes
7821-APY,Female,1,Yes,No,35,Yes,Yes,Fiber optic,Yes,Yes,Yes,Yes,No,No,One year,No,Bank transfer (automatic),89.97,3172.39,No
2963-UTA,Male,0,No,No,72,No,Yes,Fiber optic,No,No,Yes,Yes,No,No,Month-to-month,Yes,Electronic check,80.62,5829.37,No
1797-JEH,Female,0,No,No,42,Yes,No,No,No internet service,No internet service,No internet service,No internet service,No internet service,No internet service,Month-to-month,No,Mailed check,35.56,1501.07,No
2633-VRE,Male,0,No,Yes,52,Yes,No phone service,No,No internet service,No internet service,No internet service,No internet service,No internet service,No internet service,Month-to-month,Yes,Electronic check,29.56,1530.47,No
3555-SWZ,Male,0,No,No,36,Yes,No,No,No internet service,No internet service,No internet service,No internet service,No internet service,No internet service,Month-to-month,No,Electronic check,27.11,924.09,No
1827-QYX,Female,0,Yes,No,1,Yes,Yes,No,No internet service,No internet service,No internet service,No internet service,No internet service,No internet service,Month-to-month,No,Mailed check,40.69,63.93,Yes
1045-BXG,Female,0,No,Yes,6,Yes,No,DSL,No,No,No,No,Yes,Yes,Month-to-month,Yes,Mailed check,28.97,117.99,Yes
2175-DAK,Male,1,No,No,19,No,No,DSL,No,No,No,No,No,Yes,Month-to-month,Yes,Electronic check,58.71,1121.33,Yes
3417-BIH,Male,0,Yes,No,17,Yes,Yes,Fiber optic,No,Yes,No,No,No,No,Two year,Yes,Electronic check,75.94,1292.8,No
7617-FXC,Female,1,No,No,61,No,No,Fiber optic,No,Yes,No,No,No,Yes,Two year,No,Electronic check,79.15,4855.03,No
4471-ZGV,Female,1,No,No,61,Yes,No,DSL,No,No,Yes,No,No,Yes,Month-to-month,No,Electronic check,59.85,3619.5,No
3521-BWU,Male,1,Yes,No,62,Yes,No,Fiber optic,Yes,Yes,Yes,Yes,No,Yes,Month-to-month,Yes,Bank transfer (automatic),56.69,3481.7,No
1486-NLS,Male,0,No,No,46,Yes,No,DSL,No,No,No,Yes,No,No,Month-to-month,No,Electronic check,33.96,1580.87,No
2985-IJV,Male,0,No,No,40,Yes,No phone service,DSL,No,No,No,Yes,No,Yes,Two year,No,Mailed check,76.5,3054.02,No
3348-HUE,Female,0,No,Yes,47,Yes,No,DSL,Yes,No,No,No,No,Yes,Two year,No,Mailed check,53.93,2464.11,No
3270-KXJ,Female,0,No,Yes,29,No,No,No,No internet service,No internet service,No internet service,No internet service,No internet service,No internet service,Month-to-month,Yes,Electronic check,49.39,1432.09,Yes
7357-HHZ,Female,0,No,No,48,Yes,No phone service,Fiber optic,Yes,No,No,No,Yes,Yes,Month-to-month,Yes,Bank transfer (automatic),56.12,2757.03,No
1588-DEE,Female,0,No,No,57,Yes,No phone service,Fiber optic,Yes,Yes,Yes,No,No,Yes,Month-to-month,No,Bank transfer (automatic),74.91,4289.07,No
5686-EVR,Male,0,Yes,No,55,Yes,Yes,No,No internet service,No internet service,No internet service,No internet service,No internet service,No internet service,Two year,No,Bank transfer (automatic),35.15,1891.75,No
4453-LKM,Male,0,Yes,Yes,44,Yes,Yes,No,No internet service,No internet service,No internet service,No internet service,No internet service,No internet service,Two year,No,Mailed check,27.36,1220.28,No
9233-GLI,Female,1,Yes,No,4,Yes,No,Fiber optic,No,Yes,No,No,No,No,Month-to-month,No,Electronic check,66.91,302.04,Yes
2531-PES,Female,0,No,Yes,52,Yes,No,No,No internet service,No internet service,No internet service,No internet service,No internet service,No internet service,One year,Yes,Bank transfer (automatic),52.86,2688.34,No
8650-QMS,Female,1,No,No,26,Yes,No,DSL,No,No,No,No,No,No,Month-to-month,No,Credit card (automatic),84.48,2186.42,Yes
8051-MOI,Male,0,Yes,No,54,Yes,No,Fiber optic,No,Yes,Yes,No,No,Yes,One year,No,Mailed check,80.19,4375.74,No
2889-BGI,Female,0,No,No,39,Yes,No,DSL,Yes,No,No,No,Yes,No,Two year,No,Bank transfer (automatic),46.45,1758.2,No
2232-WCI,Male,0,No,Yes,64,Yes,Yes,Fiber optic,No,Yes,No,No,Yes,No,Month-to-month,No,Mailed check,59.97,3828.28,No
6500-EUR,Female,0,Yes,No,24,Yes,No,Fiber optic,Yes,No,No,No,Yes,Yes,Month-to-month,Yes,Credit card (automatic),55.96,1335.51,Yes
7166-UXN,Male,0,Yes,No,67,Yes,No phone service,DSL,Yes,Yes,No,No,Yes,Yes,One year,Yes,Electronic check,68.06,4545.48,No
9157-YYW,Male,1,Yes,Yes,61,Yes,No phone service,Fiber optic,No,Yes,No,Yes,No,Yes,Month-to-month,No,Mailed check,64.9,4007.05,No
7924-ZMF,Male,1,No,Yes,24,No,No,Fiber optic,No,Yes,Yes,Yes,No,Yes,Two year,No,Mailed check,57.72,1428.06,No
4130-GCN,Male,0,No,No,35,Yes,No,Fiber optic,No,Yes,No,No,Yes,Yes,Month-to-month,Yes,Bank transfer (automatic),86.91,3031.26,Yes
9422-XHK,Male,0,No,No,38,Yes,Yes,DSL,Yes,Yes,No,No,No,Yes,Two year,No,Bank transfer (automatic),41.71,1549.38,No
2385-LCC,Male,0,Yes,No,56,Yes,No,DSL,No,No,No,No,No,Yes,Month-to-month,Yes,Bank transfer (automatic),42.38,2417.83,No
3201-SWW,Female,0,No,No,50,Yes,Yes,Fiber optic,No,Yes,No,No,Yes,Yes,Month-to-month,Yes,Bank transfer (automatic),55.46,2800.12,Yes
9540-CGN,Female,0,No,No,62,Yes,No,No,No internet service,No internet service,No internet service,No internet service,No internet service,No internet service,Month-to-month,No,Mailed check,38.82,2406.25,No
8550-CPD,Female,0,No,No,27,Yes,No phone service,No,No internet service,No internet service,No internet service,No internet service,No internet service,No internet service,Month-to-month,No,Electronic check,42.79,1178.25,No
3605-SHT,Male,0,No,No,36,Yes,No,DSL,No,No,Yes,Yes,Yes,No,Month-to-month,No,Credit card (automatic),62.62,2276.98,No
4591-YDF,Male,0,Yes,No,31,No,No,Fiber optic,No,No,Yes,No,Yes,No,One year,No,Electronic check,61.9,1888.29,No
6847-ZAP,Female,0,No,Yes,66,Yes,No,Fiber optic,Yes,Yes,Yes,No,Yes,Yes,Month-to-month,Yes,Electronic check,68.08,4472.49,Yes
9013-VTN,Male,0,No,No,22,No,Yes,No,No internet service,No internet service,No internet service,No internet service,No internet service,No internet service,Month-to-month,Yes,Electronic check,38.03,836.86,Yes
4092-QMI,Male,0,No,No,42,Yes,No,DSL,No,No,No,No,Yes,No,Month-to-month,No,Mailed check,52.41,2133.55,No
4733-DYE,Female,0,No,No,8,Yes,No,Fiber optic,Yes,No,Yes,Yes,No,No,Month-to-month,Yes,Mailed check,82.59,648.73,Yes
5416-LYM,Male,0,Yes,No,62,Yes,No,Fiber optic,No,No,Yes,Yes,No,Yes,Two year,Yes,Bank transfer (automatic),84.11,5187.09,No
8026-OUK,Female,0,No,Yes,28,Yes,Yes,DSL,No,No,Yes,No,Yes,No,Two year,Yes,Bank transfer (automatic),22.73,642.44,No
7381-XRK,Female,1,Yes,No,24,Yes,No,DSL,Yes,Yes,No,Yes,Yes,Yes,Month-to-month,Yes,Electronic check,68.02,1593.06,Yes
4569-NCE,Female,0,Yes,No,42,Yes,No,DSL,Yes,Yes,Yes,Yes,Yes,No,One year,Yes,Electronic check,54.95,2322.93,No
5531-GUJ,Male,1,No,No,36,Yes,No,Fiber optic,No,No,Yes,Yes,Yes,Yes,One year,No,Credit card (automatic),91.71,3309.35,No
2108-LMH,Female,0,Yes,No,61,Yes,No phone service,Fiber optic,Yes,Yes,No,No,No,Yes,Two year,No,Bank transfer (automatic),84.41,5145.45,No
3285-OLS,Female,0,Yes,No,38,Yes,No,Fiber optic,No,No,No,No,Yes,No,Month-to-month,Yes,Credit card (automatic),59.12,2262.98,No
2828-VRD,Female,0,Yes,No,37,Yes,No,DSL,No,Yes,No,Yes,Yes,No,Month-to-month,Yes,Electronic check,56.52,2111.97,Yes
6809-LLO,Female,0,Yes,No,7,Yes,Yes,No,No internet service,No internet service,No internet service,No internet service,No internet service,No internet service,Month-to-month,Yes,Credit card (automatic),44.52,303.31,Yes
3264-YHX,Male,0,No,Yes,1,Yes,No,Fiber optic,Yes,No,No,No,No,No,Two year,No,Credit card (automatic),55.68,56.92,Yes
2776-FZP,Female,0,No,Yes,29,Yes,Yes,No,No internet service,No internet service,No internet service,No internet service,No internet service,No internet service,One year,Yes,Mailed check,37.75,1071.0,No
3069-MLT,Male,0,No,Yes,72,Yes,Yes,DSL,Yes,No,Yes,Yes,No,No,Month-to-month,Yes,Bank transfer (automatic),64.68,4632.8,No
5516-BRV,Male,0,No,No,66,Yes,No,No,No internet service,No internet service,No internet service,No internet service,No internet service,No internet service,Month-to-month,No,Electronic check,41.15,2771.22,No
7760-FKB,Male,0,Yes,Yes,45,Yes,No,No,No internet service,No internet service,No internet service,No internet service,No internet service,No internet service,One year,Yes,Bank transfer (automatic),34.94,1565.22,No
5654-IXG,Female,0,No,No,46,Yes,No,No,No internet service,No internet service,No internet service,No internet service,No internet service,No internet service,Two year,No,Credit card (automatic),24.69,1135.33,No
2034-SLQ,Female,0,No,Yes,28,Yes,Yes,No,No internet service,No internet service,No internet service,No internet service,No internet service,No internet service,Month-to-month,No,Mailed check,37.78,1055.14,No
2704-WBK,Male,1,No,No,12,Yes,Yes,Fiber optic,No,Yes,Yes,No,Yes,No,One year,Yes,Electronic check,59.89,731.68,No
2394-SGM,Male,0,Yes,Yes,0,Yes,No,Fiber optic,No,Yes,Yes,Yes,No,Yes,Month-to-month,Yes,Mailed check,83.08,0.0,Yes
6072-GTG,Female,0,Yes,No,24,Yes,No phone service,Fiber optic,Yes,No,No,No,No,Yes,Month-to-month,Yes,Bank transfer (automatic),56.78,1347.05,Yes
9465-RYB,Female,0,Yes,No,23,Yes,No,Fiber optic,Yes,No,Yes,Yes,Yes,No,Month-to-month,No,Bank transfer (automatic),85.41,1997.23,Yes
8908-ZNX,Male,0,No,Yes,13,Yes,No,No,No internet service,No internet service,No internet service,No internet service,No internet service,No internet service,Two year,No,Mailed check,39.73,464.43,Yes
4814-LLQ,Male,0,Yes,Yes,18,Yes,No,DSL,No,Yes,Yes,Yes,Yes,Yes,Two year,No,Credit card (automatic),50.99,924.36,No
9686-FPM,Female,0,No,No,1,Yes,No,Fiber optic,No,No,Yes,No,No,No,Month-to-month,No,Electronic check,72.22,43.49,Yes
7706-LBU,Female,1,No,Yes,44,Yes,No,No,No internet service,No internet service,No internet service,No internet service,No internet service,No internet service,Month-to-month,No,Electronic check,21.3,866.88,No
9763-YNI,Female,1,No,No,67,Yes,No,DSL,No,Yes,Yes,No,No,Yes,Month-to-month,Yes,Electronic check,70.27,4705.25,Yes
6423-VVO,Male,0,No,No,50,Yes,Yes,DSL,No,No,No,No,No,No,Month-to-month,Yes,Credit card (automatic),62.61,3090.09,Yes
1760-GAN,Male,1,Yes,Yes,32,Yes,Yes,DSL,No,Yes,No,No,No,No,Month-to-month,No,Bank transfer (automatic),47.95,1487.73,No
9597-PFB,Female,0,Yes,No,30,Yes,No,Fiber optic,Yes,No,No,No,No,Yes,Month-to-month,No,Bank transfer (automatic),65.59,2058.55,Yes
1951-IYB,Male,1,No,Yes,22,Yes,No,No,No internet service,No internet service,No internet service,No internet service,No internet service,No internet service,Month-to-month,Yes,Credit card (automatic),68.88,1534.33,No
4377-KWP,Female,0,Yes,No,10,Yes,No,DSL,Yes,Yes,No,No,Yes,No,Month-to-month,Yes,Mailed check,24.8,267.83,No
9380-WFP,Female,1,No,Yes,43,No,Yes,Fiber optic,No,Yes,No,No,Yes,Yes,Month-to-month,Yes,Electronic check,73.37,3153.05,No
1622-RBQ,Male,0,Yes,No,41,Yes,No,Fiber optic,No,No,No,Yes,No,Yes,Two year,Yes,Bank transfer (automatic),74.48,3011.88,No
3486-SEH,Female,0,No,No,0,Yes,No,Fiber optic,No,Yes,Yes,Yes,No,Yes,Month-to-month,No,Mailed check,60.78,0.0,Yes
9112-QYT,Female,1,Yes,Yes,30,Yes,Yes,Fiber optic,Yes,No,Yes,No,No,No,One year,No,Mailed check,66.11,1970.87,No
4977-JJM,Female,0,No,No,20,Yes,No,No,No internet service,No internet service,No internet service,No internet service,No internet service,No internet service,Two year,No,Electronic check,20.91,350.85,No
4671-DVG,Female,0,No,Yes,12,Yes,No phone service,Fiber optic,No,Yes,No,Yes,No,No,One year,Yes,Mailed check,77.08,987.66,No
2302-EDQ,Female,0,No,Yes,51,Yes,No,DSL,No,Yes,No,Yes,No,No,Month-to-month,No,Mailed check,40.03,2038.4,No
3519-APL,Female,0,No,No,38,Yes,No,Fiber optic,Yes,No,Yes,No,Yes,No,Month-to-month,Yes,Electronic check,93.22,3513.21,No
7410-EZD,Female,0,No,Yes,46,Yes,No,Fiber optic,Yes,Yes,Yes,No,No,No,One year,Yes,Credit card (automatic),79.26,3650.27,No
1367-JJX,Female,0,Yes,No,52,Yes,Yes,Fiber optic,No,No,No,No,Yes,No,Month-to-month,No,Electronic check,77.81,3997.87,Yes
3770-QBP,Male,0,Yes,No,71,No,No,DSL,Yes,No,Yes,No,No,No,Month-to-month,No,Credit card (automatic),39.42,2765.99,No
8126-SLO,Female,0,Yes,Yes,58,Yes,Yes,DSL,No,No,No,No,No,No,Month-to-month,No,Electronic check,50.65,2991.48,No
6526-LLY,Female,0,Yes,No,45,Yes,Yes,No,No internet service,No internet service,No internet service,No internet service,No internet service,No internet service,Month-to-month,Yes,Credit card (automatic),34.48,1533.41,No
4294-XDM,Male,1,No,No,64,Yes,Yes,DSL,No,No,Yes,No,No,Yes,Month-to-month,Yes,Mailed check,56.99,3646.72,No
9017-FDQ,Female,0,No,Yes,34,Yes,Yes,Fiber optic,No,No,No,No,Yes,No,One year,No,Electronic check,72.46,2467.26,Yes
6205-MZK,Female,0,No,No,71,Yes,Yes,Fiber optic,No,Yes,No,No,No,No,Month-to-month,No,Electronic check,78.12,5540.43,No
3578-KMR,Female,0,Yes,No,55,Yes,Yes,DSL,Yes,No,No,No,Yes,No,Month-to-month,Yes,Mailed check,49.7,2714.65,No
7710-KGQ,Male,1,No,Yes,47,Yes,No,DSL,No,No,No,No,Yes,No,Two year,Yes,Credit card (automatic),58.24,2816.7,No
3025-DCG,Female,0,No,No,65,Yes,No,Fiber optic,No,Yes,No,No,No,Yes,Month-to-month,Yes,Electronic check,107.98,6992.76,No
1204-RHB,Male,0,No,Yes,37,Yes,Yes,Fiber optic,No,Yes,Yes,No,Yes,No,One year,Yes,Electronic check,88.57,3245.8,No
7111-XBF,Male,1,No,No,52,Yes,No,Fiber optic,No,Yes,No,Yes,No,Yes,Month-to-month,Yes,Bank transfer (automatic),79.36,4143.89,Yes
7909-ULM,Female,0,No,No,20,Yes,No,Fiber optic,Yes,Yes,Yes,No,No,No,Month-to-month,No,Bank transfer (automatic),55.84,1071.83,No
5985-NIV,Female,0,Yes,Yes,70,Yes,Yes,DSL,No,Yes,No,No,Yes,No,Two year,Yes,Mailed check,47.65,3371.24,No
6932-MTG,Female,0,No,No,45,Yes,No,DSL,Yes,No,No,No,No,Yes,Month-to-month,No,Electronic check,51.31,2301.91,No
1765-HXS,Male,0,Yes,No,57,Yes,Yes,DSL,Yes,Yes,Yes,No,No,No,Month-to-month,No,Mailed check,70.98,4050.38,No
6293-OQY,Female,0,Yes,No,33,Yes,No,Fiber optic,No,No,Yes,No,No,Yes,Two year,Yes,Electronic check,69.41,2300.87,No
5739-ICC,Male,0,No,No,63,Yes,Yes,Fiber optic,Yes,No,Yes,No,No,No,One year,Yes,Bank transfer (automatic),70.08,4403.16,No
5011-QEE,Female,1,Yes,No,5,Yes,Yes,No,No internet service,No internet service,No internet service,No internet service,No internet service,No internet service,One year,No,Electronic check,24.9,156.55,No
5597-DXW,Female,0,No,No,8,Yes,Yes,DSL,No,No,Yes,No,Yes,No,Month-to-month,Yes,Credit card (automatic),26.57,235.3,No
5240-UFD,Female,0,No,Yes,37,Yes,Yes,Fiber optic,No,Yes,No,No,Yes,No,Month-to-month,No,Bank transfer (automatic),76.7,2855.98,Yes
5546-UIF,Male,0,No,No,53,Yes,No phone service,Fiber optic,Yes,No,Yes,Yes,No,Yes,One year,Yes,Bank transfer (automatic),65.97,3443.41,No
9357-LLG,Male,0,No,No,59,Yes,No,Fiber optic,Yes,Yes,Yes,No,No,Yes,Month-to-month,No,Credit card (automatic),84.87,4995.13,No
8171-FMC,Female,0,No,No,32,Yes,No,Fiber optic,No,Yes,Yes,No,Yes,Yes,Month-to-month,No,Credit card (automatic),70.25,2244.1,Yes
3124-ZRG,Female,0,Yes,No,47,Yes,No phone service,DSL,No,Yes,Yes,No,Yes,No,Two year,Yes,Bank transfer (automatic),39.71,1927.19,No
1169-IVR,Male,0,No,No,40,Yes,Yes,Fiber optic,No,Yes,No,Yes,Yes,No,Month-to-month,Yes,Bank transfer (automatic),78.5,3090.51,No
9027-SOZ,Female,1,Yes,No,70,Yes,Yes,DSL,No,No,Yes,Yes,No,No,Month-to-month,No,Credit card (automatic),53.49,3721.96,No
3227-DEP,Male,0,Yes,No,47,No,Yes,Fiber optic,No,No,Yes,No,No,No,Month-to-month,Yes,Electronic check,73.55,3494.71,Yes
7492-SFS,Female,0,Yes,No,30,No,No phone service,DSL,No,No,Yes,No,Yes,Yes,Month-to-month,Yes,Bank transfer (automatic),44.63,1306.04,Yes
5598-ZWD,Male,0,No,No,70,Yes,No,Fiber optic,Yes,Yes,No,No,Yes,No,One year,No,Bank transfer (automatic),83.76,5840.18,No
7875-CAE,Female,0,Yes,Yes,7,No,No,Fiber optic,Yes,No,No,Yes,Yes,Yes,Two year,Yes,Mailed check,60.44,481.67,No
7330-XAZ,Male,0,Yes,No,71,Yes,No phone service,Fiber optic,Yes,No,Yes,Yes,No,Yes,Month-to-month,No,Credit card (automatic),56.81,4046.31,No
3916-HJB,Female,0,Yes,No,11,Yes,No,DSL,No,No,Yes,No,Yes,No,Month-to-month,No,Bank transfer (automatic),66.59,762.52,Yes
5247-SRS,Female,0,Yes,No,21,Yes,No,Fiber optic,No,No,Yes,Yes,Yes,Yes,Month-to-month,No,Bank transfer (automatic),89.47,1904.16,Yes
9918-NEH,Female,0,Yes,No,59,Yes,No,Fiber optic,No,Yes,Yes,Yes,Yes,Yes,Month-to-month,Yes,Credit card (automatic),43.02,2542.28,Yes
7040-RES,Female,0,Yes,Yes,53,Yes,No,Fiber optic,No,No,No,No,No,No,Month-to-month,Yes,Bank transfer (automatic),98.6,5229.0,No
3991-CVH,Female,0,Yes,No,70,Yes,No,Fiber optic,Yes,No,Yes,No,No,No,Two year,No,Electronic check,69.42,4890.43,No
1645-YAF,Female,0,Yes,No,54,Yes,Yes,DSL,No,No,Yes,Yes,No,No,Month-to-month,No,Electronic check,39.56,2106.6,No
4242-OLH,Male,0,No,Yes,46,Yes,No,DSL,Yes,Yes,No,No,Yes,No,Month-to-month,Yes,Mailed check,47.66,2253.05,No
4705-UPL,Female,0,Yes,Yes,25,Yes,Yes,Fiber optic,No,No,No,Yes,Yes,No,Two year,Yes,Electronic check,75.04,1857.31,No
7612-MQQ,Female,0,No,Yes,0,Yes,No,Fiber optic,Yes,Yes,Yes,Yes,No,No,Month-to-month,Yes,Bank transfer (automatic),62.03,0.0,Yes
7643-INF,Female,0,Yes,No,9,Yes,Yes,Fiber optic,No,Yes,Yes,Yes,Yes,Yes,Two year,Yes,Credit card (automatic),65.23,604.78,No
4975-ADI,Female,1,Yes,No,21,Yes,No,Fiber optic,No,No,Yes,No,No,Yes,Month-to-month,No,Electronic check,87.07,1809.31,Yes
9869-SRU,Male,1,Yes,No,2,Yes,Yes,Fiber optic,Yes,Yes,Yes,Yes,Yes,Yes,Month-to-month,No,Credit card (automatic),76.21,169.35,Yes
3071-ZRK,Female,1,Yes,Yes,37,Yes,Yes,Fiber optic,No,No,No,No,No,Yes,Two year,Yes,Bank transfer (automatic),58.98,2186.72,No
5838-IKX,Male,0,Yes,No,56,Yes,Yes,Fiber optic,Yes,No,Yes,Yes,Yes,No,Month-to-month,No,Credit card (automatic),73.4,4048.6,No
6535-NFU,Male,0,No,No,70,Yes,No,Fiber optic,No,No,No,No,Yes,No,Month-to-month,No,Electronic check,64.95,4543.46,Yes
9743-ULW,Male,0,No,No,35,No,No,DSL,No,Yes,No,Yes,No,No,Month-to-month,No,Mailed check,34.85,1176.04,No
6144-JCP,Male,0,No,No,63,Yes,No,No,No internet service,No internet service,No internet service,No internet service,No internet service,No internet service,One year,No,Bank transfer (automatic),34.63,2199.45,No
8914-ZRH,Female,0,No,No,71,Yes,No,No,No internet service,No internet service,No internet service,No internet service,No internet service,No internet service,One year,Yes,Bank transfer (automatic),63.0,4468.05,No
1894-RLL,Female,0,Yes,Yes,62,Yes,No,Fiber optic,Yes,No,No,No,Yes,Yes,Month-to-month,No,Credit card (automatic),80.14,4999.39,No
3346-CMK,Male,0,No,Yes,33,Yes,Yes,No,No internet service,No internet service,No internet service,No internet service,No internet service,No internet service,One year,Yes,Credit card (automatic),32.79,1057.68,No
4747-CUP,Male,0,Yes,No,23,Yes,Yes,No,No internet service,No internet service,No internet service,No internet service,No internet service,No internet service,One year,Yes,Electronic check,18.35,376.69,No
6109-BLJ,Female,1,No,No,71,Yes,No,Fiber optic,Yes,Yes,No,No,Yes,Yes,Month-to-month,Yes,Mailed check,71.86,5064.39,No
2566-YYY,Male,0,Yes,No,17,Yes,No,Fiber optic,Yes,No,Yes,Yes,Yes,Yes,Month-to-month,Yes,Bank transfer (automatic),63.38,1148.16,No
3729-EBO,Female,0,No,No,30,Yes,No,Fiber optic,No,No,Yes,No,Yes,Yes,Month-to-month,No,Electronic check,91.35,2846.52,No
3668-XEY,Male,0,No,Yes,5,Yes,Yes,DSL,Yes,Yes,Yes,Yes,No,No,Month-to-month,Yes,Credit card (automatic),50.15,320.8,Yes
4303-WVR,Male,0,Yes,No,57,Yes,Yes,DSL,Yes,Yes,No,No,Yes,Yes,Month-to-month,Yes,Bank transfer (automatic),51.96,2907.82,No
4403-TLZ,Male,1,Yes,Yes,47,Yes,No,Fiber optic,Yes,No,Yes,No,No,Yes,Month-to-month,Yes,Credit card (automatic),85.01,3947.28,No
8156-ONB,Female,1,No,Yes,6,Yes,No phone service,No,No internet service,No internet service,No internet service,No internet service,No internet service,No internet service,Month-to-month,Yes,Credit card (automatic),21.25,90.22,No
7523-VML,Male,0,No,No,16,Yes,No,DSL,Yes,No,No,No,Yes,No,Month-to-month,Yes,Electronic check,80.93,1321.98,Yes
4102-NNV,Male,0,Yes,No,40,Yes,No,No,No internet service,No internet service,No internet service,No internet service,No internet service,No internet service,One year,Yes,Mailed check,33.62,1418.58,No
9805-HCN,Male,0,No,No,39,Yes,No,Fiber optic,No,Yes,No,No,No,No,Month-to-month,No,Bank transfer (automatic),86.71,3413.36,Yes
8972-FQB,Male,0,No,No,58,Yes,Yes,Fiber optic,Yes,Yes,No,Yes,No,Yes,Two year,No,Credit card (automatic),95.75,5560.15,No
9711-DGG,Female,0,No,No,19,Yes,No,DSL,Yes,Yes,No,Yes,Yes,Yes,Two year,Yes,Bank transfer (automatic),63.45,1173.19,No
4433-UCD,Female,0,Yes,No,67,Yes,No,Fiber optic,No,No,Yes,No,No,No,One year,No,Electronic check,70.42,4708.14,No
1471-CME,Male,0,Yes,No,32,Yes,Yes,DSL,No,Yes,No,No,Yes,Yes,Two year,No,Bank transfer (automatic),49.72,1594.14,No
1806-SPB,Female,0,Yes,No,60,Yes,Yes,DSL,No,No,No,No,Yes,Yes,Two year,Yes,Electronic check,64.12,3878.09,No
6073-JYS,Male,0,No,No,17,Yes,No phone service,DSL,No,Yes,Yes,Yes,No,Yes,Month-to-month,Yes,Mailed check,58.03,969.04,No
9202-RHK,Female,0,No,No,2,Yes,No phone service,DSL,Yes,No,No,Yes,Yes,Yes,One year,Yes,Credit card (automatic),64.37,142.78,No
9317-SBF,Male,0,No,Yes,4,Yes,No,DSL,Yes,No,Yes,No,No,No,Month-to-month,Yes,Electronic check,43.27,182.71,Yes
7595-LPL,Male,0,Yes,No,27,Yes,Yes,Fiber optic,Yes,Yes,No,Yes,Yes,Yes,One year,No,Electronic check,78.22,2115.45,No
4194-JVL,Female,0,No,Yes,69,No,No,Fiber optic,Yes,No,Yes,No,Yes,No,Month-to-month,Yes,Mailed check,75.69,5208.77,No
4180-YNS,Male,0,No,No,3,Yes,Yes,DSL,Yes,No,No,Yes,No,Yes,Month-to-month,Yes,Credit card (automatic),48.51,149.76,No
7167-GGN,Male,0,No,No,26,Yes,No,No,No internet service,No internet service,No internet service,No internet service,No internet service,No internet service,Month-to-month,Yes,Electronic check,38.22,990.36,No
2047-ISF,Female,0,Yes,Yes,7,Yes,No phone service,Fiber optic,Yes,Yes,No,No,Yes,No,Two year,No,Electronic check,83.03,553.85,No
2671-YFP,Female,0,No,No,68,Yes,Yes,No,No internet service,No internet service,No internet service,No internet service,No internet service,No internet service,Month-to-month,No,Mailed check,37.37,2572.12,No
2799-XTS,Female,0,No,Yes,49,Yes,No,Fiber optic,Yes,No,Yes,Yes,Yes,No,Month-to-month,Yes,Bank transfer (automatic),99.77,4943.84,No
3831-QTQ,Male,0,No,No,55,Yes,No,DSL,Yes,Yes,Yes,Yes,Yes,No,Month-to-month,Yes,Electronic check,49.8,2744.95,Yes
6106-NNP,Female,0,Yes,No,52,Yes,Yes,No,No internet service,No internet service,No internet service,No internet service,No internet service,No internet service,Month-to-month,No,Credit card (automatic),57.74,3000.87,No
9136-GPV,Male,0,No,No,47,Yes,Yes,No,No internet service,No internet service,No internet service,No internet service,No internet service,No internet service,Two year,Yes,Credit card (automatic),57.21,2715.43,No
3129-CZU,Male,0,Yes,No,56,Yes,No,Fiber optic,Yes,No,Yes,No,Yes,No,One year,Yes,Mailed check,74.23,4163.37,Yes
3791-BMS,Male,0,No,No,0,Yes,Yes,Fiber optic,No,Yes,No,No,Yes,No,Month-to-month,No,Electronic check,93.71,0.0,Yes
4389-STH,Male,0,No,No,63,Yes,No phone service,Fiber optic,No,Yes,No,No,No,Yes,Month-to-month,Yes,Mailed check,64.18,4047.06,No
5178-UJJ,Male,0,No,No,54,Yes,No,Fiber optic,No,Yes,Yes,Yes,No,Yes,Month-to-month,Yes,Electronic check,96.56,5234.76,Yes
6825-KMP,Female,0,Yes,Yes,53,Yes,Yes,Fiber optic,Yes,Yes,Yes,Yes,Yes,Yes,Month-to-month,Yes,Mailed check,67.22,3623.33,No
1157-RQU,Male,0,No,No,28,No,Yes,Fiber optic,Yes,No,No,No,Yes,Yes,Two year,Yes,Bank transfer (automatic),75.33,2153.61,No
2431-AYB,Female,0,Yes,No,58,Yes,Yes,DSL,No,Yes,Yes,Yes,Yes,Yes,One year,No,Electronic check,35.25,2039.01,No
7698-TJJ,Female,0,No,No,27,Yes,No,DSL,No,No,No,No,No,Yes,Month-to-month,Yes,Electronic check,77.8,2138.45,Yes
1541-VIY,Male,0,Yes,No,3,Yes,Yes,DSL,No,No,Yes,Yes,No,No,One year,Yes,Electronic check,76.0,190.63,No
6862-AXX,Female,1,No,No,66,Yes,Yes,DSL,No,No,Yes,No,No,No,Month-to-month,No,Electronic check,38.86,2557.73,No
7728-XUP,Female,0,No,Yes,17,Yes,Yes,Fiber optic,No,Yes,Yes,No,No,Yes,One year,No,Electronic check,72.57,1262.86,Yes
2172-LFJ,Male,0,No,Yes,7,Yes,No,No,No internet service,No internet service,No internet service,No internet service,No internet service,No internet service,Month-to-month,Yes,Mailed check,41.04,340.82,Yes
8113-WJF,Male,1,No,No,45,Yes,No,DSL,No,No,No,No,Yes,Yes,One year,No,Bank transfer (automatic),52.02,2314.6,No
8724-RBL,Male,1,Yes,No,17,Yes,No,DSL,Yes,No,No,No,Yes,No,Month-to-month,No,Electronic check,63.57,1079.73,No
6552-DNN,Female,0,No,No,62,Yes,Yes,DSL,Yes,No,No,No,No,No,Two year,Yes,Mailed check,44.79,2777.09,Yes
8242-KEK,Female,0,No,No,32,Yes,No,Fiber optic,Yes,No,Yes,No,No,Yes,Month-to-month,Yes,Credit card (automatic),45.91,1465.89,No
2782-UMN,Male,0,No,No,0,Yes,No,Fiber optic,No,No,Yes,No,No,No,Month-to-month,No,Bank transfer (automatic),81.18,0.0,No
6437-WEB,Female,0,Yes,No,69,No,No,Fiber optic,No,No,No,Yes,Yes,Yes,Month-to-month,Yes,Credit card (automatic),69.98,4846.15,No
9155-YVE,Female,1,Yes,No,37,Yes,No,No,No internet service,No internet service,No internet service,No internet service,No internet service,No internet service,Month-to-month,Yes,Mailed check,34.04,1214.83,No
2130-JWW,Female,0,Yes,No,19,Yes,Yes,No,No internet service,No internet service,No internet service,No internet service,No internet service,No internet service,Month-to-month,Yes,Electronic check,24.16,498.86,No
9229-HGH,Female,0,No,No,49,Yes,Yes,No,No internet service,No internet service,No internet service,No internet service,No internet service,No internet service,Month-to-month,Yes,Electronic check,18.0,929.24,No
8780-BOC,Male,0,No,Yes,38,Yes,Yes,No,No internet service,No internet service,No internet service,No internet service,No internet service,No internet service,One year,Yes,Bank transfer (automatic),42.52,1593.41,Yes
8220-HPL,Female,0,No,No,2,Yes,Yes,Fiber optic,Yes,Yes,Yes,No,No,Yes,Month-to-month,Yes,Credit card (automatic),73.05,101.68,Yes
3682-URV,Female,0,Yes,Yes,55,Yes,No phone service,Fiber optic,No,No,No,Yes,No,No,One year,No,Mailed check,79.63,4378.52,Yes
7296-TSC,Male,0,Yes,No,29,Yes,No,Fiber optic,No,Yes,No,No,Yes,No,One year,No,Mailed check,75.57,2173.33,No
7840-KQB,Male,0,Yes,No,51,Yes,No,No,No internet service,No internet service,No internet service,No internet service,No internet service,No internet service,Month-to-month,Yes,Mailed check,38.11,1936.27,No
4906-IIL,Female,0,Yes,No,65,Yes,Yes,DSL,Yes,No,Yes,No,No,Yes,Month-to-month,Yes,Electronic check,50.71,3299.35,No
9185-SVP,Female,1,No,No,44,Yes,No,DSL,No,Yes,Yes,No,Yes,Yes,Month-to-month,No,Electronic check,64.0,2783.44,No
8515-TCR,Female,0,No,No,49,Yes,Yes,DSL,No,Yes,No,Yes,No,Yes,Month-to-month,No,Credit card (automatic),52.98,2654.09,No
4657-MJB,Female,0,Yes,No,18,Yes,No,Fiber optic,Yes,Yes,No,No,No,Yes,Two year,No,Electronic check,71.35,1261.86,No
8881-FIQ,Male,0,Yes,Yes,17,No,No,Fiber optic,No,No,No,Yes,Yes,Yes,Two year,Yes,Mailed check,95.56,1657.26,No
9462-GVD,Male,0,No,Yes,30,Yes,Yes,DSL,No,Yes,Yes,Yes,Yes,Yes,One year,Yes,Bank transfer (automatic),71.61,2117.15,No
8817-FCP,Male,0,No,No,62,Yes,No phone service,Fiber optic,No,Yes,Yes,No,Yes,Yes,Month-to-month,Yes,Mailed check,57.8,3585.75,No
9781-YJC,Female,0,Yes,No,38,Yes,No,Fiber optic,No,Yes,Yes,No,No,Yes,One year,No,Credit card (automatic),93.02,3550.52,No
1722-FQL,Male,0,No,Yes,25,Yes,No,No,No internet service,No internet service,No internet service,No internet service,No internet service,No internet service,One year,No,Electronic check,55.8,1399.75,No
8780-CSY,Female,1,Yes,No,56,Yes,No,DSL,No,No,Yes,No,No,No,Month-to-month,Yes,Credit card (automatic),55.61,3105.27,No
7346-YYI,Male,0,No,No,62,Yes,Yes,DSL,No,Yes,Yes,Yes,Yes,No,Two year,No,Electronic check,50.88,3137.31,No
9704-EVY,Male,1,No,No,65,Yes,Yes,Fiber optic,Yes,No,No,No,Yes,Yes,Month-to-month,No,Electronic check,72.61,4705.41,Yes
8055-UJS,Female,0,No,No,21,Yes,Yes,Fiber optic,Yes,Yes,Yes,No,Yes,No,Month-to-month,No,Mailed check,69.31,1431.88,Yes
5163-ENW,Female,0,No,No,51,No,No,No,No internet service,No internet service,No internet service,No internet service,No internet service,No internet service,Month-to-month,Yes,Credit card (automatic),34.88,1790.54,No
5311-MUZ,Female,0,Yes,No,43,Yes,Yes,Fiber optic,Yes,Yes,Yes,Yes,Yes,Yes,Month-to-month,Yes,Mailed check,69.19,3039.26,No
9937-XFG,Female,1,Yes,No,32,Yes,Yes,No,No internet service,No internet service,No internet service,No internet service,No internet service,No internet service,Two year,No,Electronic check,32.5,1052.58,No
8097-UPR,Female,0,Yes,Yes,28,Yes,No,DSL,No,No,Yes,No,No,Yes,Month-to-month,Yes,Mailed check,66.62,1886.21,No
7538-ENP,Female,0,No,No,8,Yes,Yes,Fiber optic,No,No,Yes,Yes,Yes,Yes,Month-to-month,Yes,Electronic check,113.29,944.2,Yes
7264-FQK,Male,0,Yes,No,20,Yes,No,No,No internet service,No internet service,No internet service,No internet service,No internet service,No internet service,Month-to-month,Yes,Credit card (automatic),36.98,723.81,No
6900-GYJ,Female,1,No,Yes,40,Yes,Yes,DSL,Yes,No,Yes,No,No,No,Month-to-month,Yes,Credit card (automatic),54.4,2112.85,No
1412-HHJ,Female,0,Yes,No,64,Yes,Yes,No,No internet service,No internet service,No internet service,No internet service,No internet service,No internet service,Month-to-month,Yes,Bank transfer (automatic),32.47,2078.18,No
6799-BJE,Female,0,No,No,63,Yes,Yes,DSL,No,No,No,Yes,No,Yes,Month-to-month,Yes,Mailed check,64.1,4068.22,No
5048-ILK,Male,0,Yes,No,13,No,No phone service,Fiber optic,Yes,No,No,No,Yes,No,One year,No,Bank transfer (automatic),72.73,1015.85,No
8003-XBJ,Male,0,No,No,49,Yes,Yes,DSL,No,No,Yes,Yes,Yes,Yes,Month-to-month,Yes,Mailed check,46.42,2240.27,No
5048-KRS,Male,0,Yes,No,6,Yes,No,Fiber optic,No,No,Yes,Yes,Yes,Yes,Two year,No,Electronic check,87.19,561.63,Yes
4683-PBE,Female,0,Yes,No,49,Yes,No,No,No internet service,No internet service,No internet service,No internet service,No internet service,No internet service,Month-to-month,No,Mailed check,24.78,1223.36,No
9547-OJZ,Female,1,Yes,No,24,Yes,No,DSL,No,Yes,Yes,Yes,No,No,One year,No,Bank transfer (automatic),59.95,1425.19,No
9461-BXE,Male,0,No,No,32,Yes,Yes,DSL,Yes,No,Yes,Yes,Yes,Yes,Two year,No,Credit card (automatic),39.25,1219.39,No
2229-CQO,Female,1,No,No,52,No,No,Fiber optic,Yes,Yes,Yes,No,Yes,No,Month-to-month,No,Mailed check,79.81,4129.68,No
3581-WFJ,Male,0,No,No,31,Yes,No,DSL,No,Yes,No,No,No,No,Month-to-month,Yes,Credit card (automatic),38.82,1223.48,Yes
6053-XNV,Female,0,Yes,No,58,Yes,Yes,Fiber optic,No,No,Yes,Yes,Yes,Yes,Two year,Yes,Bank transfer (automatic),82.31,4816.78,No
8961-ORK,Male,0,No,No,38,Yes,No,No,No internet service,No internet service,No internet service,No internet service,No internet service,No internet service,Month-to-month,No,Credit card (automatic),38.65,1373.35,Yes
7599-IUD,Female,0,Yes,No,72,Yes,Yes,DSL,No,Yes,No,Yes,No,Yes,One year,Yes,Credit card (automatic),38.6,2797.14,No
1608-BJE,Male,0,No,No,46,Yes,No,Fiber optic,No,No,No,No,No,Yes,Month-to-month,No,Electronic check,67.5,3084.93,Yes
6501-OUH,Male,0,Yes,No,21,Yes,No,Fiber optic,Yes,No,No,No,No,No,Month-to-month,Yes,Mailed check,96.82,2016.41,Yes
8251-VWV,Male,0,No,No,56,Yes,No,DSL,No,Yes,Yes,No,Yes,Yes,Month-to-month,Yes,Bank transfer (automatic),35.7,2013.78,No
7073-CDY,Female,0,No,No,29,Yes,No,DSL,No,Yes,No,No,No,No,Two year,No,Credit card (automatic),58.24,1756.2,No
3497-YPO,Male,0,Yes,No,38,Yes,Yes,Fiber optic,No,No,Yes,No,Yes,No,Month-to-month,No,Electronic check,53.64,2013.2,No
6681-JAG,Female,0,No,No,9,Yes,No,Fiber optic,No,No,Yes,Yes,No,No,Two year,Yes,Bank transfer (automatic),96.21,862.54,No
5462-GZM,Female,1,No,No,8,No,No,No,No internet service,No internet service,No internet service,No internet service,No internet service,No internet service,One year,No,Credit card (automatic),50.78,351.1,Yes
1531-KJR,Female,0,No,No,41,Yes,No,Fiber optic,Yes,Yes,No,Yes,No,No,Month-to-month,Yes,Electronic check,79.35,3268.7,No
6283-LYQ,Male,1,No,No,13,Yes,No phone service,Fiber optic,No,Yes,No,No,No,Yes,Month-to-month,Yes,Mailed check,97.61,1244.78,No
1671-IVS,Female,0,No,No,72,Yes,No phone service,No,No internet service,No internet service,No internet service,No internet service,No internet service,No internet service,Month-to-month,No,Mailed check,40.86,2997.08,No
3774-HHO,Male,0,No,Yes,62,Yes,No,No,No internet service,No internet service,No internet service,No internet service,No internet service,No internet service,Month-to-month,Yes,Mailed check,41.08,2559.57,No
3447-LXP,Female,0,No,No,51,Yes,No,No,No internet service,No internet service,No internet service,No internet service,No internet service,No internet service,One year,Yes,Mailed check,34.7,1759.79,No
2491-PBN,Male,0,No,No,53,Yes,No phone service,DSL,No,Yes,No,No,Yes,No,Month-to-month,Yes,Electronic check,57.17,3020.34,Yes
8164-JWX,Male,0,Yes,No,43,Yes,No phone service,No,No internet service,No internet service,No internet service,No internet service,No internet service,No internet service,Month-to-month,Yes,Bank transfer (automatic),31.34,1360.39,No
3313-IZF,Male,0,No,Yes,4,Yes,No,No,No internet service,No internet service,No internet service,No internet service,No internet service,No internet service,One year,No,Electronic check,33.6,158.59,No
9392-LDY,Female,0,No,No,28,Yes,Yes,No,No internet service,No internet service,No internet service,No internet service,No internet service,No internet service,One year,Yes,Credit card (automatic),24.0,631.09,No
2400-PJZ,Male,0,Yes,No,36,Yes,Yes,Fiber optic,No,Yes,No,Yes,No,Yes,Month-to-month,No,Electronic check,93.78,3370.88,Yes
7049-UAJ,Male,0,No,Yes,66,Yes,No,No,No internet service,No internet service,No internet service,No internet service,No internet service,No internet service,Month-to-month,No,Bank transfer (automatic),68.34,4510.35,No
6508-JWV,Male,0,No,Yes,16,Yes,Yes,Fiber optic,Yes,No,No,Yes,No,Yes,Month-to-month,Yes,Mailed check,74.15,1193.81,No
5302-JCW,Female,0,No,No,36,Yes,No,Fiber optic,Yes,No,Yes,No,No,No,One year,No,Bank transfer (automatic),77.38,2831.38,No
2709-UQQ,Female,0,Yes,No,25,Yes,No,Fiber optic,No,No,Yes,No,Yes,No,Month-to-month,Yes,Electronic check,75.67,1841.86,No
6550-MDY,Male,1,No,Yes,9,Yes,No,Fiber optic,Yes,Yes,No,No,Yes,Yes,Month-to-month,Yes,Mailed check,69.61,659.95,Yes
6622-YHG,Female,0,Yes,Yes,7,Yes,No,Fiber optic,No,Yes,No,No,Yes,Yes,Month-to-month,No,Electronic check,80.41,575.62,Yes
1925-MOP,Female,0,No,No,26,Yes,Yes,DSL,Yes,Yes,Yes,No,No,No,One year,No,Electronic check,63.35,1629.68,Yes
7157-VGB,Male,0,No,No,6,Yes,Yes,Fiber optic,No,No,No,No,Yes,Yes,One year,Yes,Bank transfer (automatic),72.36,462.38,Yes
7983-SBQ,Male,0,No,No,4,Yes,Yes,Fiber optic,No,No,No,Yes,Yes,Yes,Month-to-month,No,Electronic check,68.16,259.23,Yes
3424-ULH,Female,0,No,No,25,Yes,Yes,Fiber optic,No,Yes,No,No,No,Yes,Two year,No,Credit card (automatic),64.51,1549.32,No
5345-LQS,Male,0,Yes,No,14,Yes,Yes,Fiber optic,Yes,Yes,Yes,No,Yes,No,Two year,Yes,Mailed check,61.64,742.78,No
3818-LEZ,Female,0,Yes,Yes,40,Yes,Yes,No,No internet service,No internet service,No internet service,No internet service,No internet service,No internet service,Month-to-month,No,Electronic check,35.39,1373.03,No
9709-FDI,Female,0,No,No,1,Yes,Yes,No,No internet service,No internet service,No internet service,No internet service,No internet service,No internet service,One year,Yes,Credit card (automatic),31.53,12.48,Yes
1051-MON,Female,0,Yes,No,22,Yes,Yes,Fiber optic,No,No,Yes,No,Yes,No,Month-to-month,Yes,Electronic check,82.76,1826.73,Yes
2376-YRX,Female,0,Yes,Yes,33,Yes,No phone service,DSL,Yes,Yes,Yes,No,Yes,Yes,Two year,Yes,Credit card (automatic),59.86,1996.29,No
6916-INA,Female,0,No,Yes,70,Yes,Yes,Fiber optic,Yes,Yes,Yes,No,Yes,No,Month-to-month,Yes,Electronic check,54.83,3829.07,Yes
4031-WRH,Male,1,No,Yes,46,Yes,No,No,No internet service,No internet service,No internet service,No internet service,No internet service,No internet service,Month-to-month,No,Mailed check,48.25,2170.15,No
6329-DHJ,Male,0,Yes,No,64,Yes,Yes,Fiber optic,No,No,Yes,Yes,No,No,Month-to-month,Yes,Credit card (automatic),78.51,5011.32,Yes
2028-NDO,Male,0,No,No,25,Yes,Yes,No,No internet service,No internet service,No internet service,No internet service,No internet service,No internet service,Month-to-month,Yes,Electronic check,30.25,748.61,Yes
6141-JLJ,Female,0,Yes,No,32,Yes,Yes,No,No internet service,No internet service,No internet service,No internet service,No internet service,No internet service,One year,Yes,Bank transfer (automatic),43.43,1450.57,No
7087-NBU,Female,0,No,No,30,Yes,No,Fiber optic,No,Yes,Yes,No,Yes,Yes,Month-to-month,Yes,Electronic check,89.74,2711.69,Yes
9741-KOR,Male,0,Yes,No,64,Yes,Yes,Fiber optic,No,No,No,No,Yes,No,Month-to-month,Yes,Bank transfer (automatic),75.66,4784.26,No
2908-RFC,Male,0,No,Yes,70,No,No,Fiber optic,Yes,No,No,Yes,Yes,No,Month-to-month,Yes,Electronic check,96.47,6741.87,Yes
8878-TCB,Female,0,Yes,No,70,Yes,No,Fiber optic,No,No,Yes,Yes,Yes,Yes,Two year,Yes,Electronic check,85.09,5980.68,Yes
1966-XUZ,Male,0,No,No,54,Yes,No,DSL,Yes,Yes,Yes,No,Yes,No,Two year,Yes,Electronic check,57.68,3115.45,No
9525-VLV,Female,0,No,No,36,Yes,No,DSL,No,Yes,Yes,No,No,No,Month-to-month,Yes,Bank transfer (automatic),44.78,1555.25,No
1871-ERA,Female,0,No,No,39,Yes,Yes,DSL,No,No,No,No,No,No,Month-to-month,No,Credit card (automatic),45.72,1811.72,No
3447-HYD,Male,0,No,No,71,Yes,No,Fiber optic,Yes,No,Yes,Yes,Yes,No,Month-to-month,Yes,Credit card (automatic),92.45,6576.67,No
9110-TWU,Male,0,Yes,No,20,Yes,No,DSL,No,Yes,No,No,No,No,Two year,No,Bank transfer (automatic),50.12,996.91,No
1025-BYK,Male,0,No,No,25,Yes,Yes,Fiber optic,No,Yes,Yes,Yes,Yes,No,One year,No,Credit card (automatic),66.1,1624.28,No
7160-YBI,Male,0,No,No,65,Yes,No,Fiber optic,No,No,Yes,No,No,No,One year,Yes,Credit card (automatic),73.41,4807.12,Yes
7464-OXM,Male,0,No,Yes,28,Yes,Yes,Fiber optic,No,Yes,Yes,No,No,Yes,Two year,Yes,Mailed check,85.44,2328.83,No
4101-IRG,Female,0,No,Yes,17,Yes,Yes,No,No internet service,No internet service,No internet service,No internet service,No internet service,No internet service,Month-to-month,Yes,Electronic check,24.61,363.97,No
3991-KRA,Female,0,Yes,No,40,Yes,No phone service,Fiber optic,No,No,No,Yes,Yes,No,One year,Yes,Bank transfer (automatic),88.58,3517.48,No
5741-MDI,Male,1,No,No,23,Yes,Yes,DSL,No,No,Yes,Yes,Yes,Yes,Month-to-month,Yes,Electronic check,31.52,735.54,No
1067-ZTU,Female,0,No,Yes,65,Yes,No phone service,No,No internet service,No internet service,No internet service,No internet service,No internet service,No internet service,Month-to-month,No,Credit card (automatic),34.25,2178.51,No
2995-LKC,Male,0,No,No,66,Yes,No,No,No internet service,No internet service,No internet service,No internet service,No internet service,No internet service,Month-to-month,Yes,Mailed check,54.47,3575.95,No
9043-BWE,Female,0,Yes,No,22,Yes,No,Fiber optic,Yes,Yes,No,Yes,No,No,Month-to-month,Yes,Electronic check,65.89,1437.63,No
6736-ZHG,Male,0,Yes,Yes,38,Yes,Yes,Fiber optic,No,Yes,No,Yes,Yes,Yes,Two year,No,Credit card (automatic),62.26,2377.89,No
2121-ZEU,Male,0,Yes,No,71,Yes,No phone service,DSL,Yes,No,Yes,No,Yes,No,Month-to-month,No,Electronic check,49.98,3538.89,No
9539-SQC,Female,1,Yes,Yes,54,Yes,No,Fiber optic,Yes,No,Yes,No,Yes,Yes,Two year,Yes,Credit card (automatic),63.36,3411.88,No
4720-QYI,Male,1,Yes,No,15,Yes,Yes,DSL,No,No,No,Yes,No,Yes,One year,Yes,Credit card (automatic),52.66,765.2,Yes
5796-AKP,Female,0,No,Yes,43,Yes,No,Fiber optic,No,Yes,No,Yes,Yes,Yes,One year,Yes,Bank transfer (automatic),75.06,3265.7,Yes
2133-WCT,Male,0,No,No,45,Yes,Yes,DSL,Yes,No,Yes,Yes,No,Yes,Two year,No,Bank transfer (automatic),73.4,3326.09,No
7027-WBY,Male,0,Yes,Yes,47,Yes,No,Fiber optic,Yes,Yes,Yes,Yes,No,Yes,Month-to-month,No,Electronic check,72.29,3419.46,Yes
1738-ZYE,Male,1,No,No,1,Yes,Yes,DSL,Yes,No,Yes,Yes,No,No,Month-to-month,Yes,Mailed check,49.1,21.87,No
6337-SXF,Female,0,No,No,21,Yes,Yes,DSL,No,Yes,Yes,No,No,Yes,Month-to-month,Yes,Credit card (automatic),37.18,762.84,Yes
2524-PYO,Male,0,Yes,No,62,Yes,Yes,DSL,No,Yes,No,No,Yes,No,Month-to-month,Yes,Electronic check,69.15,4303.97,Yes
7361-WIK,Male,0,No,No,17,Yes,Yes,Fiber optic,No,Yes,Yes,Yes,Yes,No,Two year,No,Electronic check,91.37,1532.73,No
9149-FCB,Male,0,Yes,No,21,Yes,Yes,DSL,No,Yes,Yes,Yes,Yes,Yes,Month-to-month,Yes,Mailed check,41.47,838.44,No
9052-TRI,Female,0,Yes,Yes,23,Yes,No,Fiber optic,Yes,Yes,No,Yes,Yes,Yes,Month-to-month,Yes,Bank transfer (automatic),63.87,1479.11,Yes
5576-MWZ,Female,0,Yes,No,12,Yes,Yes,DSL,No,Yes,No,Yes,Yes,Yes,Month-to-month,Yes,Bank transfer (automatic),60.1,675.42,No
1122-POQ,Male,0,No,Yes,11,Yes,Yes,Fiber optic,No,Yes,Yes,No,Yes,No,Month-to-month,No,Electronic check,88.24,963.31,Yes
5570-ZEF,Female,0,No,Yes,25,Yes,Yes,DSL,No,Yes,No,No,No,No,One year,Yes,Electronic check,53.44,1367.23,No
3335-SEH,Male,0,No,No,63,Yes,No,No,No internet service,No internet service,No internet service,No internet service,No internet service,No internet service,Month-to-month,No,Credit card (automatic),23.93,1512.67,No
3217-GSE,Female,0,No,No,0,Yes,No,DSL,No,Yes,Yes,Yes,No,Yes,One year,Yes,Electronic check,58.88,0.0,No
9684-CQA,Male,0,No,No,20,Yes,Yes,DSL,Yes,No,No,Yes,Yes,No,One year,Yes,Electronic check,56.94,1155.34,No
5967-AMF,Female,0,No,No,4,Yes,No,DSL,No,Yes,No,Yes,No,No,Two year,Yes,Electronic check,45.87,162.45,No
2259-HTH,Female,0,Yes,No,40,No,Yes,DSL,Yes,No,Yes,No,Yes,No,Month-to-month,Yes,Bank transfer (automatic),32.66,1336.0,Yes
9205-WJL,Female,1,No,No,18,Yes,Yes,Fiber optic,Yes,Yes,No,No,No,No,One year,Yes,Electronic check,96.41,1753.2,Yes
2046-ASV,Female,0,Yes,Yes,57,Yes,Yes,DSL,No,Yes,Yes,Yes,No,No,Month-to-month,Yes,Electronic check,54.31,3083.52,No
7712-QDR,Male,0,No,Yes,42,Yes,Yes,No,No internet service,No internet service,No internet service,No internet service,No internet service,No internet service,Month-to-month,Yes,Mailed check,23.93,978.81,No
3172-XIB,Male,0,No,No,57,Yes,Yes,Fiber optic,Yes,No,Yes,No,Yes,Yes,One year,Yes,Electronic check,77.67,4397.47,No
3911-KHD,Female,0,No,No,46,No,Yes,DSL,No,No,No,No,No,Yes,One year,No,Credit card (automatic),33.29,1621.98,No
6275-HWM,Male,0,No,No,32,Yes,No,Fiber optic,Yes,Yes,Yes,Yes,No,Yes,Month-to-month,Yes,Credit card (automatic),83.25,2583.8,No
6279-DET,Male,0,No,Yes,62,Yes,No,DSL,No,Yes,Yes,No,Yes,No,Two year,No,Bank transfer (automatic),45.74,2774.27,No
2271-UZJ,Female,0,No,Yes,34,Yes,Yes,DSL,No,Yes,Yes,No,Yes,Yes,Month-to-month,No,Mailed check,42.3,1476.79,Yes
1077-RYN,Male,0,Yes,Yes,69,Yes,No,DSL,No,Yes,No,Yes,No,Yes,One year,No,Electronic check,66.95,4650.58,No
5186-TAI,Female,0,No,No,72,Yes,Yes,DSL,No,Yes,No,No,No,No,Two year,Yes,Mailed check,61.67,4452.85,No
3200-AQM,Female,0,Yes,Yes,42,Yes,No,DSL,No,Yes,Yes,No,Yes,No,Month-to-month,Yes,Electronic check,44.29,1790.46,Yes
2866-GYO,Female,0,No,Yes,49,Yes,No,No,No internet service,No internet service,No internet service,No internet service,No internet service,No internet service,Two year,No,Bank transfer (automatic),23.17,1154.19,No
1277-GIV,Male,0,Yes,Yes,18,Yes,Yes,Fiber optic,No,Yes,Yes,No,No,No,One year,Yes,Electronic check,49.81,862.29,No
4109-MSB,Male,0,Yes,No,59,Yes,No,No,No internet service,No internet service,No internet service,No internet service,No internet service,No internet service,Two year,Yes,Bank transfer (automatic),26.99,1588.95,No
9875-DYQ,Male,1,Yes,Yes,49,Yes,No,DSL,No,No,Yes,Yes,No,No,One year,Yes,Electronic check,55.33,2725.41,No
4769-YQR,Female,0,Yes,Yes,65,Yes,Yes,No,No internet service,No internet service,No internet service,No internet service,No internet service,No internet service,One year,Yes,Mailed check,34.82,2281.03,No
9267-GTF,Male,0,No,No,19,Yes,Yes,Fiber optic,No,No,Yes,Yes,Yes,Yes,Month-to-month,Yes,Electronic check,47.84,886.19,Yes
2362-LXQ,Male,0,Yes,Yes,57,Yes,Yes,DSL,No,No,Yes,Yes,No,No,One year,Yes,Electronic check,60.7,3504.87,No
5043-ELQ,Male,0,No,No,34,Yes,No,No,No internet service,No internet service,No internet service,No internet service,No internet service,No internet service,Month-to-month,No,Mailed check,57.01,1966.79,No
1605-LWA,Male,0,No,No,13,Yes,Yes,DSL,No,Yes,Yes,No,No,Yes,Two year,Yes,Mailed check,45.79,561.66,No
9229-RXQ,Male,0,Yes,No,12,Yes,No,Fiber optic,No,Yes,No,Yes,Yes,No,Month-to-month,Yes,Credit card (automatic),75.71,891.73,Yes
2743-UCB,Female,0,Yes,Yes,41,Yes,Yes,No,No internet service,No internet service,No internet service,No internet service,No internet service,No internet service,Month-to-month,No,Electronic check,41.35,1668.8,Yes
3000-CGA,Female,0,No,Yes,23,Yes,No,Fiber optic,Yes,No,Yes,Yes,No,Yes,Two year,Yes,Electronic check,62.09,1425.88,No
4020-XNT,Male,0,No,No,7,No,Yes,Fiber optic,No,No,No,Yes,No,Yes,Month-to-month,Yes,Mailed check,56.94,420.6,Yes
9877-MJQ,Male,0,No,No,31,Yes,No,Fiber optic,Yes,Yes,No,No,Yes,Yes,Month-to-month,Yes,Electronic check,98.43,2986.56,No
3008-ZFX,Male,1,Yes,No,47,Yes,No,DSL,Yes,Yes,Yes,No,No,No,One year,Yes,Credit card (automatic),42.74,1939.33,No
6331-IRS,Male,0,No,No,23,Yes,Yes,No,No internet service,No internet service,No internet service,No internet service,No internet service,No internet service,Month-to-month,Yes,Electronic check,26.8,587.28,No
5142-NVT,Female,0,Yes,Yes,69,Yes,Yes,DSL,No,Yes,No,No,Yes,Yes,Month-to-month,Yes,Credit card (automatic),83.52,5810.22,No
1138-TPL,Male,0,No,Yes,56,Yes,Yes,DSL,No,Yes,No,No,Yes,Yes,Month-to-month,No,Bank transfer (automatic),45.09,2533.35,No
6448-HXN,Female,0,Yes,No,37,Yes,No,DSL,Yes,No,Yes,Yes,No,Yes,Month-to-month,No,Electronic check,80.24,3024.08,No
2840-MJE,Male,0,No,No,68,Yes,No phone service,No,No internet service,No internet service,No internet service,No internet service,No internet service,No internet service,Month-to-month,Yes,Mailed check,24.88,1686.39,No
5442-GNC,Male,0,No,No,31,Yes,Yes,Fiber optic,No,No,No,No,No,Yes,Month-to-month,No,Mailed check,70.84,2166.57,No
3542-HNA,Female,0,Yes,No,10,Yes,Yes,Fiber optic,Yes,No,Yes,No,No,Yes,Month-to-month,No,Mailed check,81.47,756.02,Yes
2464-OJB,Male,0,No,No,2,Yes,Yes,No,No internet service,No internet service,No internet service,No internet service,No internet service,No internet service,Month-to-month,No,Mailed check,33.5,37.98,No
9498-VEF,Male,0,No,Yes,68,Yes,Yes,DSL,Yes,Yes,No,Yes,No,Yes,Month-to-month,Yes,Bank transfer (automatic),48.6,3283.09,Yes
2233-VAZ,Female,0,No,No,70,No,Yes,No,No internet service,No internet service,No internet service,No internet service,No internet service,No internet service,One year,No,Bank transfer (automatic),47.2,3219.12,No
7588-AQT,Female,0,No,No,53,Yes,No,DSL,No,No,Yes,No,No,Yes,One year,Yes,Mailed check,42.27,2210.87,No
2815-CKF,Female,0,Yes,No,7,Yes,Yes,Fiber optic,No,Yes,No,No,Yes,No,Month-to-month,Yes,Bank transfer (automatic),97.68,654.01,Yes
2727-RSX,Male,0,No,Yes,21,Yes,Yes,DSL,No,Yes,Yes,Yes,Yes,No,Month-to-month,No,Credit card (automatic),66.12,1389.28,No
2240-BTR,Female,0,No,No,2,Yes,Yes,No,No internet service,No internet service,No internet service,No internet service,No internet service,No internet service,Two year,Yes,Mailed check,41.1,80.72,No
4058-LMS,Male,0,No,No,3,Yes,Yes,No,No internet service,No internet service,No internet service,No internet service,No internet service,No internet service,One year,Yes,Mailed check,31.62,106.06,No
8262-UNK,Male,0,Yes,Yes,17,Yes,No,Fiber optic,Yes,Yes,No,No,No,No,Month-to-month,Yes,Electronic check,98.32,1614.65,No
4475-XJN,Male,0,No,Yes,41,Yes,No,DSL,No,No,Yes,No,No,Yes,Month-to-month,No,Electronic check,54.21,2182.88,Yes
5705-VEB,Male,1,No,No,4,No,No,DSL,No,Yes,No,Yes,No,Yes,Month-to-month,Yes,Electronic check,41.34,197.77,Yes
3497-AOZ,Male,0,No,No,71,Yes,No,Fiber optic,No,No,No,No,No,Yes,Two year,Yes,Mailed check,92.27,6542.1,No
2828-CPZ,Male,0,No,No,33,No,No phone service,DSL,Yes,Yes,No,No,Yes,No,Two year,No,Bank transfer (automatic),45.3,1524.54,No
3315-CQZ,Male,0,Yes,No,19,No,No,DSL,No,No,No,No,No,Yes,Two year,Yes,Electronic check,60.9,1152.16,No
2111-ONG,Female,0,No,No,37,Yes,No,Fiber optic,No,No,Yes,No,Yes,Yes,Month-to-month,Yes,Bank transfer (automatic),69.16,2565.47,No
7750-HIK,Female,1,Yes,No,57,Yes,No,Fiber optic,No,No,Yes,Yes,No,No,Month-to-month,No,Electronic check,60.99,3494.93,No
7871-BIT,Male,0,Yes,Yes,22,Yes,Yes,No,No internet service,No internet service,No internet service,No internet service,No internet service,No internet service,Month-to-month,No,Electronic check,20.4,429.32,No
7953-TWE,Male,0,Yes,No,3,Yes,No,Fiber optic,No,No,No,Yes,Yes,Yes,Month-to-month,No,Electronic check,75.98,204.59,Yes
1431-DGJ,Male,1,No,No,3,Yes,No,Fiber optic,Yes,No,Yes,No,Yes,No,Month-to-month,Yes,Mailed check,83.71,227.33,Yes
9702-YCD,Female,1,Yes,No,62,Yes,No,Fiber optic,No,No,Yes,No,Yes,Yes,One year,Yes,Electronic check,66.03,4091.13,No
2169-WAK,Female,1,Yes,No,8,Yes,No,DSL,Yes,No,No,No,Yes,No,Month-to-month,No,Electronic check,43.32,366.66,Yes
3393-WPQ,Male,0,No,No,46,Yes,No,Fiber optic,Yes,Yes,Yes,Yes,No,No,Two year,Yes,Mailed check,71.94,3295.01,No
3298-TZV,Male,0,Yes,No,28,Yes,No phone service,Fiber optic,No,Yes,No,Yes,No,Yes,Month-to-month,No,Mailed check,86.42,2460.19,No
5146-APP,Female,0,No,Yes,56,Yes,No,DSL,No,Yes,Yes,Yes,Yes,No,Month-to-month,Yes,Mailed check,61.32,3495.16,No
3061-BQU,Female,0,No,Yes,4,Yes,Yes,DSL,No,No,No,Yes,Yes,Yes,Two year,No,Electronic check,61.26,214.29,No
3449-PYP,Female,0,No,Yes,65,Yes,Yes,No,No internet service,No internet service,No internet service,No internet service,No internet service,No internet service,One year,Yes,Mailed check,42.08,2776.8,No
8387-TAR,Female,0,No,Yes,50,Yes,Yes,Fiber optic,No,Yes,Yes,No,Yes,No,Month-to-month,No,Electronic check,107.45,5371.87,Yes
4703-DKE,Female,0,Yes,Yes,32,Yes,Yes,Fiber optic,No,No,Yes,No,No,Yes,One year,Yes,Electronic check,83.54,2686.61,Yes
5903-JUV,Male,0,Yes,Yes,15,Yes,No,Fiber optic,No,Yes,Yes,No,No,Yes,Month-to-month,No,Mailed check,62.85,938.06,Yes
8829-RPQ,Male,0,Yes,No,71,Yes,Yes,Fiber optic,Yes,No,No,No,No,Yes,Month-to-month,Yes,Mailed check,81.65,5839.82,No
7273-NHV,Male,0,No,No,22,Yes,Yes,DSL,No,No,Yes,Yes,No,Yes,Month-to-month,Yes,Credit card (automatic),62.54,1388.04,No
1780-FAI,Male,1,No,Yes,35,Yes,Yes,No,No internet service,No internet service,No internet service,No internet service,No internet service,No internet service,Month-to-month,Yes,Credit card (automatic),33.98,1177.13,No
1206-GSI,Male,0,Yes,Yes,28,Yes,Yes,No,No internet service,No internet service,No internet service,No internet service,No internet service,No internet service,One year,Yes,Electronic check,31.78,875.23,No
2867-ISB,Female,0,No,No,16,Yes,Yes,DSL,Yes,No,No,No,Yes,Yes,Month-to-month,Yes,Electronic check,48.85,739.56,No
1828-WVY,Female,0,No,Yes,30,Yes,No,DSL,No,Yes,No,No,Yes,No,One year,Yes,Credit card (automatic),64.96,1928.79,No
6628-ZJH,Female,0,Yes,No,11,Yes,No phone service,Fiber optic,No,Yes,No,Yes,No,No,One year,No,Electronic check,91.94,1054.05,Yes
8404-ZSZ,Male,0,No,No,0,Yes,Yes,Fiber optic,No,Yes,No,No,Yes,Yes,Month-to-month,No,Mailed check,56.52,0.0,No
8510-FSI,Male,1,Yes,No,21,Yes,Yes,Fiber optic,Yes,No,Yes,No,No,Yes,Month-to-month,No,Bank transfer (automatic),64.63,1334.83,No
1446-JOC,Female,0,No,No,8,Yes,No,Fiber optic,No,Yes,No,No,Yes,Yes,Month-to-month,Yes,Mailed check,77.85,584.37,Yes
5889-KVZ,Female,0,No,No,30,Yes,No,Fiber optic,No,No,No,No,Yes,No,Two year,Yes,Electronic check,75.67,2303.41,No
2610-VFL,Female,0,No,No,62,Yes,Yes,Fiber optic,Yes,No,Yes,No,No,Yes,One year,Yes,Electronic check,73.18,4552.18,No
1859-NLL,Male,0,Yes,No,11,Yes,No phone service,DSL,Yes,No,No,Yes,Yes,No,One year,Yes,Electronic check,52.45,507.79,Yes
1045-LQB,Male,0,Yes,Yes,0,Yes,Yes,DSL,No,Yes,Yes,Yes,No,No,Month-to-month,Yes,Electronic check,54.91,0.0,No
2364-HDU,Male,0,No,No,8,Yes,No,Fiber optic,No,No,Yes,No,No,Yes,Month-to-month,No,Electronic check,76.36,611.29,No
1890-ILA,Female,0,Yes,Yes,37,Yes,Yes,No,No internet service,No internet service,No internet service,No internet service,No internet service,No internet service,Month-to-month,Yes,Bank transfer (automatic),24.26,957.18,No
2940-BAN,Female,0,Yes,No,20,Yes,No,Fiber optic,Yes,Yes,Yes,Yes,No,Yes,Month-to-month,Yes,Mailed check,49.42,994.5,No
2990-KSY,Male,0,Yes,No,35,Yes,No,Fiber optic,No,No,No,No,No,Yes,One year,Yes,Electronic check,96.29,3333.72,No
1048-SGE,Male,0,No,No,2,Yes,No,No,No internet service,No internet service,No internet service,No internet service,No internet service,No internet service,Month-to-month,Yes,Electronic check,19.19,45.17,Yes
3043-CGZ,Female,0,No,No,24,Yes,Yes,Fiber optic,No,No,Yes,Yes,Yes,No,Month-to-month,Yes,Credit card (automatic),76.98,1796.16,Yes
2984-HJQ,Female,0,No,No,29,Yes,No phone service,Fiber optic,Yes,No,Yes,Yes,Yes,No,Month-to-month,Yes,Electronic check,83.29,2411.0,Yes
7910-NQJ,Male,0,No,Yes,31,Yes,No,DSL,No,No,Yes,No,No,Yes,Month-to-month,Yes,Electronic check,58.73,1782.55,Yes
3957-ISC,Female,0,No,No,40,Yes,No,Fiber optic,No,No,Yes,No,Yes,Yes,One year,Yes,Bank transfer (automatic),63.36,2527.25,Yes
4000-MMS,Female,0,Yes,No,56,Yes,Yes,Fiber optic,No,No,Yes,Yes,No,Yes,Month-to-month,No,Electronic check,80.17,4498.2,No
6401-BOQ,Female,0,Yes,Yes,34,No,Yes,No,No internet service,No internet service,No internet service,No internet service,No internet service,No internet service,Two year,No,Electronic check,53.35,1824.24,No
4393-AGA,Female,0,Yes,No,61,Yes,Yes,DSL,No,Yes,Yes,No,No,Yes,Two year,Yes,Electronic check,42.0,2510.91,No
6900-KKR,Male,0,Yes,No,38,Yes,Yes,Fiber optic,No,No,No,Yes,No,No,Two year,Yes,Credit card (automatic),78.64,2965.75,No
6221-UKS,Female,0,Yes,No,19,Yes,Yes,DSL,Yes,Yes,No,No,Yes,No,One year,Yes,Bank transfer (automatic),53.07,939.2,Yes
8124-GYS,Female,0,No,No,16,Yes,No phone service,No,No internet service,No internet service,No internet service,No internet service,No internet service,No internet service,One year,No,Mailed check,37.04,614.37,No
9491-CAK,Male,0,Yes,No,23,Yes,No,DSL,No,Yes,No,No,Yes,No,One year,Yes,Credit card (automatic),48.7,1127.2,No
5262-ZJR,Female,0,Yes,No,43,Yes,No,Fiber optic,No,Yes,Yes,Yes,No,Yes,Month-to-month,Yes,Bank transfer (automatic),85.42,3631.94,No
1813-VVM,Female,0,No,No,17,Yes,No phone service,Fiber optic,Yes,No,No,Yes,Yes,No,Month-to-month,Yes,Electronic check,66.79,1184.64,Yes
7009-POY,Male,0,No,Yes,66,Yes,No,DSL,Yes,Yes,No,No,Yes,Yes,One year,No,Mailed check,49.95,3313.03,No
9279-FQQ,Male,0,Yes,Yes,35,Yes,No,Fiber optic,No,No,No,Yes,No,Yes,Month-to-month,Yes,Mailed check,89.4,3125.32,Yes
9282-FRO,Female,0,No,No,63,No,No,DSL,Yes,No,Yes,No,Yes,No,Month-to-month,Yes,Mailed check,66.13,4149.62,No
1702-EAH,Female,0,No,No,49,Yes,Yes,Fiber optic,Yes,Yes,No,No,Yes,Yes,Two year,Yes,Bank transfer (automatic),84.29,4107.9,No
8881-GNL,Female,0,Yes,No,24,Yes,No,No,No internet service,No internet service,No internet service,No internet service,No internet service,No internet service,Month-to-month,Yes,Electronic check,35.75,830.38,Yes
3982-IPT,Male,0,No,No,16,Yes,Yes,Fiber optic,No,No,No,No,Yes,Yes,Month-to-month,Yes,Electronic check,96.49,1584.93,Yes
4931-AHG,Male,0,Yes,No,54,Yes,Yes,No,No internet service,No internet service,No internet service,No internet service,No internet service,No internet service,One year,No,Mailed check,30.51,1657.15,No
4154-SQY,Male,0,Yes,Yes,24,Yes,No,DSL,Yes,Yes,Yes,No,Yes,Yes,Month-to-month,No,Electronic check,56.38,1316.41,No
6745-HYZ,Male,1,Yes,No,18,Yes,No,Fiber optic,Yes,Yes,Yes,Yes,Yes,Yes,Two year,No,Credit card (automatic),91.31,1688.97,Yes
8163-CTO,Male,0,No,Yes,67,Yes,Yes,No,No internet service,No internet service,No internet service,No internet service,No internet service,No internet service,Month-to-month,No,Mailed check,39.05,2613.19,No
8136-MAZ,Male,0,No,No,35,Yes,Yes,No,No internet service,No internet service,No internet service,No internet service,No internet service,No internet service,Two year,Yes,Electronic check,61.49,2119.98,No
9823-RYF,Female,0,No,No,3,Yes,No,DSL,No,Yes,Yes,Yes,No,No,One year,No,Bank transfer (automatic),77.26,300.92,No
3086-RVA,Female,0,No,No,36,Yes,Yes,Fiber optic,No,No,No,No,Yes,No,Month-to-month,No,Bank transfer (automatic),72.97,2588.6,Yes
4413-QSJ,Female,0,Yes,Yes,33,Yes,Yes,No,No internet service,No internet service,No internet service,No internet service,No internet service,No internet service,Month-to-month,Yes,Mailed check,33.11,1063.75,No
3381-LYQ,Male,0,Yes,Yes,63,Yes,No,Fiber optic,Yes,No,Yes,Yes,No,Yes,Month-to-month,No,Mailed check,82.28,5183.65,No
9066-IVK,Male,0,No,No,51,Yes,No,Fiber optic,Yes,No,No,Yes,No,No,Month-to-month,No,Bank transfer (automatic),67.98,3478.26,No
1526-YBJ,Female,0,No,No,13,Yes,Yes,DSL,No,Yes,Yes,No,Yes,Yes,Month-to-month,No,Electronic check,84.6,1073.45,Yes
5754-WWI,Female,1,No,Yes,10,Yes,Yes,DSL,Yes,No,No,Yes,Yes,Yes,Two year,No,Bank transfer (automatic),73.88,661.42,No
2978-NDD,Female,0,Yes,No,44,Yes,Yes,Fiber optic,Yes,No,Yes,Yes,No,No,Month-to-month,Yes,Bank transfer (automatic),68.1,2997.54,No
5123-KYI,Female,0,No,No,3,Yes,No,Fiber optic,No,No,No,No,No,Yes,Two year,No,Credit card (automatic),62.88,152.03,Yes
9502-UYB,Male,0,No,No,23,Yes,Yes,DSL,No,No,No,No,No,Yes,Month-to-month,Yes,Credit card (automatic),51.18,1164.57,Yes
5582-LYZ,Male,0,No,Yes,10,Yes,Yes,DSL,Yes,No,No,Yes,Yes,No,Two year,No,Credit card (automatic),55.64,528.04,No
9833-SXP,Male,1,No,No,1,Yes,No,Fiber optic,Yes,No,Yes,No,Yes,Yes,Month-to-month,No,Electronic check,84.98,47.05,Yes
4934-WGC,Male,0,Yes,No,67,Yes,No,Fiber optic,No,Yes,No,No,Yes,Yes,Month-to-month,Yes,Credit card (automatic),39.6,2643.87,No
7765-SGF,Male,0,No,No,6,Yes,No,Fiber optic,No,Yes,Yes,No,No,No,Month-to-month,Yes,Bank transfer (automatic),89.6,515.48,No
4178-UNR,Female,0,No,No,0,Yes,Yes,Fiber optic,Yes,No,No,Yes,No,No,Month-to-month,No,Mailed check,61.12,0.0,No
8756-BMU,Male,0,No,No,68,Yes,Yes,DSL,No,No,Yes,No,Yes,Yes,Two year,Yes,Credit card (automatic),31.96,2207.08,No
1707-NPP,Male,1,Yes,No,13,Yes,Yes,No,No internet service,No internet service,No internet service,No internet service,No internet service,No internet service,Month-to-month,Yes,Credit card (automatic),42.13,512.87,No
1698-EGL,Male,0,Yes,No,59,Yes,Yes,Fiber optic,Yes,No,Yes,No,No,Yes,Month-to-month,Yes,Bank transfer (automatic),85.71,5048.05,No
1998-UPW,Female,0,Yes,Yes,2,Yes,No,DSL,No,No,Yes,No,Yes,No,Month-to-month,No,Electronic check,61.86,122.41,No
3215-UQT,Female,0,Yes,No,11,Yes,No phone service,Fiber optic,Yes,No,No,No,No,Yes,One year,Yes,Electronic check,90.44,935.67,Yes
6956-DMG,Female,1,No,No,8,Yes,Yes,Fiber optic,No,No,No,No,Yes,Yes,Month-to-month,Yes,Credit card (automatic),84.18,634.32,Yes
1017-AAF,Female,0,Yes,No,51,Yes,Yes,Fiber optic,Yes,Yes,Yes,No,Yes,Yes,Month-to-month,No,Credit card (automatic),90.42,4610.04,No
5336-SFO,Male,1,No,No,45,Yes,No,Fiber optic,Yes,Yes,Yes,Yes,No,Yes,Month-to-month,Yes,Electronic check,89.01,4002.75,Yes
5340-ROD,Female,0,Yes,Yes,34,No,No,Fiber optic,No,No,No,Yes,No,Yes,Month-to-month,No,Electronic check,76.47,2572.39,Yes
5196-NNK,Male,0,No,No,17,Yes,Yes,Fiber optic,No,No,No,No,No,No,Month-to-month,Yes,Bank transfer (automatic),72.17,1225.98,No
9695-WQA,Female,0,No,No,6,Yes,Yes,DSL,Yes,No,Yes,Yes,No,Yes,Two year,Yes,Electronic check,50.19,310.51,No
2769-GEG,Male,0,No,No,41,Yes,Yes,DSL,No,Yes,Yes,No,Yes,No,Month-to-month,No,Bank transfer (automatic),54.92,2272.26,No
9559-PZL,Female,0,No,Yes,16,Yes,Yes,DSL,No,No,No,No,Yes,No,One year,Yes,Credit card (automatic),65.17,1066.05,No
5124-QWA,Male,0,Yes,Yes,43,Yes,Yes,Fiber optic,No,No,No,Yes,No,No,Month-to-month,No,Electronic check,72.04,3140.04,Yes
6734-UBI,Female,1,No,Yes,50,Yes,No,Fiber optic,Yes,No,Yes,No,No,Yes,Month-to-month,Yes,Bank transfer (automatic),81.3,4068.77,No
7956-KJC,Female,1,No,No,62,Yes,No,Fiber optic,Yes,Yes,No,No,No,No,Month-to-month,No,Mailed check,73.45,4505.29,No
6195-RXL,Female,0,No,No,36,Yes,Yes,DSL,No,No,No,No,Yes,No,Month-to-month,Yes,Electronic check,77.85,2792.25,Yes
5740-NPC,Male,0,Yes,No,0,Yes,Yes,Fiber optic,Yes,No,Yes,No,Yes,Yes,Month-to-month,No,Mailed check,67.42,0.0,Yes
8267-BUP,Male,0,Yes,No,20,Yes,Yes,DSL,No,No,No,Yes,No,No,Month-to-month,Yes,Mailed check,38.97,808.98,Yes
6659-LAD,Female,0,No,Yes,62,No,No phone service,Fiber optic,No,No,Yes,No,Yes,No,Month-to-month,No,Bank transfer (automatic),64.22,4029.7,No
8867-JQK,Female,0,No,No,38,Yes,No,Fiber optic,Yes,No,No,Yes,No,Yes,Two year,Yes,Mailed check,45.85,1742.09,No
5902-LWY,Male,0,Yes,No,45,Yes,Yes,DSL,No,No,Yes,No,Yes,No,Month-to-month,No,Credit card (automatic),50.06,2293.38,Yes
4389-QCZ,Male,0,Yes,No,33,Yes,No,Fiber optic,No,No,Yes,No,Yes,Yes,Month-to-month,Yes,Electronic check,98.84,3300.01,No
3309-BXC,Male,0,Yes,No,11,Yes,No,Fiber optic,No,Yes,Yes,No,No,No,Month-to-month,Yes,Credit card (automatic),74.45,829.58,Yes
8112-FMZ,Male,0,No,Yes,65,Yes,No phone service,Fiber optic,No,Yes,No,Yes,Yes,Yes,Month-to-month,No,Mailed check,68.66,4481.33,No
8388-BWR,Male,0,Yes,Yes,56,Yes,Yes,DSL,No,No,Yes,No,Yes,Yes,One year,Yes,Mailed check,52.2,2956.41,No
8199-JZK,Male,1,No,Yes,72,Yes,No,No,No internet service,No internet service,No internet service,No internet service,No internet service,No internet service,Month-to-month,No,Electronic check,52.91,3760.66,No
9631-VOF,Male,0,Yes,Yes,62,Yes,No,No,No internet service,No internet service,No internet service,No internet service,No internet service,No internet service,One year,No,Electronic check,53.98,3355.43,No
7011-EZL,Male,1,Yes,No,21,Yes,No,No,No internet service,No internet service,No internet service,No internet service,No internet service,No internet service,Month-to-month,Yes,Mailed check,27.7,601.09,Yes
9167-JML,Male,0,No,No,18,Yes,Yes,DSL,Yes,Yes,Yes,No,No,No,Month-to-month,No,Credit card (automatic),65.56,1129.87,Yes
3015-ZEW,Male,0,Yes,No,18,Yes,No phone service,Fiber optic,Yes,No,No,No,Yes,Yes,Two year,Yes,Bank transfer (automatic),63.27,1205.79,No
2254-DAW,Male,0,No,Yes,67,Yes,No phone service,DSL,No,Yes,No,Yes,Yes,Yes,Month-to-month,No,Electronic check,62.96,4256.56,No
7765-UNF,Male,0,Yes,Yes,40,Yes,Yes,No,No internet service,No internet service,No internet service,No internet service,No internet service,No internet service,Two year,Yes,Electronic check,18.0,758.52,No
5085-VAP,Female,0,No,Yes,33,Yes,No,Fiber optic,No,Yes,Yes,Yes,No,Yes,Month-to-month,Yes,Mailed check,61.05,2028.96,Yes
5266-EAI,Female,1,No,No,70,Yes,Yes,DSL,No,No,Yes,No,No,Yes,Two year,No,Credit card (automatic),66.75,4639.3,No
7209-JZI,Male,0,No,Yes,44,Yes,Yes,DSL,No,No,Yes,Yes,Yes,Yes,Month-to-month,No,Bank transfer (automatic),66.57,2884.68,No
9011-TFG,Female,0,No,No,66,Yes,No,No,No internet service,No internet service,No internet service,No internet service,No internet service,No internet service,Month-to-month,No,Electronic check,26.78,1764.01,No
6758-CGP,Male,0,No,Yes,71,Yes,Yes,No,No internet service,No internet service,No internet service,No internet service,No internet service,No internet service,One year,No,Electronic check,69.41,4952.5,No
5868-NLB,Female,0,Yes,Yes,5,Yes,No,Fiber optic,No,Yes,Yes,Yes,Yes,Yes,Month-to-month,Yes,Electronic check,98.94,513.69,Yes
3318-ZOI,Male,0,Yes,No,26,Yes,No,Fiber optic,No,Yes,No,No,No,Yes,Month-to-month,Yes,Mailed check,82.61,2207.72,No
7100-MRS,Male,0,No,No,53,Yes,No,Fiber optic,No,Yes,Yes,No,No,No,Two year,Yes,Electronic check,79.3,4192.03,No
2641-FAO,Female,0,Yes,No,59,Yes,No,No,No internet service,No internet service,No internet service,No internet service,No internet service,No internet service,Month-to-month,No,Electronic check,22.3,1303.1,No
8163-PRS,Female,0,Yes,Yes,10,Yes,No,Fiber optic,Yes,Yes,Yes,Yes,Yes,Yes,One year,Yes,Credit card (automatic),96.43,964.57,No
5086-TQJ,Male,0,Yes,Yes,23,Yes,No,Fiber optic,Yes,No,Yes,Yes,No,Yes,One year,No,Mailed check,81.9,1843.23,No
8969-OJH,Male,1,No,No,40,Yes,Yes,Fiber optic,No,Yes,Yes,No,Yes,No,Two year,Yes,Credit card (automatic),85.57,3475.37,No
5018-ONP,Female,0,No,No,58,Yes,Yes,No,No internet service,No internet service,No internet service,No internet service,No internet service,No internet service,Two year,Yes,Bank transfer (automatic),29.76,1717.33,No
7178-TMX,Male,1,Yes,Yes,8,No,No,DSL,Yes,Yes,Yes,No,Yes,Yes,One year,No,Electronic check,51.36,419.74,No
7423-MHB,Male,0,No,No,43,Yes,No,Fiber optic,No,Yes,No,No,No,No,Month-to-month,Yes,Electronic check,46.24,2016.82,Yes
2097-QBA,Male,0,No,Yes,21,Yes,Yes,DSL,No,No,No,No,Yes,Yes,Month-to-month,Yes,Mailed check,47.91,979.77,No
1745-RAV,Male,0,Yes,No,15,Yes,Yes,Fiber optic,No,Yes,No,No,Yes,Yes,One year,Yes,Bank transfer (automatic),92.3,1394.21,Yes
9835-UTO,Male,1,No,No,37,Yes,Yes,Fiber optic,No,No,Yes,No,No,Yes,Two year,No,Mailed check,88.61,3278.3,Yes
5840-FGF,Female,0,No,No,30,Yes,Yes,DSL,No,No,No,Yes,No,No,Month-to-month,Yes,Credit card (automatic),57.37,1755.24,No
7573-VZK,Female,0,No,No,46,Yes,Yes,Fiber optic,Yes,Yes,No,Yes,Yes,Yes,Month-to-month,Yes,Bank transfer (automatic),75.52,3474.21,No
4254-CJN,Male,0,No,No,23,Yes,No,DSL,No,No,No,Yes,No,Yes,Month-to-month,Yes,Mailed check,55.33,1172.6,Yes
8657-BKU,Female,1,Yes,Yes,60,Yes,No,No,No internet service,No internet service,No internet service,No internet service,No internet service,No internet service,Month-to-month,Yes,Electronic check,29.15,1716.29,No
8911-REO,Female,0,Yes,No,5,Yes,Yes,No,No internet service,No internet service,No internet service,No internet service,No internet service,No internet service,Two year,Yes,Electronic check,43.64,165.71,No
9222-TDI,Female,0,No,Yes,62,No,Yes,Fiber optic,No,Yes,Yes,No,Yes,No,Month-to-month,No,Mailed check,69.45,4373.35,No
7617-SIX,Male,0,No,No,2,Yes,No,Fiber optic,Yes,No,Yes,No,No,No,One year,Yes,Electronic check,72.7,194.91,Yes
8288-JEP,Female,0,No,No,53,Yes,No phone service,DSL,No,No,No,Yes,No,No,One year,No,Credit card (automatic),73.63,3827.13,No
6710-ANZ,Male,0,No,No,25,Yes,Yes,No,No internet service,No internet service,No internet service,No internet service,No internet service,No internet service,Two year,No,Mailed check,18.0,414.63,No
3587-YMV,Male,0,No,No,27,Yes,No phone service,Fiber optic,Yes,No,No,No,No,No,Month-to-month,No,Electronic check,71.53,1882.84,Yes
9637-VTX,Female,0,No,No,1,Yes,No,DSL,Yes,No,Yes,Yes,Yes,Yes,Two year,Yes,Bank transfer (automatic),51.74,59.32,Yes
1523-HZJ,Female,0,No,Yes,51,Yes,No,No,No internet service,No internet service,No internet service,No internet service,No internet service,No internet service,One year,Yes,Bank transfer (automatic),39.2,1965.74,No
7482-IGC,Female,0,Yes,No,12,Yes,Yes,DSL,No,Yes,Yes,Yes,No,No,One year,Yes,Electronic check,67.44,799.99,No
9639-BMF,Female,0,No,Yes,48,Yes,Yes,Fiber optic,No,No,No,No,No,Yes,Month-to-month,Yes,Mailed check,82.66,3919.48,No
5888-PGG,Male,0,No,No,52,Yes,Yes,DSL,No,Yes,Yes,No,No,Yes,Month-to-month,Yes,Bank transfer (automatic),52.14,2726.34,No
9965-MHN,Female,0,Yes,Yes,61,Yes,No,Fiber optic,No,Yes,No,No,No,Yes,One year,Yes,Mailed check,92.04,5555.67,No
6777-CPN,Male,0,Yes,Yes,51,Yes,No,DSL,Yes,Yes,No,No,Yes,No,Month-to-month,Yes,Electronic check,67.63,3536.74,No
7425-VBA,Female,0,Yes,Yes,22,Yes,No,DSL,No,No,No,No,No,Yes,Month-to-month,Yes,Bank transfer (automatic),63.49,1449.43,No
5468-OFG,Female,1,Yes,No,53,Yes,No,Fiber optic,Yes,Yes,Yes,No,Yes,Yes,Month-to-month,Yes,Bank transfer (automatic),97.88,5274.5,Yes
2100-VNT,Female,0,Yes,Yes,60,Yes,No,No,No internet service,No internet service,No internet service,No internet service,No internet service,No internet service,Month-to-month,Yes,Electronic check,32.33,1961.02,No
5077-FLA,Male,0,Yes,No,23,No,No,DSL,No,No,Yes,Yes,Yes,No,Month-to-month,No,Electronic check,49.64,1196.21,No
4420-TIZ,Male,1,Yes,No,9,Yes,No,Fiber optic,Yes,No,Yes,Yes,No,No,Month-to-month,Yes,Bank transfer (automatic),58.1,554.15,Yes
1258-GPH,Female,0,Yes,No,64,Yes,No,Fiber optic,No,No,No,Yes,No,Yes,Month-to-month,No,Electronic check,67.64,4293.8,No
9193-CMI,Female,0,No,No,10,Yes,No,No,No internet service,No internet service,No internet service,No internet service,No internet service,No internet service,Two year,Yes,Credit card (automatic),42.13,408.27,No
3643-BIB,Female,1,Yes,No,43,Yes,No,DSL,No,No,Yes,No,No,Yes,Two year,No,Electronic check,34.3,1489.74,No
3348-VLG,Female,1,No,Yes,17,Yes,No phone service,Fiber optic,No,No,Yes,No,Yes,No,Month-to-month,Yes,Bank transfer (automatic),91.12,1589.37,Yes
1484-HGL,Male,0,No,No,9,Yes,No phone service,No,No internet service,No internet service,No internet service,No internet service,No internet service,No internet service,Month-to-month,Yes,Credit card (automatic),30.84,277.33,No
9485-BLM,Female,1,Yes,No,56,Yes,No,DSL,No,No,Yes,Yes,Yes,No,Month-to-month,No,Mailed check,46.92,2646.93,No
1419-GAS,Male,0,No,No,10,Yes,Yes,Fiber optic,No,Yes,Yes,No,Yes,No,Month-to-month,Yes,Bank transfer (automatic),86.64,854.76,Yes
9811-BUN,Male,0,No,No,48,Yes,Yes,No,No internet service,No internet service,No internet service,No internet service,No internet service,No internet service,Two year,Yes,Electronic check,48.62,2319.33,Yes
3381-QIZ,Female,0,Yes,No,50,No,Yes,DSL,Yes,No,No,No,No,Yes,Month-to-month,Yes,Bank transfer (automatic),57.81,2839.0,No
7798-GQX,Male,0,Yes,No,4,Yes,No,Fiber optic,No,No,No,No,Yes,Yes,Month-to-month,No,Credit card (automatic),64.94,275.25,No
6938-RJQ,Female,0,No,No,12,No,Yes,DSL,No,No,No,No,No,Yes,Month-to-month,No,Credit card (automatic),72.18,848.93,Yes
8538-BSF,Female,0,Yes,No,57,Yes,Yes,No,No internet service,No internet service,No internet service,No internet service,No internet service,No internet service,Month-to-month,Yes,Mailed check,49.57,2780.52,No
7541-NFZ,Female,0,No,No,37,Yes,No,No,No internet service,No internet service,No internet service,No internet service,No internet service,No internet service,Two year,No,Credit card (automatic),44.38,1621.31,No
3733-VJD,Female,0,No,No,8,Yes,Yes,Fiber optic,No,No,Yes,No,Yes,Yes,One year,Yes,Credit card (automatic),80.43,653.43,No
3741-ZFV,Male,0,Yes,No,72,Yes,No,Fiber optic,No,No,Yes,No,No,No,One year,Yes,Electronic check,60.4,4372.18,No
7063-LQP,Male,0,Yes,No,19,Yes,No,Fiber optic,No,No,Yes,Yes,Yes,No,Month-to-month,Yes,Credit card (automatic),67.08,1268.06,Yes
5947-SPB,Male,0,No,No,0,Yes,No,DSL,No,Yes,Yes,Yes,No,Yes,Two year,Yes,Electronic check,70.11,0.0,No
9754-ZBA,Female,0,Yes,No,67,No,No,DSL,No,No,No,No,Yes,No,Month-to-month,No,Credit card (automatic),45.25,3083.91,No
7065-WVP,Female,0,No,No,1,Yes,No phone service,DSL,Yes,Yes,Yes,Yes,Yes,No,Two year,No,Credit card (automatic),53.97,43.93,No
4930-XIX,Male,0,Yes,Yes,40,Yes,No,DSL,No,Yes,Yes,No,Yes,No,Two year,No,Mailed check,81.32,3286.88,No
5935-OTP,Male,1,Yes,No,72,Yes,Yes,Fiber optic,No,Yes,No,No,Yes,No,Month-to-month,No,Mailed check,76.16,5460.16,No
8788-WRJ,Female,1,Yes,Yes,42,Yes,No,DSL,No,No,Yes,Yes,No,Yes,Two year,Yes,Credit card (automatic),52.79,2171.67,No
6791-ZXW,Female,0,Yes,No,42,Yes,No,DSL,No,Yes,Yes,Yes,No,No,Month-to-month,No,Electronic check,40.11,1651.55,Yes
5793-YJT,Female,0,Yes,No,28,Yes,Yes,Fiber optic,No,No,Yes,No,No,No,One year,Yes,Mailed check,83.42,2305.5,No
2693-HDJ,Female,0,Yes,No,9,Yes,Yes,DSL,No,Yes,No,Yes,No,No,Month-to-month,No,Mailed check,50.54,439.54,No
4346-GAJ,Male,0,No,No,41,Yes,No,DSL,No,Yes,No,No,No,Yes,Month-to-month,Yes,Mailed check,38.27,1638.45,No
6745-WWJ,Male,0,Yes,Yes,65,Yes,No phone service,DSL,Yes,Yes,Yes,Yes,Yes,Yes,Month-to-month,No,Electronic check,43.43,2804.62,No
6774-CZH,Male,0,No,No,6,Yes,Yes,DSL,No,Yes,No,No,Yes,No,Month-to-month,No,Electronic check,47.95,274.52,Yes
9318-LPN,Female,1,Yes,Yes,64,Yes,No,Fiber optic,No,Yes,Yes,Yes,No,No,Month-to-month,Yes,Credit card (automatic),53.65,3438.98,No
2174-HFS,Female,0,Yes,No,30,Yes,Yes,Fiber optic,No,No,No,Yes,No,Yes,Month-to-month,Yes,Credit card (automatic),62.7,1834.78,No
4196-WEN,Female,0,No,No,39,Yes,No,No,No internet service,No internet service,No internet service,No internet service,No internet service,No internet service,One year,Yes,Credit card (automatic),45.47,1778.44,No
4727-BZQ,Female,0,No,Yes,12,Yes,Yes,Fiber optic,No,Yes,No,Yes,Yes,No,Month-to-month,Yes,Mailed check,64.81,800.7,No
9968-BTU,Male,0,No,Yes,45,Yes,No,Fiber optic,No,Yes,No,No,Yes,Yes,Month-to-month,No,Bank transfer (automatic),62.01,2842.34,No
6518-DWN,Male,0,No,Yes,13,Yes,No,No,No internet service,No internet service,No internet service,No internet service,No internet service,No internet service,Two year,Yes,Mailed check,27.96,409.46,No
9659-BWI,Male,0,No,No,19,Yes,No,Fiber optic,No,Yes,Yes,Yes,Yes,No,Two year,Yes,Bank transfer (automatic),104.67,2001.44,No
6858-MMB,Female,0,Yes,No,52,Yes,No phone service,Fiber optic,Yes,Yes,Yes,No,Yes,No,Month-to-month,Yes,Credit card (automatic),91.86,4768.9,No
4373-BLX,Male,0,No,Yes,3,Yes,Yes,Fiber optic,No,No,Yes,No,No,No,Month-to-month,Yes,Electronic check,77.83,227.7,Yes
2442-BGJ,Female,0,Yes,Yes,32,No,Yes,DSL,Yes,Yes,Yes,No,Yes,No,One year,Yes,Credit card (automatic),63.51,2046.58,Yes
7884-DQD,Male,0,Yes,No,43,Yes,Yes,DSL,No,Yes,No,Yes,Yes,No,One year,No,Credit card (automatic),51.95,2232.22,No
3841-JNE,Male,0,No,Yes,9,Yes,No,DSL,No,Yes,Yes,No,Yes,No,Month-to-month,No,Mailed check,32.37,288.15,Yes
4353-IGO,Female,0,No,No,21,Yes,Yes,No,No internet service,No internet service,No internet service,No internet service,No internet service,No internet service,One year,No,Credit card (automatic),19.96,386.45,No
1956-ZNX,Male,0,No,Yes,25,Yes,No,DSL,No,No,Yes,No,Yes,No,Month-to-month,Yes,Credit card (automatic),43.18,1102.97,No
6661-SAW,Female,0,Yes,No,48,Yes,No phone service,Fiber optic,No,Yes,Yes,No,Yes,Yes,Month-to-month,Yes,Electronic check,62.19,2995.54,No
1342-FEW,Female,0,No,No,71,Yes,No,No,No internet service,No internet service,No internet service,No internet service,No internet service,No internet service,One year,Yes,Electronic check,41.99,2954.82,No
7749-ITG,Female,0,Yes,No,61,Yes,No,Fiber optic,No,No,No,No,Yes,No,One year,Yes,Bank transfer (automatic),72.02,4445.34,No
4757-MZB,Male,1,Yes,No,13,Yes,Yes,DSL,No,Yes,No,No,No,Yes,Two year,Yes,Bank transfer (automatic),62.1,814.6,No
5550-NRK,Male,0,Yes,No,1,Yes,No,Fiber optic,Yes,No,No,No,Yes,Yes,Month-to-month,Yes,Electronic check,77.16,27.32,No
5816-BYX,Male,0,No,No,3,Yes,Yes,Fiber optic,No,Yes,No,Yes,No,No,Month-to-month,No,Mailed check,81.41,277.3,Yes
2156-EBQ,Female,0,Yes,Yes,43,Yes,No phone service,No,No internet service,No internet service,No internet service,No internet service,No internet service,No internet service,Month-to-month,Yes,Mailed check,34.13,1444.05,No
5950-PRL,Male,0,No,Yes,11,Yes,No,Fiber optic,No,No,No,No,Yes,Yes,Month-to-month,Yes,Mailed check,94.46,1024.72,Yes
8541-FMG,Male,0,Yes,No,16,Yes,No phone service,Fiber optic,No,No,No,Yes,Yes,Yes,Month-to-month,Yes,Electronic check,71.92,1144.18,Yes
2513-HJA,Male,0,Yes,No,61,Yes,No phone service,Fiber optic,No,No,Yes,No,No,Yes,Month-to-month,No,Electronic check,64.3,3952.51,No
8029-BHJ,Male,1,Yes,No,63,Yes,No,Fiber optic,No,Yes,Yes,No,No,No,Month-to-month,Yes,Credit card (automatic),84.14,5298.8,Yes
8728-PDO,Female,1,Yes,Yes,61,Yes,Yes,Fiber optic,No,Yes,No,Yes,No,No,One year,No,Electronic check,84.76,5192.0,Yes
4818-GSB,Male,0,Yes,Yes,18,Yes,Yes,DSL,No,No,Yes,No,No,No,Month-to-month,Yes,Bank transfer (automatic),45.36,761.4,Yes
4208-VRD,Female,0,No,No,45,Yes,Yes,DSL,No,No,Yes,Yes,No,No,Month-to-month,Yes,Bank transfer (automatic),53.22,2356.28,No
9852-TBW,Male,0,No,Yes,44,Yes,No phone service,DSL,No,Yes,No,No,Yes,Yes,One year,Yes,Credit card (automatic),35.2,1549.92,Yes
1293-MPH,Male,0,Yes,No,13,Yes,No,Fiber optic,Yes,No,No,No,Yes,No,Month-to-month,Yes,Credit card (automatic),59.07,742.53,No
9570-UML,Male,0,Yes,No,40,Yes,Yes,No,No internet service,No internet service,No internet service,No internet service,No internet service,No internet service,Two year,Yes,Credit card (automatic),47.46,1891.25,No
5187-LFQ,Male,0,No,No,38,Yes,Yes,Fiber optic,Yes,No,Yes,Yes,Yes,No,Month-to-month,No,Mailed check,87.81,3362.89,Yes
4286-TAE,Male,0,No,No,28,No,No,Fiber optic,No,Yes,No,No,No,Yes,Month-to-month,No,Electronic check,59.35,1633.69,Yes
5719-HVQ,Male,0,No,No,54,Yes,No,No,No internet service,No internet service,No internet service,No internet service,No internet service,No internet service,Two year,Yes,Electronic check,32.26,1716.3,No
8026-TLC,Female,0,Yes,Yes,49,Yes,No,DSL,No,No,Yes,No,No,Yes,One year,Yes,Mailed check,63.38,3109.46,Yes
4934-GRY,Male,0,Yes,Yes,38,Yes,Yes,DSL,Yes,Yes,Yes,No,Yes,Yes,One year,Yes,Electronic check,51.32,1875.74,No
9419-TTZ,Male,0,No,No,52,Yes,Yes,No,No internet service,No internet service,No internet service,No internet service,No internet service,No internet service,One year,No,Electronic check,40.62,2147.51,No
5487-AXO,Male,0,Yes,No,55,Yes,No phone service,No,No internet service,No internet service,No internet service,No internet service,No internet service,No internet service,Month-to-month,Yes,Electronic check,45.65,2515.3,No
9887-VSK,Male,0,Yes,No,41,Yes,No,Fiber optic,No,No,No,No,No,Yes,One year,Yes,Mailed check,68.01,2791.67,No
9133-XYO,Female,0,Yes,Yes,19,Yes,Yes,DSL,No,No,No,No,Yes,No,Two year,Yes,Bank transfer (automatic),53.8,1003.32,No
6130-RHD,Male,0,No,No,55,Yes,Yes,No,No internet service,No internet service,No internet service,No internet service,No internet service,No internet service,Two year,No,Credit card (automatic),33.19,1849.57,No
7595-LEY,Female,0,No,No,52,Yes,No phone service,Fiber optic,Yes,Yes,No,No,No,Yes,Month-to-month,Yes,Mailed check,63.51,3296.87,Yes
4006-QKK,Female,0,No,No,71,Yes,Yes,Fiber optic,No,Yes,Yes,Yes,No,No,Month-to-month,Yes,Electronic check,71.03,5086.04,No
8626-VLN,Male,0,No,Yes,10,Yes,No,DSL,No,No,Yes,Yes,No,No,One year,Yes,Mailed check,53.21,472.22,No
6602-CWO,Male,1,No,No,30,No,No phone service,Fiber optic,No,Yes,No,Yes,No,Yes,Month-to-month,No,Mailed check,84.07,2524.31,No
2224-RRQ,Male,0,No,No,67,No,No,No,No internet service,No internet service,No internet service,No internet service,No internet service,No internet service,Month-to-month,Yes,Credit card (automatic),33.49,2245.31,No
7080-VOC,Female,0,No,No,37,No,No,No,No internet service,No internet service,No internet service,No internet service,No internet service,No internet service,Month-to-month,No,Mailed check,27.6,1032.09,No
9159-LNH,Female,0,Yes,No,68,Yes,Yes,Fiber optic,Yes,No,No,Yes,Yes,No,Month-to-month,No,Electronic check,87.95,6029.73,Yes
2420-XRL,Male,0,Yes,No,0,Yes,No,Fiber optic,Yes,No,No,No,Yes,No,Month-to-month,Yes,Bank transfer (automatic),67.87,0.0,Yes
4752-JZH,Female,0,Yes,Yes,2,Yes,No,Fiber optic,No,No,Yes,Yes,No,Yes,Month-to-month,No,Mailed check,73.27,97.73,Yes
8320-ADG,Male,1,No,Yes,58,Yes,No,Fiber optic,No,Yes,No,No,Yes,Yes,Month-to-month,No,Mailed check,57.31,3311.62,No
4359-MEI,Male,0,Yes,No,26,Yes,No,Fiber optic,No,No,Yes,No,Yes,Yes,Month-to-month,Yes,Electronic check,84.88,2140.64,No
9139-GAD,Male,0,No,Yes,37,Yes,No,DSL,No,Yes,No,No,Yes,No,Two year,No,Mailed check,66.37,2536.42,No
4629-XFP,Male,0,No,Yes,31,Yes,No phone service,DSL,No,Yes,No,No,No,No,Month-to-month,Yes,Electronic check,45.11,1431.08,No
5081-QUB,Male,0,Yes,No,29,Yes,No,Fiber optic,No,Yes,No,No,Yes,No,Month-to-month,Yes,Bank transfer (automatic),99.3,2897.8,No
1212-WGL,Female,0,Yes,No,68,Yes,No phone service,DSL,No,No,No,No,Yes,Yes,Month-to-month,Yes,Electronic check,29.27,2017.76,No
8529-XHY,Female,0,No,Yes,6,Yes,No,DSL,No,Yes,Yes,No,Yes,No,Month-to-month,No,Electronic check,49.64,342.33,Yes
3786-PHI,Male,0,No,No,56,Yes,Yes,No,No internet service,No internet service,No internet service,No internet service,No internet service,No internet service,Two year,No,Bank transfer (automatic),30.39,1680.33,No
7141-WXP,Male,1,No,No,64,Yes,No,Fiber optic,No,No,No,No,No,No,Two year,Yes,Bank transfer (automatic),72.01,4596.0,No
4380-MZC,Male,0,Yes,No,47,Yes,Yes,DSL,No,No,Yes,No,Yes,Yes,Month-to-month,No,Electronic check,69.67,3286.47,Yes
2377-TWH,Male,1,Yes,No,28,Yes,No,DSL,Yes,Yes,Yes,No,Yes,Yes,Month-to-month,No,Credit card (automatic),47.45,1310.95,No
4187-HEM,Female,1,No,No,11,Yes,Yes,Fiber optic,Yes,Yes,Yes,No,Yes,No,Month-to-month,No,Bank transfer (automatic),75.71,800.35,No
7109-MGM,Female,1,No,No,49,Yes,Yes,Fiber optic,No,No,Yes,No,No,Yes,Month-to-month,Yes,Credit card (automatic),85.8,4185.67,Yes
2258-LMM,Male,1,No,Yes,34,No,No,Fiber optic,No,Yes,Yes,No,No,Yes,Month-to-month,Yes,Electronic check,82.55,2820.06,Yes
2590-GNV,Female,0,No,No,10,Yes,No,Fiber optic,Yes,Yes,Yes,No,Yes,No,Month-to-month,Yes,Mailed check,68.53,717.2,No
9411-FAI,Female,0,Yes,No,26,Yes,No,DSL,No,No,Yes,No,Yes,Yes,Month-to-month,Yes,Mailed check,59.9,1512.92,No
4302-LQG,Female,0,Yes,No,70,Yes,No,Fiber optic,Yes,No,No,No,Yes,Yes,One year,Yes,Mailed check,86.06,6017.56,No
5397-BPK,Female,0,Yes,No,19,Yes,No phone service,DSL,No,Yes,Yes,No,No,Yes,Month-to-month,Yes,Electronic check,59.71,1132.6,Yes
1210-XNE,Female,0,No,No,13,Yes,No phone service,Fiber optic,Yes,Yes,Yes,Yes,Yes,No,Month-to-month,Yes,Electronic check,72.62,895.39,Yes
6940-VPK,Female,0,No,Yes,49,Yes,No,DSL,No,No,Yes,No,Yes,No,Month-to-month,No,Credit card (automatic),35.64,1762.07,Yes
1382-TCM,Male,0,Yes,No,14,Yes,No,DSL,No,No,No,No,Yes,Yes,Month-to-month,Yes,Credit card (automatic),62.64,873.21,Yes
7195-EDR,Male,0,Yes,No,67,Yes,No,DSL,No,Yes,No,No,Yes,Yes,Month-to-month,Yes,Electronic check,45.84,3038.43,No
3788-FLX,Female,0,No,No,62,Yes,No,No,No internet service,No internet service,No internet service,No internet service,No internet service,No internet service,Month-to-month,No,Electronic check,18.0,1099.12,No
4963-DBO,Male,0,Yes,Yes,71,Yes,Yes,DSL,No,No,Yes,No,No,Yes,Month-to-month,Yes,Electronic check,43.62,3115.75,No
5063-FKR,Male,0,No,No,66,Yes,No,DSL,Yes,Yes,Yes,No,Yes,Yes,Month-to-month,No,Bank transfer (automatic),60.78,4045.71,No
3534-BNI,Female,0,Yes,No,17,No,No,DSL,Yes,No,Yes,Yes,No,No,Two year,No,Electronic check,55.3,951.99,No
7574-YZZ,Male,0,No,No,15,No,Yes,Fiber optic,Yes,No,Yes,No,No,No,Two year,Yes,Bank transfer (automatic),82.48,1303.91,No
9720-ARJ,Male,0,Yes,No,25,Yes,No phone service,Fiber optic,Yes,No,No,No,No,No,Month-to-month,Yes,Electronic check,59.41,1524.29,Yes
3119-ZVZ,Female,0,No,No,34,Yes,Yes,No,No internet service,No internet service,No internet service,No internet service,No internet service,No internet service,Month-to-month,Yes,Bank transfer (automatic),47.52,1634.98,Yes
4001-AEG,Female,0,No,No,64,Yes,No,Fiber optic,Yes,No,No,Yes,No,Yes,One year,Yes,Credit card (automatic),82.78,5273.32,No
3928-VBH,Male,0,Yes,No,53,Yes,No,Fiber optic,Yes,Yes,No,Yes,Yes,Yes,One year,Yes,Electronic check,61.53,3300.68,No
4557-CUH,Female,0,No,No,47,Yes,No,Fiber optic,No,Yes,Yes,No,No,Yes,Month-to-month,Yes,Credit card (automatic),71.5,3333.6,Yes
1070-GAB,Male,0,Yes,No,64,Yes,No,DSL,No,Yes,Yes,No,No,Yes,Month-to-month,Yes,Credit card (automatic),53.3,3437.34,No
2584-OFF,Female,1,Yes,No,47,Yes,Yes,No,No internet service,No internet service,No internet service,No internet service,No internet service,No internet service,Month-to-month,Yes,Mailed check,54.14,2459.04,No
6795-JEZ,Male,0,Yes,No,27,Yes,Yes,No,No internet service,No internet service,No internet service,No internet service,No internet service,No internet service,One year,Yes,Electronic check,40.76,1083.24,No
4584-NQB,Male,1,Yes,Yes,30,Yes,No,DSL,No,No,No,No,No,Yes,Month-to-month,Yes,Mailed check,38.92,1118.68,No
3184-VEF,Female,0,Yes,Yes,37,Yes,Yes,Fiber optic,No,Yes,Yes,Yes,No,No,Month-to-month,Yes,Electronic check,74.58,2749.44,Yes
8984-FFZ,Male,0,No,No,6,Yes,Yes,DSL,No,No,Yes,No,No,Yes,Month-to-month,Yes,Credit card (automatic),48.21,235.39,No
9036-IYR,Male,1,No,No,54,Yes,Yes,Fiber optic,Yes,No,Yes,No,Yes,No,Month-to-month,No,Mailed check,117.62,6352.48,Yes
9348-GMH,Male,0,Yes,Yes,47,Yes,Yes,Fiber optic,No,Yes,Yes,No,Yes,Yes,Month-to-month,No,Credit card (automatic),60.29,2849.98,Yes
7491-TGV,Female,0,No,No,53,Yes,Yes,No,No internet service,No internet service,No internet service,No internet service,No internet service,No internet service,One year,No,Bank transfer (automatic),65.05,3424.9,No
1578-FNH,Male,0,No,No,38,Yes,Yes,DSL,Yes,Yes,No,No,Yes,No,Month-to-month,Yes,Electronic check,50.45,1905.9,Yes
1917-PUT,Female,0,Yes,No,57,Yes,Yes,Fiber optic,No,No,Yes,No,Yes,Yes,Month-to-month,Yes,Mailed check,96.41,5503.05,No
5559-MBW,Male,0,Yes,No,69,Yes,Yes,Fiber optic,No,Yes,Yes,No,Yes,No,Month-to-month,No,Credit card (automatic),89.72,6189.03,No
7475-JMN,Female,0,No,No,41,Yes,No,DSL,No,No,No,No,Yes,Yes,Two year,No,Mailed check,46.39,1949.17,No
5164-HOF,Female,0,Yes,No,32,Yes,Yes,Fiber optic,Yes,No,No,No,No,No,Month-to-month,No,Mailed check,74.86,2371.53,No
8098-YDA,Female,1,Yes,Yes,7,No,No,Fiber optic,Yes,No,Yes,No,Yes,Yes,Month-to-month,Yes,Credit card (automatic),65.29,475.83,Yes
2021-KEQ,Female,1,Yes,No,56,Yes,Yes,Fiber optic,No,No,No,No,Yes,Yes,Month-to-month,Yes,Electronic check,67.89,3810.95,No
3746-ZTK,Male,0,No,No,65,Yes,No,No,No internet service,No internet service,No internet service,No internet service,No internet service,No internet service,Two year,Yes,Credit card (automatic),38.06,2418.29,No
6342-PBN,Female,0,Yes,No,51,Yes,No,DSL,Yes,No,No,No,No,No,One year,No,Electronic check,48.18,2460.23,No
8386-DBG,Female,0,Yes,No,63,Yes,Yes,DSL,No,Yes,No,No,Yes,No,Two year,No,Credit card (automatic),46.54,2928.98,No
2862-KXO,Female,0,Yes,No,62,Yes,No,DSL,No,Yes,No,Yes,Yes,No,One year,No,Bank transfer (automatic),60.7,3746.17,No
4147-QIU,Female,1,Yes,No,58,Yes,Yes,DSL,No,No,Yes,Yes,No,Yes,Month-to-month,No,Electronic check,40.46,2408.78,No
2701-LEZ,Male,0,No,No,36,Yes,No,Fiber optic,No,No,Yes,Yes,Yes,Yes,Month-to-month,No,Electronic check,64.09,2352.22,No
1273-FWF,Female,0,No,No,7,Yes,Yes,No,No internet service,No internet service,No internet service,No internet service,No internet service,No internet service,Month-to-month,Yes,Electronic check,45.1,289.01,Yes
7575-KJB,Male,0,No,Yes,0,Yes,No,Fiber optic,Yes,No,No,No,Yes,Yes,One year,No,Bank transfer (automatic),80.49,0.0,No
7796-QHL,Male,0,No,No,14,Yes,No,Fiber optic,Yes,Yes,No,Yes,Yes,Yes,One year,No,Mailed check,64.18,924.56,No
4077-IWS,Female,0,No,Yes,31,Yes,No,Fiber optic,Yes,No,No,No,Yes,Yes,Month-to-month,No,Electronic check,55.55,1727.16,No
3019-VWD,Female,0,Yes,Yes,54,Yes,No,DSL,No,No,No,No,Yes,No,Two year,No,Bank transfer (automatic),34.67,1833.75,No
3219-XXC,Male,0,Yes,No,33,Yes,No,No,No internet service,No internet service,No internet service,No internet service,No internet service,No internet service,Month-to-month,Yes,Credit card (automatic),49.86,1612.05,No
3051-OHD,Female,0,No,No,1,Yes,No,Fiber optic,No,No,Yes,No,Yes,No,Month-to-month,No,Electronic check,86.5,104.98,Yes
5971-KFH,Male,0,Yes,Yes,15,Yes,Yes,Fiber optic,No,Yes,Yes,No,Yes,Yes,Month-to-month,Yes,Bank transfer (automatic),64.96,992.14,Yes
1228-XHT,Male,0,No,No,71,Yes,No,No,No internet service,No internet service,No internet service,No internet service,No internet service,No internet service,Two year,No,Credit card (automatic),47.68,3375.29,No
4883-YAC,Male,1,Yes,Yes,72,Yes,No phone service,Fiber optic,No,No,Yes,No,No,Yes,Two year,No,Mailed check,94.93,6881.01,No
8069-MHH,Female,0,No,Yes,27,Yes,No,DSL,No,No,Yes,No,No,Yes,Month-to-month,No,Credit card (automatic),41.17,1163.86,Yes
2580-WQR,Female,0,Yes,Yes,58,Yes,No,Fiber optic,No,No,No,Yes,Yes,No,Two year,Yes,Bank transfer (automatic),77.25,4532.36,No
8898-ELN,Male,0,No,No,52,Yes,Yes,Fiber optic,Yes,Yes,Yes,Yes,Yes,Yes,Two year,No,Bank transfer (automatic),55.36,2930.73,No
4832-IMV,Male,0,Yes,No,67,Yes,Yes,Fiber optic,Yes,Yes,No,Yes,No,No,Two year,No,Credit card (automatic),83.22,5575.19,No
2423-WIC,Female,0,Yes,No,64,Yes,Yes,No,No internet service,No internet service,No internet service,No internet service,No internet service,No internet service,Two year,No,Electronic check,41.36,2600.32,No
5094-PZU,Female,1,Yes,Yes,45,Yes,Yes,Fiber optic,No,No,Yes,No,No,Yes,Month-to-month,Yes,Mailed check,67.74,3037.02,No
4508-ABT,Male,1,Yes,Yes,28,Yes,No,Fiber optic,Yes,No,No,No,No,No,One year,No,Bank transfer (automatic),73.47,2053.14,No
3305-OYH,Male,0,No,Yes,45,Yes,No,No,No internet service,No internet service,No internet service,No internet service,No internet service,No internet service,One year,No,Electronic check,34.83,1545.31,No
8562-IQB,Female,0,No,No,23,Yes,No,Fiber optic,No,Yes,No,No,Yes,Yes,One year,Yes,Mailed check,68.57,1563.78,No
5810-SQX,Female,0,No,No,25,Yes,No,Fiber optic,No,Yes,Yes,No,No,Yes,Month-to-month,Yes,Bank transfer (automatic),87.57,2148.81,No
9658-OLA,Female,1,No,Yes,44,Yes,Yes,DSL,Yes,Yes,Yes,No,No,No,One year,No,Electronic check,45.03,2006.33,No
8198-EWS,Female,0,No,No,41,Yes,No,Fiber optic,No,No,No,No,Yes,No,Two year,No,Mailed check,65.11,2726.5,No
2887-HKM,Male,1,No,No,42,Yes,No phone service,Fiber optic,No,No,Yes,No,No,Yes,Month-to-month,Yes,Electronic check,74.24,3201.45,Yes
7481-HGK,Male,1,No,No,28,Yes,No,DSL,No,Yes,Yes,No,Yes,No,Two year,Yes,Electronic check,59.05,1662.09,No
3870-HJU,Male,0,No,Yes,29,Yes,No,Fiber optic,No,No,No,No,No,No,Month-to-month,No,Mailed check,84.86,2454.93,Yes
9763-CSJ,Female,0,No,Yes,0,Yes,No,DSL,No,Yes,Yes,No,No,Yes,Month-to-month,No,Electronic check,65.19,0.0,No
5692-KLL,Male,1,Yes,No,43,Yes,No,DSL,Yes,Yes,No,No,No,Yes,Month-to-month,Yes,Mailed check,34.63,1536.73,No
7155-UXW,Male,0,No,No,42,Yes,No,Fiber optic,No,Yes,No,No,Yes,No,Two year,No,Electronic check,99.44,4223.53,No
3074-XTJ,Male,0,No,No,68,Yes,No,DSL,Yes,No,Yes,No,Yes,Yes,Month-to-month,Yes,Credit card (automatic),44.06,2987.66,Yes
3207-QUM,Male,0,No,Yes,36,Yes,Yes,Fiber optic,Yes,Yes,Yes,No,No,Yes,Month-to-month,Yes,Credit card (automatic),66.89,2450.16,No
7647-TRI,Male,0,No,No,34,Yes,Yes,Fiber optic,No,No,No,Yes,Yes,No,One year,No,Electronic check,66.33,2260.88,No
3404-KZB,Male,0,Yes,No,4,No,No,DSL,Yes,Yes,No,No,Yes,No,Month-to-month,Yes,Electronic check,72.0,262.26,Yes
4002-XWF,Female,1,No,No,14,Yes,No,DSL,No,No,No,No,Yes,Yes,Month-to-month,Yes,Electronic check,78.79,1097.65,Yes
2617-DJC,Male,0,Yes,No,24,Yes,No,Fiber optic,No,Yes,Yes,No,No,Yes,Two year,No,Electronic check,89.66,2211.45,No
1207-QCM,Female,0,No,No,27,Yes,No,DSL,No,Yes,No,Yes,Yes,No,One year,Yes,Bank transfer (automatic),54.88,1507.02,Yes
5013-PVI,Female,0,Yes,No,26,Yes,No phone service,Fiber optic,No,Yes,Yes,No,No,Yes,One year,Yes,Bank transfer (automatic),83.03,2141.04,Yes
7017-TOK,Female,1,No,No,28,Yes,No,Fiber optic,No,Yes,No,Yes,No,No,One year,Yes,Mailed check,88.65,2515.01,Yes
1116-GVL,Female,0,No,Yes,56,Yes,No,Fiber optic,No,Yes,Yes,No,Yes,No,Two year,Yes,Credit card (automatic),67.2,3788.19,No
3938-XOZ,Male,0,Yes,No,9,Yes,Yes,Fiber optic,No,Yes,Yes,No,No,Yes,Month-to-month,No,Credit card (automatic),78.73,697.72,Yes
8394-FBA,Male,0,No,No,24,Yes,No,No,No internet service,No internet service,No internet service,No internet service,No internet service,No internet service,Month-to-month,Yes,Mailed check,48.23,1131.39,No
3846-WYY,Female,1,Yes,No,11,No,No phone service,DSL,No,No,No,No,No,Yes,Month-to-month,Yes,Bank transfer (automatic),83.78,882.69,Yes
1870-RJC,Male,0,No,Yes,22,Yes,Yes,No,No internet service,No internet service,No internet service,No internet service,No internet service,No internet service,Month-to-month,Yes,Mailed check,50.45,1052.35,No
9089-LDL,Female,0,No,No,49,Yes,No,No,No internet service,No internet service,No internet service,No internet service,No internet service,No internet service,One year,No,Bank transfer (automatic),40.04,1939.06,No
7153-NRK,Female,0,No,Yes,3,Yes,No phone service,Fiber optic,Yes,No,No,No,No,Yes,One year,No,Electronic check,92.65,271.73,Yes
3188-QDL,Female,0,No,No,24,Yes,Yes,DSL,No,No,Yes,Yes,No,Yes,Month-to-month,Yes,Electronic check,63.95,1578.91,Yes
7839-DFH,Female,0,Yes,No,1,Yes,Yes,DSL,No,No,Yes,No,Yes,Yes,Month-to-month,No,Electronic check,50.34,79.19,Yes
7997-AXN,Female,0,Yes,No,69,Yes,Yes,No,No internet service,No internet service,No internet service,No internet service,No internet service,No internet service,One year,No,Electronic check,33.45,2314.93,No
1423-YHA,Male,0,No,Yes,53,Yes,Yes,DSL,No,No,No,No,No,Yes,Two year,Yes,Mailed check,67.82,3528.88,No
7551-POH,Male,0,Yes,No,17,Yes,Yes,No,No internet service,No internet service,No internet service,No internet service,No internet service,No internet service,Month-to-month,Yes,Bank transfer (automatic),22.9,399.63,Yes
5645-PMI,Male,0,No,Yes,14,Yes,No,Fiber optic,No,Yes,No,No,Yes,No,Month-to-month,No,Mailed check,72.54,957.97,Yes
9612-MUI,Female,0,No,No,7,Yes,Yes,Fiber optic,No,Yes,Yes,No,Yes,No,Month-to-month,No,Credit card (automatic),69.69,518.39,Yes
5976-MIY,Female,0,Yes,No,34,Yes,Yes,Fiber optic,No,Yes,Yes,No,No,No,Month-to-month,Yes,Electronic check,71.62,2466.63,Yes
1213-LRF,Female,0,Yes,No,55,Yes,No phone service,DSL,No,No,No,No,Yes,Yes,Month-to-month,Yes,Credit card (automatic),52.24,2874.98,Yes
2398-KEE,Female,1,No,Yes,42,Yes,No,Fiber optic,Yes,Yes,No,No,Yes,Yes,Month-to-month,No,Electronic check,81.75,3462.09,No
1940-ZWQ,Female,0,No,No,64,Yes,Yes,No,No internet service,No internet service,No internet service,No internet service,No internet service,No internet service,One year,No,Electronic check,38.19,2479.66,No
6198-JUI,Female,0,Yes,Yes,25,Yes,Yes,DSL,No,No,Yes,No,Yes,Yes,Month-to-month,Yes,Electronic check,70.11,1756.58,Yes
1135-FMQ,Male,1,No,No,20,Yes,No phone service,No,No internet service,No internet service,No internet service,No internet service,No internet service,No internet service,Month-to-month,Yes,Electronic check,18.0,354.93,No
6620-KXH,Female,0,Yes,Yes,34,Yes,No,No,No internet service,No internet service,No internet service,No internet service,No internet service,No internet service,Month-to-month,Yes,Electronic check,33.52,1093.17,No
6391-DDX,Male,0,No,Yes,14,Yes,Yes,DSL,No,No,No,No,Yes,Yes,Two year,No,Bank transfer (automatic),42.84,587.33,No
7393-RJT,Male,0,Yes,No,71,No,No,Fiber optic,No,No,Yes,No,Yes,Yes,Month-to-month,No,Electronic check,104.49,7383.91,Yes
3181-QWU,Male,1,No,No,13,No,No,DSL,No,No,Yes,No,No,Yes,Month-to-month,Yes,Electronic check,39.4,476.97,Yes
6033-IMZ,Female,0,No,No,34,Yes,Yes,Fiber optic,No,No,Yes,No,No,No,Month-to-month,No,Electronic check,62.88,2112.27,No
8568-BYY,Male,0,Yes,No,38,Yes,No,No,No internet service,No internet service,No internet service,No internet service,No internet service,No internet service,One year,Yes,Bank transfer (automatic),62.42,2303.31,No
6748-OVI,Female,0,Yes,No,4,Yes,No,No,No internet service,No internet service,No internet service,No internet service,No internet service,No internet service,Two year,No,Mailed check,24.99,134.24,No
4799-HXP,Male,1,No,No,34,Yes,No,No,No internet service,No internet service,No internet service,No internet service,No internet service,No internet service,Month-to-month,Yes,Electronic check,29.54,1012.03,Yes
7473-BXP,Female,0,No,No,33,Yes,No,DSL,No,No,No,Yes,Yes,No,Month-to-month,Yes,Electronic check,55.53,1873.12,No
8774-CJP,Female,0,No,No,18,Yes,No,Fiber optic,Yes,No,Yes,No,No,No,Month-to-month,Yes,Bank transfer (automatic),78.17,1435.13,Yes
8959-XOM,Male,0,Yes,No,9,Yes,Yes,DSL,No,Yes,No,Yes,No,Yes,One year,Yes,Bank transfer (automatic),57.06,531.0,No
8155-SSA,Female,0,Yes,No,3,Yes,No,No,No internet service,No internet service,No internet service,No internet service,No internet service,No internet service,Two year,No,Mailed check,35.01,132.83,No
9317-ASR,Male,0,No,No,0,Yes,Yes,DSL,No,Yes,No,No,No,Yes,Month-to-month,Yes,Mailed check,55.29,0.0,No
7484-YZD,Female,0,No,No,35,Yes,Yes,DSL,Yes,No,No,No,Yes,Yes,Month-to-month,Yes,Electronic check,51.84,1860.08,No
8819-OPZ,Male,0,No,Yes,6,Yes,Yes,DSL,Yes,No,Yes,No,Yes,No,One year,No,Mailed check,68.24,391.6,No
7754-YGV,Male,0,No,Yes,70,Yes,No,DSL,No,Yes,Yes,No,No,Yes,One year,Yes,Bank transfer (automatic),26.78,1873.9,No
5936-FZI,Female,0,Yes,Yes,17,Yes,No,DSL,No,No,No,No,No,No,Month-to-month,Yes,Bank transfer (automatic),61.01,1027.4,Yes
2545-PXM,Male,1,No,No,47,Yes,No,DSL,Yes,No,Yes,No,No,No,Month-to-month,Yes,Mailed check,38.27,1869.29,No
7690-YHA,Female,1,No,Yes,49,Yes,Yes,No,No internet service,No internet service,No internet service,No internet service,No internet service,No internet service,Month-to-month,No,Bank transfer (automatic),19.18,917.71,No
9516-RLV,Male,0,Yes,No,36,Yes,No,Fiber optic,No,Yes,No,Yes,No,No,Two year,No,Mailed check,93.48,3410.35,No
5247-XMH,Male,1,No,Yes,64,Yes,Yes,DSL,No,Yes,Yes,Yes,Yes,No,One year,No,Bank transfer (automatic),60.73,3839.0,No
2756-GQD,Female,1,Yes,No,8,Yes,No,No,No internet service,No internet service,No internet service,No internet service,No internet service,No internet service,One year,No,Bank transfer (automatic),30.94,251.03,No
5693-CZD,Female,0,No,No,17,Yes,Yes,Fiber optic,No,No,No,No,Yes,Yes,Two year,Yes,Bank transfer (automatic),51.45,868.29,No
7975-KLC,Female,0,No,No,18,No,Yes,Fiber optic,Yes,No,No,No,No,Yes,Month-to-month,Yes,Electronic check,63.25,1102.77,No
9004-ZYY,Female,0,Yes,Yes,9,Yes,Yes,DSL,No,Yes,Yes,Yes,No,No,Month-to-month,No,Electronic check,59.09,508.55,Yes
6151-ZYT,Male,0,Yes,No,21,Yes,Yes,Fiber optic,Yes,No,No,Yes,Yes,Yes,Month-to-month,Yes,Electronic check,77.62,1647.63,No
5680-FFM,Male,0,Yes,No,22,Yes,No,Fiber optic,Yes,Yes,No,Yes,No,Yes,Two year,No,Mailed check,87.63,1916.08,No
5726-QMU,Male,1,No,No,55,Yes,Yes,DSL,No,Yes,Yes,Yes,Yes,Yes,One year,Yes,Mailed check,74.38,4057.12,No
5612-SES,Female,0,No,No,22,Yes,Yes,Fiber optic,No,Yes,Yes,Yes,No,No,Month-to-month,Yes,Bank transfer (automatic),81.09,1815.4,Yes
2836-NKF,Male,1,No,No,63,Yes,No,Fiber optic,Yes,Yes,Yes,Yes,Yes,No,Month-to-month,Yes,Mailed check,82.59,5202.43,No
7800-WGS,Female,0,No,Yes,56,Yes,No,Fiber optic,No,No,Yes,No,No,Yes,One year,Yes,Bank transfer (automatic),87.72,4923.91,Yes
1731-LGC,Male,0,No,No,65,Yes,Yes,Fiber optic,No,No,Yes,No,No,No,One year,No,Bank transfer (automatic),75.52,4947.06,No
4571-TBO,Male,1,No,Yes,7,Yes,Yes,Fiber optic,No,Yes,No,No,No,No,One year,No,Electronic check,44.83,367.91,Yes
4689-GPQ,Male,0,No,No,71,Yes,No,Fiber optic,No,No,Yes,Yes,Yes,No,Month-to-month,No,Electronic check,74.03,5176.12,No
8420-KMK,Female,0,Yes,No,44,No,Yes,DSL,No,Yes,Yes,No,Yes,No,Two year,No,Electronic check,20.37,892.52,No
7578-GRW,Male,0,No,Yes,71,Yes,Yes,DSL,Yes,Yes,Yes,No,Yes,Yes,One year,Yes,Bank transfer (automatic),56.43,3947.84,No
5862-HOL,Female,0,Yes,No,25,No,Yes,Fiber optic,No,No,Yes,No,No,No,One year,Yes,Electronic check,68.72,1813.41,Yes
3610-XDJ,Male,0,No,No,69,Yes,Yes,DSL,No,No,Yes,Yes,Yes,No,One year,No,Electronic check,52.97,3660.21,No
5768-SHV,Male,0,Yes,Yes,42,Yes,No,Fiber optic,Yes,No,No,No,Yes,Yes,Two year,Yes,Electronic check,71.49,3036.64,No
4330-ZTG,Male,0,Yes,Yes,5,Yes,Yes,DSL,No,Yes,Yes,Yes,No,No,Two year,Yes,Bank transfer (automatic),27.38,114.95,No
7031-BDA,Female,0,No,No,29,Yes,No,Fiber optic,No,No,No,No,Yes,Yes,One year,Yes,Credit card (automatic),68.08,1961.88,No
2169-UWR,Male,0,No,No,10,Yes,Yes,Fiber optic,Yes,Yes,No,No,No,No,Month-to-month,No,Credit card (automatic),71.41,752.58,Yes
4495-MEL,Male,0,No,No,68,Yes,No phone service,No,No internet service,No internet service,No internet service,No internet service,No internet service,No internet service,Month-to-month,No,Electronic check,53.71,3670.31,No
6516-UZK,Female,0,Yes,No,22,No,Yes,Fiber optic,No,Yes,Yes,Yes,Yes,No,Two year,Yes,Mailed check,81.95,1861.62,Yes
6436-CPD,Male,0,Yes,Yes,16,No,No,Fiber optic,No,No,Yes,Yes,Yes,No,One year,Yes,Electronic check,94.75,1486.8,Yes
8998-DFG,Male,0,No,No,40,Yes,Yes,No,No internet service,No internet service,No internet service,No internet service,No internet service,No internet service,Month-to-month,Yes,Credit card (automatic),30.77,1223.17,No
6055-SGU,Male,1,No,Yes,31,Yes,No,Fiber optic,No,Yes,Yes,No,Yes,Yes,Month-to-month,Yes,Mailed check,107.2,3341.16,Yes
7149-QOY,Female,1,Yes,Yes,7,No,No,Fiber optic,Yes,Yes,Yes,No,No,Yes,Two year,Yes,Electronic check,69.98,513.16,Yes
8702-UPO,Female,0,Yes,Yes,59,Yes,No,DSL,Yes,Yes,No,No,No,No,Two year,No,Mailed check,49.56,2938.71,No
6397-ZMR,Female,0,No,No,61,Yes,Yes,Fiber optic,Yes,Yes,No,Yes,No,Yes,Two year,No,Mailed check,98.16,5941.45,No
1495-TMZ,Male,0,No,Yes,54,Yes,Yes,Fiber optic,No,Yes,Yes,No,Yes,No,Month-to-month,No,Credit card (automatic),50.99,2720.47,Yes
1390-ZPF,Male,0,No,No,45,Yes,No,Fiber optic,Yes,Yes,Yes,No,No,No,Two year,No,Electronic check,66.71,3013.91,No
3115-EAB,Male,0,Yes,No,29,Yes,No,No,No internet service,No internet service,No internet service,No internet service,No internet service,No internet service,Two year,No,Credit card (automatic),18.0,467.98,No
7855-FIL,Female,1,Yes,No,39,Yes,Yes,No,No internet service,No internet service,No internet service,No internet service,No internet service,No internet service,Month-to-month,No,Electronic check,21.63,812.56,No
6860-URW,Male,0,No,No,38,Yes,Yes,No,No internet service,No internet service,No internet service,No internet service,No internet service,No internet service,Month-to-month,Yes,Electronic check,18.0,685.31,Yes
5493-MAQ,Female,1,No,No,12,Yes,No,Fiber optic,No,Yes,No,No,No,Yes,Two year,No,Bank transfer (automatic),85.8,1002.44,No
8198-QJR,Female,0,Yes,No,5,Yes,Yes,No,No internet service,No internet service,No internet service,No internet service,No internet service,No internet service,Month-to-month,Yes,Mailed check,18.94,102.72,Yes
3286-BTN,Female,0,No,No,18,Yes,No,No,No internet service,No internet service,No internet service,No internet service,No internet service,No internet service,One year,Yes,Credit card (automatic),35.41,634.24,No
8103-QVT,Female,0,Yes,No,33,Yes,Yes,DSL,No,Yes,No,Yes,Yes,No,One year,Yes,Mailed check,63.64,2072.53,No
7920-WEN,Male,0,Yes,No,11,Yes,No,Fiber optic,Yes,No,Yes,Yes,No,No,One year,No,Mailed check,77.6,826.84,No
7993-MGZ,Female,0,Yes,No,7,Yes,Yes,DSL,Yes,Yes,Yes,No,Yes,Yes,Month-to-month,No,Electronic check,68.04,521.01,No
3758-MGC,Female,0,Yes,No,62,Yes,Yes,DSL,Yes,Yes,No,No,No,No,One year,No,Credit card (automatic),65.76,4090.56,No
2968-KPY,Male,0,Yes,No,27,Yes,Yes,DSL,Yes,Yes,No,No,Yes,Yes,Month-to-month,Yes,Bank transfer (automatic),77.63,2104.67,No
6555-JTT,Male,1,No,No,42,Yes,No,Fiber optic,No,No,No,No,No,Yes,Two year,No,Bank transfer (automatic),67.25,2826.42,Yes
2783-UMV,Male,0,No,No,38,Yes,No,DSL,Yes,Yes,No,Yes,No,Yes,Month-to-month,No,Credit card (automatic),58.41,2187.82,No
6362-BJB,Female,1,No,No,53,Yes,No,DSL,No,Yes,No,No,No,No,One year,No,Electronic check,43.2,2269.85,No
2995-CCK,Male,0,Yes,Yes,54,Yes,Yes,DSL,No,No,No,Yes,Yes,No,Two year,Yes,Credit card (automatic),47.21,2465.31,No
3503-QNX,Male,0,Yes,No,21,Yes,No,Fiber optic,No,Yes,Yes,No,No,No,Month-to-month,Yes,Mailed check,68.33,1412.65,No
2515-GWY,Female,0,Yes,No,61,Yes,Yes,No,No internet service,No internet service,No internet service,No internet service,No internet service,No internet service,Month-to-month,Yes,Credit card (automatic),35.6,2149.91,No
7361-ZCZ,Female,0,No,No,27,Yes,No,No,No internet service,No internet service,No internet service,No internet service,No internet service,No internet service,Two year,No,Bank transfer (automatic),34.32,945.84,Yes
2823-XBX,Female,0,Yes,Yes,60,No,No,Fiber optic,No,Yes,Yes,No,Yes,No,Month-to-month,Yes,Mailed check,87.76,5244.49,No
8702-KGC,Female,0,Yes,No,29,Yes,No phone service,DSL,Yes,No,Yes,Yes,Yes,Yes,Month-to-month,No,Bank transfer (automatic),54.41,1605.4,No
9704-YZV,Female,0,No,No,8,Yes,No,No,No internet service,No internet service,No internet service,No internet service,No internet service,No internet service,Month-to-month,Yes,Bank transfer (automatic),18.0,134.91,Yes
3197-UYU,Male,1,Yes,No,55,Yes,No,DSL,No,Yes,Yes,No,Yes,No,Two year,No,Electronic check,55.91,3080.25,No
4175-OIR,Female,0,Yes,No,2,Yes,Yes,No,No internet service,No internet service,No internet service,No internet service,No internet service,No internet service,One year,Yes,Bank transfer (automatic),27.69,54.29,Yes
9180-BPI,Male,0,Yes,No,56,No,Yes,Fiber optic,No,Yes,Yes,No,Yes,No,Month-to-month,No,Mailed check,65.32,3682.41,No
7164-LKG,Male,0,Yes,No,3,Yes,Yes,Fiber optic,Yes,Yes,No,Yes,Yes,No,Two year,No,Credit card (automatic),77.96,276.1,No
5699-NUH,Male,0,No,No,15,Yes,Yes,DSL,No,Yes,Yes,Yes,No,Yes,Month-to-month,No,Credit card (automatic),50.7,725.95,No
2534-FZO,Male,0,No,No,44,No,Yes,DSL,No,Yes,No,No,No,Yes,Month-to-month,No,Electronic check,56.29,2538.34,No
8204-OGM,Female,0,Yes,No,68,Yes,No,Fiber optic,No,No,No,Yes,Yes,No,Month-to-month,Yes,Electronic check,71.21,4812.29,Yes
7299-UAS,Female,1,Yes,No,29,Yes,Yes,Fiber optic,No,No,No,Yes,No,No,Month-to-month,Yes,Electronic check,75.27,2176.38,No
7758-UUM,Male,1,No,No,8,Yes,Yes,No,No internet service,No internet service,No internet service,No internet service,No internet service,No internet service,Month-to-month,Yes,Bank transfer (automatic),18.0,125.49,No
2259-THC,Female,0,No,No,17,Yes,No,Fiber optic,Yes,Yes,Yes,No,Yes,No,One year,No,Credit card (automatic),78.64,1389.65,No
6839-BSJ,Female,1,Yes,No,65,Yes,No,Fiber optic,Yes,No,Yes,No,Yes,No,Month-to-month,No,Bank transfer (automatic),54.52,3506.67,No
1616-XLC,Female,0,No,Yes,53,No,Yes,DSL,No,Yes,Yes,No,Yes,No,One year,Yes,Credit card (automatic),67.0,3576.11,No
5319-HRU,Female,0,Yes,Yes,7,Yes,Yes,Fiber optic,No,No,No,No,No,Yes,Month-to-month,No,Bank transfer (automatic),64.68,375.47,Yes
4148-LJD,Male,0,Yes,No,28,Yes,No,DSL,No,No,Yes,No,Yes,No,Month-to-month,Yes,Mailed check,61.02,1737.04,Yes
2954-OXU,Female,1,Yes,Yes,19,Yes,No,Fiber optic,Yes,No,No,No,No,Yes,Month-to-month,Yes,Credit card (automatic),73.04,1381.06,Yes
1853-TMH,Male,0,No,No,12,Yes,No,Fiber optic,No,Yes,Yes,Yes,No,Yes,Month-to-month,Yes,Electronic check,82.25,973.89,Yes
2285-HAL,Male,0,Yes,No,61,No,Yes,No,No internet service,No internet service,No internet service,No internet service,No internet service,No internet service,One year,No,Mailed check,53.45,3236.24,No
7251-KEJ,Male,0,Yes,No,45,Yes,Yes,Fiber optic,No,No,Yes,No,Yes,Yes,Month-to-month,Yes,Electronic check,60.06,2700.37,Yes
6241-QQE,Female,0,No,No,13,No,No phone service,DSL,No,Yes,Yes,No,Yes,Yes,Month-to-month,No,Electronic check,48.78,621.72,No
9783-QLV,Female,1,No,Yes,47,Yes,No phone service,No,No internet service,No internet service,No internet service,No internet service,No internet service,No internet service,Month-to-month,No,Bank transfer (automatic),46.28,2122.98,No
1677-ILZ,Male,0,No,Yes,30,Yes,Yes,Fiber optic,No,No,Yes,No,No,No,Two year,Yes,Electronic check,74.6,2210.53,Yes
2203-TNL,Female,0,Yes,No,4,Yes,No,Fiber optic,Yes,Yes,No,Yes,No,Yes,Month-to-month,Yes,Mailed check,88.14,380.5,No
5313-NLP,Female,0,No,Yes,32,Yes,No,Fiber optic,No,No,No,Yes,No,Yes,Two year,No,Electronic check,73.37,2333.75,No
8129-OJH,Male,0,No,No,13,Yes,No,No,No internet service,No internet service,No internet service,No internet service,No internet service,No internet service,Month-to-month,No,Mailed check,26.36,315.01,Yes
7841-BUE,Male,1,Yes,No,17,Yes,Yes,DSL,No,Yes,No,No,No,Yes,Month-to-month,Yes,Electronic check,72.12,1227.67,Yes
4281-XIH,Female,1,Yes,Yes,64,Yes,Yes,Fiber optic,Yes,No,No,No,No,No,One year,Yes,Credit card (automatic),77.41,4971.34,No
1178-ZUH,Male,0,No,No,51,Yes,No,No,No internet service,No internet service,No internet service,No internet service,No internet service,No internet service,Month-to-month,Yes,Mailed check,18.09,945.34,No
7617-WDB,Female,0,Yes,No,9,Yes,No,DSL,No,Yes,No,No,Yes,Yes,Month-to-month,Yes,Credit card (automatic),40.95,380.38,No
2411-LTM,Female,1,Yes,No,62,Yes,Yes,No,No internet service,No internet service,No internet service,No internet service,No internet service,No internet service,Two year,Yes,Mailed check,34.15,2159.61,No
2152-FUU,Female,1,No,No,41,Yes,Yes,Fiber optic,No,Yes,Yes,No,Yes,Yes,Month-to-month,No,Electronic check,92.83,3807.75,Yes
2990-FMB,Female,0,No,No,63,Yes,Yes,DSL,No,No,No,No,Yes,Yes,Month-to-month,Yes,Bank transfer (automatic),24.78,1552.88,No
2702-QGU,Female,0,Yes,No,54,Yes,No phone service,DSL,No,No,Yes,No,No,No,Month-to-month,No,Electronic check,45.76,2501.61,No
6206-IWL,Male,0,Yes,No,24,Yes,No,No,No internet service,No internet service,No internet service,No internet service,No internet service,No internet service,Month-to-month,Yes,Mailed check,45.95,1078.0,No
6324-NFI,Male,0,No,No,39,Yes,No,Fiber optic,No,No,No,No,No,No,Two year,No,Mailed check,52.53,2034.52,No
5978-AEA,Female,0,Yes,Yes,38,Yes,No,DSL,No,Yes,Yes,No,Yes,No,Month-to-month,No,Bank transfer (automatic),48.38,1782.68,No
5645-IFZ,Female,0,Yes,Yes,52,Yes,Yes,DSL,Yes,Yes,Yes,No,No,No,Two year,Yes,Credit card (automatic),51.53,2743.05,No
8040-NWA,Female,0,No,No,18,Yes,Yes,DSL,Yes,Yes,No,No,No,No,One year,Yes,Electronic check,52.43,1016.73,No
6618-ZKZ,Male,0,No,Yes,24,Yes,No phone service,DSL,Yes,Yes,Yes,No,Yes,Yes,Two year,Yes,Bank transfer (automatic),66.83,1597.79,No
8543-TJM,Female,1,No,No,17,Yes,No,Fiber optic,No,Yes,Yes,Yes,No,Yes,Two year,Yes,Mailed check,66.38,1155.18,No
4167-RDT,Female,0,No,No,21,Yes,No phone service,DSL,No,No,No,Yes,No,Yes,Two year,No,Bank transfer (automatic),53.71,1152.39,No
8813-QDA,Female,0,No,No,11,Yes,No,DSL,Yes,Yes,No,Yes,No,Yes,One year,No,Credit card (automatic),31.8,356.43,No
9524-ITQ,Male,0,No,No,2,Yes,No,DSL,Yes,No,No,No,No,No,Month-to-month,No,Mailed check,69.82,182.18,No
8570-EMM,Female,0,Yes,Yes,68,Yes,Yes,Fiber optic,Yes,Yes,Yes,No,Yes,No,Month-to-month,No,Electronic check,91.22,6158.69,No
3262-YMV,Female,1,No,No,5,Yes,No,Fiber optic,No,Yes,No,Yes,Yes,Yes,One year,Yes,Credit card (automatic),60.64,296.73,Yes
8215-JMJ,Female,0,No,Yes,64,Yes,Yes,Fiber optic,No,No,No,No,Yes,No,Month-to-month,Yes,Mailed check,48.75,3046.96,No
3471-COE,Female,0,No,Yes,0,Yes,Yes,Fiber optic,No,No,Yes,No,No,No,One year,Yes,Credit card (automatic),79.59,0.0,No
1283-HTH,Female,1,No,No,56,Yes,Yes,No,No internet service,No internet service,No internet service,No internet service,No internet service,No internet service,Month-to-month,No,Mailed check,44.3,2423.9,No
6979-YFZ,Male,0,Yes,No,23,Yes,No,Fiber optic,No,Yes,Yes,No,Yes,No,Two year,Yes,Credit card (automatic),104.46,2338.26,No
2955-SUD,Female,0,No,No,37,Yes,Yes,No,No internet service,No internet service,No internet service,No internet service,No internet service,No internet service,Month-to-month,Yes,Electronic check,56.38,2068.72,Yes
3648-LOS,Male,0,No,No,20,Yes,Yes,Fiber optic,No,Yes,No,No,Yes,No,Two year,No,Bank transfer (automatic),55.05,1113.77,No
6012-CPC,Female,0,Yes,Yes,35,No,No,DSL,Yes,Yes,Yes,No,Yes,No,Month-to-month,Yes,Mailed check,55.84,1931.12,Yes
1341-QLJ,Male,0,Yes,No,32,Yes,No,No,No internet service,No internet service,No internet service,No internet service,No internet service,No internet service,Month-to-month,Yes,Bank transfer (automatic),29.95,939.32,No
7958-JTI,Male,0,Yes,No,38,Yes,No,Fiber optic,No,No,No,No,Yes,No,Two year,Yes,Credit card (automatic),64.91,2440.86,No
4891-HCG,Female,0,No,No,28,No,No,Fiber optic,No,Yes,Yes,No,No,Yes,Two year,Yes,Bank transfer (automatic),100.2,2810.51,No
5788-LPY,Male,0,No,No,39,Yes,Yes,DSL,No,No,Yes,No,No,Yes,One year,Yes,Bank transfer (automatic),64.48,2493.56,No
8359-ZTG,Female,0,Yes,No,60,Yes,No,Fiber optic,Yes,Yes,Yes,Yes,No,Yes,Two year,Yes,Electronic check,88.17,5254.97,No
4344-KQC,Male,0,No,Yes,31,Yes,No,No,No internet service,No internet service,No internet service,No internet service,No internet service,No internet service,Month-to-month,Yes,Electronic check,35.58,1135.61,No
5736-XFN,Female,0,No,Yes,26,Yes,No,DSL,No,Yes,No,No,No,Yes,Two year,No,Bank transfer (automatic),62.24,1587.71,No
3384-RSP,Male,0,No,No,9,Yes,No,DSL,No,Yes,No,No,Yes,Yes,Month-to-month,Yes,Mailed check,65.01,540.58,No
7510-GSB,Male,1,No,No,26,Yes,No phone service,DSL,No,Yes,Yes,No,No,No,Month-to-month,No,Electronic check,38.55,1028.2,No
4043-LNO,Female,1,Yes,No,9,Yes,No,Fiber optic,Yes,Yes,No,No,Yes,No,Month-to-month,No,Bank transfer (automatic),110.48,935.39,Yes
2771-ORJ,Male,0,Yes,No,13,Yes,Yes,No,No internet service,No internet service,No internet service,No internet service,No internet service,No internet service,Month-to-month,No,Bank transfer (automatic),20.98,315.77,Yes
4206-JIR,Female,0,No,Yes,69,Yes,Yes,Fiber optic,No,Yes,Yes,No,No,No,One year,No,Electronic check,80.9,5546.19,No
4133-EBN,Male,0,No,Yes,6,Yes,No,No,No internet service,No internet service,No internet service,No internet service,No internet service,No internet service,One year,Yes,Electronic check,35.39,215.15,Yes
4966-XNL,Female,0,No,No,35,Yes,No,Fiber optic,Yes,Yes,No,Yes,Yes,Yes,Month-to-month,Yes,Mailed check,62.08,2137.99,Yes
1627-TJF,Female,0,Yes,No,60,Yes,Yes,Fiber optic,No,Yes,Yes,No,Yes,Yes,Two year,Yes,Bank transfer (automatic),49.02,2941.65,No
9875-ALI,Female,0,No,Yes,69,No,No,DSL,No,Yes,No,No,No,No,Month-to-month,Yes,Credit card (automatic),83.19,5721.87,No
4602-OPQ,Female,0,No,No,10,Yes,Yes,DSL,No,No,Yes,No,Yes,No,Month-to-month,No,Mailed check,33.4,299.61,No
4289-CDW,Male,0,Yes,No,11,Yes,No,Fiber optic,No,Yes,No,Yes,Yes,No,One year,Yes,Electronic check,98.81,1030.78,Yes
8188-YUJ,Male,0,Yes,Yes,27,No,Yes,DSL,No,No,No,Yes,Yes,Yes,Month-to-month,Yes,Credit card (automatic),57.8,1541.67,Yes
7573-NHL,Male,1,No,No,40,Yes,Yes,DSL,No,Yes,Yes,No,Yes,No,Month-to-month,Yes,Electronic check,39.16,1583.03,No
6073-OMF,Female,0,No,Yes,70,Yes,No,No,No internet service,No internet service,No internet service,No internet service,No internet service,No internet service,One year,No,Bank transfer (automatic),45.59,3214.9,No
7113-KSD,Male,0,Yes,Yes,15,No,Yes,Fiber optic,Yes,No,Yes,No,No,No,Month-to-month,Yes,Mailed check,40.09,576.2,Yes
4544-XUO,Female,0,No,No,12,Yes,No phone service,DSL,No,No,No,Yes,No,No,Month-to-month,Yes,Credit card (automatic),52.35,603.13,No
6616-CTC,Male,0,No,Yes,18,Yes,Yes,Fiber optic,No,Yes,No,No,No,No,One year,No,Bank transfer (automatic),69.52,1245.26,Yes
7403-GUQ,Male,0,Yes,Yes,63,Yes,No,Fiber optic,No,Yes,Yes,Yes,No,No,Month-to-month,No,Electronic check,56.59,3565.22,No
6127-EPP,Male,0,Yes,No,2,Yes,No,No,No internet service,No internet service,No internet service,No internet service,No internet service,No internet service,Two year,Yes,Mailed check,24.46,48.81,No
1973-MNG,Male,0,Yes,No,27,Yes,Yes,Fiber optic,Yes,Yes,No,Yes,No,No,Two year,Yes,Electronic check,98.99,2657.54,No
9165-OHU,Female,0,No,No,8,No,No,DSL,Yes,Yes,Yes,No,No,Yes,Month-to-month,No,Electronic check,54.56,423.69,No
4585-CPQ,Female,0,No,No,11,Yes,No,DSL,Yes,No,Yes,No,No,No,Month-to-month,Yes,Mailed check,58.11,629.16,Yes
3678-CFP,Male,0,Yes,No,66,Yes,No,DSL,Yes,No,Yes,No,No,No,Month-to-month,No,Mailed check,49.33,3171.25,No
9147-GBR,Male,0,No,No,0,Yes,No,Fiber optic,No,Yes,No,Yes,Yes,No,One year,No,Credit card (automatic),69.42,0.0,Yes
3187-RQL,Female,1,Yes,No,23,Yes,Yes,Fiber optic,No,No,No,No,Yes,No,Month-to-month,No,Electronic check,66.89,1565.84,Yes
8564-MDH,Male,0,Yes,No,66,No,No,Fiber optic,No,No,No,Yes,Yes,Yes,Two year,No,Mailed check,50.51,3382.42,No
3802-GVP,Male,0,No,No,44,Yes,No,Fiber optic,No,No,No,No,Yes,Yes,Month-to-month,No,Credit card (automatic),57.57,2574.26,No
2488-IBB,Male,0,No,No,5,Yes,Yes,DSL,No,No,No,No,Yes,Yes,One year,Yes,Mailed check,39.76,201.95,No
1371-BXG,Male,0,No,Yes,33,Yes,Yes,DSL,No,No,No,No,No,No,Month-to-month,Yes,Mailed check,40.03,1279.38,No
8356-RMX,Female,0,No,No,70,Yes,No,DSL,Yes,No,Yes,No,Yes,No,Month-to-month,No,Bank transfer (automatic),45.72,3181.23,No
9162-QCD,Male,0,No,No,29,No,No,Fiber optic,No,No,No,Yes,No,Yes,Month-to-month,Yes,Bank transfer (automatic),68.1,1948.24,Yes
1335-MMM,Male,0,No,No,38,Yes,No phone service,Fiber optic,No,No,Yes,No,Yes,Yes,One year,No,Mailed check,67.56,2517.96,No
7975-BBU,Male,0,Yes,Yes,38,Yes,No phone service,No,No internet service,No internet service,No internet service,No internet service,No internet service,No internet service,Two year,Yes,Credit card (automatic),48.05,1792.93,No
4131-UDU,Male,1,No,Yes,48,Yes,Yes,DSL,No,Yes,No,No,No,No,Month-to-month,Yes,Electronic check,45.45,2156.09,No
7463-CGK,Female,0,Yes,No,13,Yes,No,Fiber optic,No,No,No,Yes,Yes,No,Month-to-month,Yes,Electronic check,49.34,592.6,No
5910-NAP,Male,1,No,No,61,Yes,Yes,DSL,No,Yes,Yes,No,Yes,No,Month-to-month,No,Mailed check,77.2,4741.85,No
4854-LCC,Female,1,No,No,72,Yes,No,Fiber optic,Yes,No,Yes,No,Yes,Yes,Month-to-month,Yes,Electronic check,104.74,7562.6,Yes
9106-DQR,Female,1,Yes,No,10,Yes,Yes,DSL,No,Yes,Yes,No,Yes,Yes,Two year,Yes,Electronic check,60.84,606.68,Yes
5961-FIO,Female,0,Yes,Yes,59,Yes,Yes,Fiber optic,No,Yes,No,Yes,No,No,Two year,Yes,Electronic check,70.9,4196.46,No
1233-WKH,Female,1,No,Yes,59,No,No phone service,DSL,No,Yes,No,No,Yes,Yes,Two year,Yes,Bank transfer (automatic),44.59,2641.52,No
2842-ZMK,Female,0,Yes,Yes,54,Yes,No phone service,DSL,Yes,Yes,No,No,No,Yes,Month-to-month,No,Mailed check,56.03,2999.95,Yes
1937-ZOG,Female,1,No,Yes,27,Yes,No phone service,Fiber optic,No,Yes,No,No,Yes,Yes,Month-to-month,No,Credit card (automatic),78.68,2187.32,No
8437-OKU,Female,0,No,Yes,34,Yes,No,Fiber optic,No,No,No,No,Yes,No,One year,No,Electronic check,89.84,3027.66,No
1451-NPV,Male,0,No,No,61,Yes,Yes,Fiber optic,No,Yes,No,Yes,Yes,Yes,Month-to-month,No,Bank transfer (automatic),73.89,4448.91,No
9416-MYM,Male,0,Yes,Yes,11,Yes,Yes,DSL,No,No,No,Yes,Yes,Yes,One year,Yes,Electronic check,70.68,783.13,No
4416-NLN,Female,0,No,No,60,Yes,Yes,No,No internet service,No internet service,No internet service,No internet service,No internet service,No internet service,Month-to-month,No,Electronic check,26.87,1631.95,No
3602-YXT,Female,0,Yes,No,67,Yes,No,DSL,No,Yes,No,No,No,No,Month-to-month,No,Bank transfer (automatic),60.13,4018.14,No
2888-WOQ,Male,0,Yes,Yes,49,Yes,No phone service,Fiber optic,Yes,No,No,No,No,Yes,Two year,No,Electronic check,67.95,3373.11,No
5413-RCX,Female,0,Yes,No,24,Yes,No,No,No internet service,No internet service,No internet service,No internet service,No internet service,No internet service,Month-to-month,Yes,Bank transfer (automatic),35.02,846.8,No
5525-NOY,Male,0,No,Yes,40,Yes,No,Fiber optic,No,Yes,Yes,Yes,Yes,Yes,Two year,Yes,Bank transfer (automatic),77.07,3054.08,No
3479-JEO,Male,0,No,Yes,3,No,No,DSL,No,No,No,Yes,No,No,Month-to-month,Yes,Bank transfer (automatic),38.52,94.78,Yes
5016-HZK,Female,0,Yes,No,68,Yes,No phone service,Fiber optic,No,No,Yes,No,Yes,No,Month-to-month,Yes,Bank transfer (automatic),60.48,4117.84,No
9618-VKO,Male,0,No,Yes,24,No,No,DSL,Yes,Yes,No,Yes,Yes,No,Month-to-month,Yes,Credit card (automatic),46.39,1116.18,No
8160-FUW,Female,0,Yes,No,4,Yes,No phone service,Fiber optic,No,No,No,Yes,Yes,No,Month-to-month,No,Electronic check,77.92,354.15,Yes
9470-SRV,Female,0,No,No,57,Yes,No phone service,Fiber optic,No,No,Yes,No,Yes,No,Month-to-month,Yes,Credit card (automatic),72.82,4179.96,Yes
3657-NZD,Male,0,Yes,Yes,48,Yes,Yes,Fiber optic,No,Yes,Yes,No,Yes,No,Month-to-month,Yes,Electronic check,80.48,3808.17,No
4091-SDV,Male,0,Yes,Yes,45,Yes,Yes,No,No internet service,No internet service,No internet service,No internet service,No internet service,No internet service,One year,No,Mailed check,52.12,2339.49,No
5330-SZY,Female,0,No,No,3,Yes,Yes,DSL,No,Yes,Yes,Yes,Yes,Yes,Two year,No,Credit card (automatic),56.68,126.54,No
6814-HPS,Female,1,No,No,54,Yes,No phone service,DSL,No,No,No,Yes,No,Yes,Month-to-month,Yes,Electronic check,52.63,2893.07,Yes
3981-STN,Male,0,Yes,No,46,Yes,Yes,Fiber optic,No,Yes,No,No,Yes,No,Month-to-month,Yes,Credit card (automatic),72.05,3280.23,Yes
2624-RCG,Male,0,Yes,No,57,Yes,Yes,Fiber optic,Yes,Yes,No,Yes,Yes,No,Month-to-month,No,Bank transfer (automatic),85.41,4875.44,No
8861-ANK,Female,0,No,No,60,Yes,No,Fiber optic,No,No,Yes,No,No,No,Two year,No,Credit card (automatic),87.37,5217.78,No
8974-FAM,Male,1,Yes,Yes,15,Yes,Yes,Fiber optic,No,Yes,No,No,Yes,No,One year,No,Electronic check,80.96,1145.15,No
7337-ADJ,Female,0,No,No,15,No,No,Fiber optic,No,Yes,No,No,No,Yes,Month-to-month,Yes,Mailed check,71.86,1033.96,No
2336-LFW,Female,0,Yes,No,67,Yes,Yes,No,No internet service,No internet service,No internet service,No internet service,No internet service,No internet service,Month-to-month,No,Electronic check,27.69,1846.5,No
1360-AZY,Male,0,Yes,No,38,Yes,No,Fiber optic,No,Yes,Yes,No,No,No,Month-to-month,No,Electronic check,95.84,3661.82,Yes
6854-BXE,Female,0,No,No,31,Yes,No,DSL,Yes,Yes,Yes,No,No,Yes,Month-to-month,Yes,Bank transfer (automatic),67.13,2099.61,No
2308-BUN,Male,0,Yes,No,20,Yes,No,DSL,No,Yes,Yes,Yes,Yes,Yes,Month-to-month,Yes,Bank transfer (automatic),62.83,1210.02,No
1826-NDS,Male,1,No,No,46,Yes,No,Fiber optic,Yes,Yes,No,Yes,No,Yes,Two year,No,Bank transfer (automatic),69.54,3209.81,Yes
8868-YEM,Male,1,No,No,55,Yes,No,DSL,No,Yes,No,Yes,No,No,Month-to-month,No,Bank transfer (automatic),60.02,3334.34,No
8239-XXD,Female,0,Yes,No,0,No,Yes,DSL,Yes,No,Yes,No,No,Yes,Month-to-month,Yes,Credit card (automatic),33.1,0.0,No
1340-KYB,Male,0,Yes,Yes,40,Yes,No,DSL,No,No,Yes,No,Yes,Yes,Month-to-month,No,Mailed check,51.7,2055.34,No
5948-HPR,Male,0,No,No,72,Yes,No,Fiber optic,No,Yes,Yes,No,Yes,No,One year,No,Mailed check,83.14,5987.76,No
8547-URL,Female,1,No,No,20,Yes,Yes,No,No internet service,No internet service,No internet service,No internet service,No internet service,No internet service,Month-to-month,Yes,Bank transfer (automatic),39.86,802.54,No
9673-HXC,Male,1,Yes,No,20,Yes,No,Fiber optic,Yes,Yes,No,No,Yes,No,Month-to-month,Yes,Bank transfer (automatic),73.95,1527.9,Yes
3260-BTR,Male,0,No,Yes,64,Yes,No,DSL,No,Yes,Yes,Yes,No,No,Month-to-month,Yes,Electronic check,56.89,3700.51,No
4475-KDQ,Female,0,Yes,No,4,Yes,No phone service,Fiber optic,Yes,No,No,No,No,No,One year,No,Mailed check,67.35,291.97,No
3729-QBA,Female,0,No,No,29,No,Yes,Fiber optic,No,No,No,Yes,Yes,Yes,Month-to-month,Yes,Electronic check,81.27,2358.7,No
5718-HAV,Female,0,No,No,33,Yes,No,No,No internet service,No internet service,No internet service,No internet service,No internet service,No internet service,Two year,No,Bank transfer (automatic),66.37,2189.12,No
2571-SZJ,Male,0,Yes,No,58,Yes,No,Fiber optic,No,Yes,No,No,No,Yes,Month-to-month,Yes,Electronic check,92.65,5376.24,Yes
9461-EPX,Female,0,Yes,Yes,9,Yes,Yes,Fiber optic,No,No,Yes,Yes,No,Yes,Month-to-month,No,Bank transfer (automatic),83.54,759.05,Yes
9856-HMQ,Female,0,No,No,31,Yes,Yes,No,No internet service,No internet service,No internet service,No internet service,No internet service,No internet service,Two year,No,Bank transfer (automatic),35.29,1075.92,No
5349-MLD,Male,0,No,No,11,Yes,No phone service,Fiber optic,Yes,No,Yes,Yes,Yes,Yes,Two year,No,Credit card (automatic),86.93,1025.11,No
1322-XIO,Female,1,No,No,57,Yes,No,DSL,No,Yes,Yes,No,Yes,Yes,Month-to-month,No,Mailed check,38.04,2140.56,No
5731-CNU,Male,0,Yes,Yes,46,Yes,Yes,Fiber optic,Yes,Yes,Yes,No,Yes,No,Two year,Yes,Credit card (automatic),76.26,3553.3,No
5571-SJV,Male,0,No,No,36,No,No,Fiber optic,Yes,No,No,No,Yes,Yes,Month-to-month,Yes,Bank transfer (automatic),65.18,2269.55,Yes
7443-OYC,Female,0,No,Yes,28,Yes,Yes,Fiber optic,No,No,No,No,Yes,No,Month-to-month,Yes,Electronic check,89.98,2509.8,No
8203-NIU,Female,0,Yes,Yes,11,Yes,No,No,No internet service,No internet service,No internet service,No internet service,No internet service,No internet service,Two year,No,Mailed check,50.27,541.11,No
3574-RWO,Female,0,No,No,67,Yes,No phone service,DSL,No,No,No,No,No,Yes,One year,Yes,Mailed check,43.33,2911.12,No
2954-SDE,Female,0,Yes,No,47,Yes,No,Fiber optic,No,No,Yes,Yes,No,No,Month-to-month,Yes,Electronic check,67.78,3172.91,Yes
3392-INQ,Female,0,No,No,23,Yes,No,DSL,No,Yes,Yes,No,Yes,Yes,One year,Yes,Mailed check,52.38,1253.25,Yes
1069-WFY,Male,0,No,No,30,Yes,Yes,DSL,No,No,Yes,No,Yes,No,Month-to-month,No,Electronic check,48.82,1456.12,Yes
3301-ZOW,Male,0,Yes,No,53,Yes,No,Fiber optic,No,No,Yes,No,No,Yes,Month-to-month,Yes,Credit card (automatic),74.89,3933.14,No
7561-NZL,Female,0,No,No,52,Yes,No,Fiber optic,No,Yes,No,No,Yes,Yes,Two year,Yes,Mailed check,79.74,4112.67,No
2795-NST,Female,1,No,Yes,33,Yes,No,Fiber optic,No,No,No,Yes,Yes,Yes,Month-to-month,No,Electronic check,83.62,2742.91,Yes
3055-TPF,Male,0,No,Yes,22,Yes,Yes,DSL,Yes,Yes,No,No,Yes,No,One year,Yes,Bank transfer (automatic),65.37,1463.49,No
3298-UMN,Male,0,No,Yes,48,No,No,DSL,Yes,Yes,No,No,No,No,One year,No,Credit card (automatic),39.02,1904.65,No
5301-PYR,Female,0,No,Yes,48,Yes,Yes,Fiber optic,No,Yes,Yes,No,Yes,No,Month-to-month,No,Credit card (automatic),59.77,2826.88,No
3331-NVY,Male,1,Yes,No,43,Yes,Yes,Fiber optic,No,Yes,Yes,No,No,No,Month-to-month,No,Credit card (automatic),87.93,3752.99,No
7567-MOT,Female,0,No,No,5,Yes,No phone service,Fiber optic,Yes,Yes,Yes,No,Yes,Yes,Two year,Yes,Credit card (automatic),69.89,312.16,No
7381-OJR,Male,0,No,No,34,Yes,No,Fiber optic,No,Yes,Yes,No,Yes,Yes,One year,Yes,Mailed check,54.44,1840.97,No
6666-RDZ,Female,0,No,No,44,Yes,No phone service,No,No internet service,No internet service,No internet service,No internet service,No internet service,No internet service,One year,No,Mailed check,18.0,825.67,No
8097-UIA,Male,0,No,No,69,Yes,No,No,No internet service,No internet service,No internet service,No internet service,No internet service,No internet service,Month-to-month,Yes,Mailed check,51.16,3536.04,No
9870-NLE,Female,0,No,Yes,38,Yes,Yes,Fiber optic,Yes,Yes,No,No,No,Yes,Month-to-month,No,Credit card (automatic),65.6,2512.05,No
9372-NGH,Female,1,Yes,Yes,25,Yes,No,Fiber optic,No,No,Yes,No,No,No,Month-to-month,No,Electronic check,81.16,2055.14,Yes
3626-PUM,Female,0,No,No,40,Yes,No,Fiber optic,No,Yes,Yes,No,Yes,No,Month-to-month,Yes,Mailed check,65.75,2609.46,No
8934-SMX,Female,0,No,Yes,12,Yes,No,No,No internet service,No internet service,No internet service,No internet service,No internet service,No internet service,Month-to-month,No,Electronic check,56.71,635.69,No
1575-EJC,Male,0,No,Yes,6,Yes,Yes,Fiber optic,No,Yes,Yes,No,Yes,Yes,One year,Yes,Credit card (automatic),72.49,414.38,Yes
8244-PML,Male,0,Yes,Yes,49,Yes,Yes,Fiber optic,No,Yes,Yes,No,No,Yes,Two year,Yes,Electronic check,94.91,4679.34,No
7465-SJO,Female,0,Yes,Yes,71,Yes,No,Fiber optic,No,Yes,No,Yes,Yes,Yes,Month-to-month,Yes,Credit card (automatic),71.32,5084.82,No
1296-URH,Female,0,Yes,No,61,Yes,No,Fiber optic,No,Yes,No,No,No,No,Month-to-month,No,Credit card (automatic),76.88,4692.45,No
3678-BMW,Female,0,No,No,42,Yes,Yes,No,No internet service,No internet service,No internet service,No internet service,No internet service,No internet service,One year,No,Electronic check,24.81,1075.23,No
9208-QFE,Male,0,No,No,2,No,Yes,No,No internet service,No internet service,No internet service,No internet service,No internet service,No internet service,Month-to-month,Yes,Bank transfer (automatic),30.98,67.06,No
4148-EEE,Female,1,No,No,72,Yes,No,DSL,No,No,Yes,No,No,Yes,Two year,No,Mailed check,55.02,3949.83,No
1329-AKX,Female,0,No,Yes,32,Yes,No,DSL,Yes,Yes,No,No,Yes,No,Month-to-month,Yes,Mailed check,56.19,1743.17,Yes
1888-VHS,Male,0,No,Yes,21,Yes,No,Fiber optic,No,Yes,Yes,Yes,Yes,Yes,Month-to-month,Yes,Electronic check,66.2,1434.7,Yes
8641-PBC,Male,0,No,No,65,Yes,Yes,Fiber optic,No,No,Yes,Yes,Yes,No,Month-to-month,No,Bank transfer (automatic),77.7,5047.14,Yes
6697-OKP,Male,0,Yes,No,54,Yes,No,No,No internet service,No internet service,No internet service,No internet service,No internet service,No internet service,Two year,No,Mailed check,47.02,2523.28,No
4516-CND,Female,0,Yes,No,54,No,No phone service,DSL,No,No,Yes,No,Yes,Yes,Month-to-month,No,Bank transfer (automatic),44.11,2378.35,No
4103-MCW,Male,0,No,No,20,Yes,Yes,No,No internet service,No internet service,No internet service,No internet service,No internet service,No internet service,One year,No,Bank transfer (automatic),50.67,1065.86,No
8969-CFH,Female,1,Yes,Yes,72,Yes,Yes,Fiber optic,Yes,No,No,Yes,Yes,No,Month-to-month,Yes,Mailed check,86.94,6294.42,Yes
7158-ATP,Female,0,Yes,Yes,33,Yes,No,DSL,No,No,No,No,No,Yes,Month-to-month,Yes,Electronic check,32.67,1065.51,Yes
2861-MEH,Female,0,Yes,No,38,Yes,Yes,DSL,No,No,No,Yes,No,Yes,Two year,Yes,Electronic check,52.68,2018.28,Yes
9215-AAM,Female,0,Yes,Yes,54,Yes,Yes,Fiber optic,Yes,No,Yes,Yes,Yes,Yes,Month-to-month,No,Electronic check,77.43,4224.17,No
4925-UBO,Male,0,No,No,48,Yes,No,DSL,No,No,Yes,No,No,No,Month-to-month,Yes,Credit card (automatic),47.15,2275.36,No
4827-NEY,Female,0,No,No,12,Yes,No,No,No internet service,No internet service,No internet service,No internet service,No internet service,No internet service,Month-to-month,Yes,Mailed check,20.56,250.95,No
9264-OIH,Male,0,No,No,22,Yes,No phone service,Fiber optic,Yes,No,Yes,No,No,No,Two year,No,Bank transfer (automatic),65.53,1368.5,No
8177-EJC,Male,0,Yes,No,26,Yes,No,Fiber optic,Yes,No,No,No,Yes,Yes,Month-to-month,Yes,Credit card (automatic),76.83,2041.18,Yes
5773-LRV,Male,1,No,No,69,Yes,Yes,DSL,No,Yes,Yes,No,No,No,Month-to-month,No,Mailed check,41.75,2844.76,No
7047-BWG,Male,0,Yes,Yes,52,Yes,No phone service,No,No internet service,No internet service,No internet service,No internet service,No internet service,No internet service,Two year,No,Mailed check,43.88,2216.28,No
3859-MMW,Male,0,Yes,No,26,No,No,Fiber optic,Yes,Yes,Yes,No,Yes,Yes,One year,Yes,Credit card (automatic),70.7,1775.05,Yes
8515-DIN,Male,0,Yes,No,53,Yes,No,Fiber optic,No,Yes,Yes,No,No,Yes,Two year,Yes,Bank transfer (automatic),48.15,2522.02,No
2890-IHI,Male,0,No,No,53,Yes,Yes,Fiber optic,No,Yes,No,No,No,No,One year,No,Electronic check,68.36,3640.09,No
3955-SEW,Female,1,Yes,Yes,28,Yes,No,Fiber optic,Yes,Yes,No,Yes,Yes,Yes,One year,No,Bank transfer (automatic),63.37,1814.98,No
2638-WBY,Male,0,No,Yes,29,Yes,No,No,No internet service,No internet service,No internet service,No internet service,No internet service,No internet service,Month-to-month,Yes,Credit card (automatic),18.39,545.27,No
3006-AXD,Female,0,Yes,No,65,Yes,Yes,Fiber optic,No,No,Yes,Yes,Yes,Yes,Month-to-month,No,Bank transfer (automatic),80.11,5267.89,No
6500-TIX,Male,0,Yes,Yes,41,Yes,No,Fiber optic,No,Yes,Yes,No,Yes,Yes,One year,Yes,Bank transfer (automatic),69.63,2840.72,No
8209-APQ,Female,0,No,No,10,Yes,No,DSL,No,Yes,No,No,Yes,No,One year,No,Bank transfer (automatic),48.85,480.38,No
2677-VQO,Female,0,Yes,Yes,52,Yes,No,DSL,No,Yes,No,No,No,Yes,Two year,No,Bank transfer (automatic),40.08,2018.82,No
9420-RBU,Male,1,No,Yes,43,Yes,No,Fiber optic,No,No,No,No,Yes,Yes,One year,Yes,Electronic check,88.08,3767.29,No
9912-OLD,Female,0,Yes,No,37,Yes,No,DSL,Yes,No,Yes,No,Yes,Yes,Month-to-month,No,Credit card (automatic),33.85,1180.98,Yes
5398-AAD,Female,0,Yes,No,52,Yes,Yes,Fiber optic,No,No,No,No,No,No,Month-to-month,Yes,Electronic check,77.68,3992.4,Yes
3376-QJT,Female,0,No,Yes,66,Yes,No,No,No internet service,No internet service,No internet service,No internet service,No internet service,No internet service,One year,No,Credit card (automatic),37.34,2486.49,No
9710-VTO,Male,0,Yes,No,24,Yes,No phone service,Fiber optic,Yes,No,No,Yes,No,Yes,Month-to-month,No,Mailed check,67.79,1567.91,Yes
9450-FTX,Female,0,No,Yes,30,Yes,No,DSL,No,Yes,Yes,No,Yes,No,Two year,No,Bank transfer (automatic),66.3,1933.41,No
8627-HAW,Male,0,No,Yes,13,Yes,No,Fiber optic,No,No,No,No,No,No,One year,Yes,Credit card (automatic),86.7,1065.58,Yes
8777-QVN,Female,0,Yes,No,47,Yes,No,DSL,No,Yes,Yes,No,Yes,Yes,Month-to-month,Yes,Credit card (automatic),60.39,2865.5,No
6343-GSU,Female,0,No,No,29,Yes,Yes,No,No internet service,No internet service,No internet service,No internet service,No internet service,No internet service,One year,Yes,Electronic check,49.26,1485.9,No
7947-ABV,Female,1,Yes,No,24,Yes,Yes,Fiber optic,No,No,Yes,No,No,Yes,One year,Yes,Bank transfer (automatic),87.1,2087.78,No
3239-QYN,Female,0,Yes,No,50,Yes,No,Fiber optic,Yes,Yes,No,Yes,Yes,No,Two year,Yes,Electronic check,79.7,4018.0,No
3703-YCM,Male,0,Yes,No,29,Yes,Yes,Fiber optic,No,Yes,No,No,Yes,No,Month-to-month,No,Electronic check,108.04,3092.42,Yes
7147-AJC,Female,0,Yes,No,33,No,Yes,Fiber optic,No,No,Yes,No,Yes,No,One year,Yes,Mailed check,71.36,2397.93,No
8432-LPY,Male,0,Yes,No,32,Yes,No,DSL,No,Yes,Yes,Yes,Yes,Yes,Month-to-month,No,Credit card (automatic),61.54,1944.23,Yes
9925-BSA,Male,0,No,No,18,Yes,Yes,DSL,No,No,No,Yes,No,Yes,Month-to-month,Yes,Credit card (automatic),50.9,939.57,No
6847-ZMR,Male,0,No,No,9,Yes,Yes,Fiber optic,Yes,No,Yes,Yes,No,Yes,Month-to-month,Yes,Bank transfer (automatic),68.76,617.89,Yes
1577-AAQ,Female,0,Yes,No,60,Yes,No phone service,No,No internet service,No internet service,No internet service,No internet service,No internet service,No internet service,Two year,No,Bank transfer (automatic),46.97,2751.07,No
7738-NTE,Female,0,No,No,6,Yes,No phone service,DSL,No,Yes,Yes,Yes,Yes,Yes,Two year,Yes,Electronic check,47.16,251.98,Yes
2890-DOJ,Male,0,No,Yes,23,Yes,Yes,DSL,Yes,Yes,Yes,No,No,No,Month-to-month,No,Electronic check,45.64,1055.71,Yes
3948-QTN,Female,1,Yes,No,48,Yes,No,DSL,Yes,No,Yes,Yes,No,Yes,Month-to-month,No,Bank transfer (automatic),60.05,2817.66,No
8375-VLF,Male,0,No,No,9,Yes,No,Fiber optic,No,No,No,No,Yes,No,Month-to-month,No,Bank transfer (automatic),82.93,756.75,No
7207-PJX,Male,0,Yes,No,47,Yes,Yes,DSL,No,No,Yes,Yes,Yes,No,One year,No,Bank transfer (automatic),60.89,2812.26,No
5700-FTM,Male,0,Yes,No,53,No,Yes,Fiber optic,Yes,Yes,No,No,Yes,No,Month-to-month,No,Electronic check,75.77,4034.73,Yes
2094-RAR,Male,0,No,No,48,Yes,No,DSL,Yes,Yes,No,Yes,Yes,Yes,One year,No,Mailed check,71.07,3363.74,No
6817-RUA,Male,0,Yes,No,22,Yes,Yes,Fiber optic,Yes,Yes,Yes,Yes,Yes,Yes,Month-to-month,Yes,Electronic check,78.78,1748.67,Yes
6648-QEY,Female,0,Yes,No,1,Yes,Yes,DSL,No,Yes,No,Yes,Yes,No,One year,Yes,Bank transfer (automatic),39.92,68.5,Yes
5537-SKP,Female,0,No,Yes,64,Yes,No,Fiber optic,No,Yes,No,No,Yes,No,Month-to-month,No,Electronic check,86.35,5520.52,Yes
9497-ARU,Male,0,Yes,No,23,Yes,No,DSL,No,Yes,Yes,No,Yes,Yes,One year,Yes,Mailed check,54.14,1242.42,No
5675-VKW,Female,0,Yes,No,58,No,Yes,Fiber optic,No,Yes,No,No,Yes,No,One year,Yes,Bank transfer (automatic),71.08,4174.63,No
4050-ODC,Male,0,Yes,No,14,Yes,Yes,No,No internet service,No internet service,No internet service,No internet service,No internet service,No internet service,Month-to-month,No,Electronic check,54.12,730.27,Yes
7325-IOI,Female,0,No,No,11,Yes,No,DSL,No,Yes,Yes,No,Yes,No,Month-to-month,Yes,Mailed check,59.17,632.17,No
1697-RKW,Female,0,No,Yes,56,Yes,No,No,No internet service,No internet service,No internet service,No internet service,No internet service,No internet service,Two year,Yes,Bank transfer (automatic),18.0,1030.42,No
7896-YDK,Male,0,Yes,No,68,Yes,No phone service,DSL,No,Yes,No,Yes,No,Yes,One year,No,Electronic check,55.4,3781.98,No
7994-GLB,Male,0,No,Yes,62,Yes,No,Fiber optic,No,Yes,No,Yes,No,No,Month-to-month,Yes,Bank transfer (automatic),33.74,2083.38,No
1623-GYB,Female,0,Yes,No,54,Yes,No,Fiber optic,No,No,No,No,Yes,Yes,Month-to-month,Yes,Credit card (automatic),73.33,3917.29,No
2672-LBD,Female,0,Yes,No,18,Yes,Yes,DSL,No,No,Yes,No,No,Yes,Month-to-month,No,Electronic check,68.23,1262.22,Yes
5771-WDG,Female,0,No,Yes,66,Yes,Yes,Fiber optic,Yes,No,No,No,Yes,Yes,One year,No,Electronic check,108.34,7107.1,No
1438-DRC,Male,0,Yes,No,48,Yes,Yes,DSL,Yes,Yes,Yes,No,No,Yes,One year,No,Bank transfer (automatic),77.52,3800.7,No
1971-DZY,Male,0,Yes,Yes,12,Yes,No,Fiber optic,Yes,Yes,Yes,Yes,Yes,Yes,Month-to-month,Yes,Bank transfer (automatic),94.54,1092.64,Yes
8306-EWW,Male,0,No,No,9,Yes,No,Fiber optic,No,No,No,No,No,Yes,One year,Yes,Credit card (automatic),68.9,581.42,Yes
7020-SOH,Male,0,No,Yes,63,Yes,Yes,No,No internet service,No internet service,No internet service,No internet service,No internet service,No internet service,One year,No,Electronic check,23.79,1510.73,No
7160-HPS,Male,0,Yes,No,20,Yes,No,DSL,Yes,No,No,Yes,No,Yes,One year,Yes,Credit card (automatic),54.45,1108.22,No
8270-YEB,Male,0,No,Yes,55,No,No,No,No internet service,No internet service,No internet service,No internet service,No internet service,No internet service,Month-to-month,No,Mailed check,48.15,2614.16,No
2192-HRU,Male,0,No,No,10,Yes,No,DSL,No,Yes,No,No,Yes,No,Month-to-month,No,Electronic check,51.76,576.83,No
2797-YZR,Female,0,No,No,20,Yes,Yes,Fiber optic,No,Yes,Yes,No,No,No,Month-to-month,Yes,Mailed check,68.19,1375.34,Yes
2349-TRI,Male,1,No,No,20,Yes,Yes,DSL,No,No,Yes,Yes,Yes,No,Month-to-month,No,Mailed check,41.96,830.52,No
8178-AHC,Female,1,Yes,No,20,Yes,Yes,DSL,No,Yes,Yes,Yes,No,No,Month-to-month,No,Electronic check,44.93,912.11,Yes
7036-SYM,Male,0,Yes,No,49,Yes,No,DSL,Yes,Yes,Yes,No,No,Yes,Month-to-month,No,Electronic check,72.9,3614.47,Yes
9581-HDZ,Female,0,No,Yes,66,Yes,No phone service,Fiber optic,No,No,No,No,No,No,Month-to-month,No,Electronic check,87.69,5843.86,Yes
2026-VHH,Male,0,No,No,66,Yes,No,DSL,Yes,No,No,Yes,No,No,One year,Yes,Mailed check,32.9,2178.15,No
1532-GDN,Female,0,Yes,Yes,54,Yes,No,Fiber optic,No,No,Yes,No,Yes,Yes,Month-to-month,No,Electronic check,62.12,3309.89,Yes
4454-HAV,Female,0,Yes,Yes,14,No,No,No,No internet service,No internet service,No internet service,No internet service,No internet service,No internet service,One year,No,Electronic check,46.28,603.87,No
1628-EZU,Female,0,Yes,No,70,Yes,Yes,DSL,No,Yes,Yes,No,Yes,Yes,Month-to-month,Yes,Electronic check,63.76,4413.68,Yes
7472-CIG,Female,0,Yes,No,39,Yes,Yes,DSL,No,No,No,No,No,No,One year,Yes,Bank transfer (automatic),38.27,1470.04,No
2082-HMG,Male,0,Yes,Yes,39,Yes,Yes,DSL,No,No,Yes,No,Yes,No,Month-to-month,No,Credit card (automatic),60.77,2371.35,No
6374-NHU,Female,0,No,Yes,51,Yes,No,DSL,Yes,Yes,Yes,Yes,No,No,Two year,Yes,Electronic check,31.76,1627.25,No
6101-ZLS,Female,0,No,Yes,56,Yes,Yes,Fiber optic,No,Yes,No,Yes,No,Yes,Two year,Yes,Credit card (automatic),67.92,3842.95,No
6731-BKK,Male,0,No,Yes,69,Yes,No phone service,Fiber optic,No,Yes,Yes,No,Yes,Yes,Month-to-month,Yes,Bank transfer (automatic),72.89,4956.84,No
5521-UDS,Female,0,No,No,42,Yes,No,DSL,No,No,No,No,Yes,No,One year,Yes,Credit card (automatic),35.22,1478.86,No
2923-MMX,Male,0,No,No,44,Yes,No,DSL,Yes,No,Yes,No,Yes,Yes,Month-to-month,Yes,Mailed check,49.2,2180.93,No
5769-OUH,Female,0,Yes,Yes,54,Yes,No,Fiber optic,No,No,No,No,Yes,No,One year,Yes,Mailed check,59.52,3115.8,Yes
2641-GSO,Male,1,No,No,18,Yes,No,DSL,Yes,Yes,Yes,No,No,No,Month-to-month,Yes,Bank transfer (automatic),50.04,916.59,No
5104-KAE,Male,0,Yes,Yes,22,No,Yes,Fiber optic,No,Yes,No,No,No,No,Month-to-month,Yes,Mailed check,50.7,1210.95,Yes
1464-GNY,Male,0,No,No,45,Yes,Yes,No,No internet service,No internet service,No internet service,No internet service,No internet service,No internet service,Month-to-month,Yes,Credit card (automatic),18.0,837.07,No
7073-QWQ,Female,0,No,No,4,Yes,Yes,DSL,No,Yes,No,Yes,No,No,Two year,Yes,Credit card (automatic),52.53,220.9,No
3093-SVH,Male,1,No,Yes,23,Yes,No phone service,Fiber optic,No,Yes,No,No,No,Yes,Month-to-month,Yes,Mailed check,82.96,1898.5,Yes
2582-OQS,Male,0,Yes,Yes,52,Yes,Yes,No,No internet service,No internet service,No internet service,No internet service,No internet service,No internet service,One year,Yes,Bank transfer (automatic),48.65,2537.95,No
2528-HQM,Female,0,No,No,71,Yes,Yes,Fiber optic,Yes,Yes,No,No,No,No,Month-to-month,Yes,Mailed check,95.31,6820.81,No
3453-OJK,Male,0,No,No,37,Yes,No,Fiber optic,No,Yes,Yes,No,Yes,Yes,Month-to-month,No,Bank transfer (automatic),64.5,2374.36,No
6818-HNF,Female,0,No,No,29,Yes,No phone service,Fiber optic,No,No,Yes,Yes,Yes,No,Month-to-month,Yes,Bank transfer (automatic),47.98,1433.2,No
1799-SQK,Male,0,Yes,No,32,Yes,No,Fiber optic,No,No,No,No,No,Yes,Two year,No,Bank transfer (automatic),85.01,2736.56,No
6063-TTU,Female,0,Yes,Yes,50,Yes,Yes,Fiber optic,No,No,Yes,No,Yes,No,Two year,Yes,Electronic check,57.93,2953.43,No
8668-RFL,Female,0,Yes,No,39,Yes,Yes,Fiber optic,No,No,No,No,Yes,No,Month-to-month,Yes,Credit card (automatic),75.11,2967.41,No
7064-MJM,Female,0,Yes,No,1,No,Yes,Fiber optic,Yes,Yes,Yes,Yes,No,Yes,One year,Yes,Electronic check,38.89,45.52,Yes
3123-BSX,Male,0,No,No,39,Yes,No,Fiber optic,No,No,No,No,Yes,Yes,Month-to-month,Yes,Electronic check,63.83,2493.75,Yes
5624-OXQ,Female,0,No,No,29,Yes,Yes,Fiber optic,No,Yes,Yes,No,No,No,Month-to-month,No,Electronic check,92.55,2672.99,No
3165-KEL,Male,0,No,No,51,Yes,Yes,No,No internet service,No internet service,No internet service,No internet service,No internet service,No internet service,Month-to-month,No,Electronic check,45.56,2357.75,No
5531-IUZ,Female,0,Yes,Yes,63,Yes,Yes,DSL,No,No,Yes,No,Yes,Yes,Month-to-month,Yes,Mailed check,47.84,2993.26,No
5655-JLB,Female,0,Yes,No,70,Yes,No,DSL,No,Yes,No,No,Yes,No,Month-to-month,Yes,Electronic check,51.02,3575.38,No
6801-GNS,Male,0,No,No,44,Yes,No,Fiber optic,No,No,No,Yes,Yes,No,One year,Yes,Electronic check,82.54,3624.99,No
6737-OTC,Male,0,Yes,Yes,26,Yes,Yes,DSL,No,Yes,No,No,Yes,Yes,Month-to-month,No,Electronic check,47.12,1178.18,No
9836-OGA,Female,1,Yes,No,32,No,No,Fiber optic,No,No,No,No,Yes,No,Two year,Yes,Electronic check,86.21,2766.43,No
6417-NPA,Female,0,No,No,12,Yes,No phone service,DSL,Yes,Yes,Yes,No,No,No,One year,Yes,Credit card (automatic),52.85,580.81,No
3065-RZP,Female,0,No,No,68,Yes,No phone service,Fiber optic,No,Yes,Yes,No,Yes,Yes,Two year,Yes,Mailed check,78.94,5352.23,No
8088-YFK,Female,0,No,Yes,61,Yes,Yes,Fiber optic,Yes,No,No,Yes,No,No,One year,No,Electronic check,52.67,3236.22,No
9827-SFF,Female,0,No,No,62,Yes,Yes,DSL,No,Yes,No,Yes,Yes,No,Two year,No,Mailed check,52.32,3249.75,Yes
3274-JAC,Male,0,Yes,Yes,23,Yes,No,DSL,Yes,No,No,No,No,No,Month-to-month,Yes,Bank transfer (automatic),43.76,1011.83,No
2012-ZCV,Male,0,No,No,23,Yes,Yes,Fiber optic,No,Yes,No,Yes,No,No,Month-to-month,Yes,Mailed check,67.22,1515.79,Yes
9401-IWR,Male,0,Yes,No,62,Yes,No,Fiber optic,No,No,No,No,No,No,Month-to-month,No,Electronic check,98.99,6174.09,No
7126-YKI,Male,0,Yes,No,39,Yes,No,Fiber optic,Yes,Yes,Yes,No,Yes,No,Two year,Yes,Bank transfer (automatic),80.25,3098.73,No
7766-OMV,Male,0,No,No,51,No,No,DSL,No,No,No,Yes,Yes,Yes,Month-to-month,Yes,Electronic check,41.62,2147.34,No
9649-EAT,Female,1,Yes,Yes,35,Yes,No,DSL,Yes,Yes,Yes,No,Yes,Yes,One year,Yes,Electronic check,72.53,2584.01,No
1066-SJB,Female,0,No,Yes,32,Yes,No,DSL,No,Yes,No,No,No,No,One year,Yes,Credit card (automatic),47.36,1461.95,No
8570-XRS,Female,1,No,No,46,Yes,No,DSL,Yes,Yes,No,No,Yes,No,Month-to-month,Yes,Mailed check,31.32,1426.49,No
3916-MCA,Female,0,Yes,No,59,Yes,Yes,No,No internet service,No internet service,No internet service,No internet service,No internet service,No internet service,Two year,No,Electronic check,45.62,2674.14,No
6066-IOO,Female,0,Yes,No,24,Yes,No,DSL,No,No,Yes,No,No,Yes,Month-to-month,No,Electronic check,41.09,995.71,No
1281-ZVB,Male,0,Yes,No,59,Yes,Yes,DSL,No,Yes,Yes,No,No,No,Month-to-month,Yes,Bank transfer (automatic),82.71,4846.87,No
7810-EMM,Male,0,No,Yes,17,Yes,Yes,No,No internet service,No internet service,No internet service,No internet service,No internet service,No internet service,One year,Yes,Electronic check,41.05,657.06,No
2554-MNI,Male,0,Yes,Yes,29,Yes,No,Fiber optic,No,Yes,No,No,Yes,Yes,Month-to-month,Yes,Mailed check,49.62,1437.1,No
6669-FXW,Female,0,Yes,No,66,Yes,No,Fiber optic,Yes,Yes,Yes,No,No,Yes,Month-to-month,No,Electronic check,83.59,5497.3,No
3118-LUL,Female,0,Yes,Yes,69,No,No,Fiber optic,No,Yes,Yes,No,Yes,Yes,Month-to-month,Yes,Electronic check,78.88,5437.61,Yes
5530-UBN,Male,0,No,No,67,Yes,Yes,No,No internet service,No internet service,No internet service,No internet service,No internet service,No internet service,Month-to-month,Yes,Mailed check,33.53,2277.75,No
8207-OPS,Male,0,Yes,No,23,Yes,No phone service,DSL,Yes,No,Yes,Yes,Yes,No,One year,Yes,Electronic check,52.14,1142.61,No
1437-VRN,Male,0,No,No,61,Yes,Yes,DSL,No,Yes,No,No,Yes,No,Two year,Yes,Mailed check,44.34,2700.76,No
6019-WKX,Female,0,Yes,No,68,Yes,Yes,No,No internet service,No internet service,No internet service,No internet service,No internet service,No internet service,Month-to-month,Yes,Electronic check,18.0,1203.32,No
1817-GXT,Female,0,No,No,71,Yes,No,No,No internet service,No internet service,No internet service,No internet service,No internet service,No internet service,Month-to-month,Yes,Credit card (automatic),55.72,3956.95,No
9367-EYH,Female,0,No,Yes,1,Yes,Yes,No,No internet service,No internet service,No internet service,No internet service,No internet service,No internet service,Month-to-month,No,Bank transfer (automatic),20.5,0.0,Yes
6688-CBJ,Male,0,No,No,54,Yes,Yes,DSL,No,Yes,No,No,No,No,Two year,Yes,Electronic check,70.42,3761.37,No
6735-HVF,Male,1,Yes,No,72,Yes,No,No,No internet service,No internet service,No internet service,No internet service,No internet service,No internet service,One year,No,Electronic check,40.19,2907.44,No
9942-TOJ,Female,0,Yes,No,55,Yes,Yes,Fiber optic,No,Yes,Yes,No,No,Yes,Month-to-month,No,Bank transfer (automatic),60.93,3448.15,Yes
4203-CLE,Male,0,Yes,Yes,17,Yes,No,Fiber optic,Yes,No,No,No,Yes,Yes,Month-to-month,Yes,Bank transfer (automatic),69.04,1170.16,No
6171-DVA,Male,0,Yes,No,55,Yes,Yes,No,No internet service,No internet service,No internet service,No internet service,No internet service,No internet service,Two year,No,Mailed check,74.09,4049.54,No
9500-ZFV,Male,0,Yes,No,7,No,No,DSL,No,Yes,Yes,No,Yes,No,Two year,No,Electronic check,51.19,332.81,No
3245-MVF,Female,0,No,Yes,35,Yes,Yes,DSL,Yes,Yes,No,No,No,Yes,Month-to-month,Yes,Mailed check,44.46,1588.81,Yes
5144-JHL,Female,0,Yes,No,45,Yes,Yes,Fiber optic,No,No,No,No,No,No,Two year,No,Electronic check,86.1,3843.81,No
2084-NEH,Female,1,Yes,Yes,33,Yes,Yes,No,No internet service,No internet service,No internet service,No internet service,No internet service,No internet service,Month-to-month,No,Electronic check,34.39,1180.36,No
3993-MAA,Female,0,Yes,Yes,51,Yes,No,DSL,Yes,Yes,No,No,Yes,Yes,Month-to-month,No,Mailed check,37.38,1849.09,No
9741-ZOC,Male,0,No,No,17,Yes,Yes,No,No internet service,No internet service,No internet service,No internet service,No internet service,No internet service,One year,Yes,Bank transfer (automatic),45.58,781.59,Yes
8409-VLC,Male,0,No,No,44,Yes,No phone service,Fiber optic,No,No,No,Yes,Yes,No,Month-to-month,Yes,Mailed check,84.12,3724.5,Yes
9619-XLK,Female,0,Yes,No,47,Yes,Yes,Fiber optic,Yes,No,Yes,No,No,No,Month-to-month,Yes,Electronic check,93.9,4439.99,Yes
4583-OSN,Female,1,Yes,Yes,46,Yes,Yes,DSL,No,No,No,Yes,No,Yes,Two year,Yes,Electronic check,88.47,4093.85,No
6061-OHQ,Male,0,No,No,21,Yes,No,No,No internet service,No internet service,No internet service,No internet service,No internet service,No internet service,Two year,Yes,Bank transfer (automatic),18.0,387.31,No
1009-KDI,Male,1,No,Yes,22,No,Yes,DSL,No,No,No,Yes,Yes,Yes,Month-to-month,No,Mailed check,57.66,1308.9,Yes
3341-ACW,Female,0,Yes,No,18,Yes,No phone service,Fiber optic,No,No,Yes,Yes,No,Yes,One year,Yes,Bank transfer (automatic),69.09,1208.94,Yes
5653-SIB,Male,0,Yes,Yes,33,Yes,No,DSL,Yes,No,Yes,Yes,Yes,No,Two year,Yes,Bank transfer (automatic),48.86,1589.84,No
7294-LMC,Male,0,No,No,42,Yes,Yes,No,No internet service,No internet service,No internet service,No internet service,No internet service,No internet service,Month-to-month,Yes,Mailed check,43.02,1792.73,No
2897-PLP,Male,0,No,No,26,Yes,No,No,No internet service,No internet service,No internet service,No internet service,No internet service,No internet service,Two year,Yes,Mailed check,18.0,519.92,No
7557-NNM,Female,0,No,Yes,29,Yes,No,DSL,No,No,Yes,No,No,Yes,One year,No,Credit card (automatic),48.67,1427.75,No
4827-QJK,Female,0,No,No,20,Yes,Yes,DSL,No,Yes,Yes,No,No,No,Month-to-month,No,Credit card (automatic),20.13,426.47,No
7236-XSP,Female,0,No,Yes,15,Yes,Yes,Fiber optic,Yes,No,No,Yes,Yes,No,Month-to-month,Yes,Mailed check,94.28,1407.93,Yes
6662-DOP,Female,0,Yes,No,47,Yes,Yes,Fiber optic,No,No,Yes,Yes,No,No,Two year,Yes,Bank transfer (automatic),84.86,4017.01,No
4228-STY,Female,0,Yes,No,59,Yes,No,No,No internet service,No internet service,No internet service,No internet service,No internet service,No internet service,Two year,Yes,Electronic check,43.2,2494.48,No
8896-LDE,Male,0,No,No,21,Yes,No,Fiber optic,No,No,No,Yes,No,Yes,Month-to-month,No,Electronic check,63.15,1311.84,Yes
9283-HGP,Female,0,No,Yes,62,No,No,Fiber optic,No,Yes,Yes,No,Yes,Yes,Month-to-month,Yes,Electronic check,96.1,5950.59,Yes
2209-CRC,Female,0,No,Yes,41,Yes,No,Fiber optic,No,No,Yes,No,Yes,No,One year,Yes,Bank transfer (automatic),68.94,2809.94,No
4943-QZI,Female,0,No,No,12,Yes,No,Fiber optic,No,Yes,Yes,Yes,Yes,No,Month-to-month,Yes,Credit card (automatic),68.54,811.24,Yes
4729-NRF,Male,0,No,No,26,Yes,Yes,DSL,Yes,Yes,No,No,No,Yes,Month-to-month,Yes,Bank transfer (automatic),37.7,999.34,No
2338-SKM,Female,0,No,No,0,Yes,Yes,DSL,Yes,No,Yes,No,No,Yes,Two year,Yes,Bank transfer (automatic),72.1,0.0,No
7132-LDJ,Female,0,No,No,2,Yes,Yes,DSL,No,Yes,Yes,No,Yes,Yes,Two year,No,Electronic check,56.59,154.96,No
6173-PYH,Male,1,No,No,24,Yes,No,Fiber optic,No,No,No,Yes,Yes,No,Two year,Yes,Credit card (automatic),79.74,1840.74,No
3680-UPE,Male,0,No,No,33,Yes,Yes,DSL,No,No,Yes,No,Yes,No,One year,Yes,Electronic check,60.77,2057.5,Yes
6655-WVO,Female,0,No,No,58,Yes,No phone service,Fiber optic,Yes,Yes,Yes,No,Yes,No,Month-to-month,Yes,Credit card (automatic),90.04,5199.58,No
2369-MSU,Male,0,Yes,Yes,9,No,No phone service,DSL,No,No,Yes,Yes,Yes,Yes,Two year,Yes,Electronic check,59.45,581.11,No
5979-EOD,Female,0,Yes,No,61,Yes,Yes,Fiber optic,Yes,No,No,No,No,Yes,Month-to-month,No,Electronic check,64.91,3944.9,No
6730-UUN,Male,0,Yes,No,17,Yes,No,DSL,No,Yes,No,No,No,Yes,Month-to-month,No,Mailed check,64.94,1116.91,No
7465-CBD,Male,0,No,No,10,Yes,No,Fiber optic,No,No,Yes,No,Yes,Yes,Two year,No,Electronic check,85.71,819.41,No
5312-XRN,Male,0,Yes,No,51,Yes,No phone service,DSL,Yes,No,Yes,No,No,No,One year,No,Electronic check,68.98,3475.42,No
1075-FHC,Female,1,Yes,No,56,Yes,Yes,DSL,No,No,No,Yes,No,No,Two year,No,Bank transfer (automatic),36.62,2071.06,No
2023-MIK,Female,1,No,No,44,Yes,No,DSL,No,Yes,No,No,No,Yes,Month-to-month,Yes,Bank transfer (automatic),70.74,3019.32,Yes
7832-IUX,Male,0,No,Yes,8,No,No,Fiber optic,Yes,Yes,Yes,Yes,No,No,Two year,Yes,Electronic check,61.56,449.95,Yes
7025-RDB,Female,0,Yes,No,8,Yes,No,Fiber optic,Yes,Yes,Yes,No,No,No,One year,No,Mailed check,79.92,666.19,Yes
7516-PSQ,Male,0,No,No,28,Yes,Yes,DSL,No,No,Yes,No,No,Yes,One year,No,Bank transfer (automatic),40.21,1111.38,Yes
1393-OOR,Female,0,Yes,No,32,Yes,Yes,Fiber optic,Yes,Yes,Yes,No,No,No,Two year,No,Electronic check,97.95,3103.52,No
5523-MQP,Male,0,No,No,72,Yes,No,Fiber optic,Yes,Yes,Yes,Yes,Yes,Yes,Month-to-month,Yes,Mailed check,97.89,7101.38,No
7200-HBM,Male,1,No,Yes,20,Yes,No,Fiber optic,Yes,No,No,Yes,Yes,No,One year,No,Bank transfer (automatic),78.58,1637.2,No
3239-EVO,Female,0,No,No,14,Yes,Yes,Fiber optic,Yes,No,Yes,No,No,No,One year,Yes,Credit card (automatic),79.72,1116.09,No
5671-HVW,Male,0,No,No,69,Yes,No phone service,DSL,No,Yes,No,No,Yes,Yes,Two year,Yes,Mailed check,50.64,3538.74,No
3301-MYP,Male,1,No,No,11,Yes,No,Fiber optic,No,Yes,Yes,Yes,No,No,Two year,Yes,Bank transfer (automatic),69.62,818.92,No
5166-TMB,Male,0,Yes,Yes,1,Yes,Yes,Fiber optic,Yes,No,No,No,Yes,No,One year,Yes,Mailed check,88.52,87.95,No
3643-WUW,Male,1,Yes,No,30,No,No,Fiber optic,No,Yes,Yes,Yes,Yes,Yes,Month-to-month,Yes,Bank transfer (automatic),81.56,2428.87,No
7271-IWL,Male,0,No,No,29,Yes,No,DSL,No,No,No,No,Yes,No,Month-to-month,No,Bank transfer (automatic),21.18,617.33,Yes
4814-UVU,Female,0,Yes,Yes,45,Yes,No,Fiber optic,Yes,Yes,No,No,Yes,Yes,Two year,No,Mailed check,78.58,3485.19,No
4963-SHJ,Female,0,No,Yes,64,Yes,No,DSL,No,No,Yes,No,No,Yes,Two year,Yes,Electronic check,55.57,3576.36,No
9876-ZHH,Male,0,No,Yes,68,Yes,Yes,Fiber optic,No,Yes,Yes,No,Yes,Yes,Two year,Yes,Credit card (automatic),82.45,5595.07,No
2788-KPW,Male,1,Yes,No,21,Yes,No phone service,DSL,Yes,Yes,No,Yes,No,No,Month-to-month,Yes,Bank transfer (automatic),45.62,960.0,Yes
7893-QDE,Male,0,Yes,No,71,Yes,No,DSL,No,Yes,Yes,Yes,No,No,Month-to-month,Yes,Bank transfer (automatic),35.82,2544.69,No
8213-UZH,Female,0,Yes,Yes,46,Yes,No,Fiber optic,No,Yes,No,Yes,Yes,No,One year,Yes,Mailed check,65.81,2997.6,No
5615-SZA,Female,0,No,No,5,Yes,Yes,No,No internet service,No internet service,No internet service,No internet service,No internet service,No internet service,One year,No,Electronic check,35.76,177.55,No
2236-YOI,Male,0,No,No,68,Yes,No,DSL,No,Yes,No,Yes,No,No,Month-to-month,No,Mailed check,24.68,1630.66,No
8956-HLX,Female,1,No,No,10,Yes,No,Fiber optic,Yes,Yes,No,No,Yes,Yes,One year,Yes,Mailed check,89.49,878.02,Yes
8434-VRU,Female,1,Yes,No,42,Yes,Yes,Fiber optic,No,Yes,Yes,No,No,No,Month-to-month,No,Mailed check,75.75,3142.53,Yes
3342-FXU,Female,0,Yes,No,57,Yes,No,No,No internet service,No internet service,No internet service,No internet service,No internet service,No internet service,Month-to-month,Yes,Electronic check,61.14,3454.3,No
4339-EBN,Female,1,Yes,No,18,No,Yes,Fiber optic,No,No,Yes,Yes,No,No,Month-to-month,No,Bank transfer (automatic),73.57,1245.24,Yes
3081-NUK,Male,0,No,No,19,Yes,Yes,DSL,No,Yes,No,No,No,Yes,Month-to-month,Yes,Mailed check,50.58,946.0,No
7466-WRW,Female,1,Yes,No,34,Yes,No,DSL,No,No,Yes,No,Yes,Yes,Month-to-month,No,Bank transfer (automatic),26.3,911.19,Yes
1795-STS,Male,0,Yes,No,64,Yes,No,Fiber optic,No,No,No,No,No,No,Two year,Yes,Electronic check,84.08,5387.34,No
6494-QDN,Male,0,No,No,16,Yes,No,DSL,No,Yes,No,No,No,Yes,One year,Yes,Mailed check,58.09,967.38,No
4977-WIK,Female,0,No,No,48,Yes,No,No,No internet service,No internet service,No internet service,No internet service,No internet service,No internet service,Two year,Yes,Electronic check,53.81,2549.54,No
7416-DKP,Male,0,No,No,33,Yes,No,No,No internet service,No internet service,No internet service,No internet service,No internet service,No internet service,Month-to-month,No,Bank transfer (automatic),44.43,1449.44,No
7135-XXA,Male,1,Yes,No,8,Yes,No,No,No internet service,No internet service,No internet service,No internet service,No internet service,No internet service,Month-to-month,No,Bank transfer (automatic),29.8,270.5,No
4849-YWQ,Female,0,No,No,51,Yes,No,DSL,No,No,Yes,Yes,Yes,No,Month-to-month,No,Mailed check,64.46,3284.43,No
4159-RIQ,Male,1,Yes,Yes,60,Yes,Yes,Fiber optic,Yes,Yes,Yes,Yes,No,Yes,One year,No,Credit card (automatic),52.71,3169.07,Yes
2403-ESP,Female,0,Yes,No,42,Yes,Yes,Fiber optic,No,Yes,No,No,No,Yes,Month-to-month,Yes,Electronic check,91.78,3928.76,Yes
7698-DDJ,Male,0,No,No,12,Yes,Yes,DSL,Yes,Yes,Yes,No,Yes,Yes,One year,No,Mailed check,48.3,570.7,No
9353-DJS,Male,0,No,No,11,Yes,Yes,DSL,No,No,Yes,No,No,No,Two year,No,Bank transfer (automatic),33.36,350.02,No
6853-NWV,Male,0,Yes,No,30,Yes,Yes,DSL,No,Yes,No,Yes,Yes,No,Two year,Yes,Mailed check,81.64,2414.45,No
5536-LWQ,Female,1,Yes,No,36,Yes,No,Fiber optic,No,No,Yes,No,No,Yes,Month-to-month,Yes,Bank transfer (automatic),90.99,3265.52,No
7837-UJO,Female,0,Yes,Yes,40,Yes,No,No,No internet service,No internet service,No internet service,No internet service,No internet service,No internet service,Month-to-month,Yes,Credit card (automatic),43.74,1785.36,Yes
5027-QQO,Male,0,Yes,No,17,Yes,No phone service,No,No internet service,No internet service,No internet service,No internet service,No internet service,No internet service,Month-to-month,Yes,Bank transfer (automatic),18.0,326.08,No
8902-TZI,Male,0,No,No,36,No,Yes,DSL,No,Yes,No,Yes,No,No,Month-to-month,Yes,Electronic check,67.1,2465.74,Yes
2432-TQK,Male,1,No,No,21,Yes,Yes,Fiber optic,No,No,Yes,Yes,No,No,One year,No,Electronic check,81.98,1734.21,No
9161-WHX,Female,1,No,Yes,50,Yes,No phone service,DSL,No,Yes,Yes,No,Yes,Yes,Month-to-month,No,Credit card (automatic),47.69,2306.07,No
5508-CSS,Female,1,Yes,No,58,No,Yes,DSL,No,Yes,Yes,Yes,Yes,Yes,One year,Yes,Electronic check,68.38,3988.06,No
5236-NEK,Female,0,No,Yes,47,Yes,No,DSL,Yes,No,Yes,No,No,Yes,Month-to-month,No,Mailed check,60.81,2861.72,No
2710-CPB,Male,1,Yes,Yes,0,Yes,No,Fiber optic,Yes,Yes,No,No,No,No,Two year,No,Credit card (automatic),82.11,0.0,No
9897-ECT,Female,0,Yes,No,72,No,Yes,Fiber optic,No,Yes,Yes,No,Yes,No,Two year,Yes,Bank transfer (automatic),56.89,4138.72,No
5417-YCA,Male,1,No,Yes,1,Yes,Yes,No,No internet service,No internet service,No internet service,No internet service,No internet service,No internet service,Month-to-month,No,Electronic check,38.7,29.1,Yes
7822-MVO,Female,0,Yes,No,72,Yes,No,No,No internet service,No internet service,No internet service,No internet service,No internet service,No internet service,Two year,No,Bank transfer (automatic),61.02,4413.73,No
7315-MRU,Female,0,No,No,2,Yes,No,DSL,No,Yes,No,No,No,No,Month-to-month,Yes,Mailed check,45.62,53.55,Yes
8404-ASR,Male,0,No,No,37,Yes,No,Fiber optic,Yes,Yes,No,No,No,No,One year,No,Credit card (automatic),67.76,2453.98,No
6492-QSZ,Male,0,No,Yes,7,Yes,No,DSL,No,No,No,No,Yes,No,Two year,Yes,Bank transfer (automatic),57.94,384.62,No
1974-OJU,Male,0,Yes,No,6,Yes,Yes,Fiber optic,Yes,Yes,Yes,No,No,Yes,Two year,Yes,Mailed check,64.55,376.32,No
6944-OUJ,Female,0,No,No,49,Yes,Yes,Fiber optic,No,Yes,No,No,No,Yes,Two year,Yes,Electronic check,78.5,3865.68,No
2889-LIT,Male,0,Yes,No,53,Yes,No,DSL,No,No,No,No,Yes,Yes,Month-to-month,No,Electronic check,64.45,3377.44,Yes
5006-SXB,Male,1,Yes,No,8,Yes,No,DSL,No,No,Yes,Yes,No,Yes,Two year,No,Mailed check,69.33,607.38,No
4314-DDT,Male,0,No,No,71,Yes,No,DSL,No,No,No,No,Yes,No,One year,Yes,Bank transfer (automatic),61.86,4358.26,No
8839-UKJ,Male,0,Yes,No,23,Yes,No,DSL,Yes,No,Yes,No,No,No,Month-to-month,Yes,Mailed check,66.42,1524.58,Yes
8763-UCD,Female,0,No,No,23,Yes,No,No,No internet service,No internet service,No internet service,No internet service,No internet service,No internet service,Month-to-month,Yes,Credit card (automatic),36.99,851.18,Yes
9512-SYV,Female,0,No,No,21,Yes,No phone service,DSL,No,Yes,No,No,Yes,No,Two year,No,Electronic check,34.04,725.31,Yes
3573-RAL,Female,0,No,No,33,Yes,No phone service,Fiber optic,No,No,Yes,No,Yes,No,One year,Yes,Electronic check,47.87,1595.49,No
4610-BGL,Female,0,Yes,Yes,12,Yes,Yes,No,No internet service,No internet service,No internet service,No internet service,No internet service,No internet service,Month-to-month,Yes,Bank transfer (automatic),46.62,638.61,No
7957-SBA,Female,0,Yes,No,31,Yes,No phone service,Fiber optic,No,No,No,No,No,Yes,Two year,Yes,Bank transfer (automatic),76.49,2350.1,Yes
2043-KRJ,Male,0,No,No,15,Yes,Yes,Fiber optic,No,No,No,Yes,Yes,No,One year,Yes,Mailed check,72.96,1105.35,No
8337-SAF,Female,0,No,Yes,3,Yes,No,No,No internet service,No internet service,No internet service,No internet service,No internet service,No internet service,Month-to-month,No,Mailed check,47.2,138.68,Yes
3286-VPS,Female,0,No,No,26,Yes,No,DSL,Yes,Yes,No,No,Yes,Yes,Month-to-month,No,Electronic check,50.88,1357.28,Yes
3528-FQB,Male,0,Yes,No,49,Yes,Yes,DSL,Yes,Yes,No,Yes,Yes,Yes,One year,Yes,Bank transfer (automatic),47.23,2329.98,No
6573-VNM,Male,0,No,Yes,55,Yes,No,Fiber optic,No,Yes,No,No,Yes,Yes,One year,No,Credit card (automatic),83.68,4610.09,No
8048-OBT,Male,0,No,Yes,25,Yes,Yes,Fiber optic,No,Yes,No,No,Yes,Yes,One year,No,Credit card (automatic),72.88,1769.72,Yes
1967-XDR,Female,0,Yes,Yes,23,Yes,Yes,No,No internet service,No internet service,No internet service,No internet service,No internet service,No internet service,Month-to-month,Yes,Bank transfer (automatic),61.45,1397.49,No
9792-WHD,Female,0,Yes,Yes,57,Yes,No,DSL,No,Yes,Yes,Yes,Yes,No,One year,Yes,Bank transfer (automatic),35.6,1995.02,No
4543-PHU,Male,0,No,No,49,No,No,Fiber optic,No,No,No,No,No,No,One year,No,Bank transfer (automatic),88.6,4325.75,No
7635-BGI,Female,0,No,Yes,60,Yes,Yes,Fiber optic,No,No,No,No,No,Yes,Two year,Yes,Bank transfer (automatic),64.28,3827.89,Yes
6106-ZCC,Male,0,Yes,Yes,66,Yes,No,No,No internet service,No internet service,No internet service,No internet service,No internet service,No internet service,Month-to-month,No,Electronic check,31.82,2081.98,No
8320-PYT,Male,0,Yes,Yes,59,Yes,Yes,DSL,Yes,Yes,No,Yes,Yes,No,One year,Yes,Mailed check,52.51,3083.71,No
4197-GCT,Female,0,No,No,68,Yes,Yes,DSL,No,Yes,No,Yes,Yes,No,Month-to-month,No,Credit card (automatic),64.75,4389.23,Yes
4143-AEZ,Male,0,Yes,No,30,Yes,Yes,No,No internet service,No internet service,No internet service,No internet service,No internet service,No internet service,Month-to-month,Yes,Credit card (automatic),34.34,1019.9,Yes
9009-UZO,Female,0,Yes,No,28,No,Yes,Fiber optic,Yes,Yes,Yes,No,Yes,Yes,One year,Yes,Bank transfer (automatic),73.82,2034.48,No
3662-RTF,Female,0,No,Yes,23,Yes,Yes,DSL,No,Yes,No,Yes,No,No,One year,Yes,Electronic check,72.76,1674.78,Yes
7871-QUT,Female,0,No,No,17,Yes,No,DSL,No,Yes,No,No,No,Yes,Month-to-month,Yes,Credit card (automatic),68.14,1126.81,Yes
1825-WWC,Male,0,Yes,Yes,54,No,No,No,No internet service,No internet service,No internet service,No internet service,No internet service,No internet service,Two year,No,Electronic check,45.71,2447.38,No
4966-PVR,Female,1,No,No,52,No,No,Fiber optic,No,No,No,Yes,No,No,Month-to-month,No,Electronic check,75.57,3927.88,Yes
4008-TXL,Female,0,No,No,58,Yes,Yes,Fiber optic,No,No,No,No,No,No,Month-to-month,Yes,Mailed check,78.11,4440.02,No
2999-LEN,Female,0,Yes,No,12,Yes,No,No,No internet service,No internet service,No internet service,No internet service,No internet service,No internet service,Month-to-month,No,Bank transfer (automatic),48.87,673.64,No
1109-BHF,Male,1,No,No,35,Yes,No,DSL,No,No,No,No,Yes,Yes,Month-to-month,Yes,Mailed check,39.78,1410.67,No
4818-UTG,Female,0,Yes,Yes,16,Yes,Yes,DSL,No,Yes,Yes,No,Yes,Yes,One year,Yes,Bank transfer (automatic),46.82,760.31,No
1576-AFV,Female,0,Yes,No,65,Yes,No,Fiber optic,No,Yes,Yes,No,Yes,Yes,Two year,No,Bank transfer (automatic),66.33,4293.19,No
6398-BTJ,Female,1,Yes,No,19,Yes,Yes,No,No internet service,No internet service,No internet service,No internet service,No internet service,No internet service,One year,Yes,Electronic check,50.84,969.25,Yes
7210-RTZ,Male,0,No,No,10,Yes,Yes,DSL,No,No,Yes,No,No,Yes,Month-to-month,No,Electronic check,74.62,703.85,Yes
7990-KEQ,Female,0,No,No,41,Yes,No,Fiber optic,No,Yes,Yes,Yes,Yes,No,Month-to-month,Yes,Bank transfer (automatic),71.21,2936.77,Yes
3561-BXM,Male,0,Yes,No,64,Yes,Yes,DSL,No,No,Yes,Yes,Yes,Yes,Month-to-month,Yes,Credit card (automatic),33.67,2095.95,No
7555-BYS,Male,0,Yes,No,66,Yes,No,DSL,Yes,No,Yes,No,Yes,No,One year,No,Credit card (automatic),46.12,2999.51,No
9718-PAJ,Male,0,No,Yes,7,Yes,No,No,No internet service,No internet service,No internet service,No internet service,No internet service,No internet service,Month-to-month,No,Electronic check,61.9,408.45,No
6339-TUF,Female,0,Yes,Yes,23,Yes,Yes,DSL,Yes,No,Yes,No,Yes,No,Month-to-month,No,Mailed check,31.36,774.13,No
6844-XBG,Female,0,Yes,Yes,11,Yes,No,DSL,Yes,No,No,Yes,No,Yes,Two year,No,Credit card (automatic),68.6,716.03,No
7133-PMT,Male,0,No,Yes,22,Yes,No,Fiber optic,Yes,No,Yes,No,No,Yes,One year,No,Electronic check,79.88,1769.04,No
6160-AUL,Female,1,No,No,38,Yes,Yes,Fiber optic,Yes,No,Yes,Yes,Yes,Yes,Month-to-month,No,Bank transfer (automatic),80.62,2991.36,Yes
2520-LJM,Female,0,No,No,20,Yes,No,Fiber optic,Yes,No,Yes,No,Yes,Yes,Month-to-month,Yes,Mailed check,80.26,1606.07,Yes
1456-FOI,Male,1,No,No,4,Yes,No,No,No internet service,No internet service,No internet service,No internet service,No internet service,No internet service,One year,Yes,Bank transfer (automatic),28.57,175.01,Yes
1792-GGW,Female,0,No,No,37,Yes,No,DSL,Yes,Yes,No,No,No,No,Month-to-month,No,Electronic check,58.39,2177.94,No
7759-SCG,Female,1,No,No,3,Yes,No,Fiber optic,No,Yes,No,No,Yes,No,Month-to-month,No,Electronic check,69.81,136.87,Yes
4115-NTQ,Female,0,Yes,Yes,16,Yes,Yes,DSL,Yes,Yes,No,No,No,No,Two year,Yes,Electronic check,68.18,1092.4,No
7932-XTH,Female,0,Yes,Yes,0,Yes,Yes,DSL,No,Yes,No,No,No,Yes,Month-to-month,Yes,Mailed check,75.24,0.0,Yes
6381-LSQ,Male,0,No,No,6,Yes,No,Fiber optic,No,No,Yes,Yes,No,Yes,Month-to-month,Yes,Electronic check,83.24,542.36,Yes
6984-IOF,Male,0,No,Yes,31,Yes,No phone service,DSL,No,No,No,No,Yes,Yes,Month-to-month,Yes,Mailed check,46.6,1441.09,No
4486-ZCT,Male,0,No,Yes,62,Yes,No,No,No internet service,No internet service,No internet service,No internet service,No internet service,No internet service,Month-to-month,Yes,Mailed check,61.22,3745.24,No
8485-OMX,Male,0,No,No,56,Yes,No,No,No internet service,No internet service,No internet service,No internet service,No internet service,No internet service,Month-to-month,No,Electronic check,60.91,3406.19,No
8047-YMS,Male,0,Yes,No,7,Yes,No phone service,No,No internet service,No internet service,No internet service,No internet service,No internet service,No internet service,Month-to-month,No,Electronic check,56.75,372.88,No
6753-TZN,Male,1,Yes,Yes,2,Yes,No,DSL,Yes,No,Yes,Yes,Yes,No,One year,No,Electronic check,66.49,57.37,No
1855-NHF,Male,1,Yes,Yes,24,Yes,Yes,DSL,Yes,No,No,No,No,Yes,Month-to-month,No,Credit card (automatic),33.4,795.5,No
3317-VXI,Female,0,No,No,47,Yes,No,No,No internet service,No internet service,No internet service,No internet service,No internet service,No internet service,Two year,Yes,Electronic check,49.94,2347.34,No
2112-RVZ,Female,0,No,No,54,Yes,Yes,Fiber optic,Yes,Yes,No,No,Yes,Yes,Two year,No,Bank transfer (automatic),80.95,4384.65,No
1940-RZU,Female,0,Yes,Yes,60,Yes,Yes,Fiber optic,No,Yes,No,No,No,No,Month-to-month,No,Mailed check,87.98,5314.41,Yes
2301-BAR,Male,0,Yes,Yes,24,Yes,No,No,No internet service,No internet service,No internet service,No internet service,No internet service,No internet service,Month-to-month,No,Electronic check,47.98,1141.69,No
9234-RYF,Female,1,Yes,Yes,12,Yes,No,DSL,No,No,No,No,No,No,Two year,Yes,Credit card (automatic),73.54,829.94,No
5120-BQY,Female,0,Yes,No,1,Yes,No phone service,DSL,No,Yes,Yes,Yes,No,Yes,Two year,No,Bank transfer (automatic),45.74,16.46,No
2747-ZYT,Female,0,No,No,10,Yes,No,Fiber optic,Yes,Yes,No,Yes,No,No,Two year,Yes,Bank transfer (automatic),72.9,728.35,No
8553-CXI,Female,0,Yes,No,4,Yes,No,Fiber optic,No,Yes,No,Yes,No,Yes,Month-to-month,Yes,Electronic check,81.74,369.49,Yes
8605-SOX,Female,0,No,No,62,Yes,No,DSL,Yes,No,No,No,No,Yes,Month-to-month,Yes,Electronic check,79.9,4953.94,No
3988-DZY,Male,1,Yes,No,19,Yes,No phone service,Fiber optic,No,No,Yes,Yes,No,No,Month-to-month,Yes,Electronic check,99.24,1880.93,Yes
4583-UZG,Female,0,Yes,No,60,Yes,No,No,No internet service,No internet service,No internet service,No internet service,No internet service,No internet service,Two year,No,Mailed check,26.85,1602.73,No
3098-WPA,Male,0,No,Yes,40,Yes,No,Fiber optic,Yes,No,Yes,Yes,Yes,Yes,One year,Yes,Credit card (automatic),98.19,3927.31,No
5954-DGZ,Male,0,No,No,39,Yes,No,DSL,No,Yes,No,No,Yes,Yes,Month-to-month,Yes,Mailed check,63.63,2548.44,No
3337-IUM,Male,0,No,No,33,No,No,Fiber optic,No,No,No,Yes,Yes,Yes,Month-to-month,No,Electronic check,84.21,2775.98,No
3985-XRL,Male,0,No,No,59,Yes,No,No,No internet service,No internet service,No internet service,No internet service,No internet service,No internet service,Month-to-month,No,Electronic check,33.75,1982.02,No
5739-BEY,Female,0,No,No,3,Yes,Yes,No,No internet service,No internet service,No internet service,No internet service,No internet service,No internet service,One year,Yes,Mailed check,34.09,103.61,No
3531-UII,Male,0,No,No,6,Yes,Yes,DSL,No,Yes,No,No,No,Yes,Month-to-month,Yes,Electronic check,59.81,335.19,No
3436-CCA,Female,0,No,Yes,30,Yes,No,No,No internet service,No internet service,No internet service,No internet service,No internet service,No internet service,One year,Yes,Mailed check,44.68,1285.75,No
1077-UUI,Female,1,Yes,Yes,28,Yes,No,Fiber optic,Yes,Yes,No,No,No,Yes,One year,No,Credit card (automatic),72.38,1965.74,No
3378-JXT,Male,0,Yes,No,39,Yes,Yes,Fiber optic,Yes,Yes,Yes,Yes,Yes,Yes,One year,No,Mailed check,84.93,3286.83,Yes
1239-UUK,Female,0,No,No,53,Yes,No phone service,DSL,No,No,No,Yes,No,No,Month-to-month,Yes,Electronic check,54.49,2929.31,Yes
3689-TRP,Male,0,No,No,42,Yes,No phone service,DSL,No,Yes,No,Yes,No,No,Two year,No,Electronic check,71.32,3036.29,No
7245-CFS,Male,1,No,Yes,18,Yes,No phone service,Fiber optic,No,No,No,No,Yes,Yes,One year,No,Bank transfer (automatic),89.76,1576.62,No
2816-BWS,Male,0,No,Yes,23,Yes,No,DSL,No,Yes,Yes,Yes,Yes,No,Month-to-month,No,Electronic check,42.87,980.47,Yes
3042-YDQ,Female,1,No,No,54,Yes,No,DSL,No,No,No,Yes,No,Yes,Month-to-month,Yes,Credit card (automatic),53.88,2914.12,No
7202-KFA,Female,0,Yes,No,14,Yes,Yes,No,No internet service,No internet service,No internet service,No internet service,No internet service,No internet service,One year,No,Bank transfer (automatic),49.36,665.67,No
7511-WLI,Female,0,Yes,No,36,Yes,No phone service,DSL,Yes,No,Yes,Yes,Yes,Yes,Month-to-month,Yes,Mailed check,56.28,2071.88,No
4254-UBZ,Male,0,Yes,No,39,Yes,Yes,No,No internet service,No internet service,No internet service,No internet service,No internet service,No internet service,Month-to-month,Yes,Bank transfer (automatic),30.84,1229.43,No
3649-ZGK,Male,1,No,Yes,54,Yes,Yes,Fiber optic,Yes,No,No,No,Yes,Yes,Month-to-month,Yes,Electronic check,78.79,4267.29,Yes
7713-GNJ,Female,0,No,No,52,Yes,No phone service,No,No internet service,No internet service,No internet service,No internet service,No internet service,No internet service,Month-to-month,Yes,Electronic check,19.19,1000.28,No
9212-HCU,Female,0,Yes,Yes,33,Yes,No,DSL,No,No,Yes,No,Yes,Yes,Month-to-month,Yes,Bank transfer (automatic),70.97,2287.3,No
5594-EGD,Female,1,Yes,No,22,Yes,No,Fiber optic,No,No,No,No,No,No,One year,Yes,Electronic check,59.34,1352.97,Yes
5164-EFE,Female,1,Yes,Yes,26,Yes,No,Fiber optic,No,Yes,No,Yes,Yes,No,Month-to-month,Yes,Electronic check,92.44,2423.76,No
3771-MRU,Female,0,No,Yes,30,No,Yes,No,No internet service,No internet service,No internet service,No internet service,No internet service,No internet service,One year,Yes,Credit card (automatic),37.63,1143.22,No
8383-UOU,Female,0,Yes,Yes,16,Yes,Yes,DSL,No,Yes,Yes,No,Yes,No,Month-to-month,No,Bank transfer (automatic),59.43,925.05,No
3868-FJK,Male,0,No,No,45,Yes,Yes,DSL,No,No,No,No,No,Yes,Month-to-month,No,Electronic check,51.71,2304.16,No
5634-XOW,Male,0,Yes,No,15,Yes,Yes,No,No internet service,No internet service,No internet service,No internet service,No internet service,No internet service,Month-to-month,No,Credit card (automatic),30.73,478.26,No
8368-DYH,Male,0,No,No,47,Yes,No,DSL,Yes,Yes,No,No,No,Yes,Two year,Yes,Electronic check,62.03,2953.99,No
2803-BYE,Female,0,No,No,54,No,No,Fiber optic,Yes,No,Yes,No,Yes,Yes,Two year,Yes,Credit card (automatic),58.81,3236.11,No
6210-HJO,Male,1,No,No,70,Yes,No,DSL,No,Yes,Yes,Yes,Yes,Yes,Month-to-month,No,Mailed check,73.54,5122.06,No
2693-KRN,Male,0,No,Yes,8,Yes,No,DSL,Yes,No,No,Yes,No,No,Month-to-month,No,Mailed check,56.78,448.68,No
7103-YXF,Female,1,Yes,No,55,Yes,Yes,Fiber optic,No,No,Yes,No,No,No,Month-to-month,Yes,Bank transfer (automatic),77.48,4188.1,No
3938-BNQ,Male,0,No,No,6,Yes,Yes,Fiber optic,Yes,No,No,No,No,Yes,Month-to-month,No,Electronic check,68.73,326.24,No
6758-BUG,Female,0,No,No,24,Yes,No,Fiber optic,No,Yes,No,No,Yes,Yes,Two year,No,Credit card (automatic),69.36,1682.99,No
8679-HTD,Male,0,No,No,12,Yes,No,Fiber optic,No,No,No,No,No,No,Month-to-month,No,Electronic check,83.14,967.81,No
3695-INN,Male,0,No,No,11,Yes,Yes,Fiber optic,No,No,Yes,Yes,No,Yes,Two year,No,Credit card (automatic),68.73,686.97,No
5779-SZA,Male,0,No,No,12,Yes,No,No,No internet service,No internet service,No internet service,No internet service,No internet service,No internet service,One year,Yes,Electronic check,21.54,217.78,No
5829-ZBV,Male,0,No,No,3,No,Yes,DSL,No,No,No,Yes,No,Yes,Month-to-month,No,Electronic check,62.84,200.52,Yes
7747-VKP,Male,0,Yes,Yes,60,Yes,No,DSL,Yes,No,No,Yes,Yes,No,Two year,No,Electronic check,72.1,4339.44,No
5654-KTO,Male,0,Yes,No,4,Yes,No,DSL,Yes,No,No,No,No,Yes,Month-to-month,No,Mailed check,69.02,218.78,Yes
9669-UUP,Male,0,Yes,No,29,Yes,No,Fiber optic,No,Yes,No,Yes,No,No,Two year,No,Bank transfer (automatic),95.03,2799.14,No
3297-QFE,Female,0,No,Yes,51,Yes,Yes,Fiber optic,No,No,No,Yes,No,Yes,Month-to-month,No,Bank transfer (automatic),71.67,3630.82,No
9796-HFN,Male,0,No,No,72,Yes,Yes,Fiber optic,No,Yes,Yes,No,No,No,Two year,No,Credit card (automatic),84.18,6070.58,Yes
2240-WXP,Male,0,No,Yes,62,Yes,Yes,Fiber optic,Yes,Yes,No,No,Yes,No,Month-to-month,Yes,Mailed check,85.04,5273.8,Yes
5006-LBK,Female,0,No,Yes,10,No,Yes,Fiber optic,No,Yes,No,No,Yes,Yes,Month-to-month,Yes,Mailed check,73.12,730.8,Yes
6336-QJS,Male,0,Yes,Yes,72,Yes,Yes,No,No internet service,No internet service,No internet service,No internet service,No internet service,No internet service,Two year,No,Electronic check,48.98,3493.77,No
4940-MPY,Male,0,No,No,47,Yes,Yes,Fiber optic,No,Yes,No,No,Yes,No,Month-to-month,No,Bank transfer (automatic),68.32,3210.19,Yes
9925-PCH,Male,0,Yes,No,13,No,Yes,Fiber optic,No,No,Yes,No,Yes,Yes,Month-to-month,Yes,Credit card (automatic),85.37,1119.24,No
3131-XVH,Male,0,No,No,32,Yes,No,DSL,Yes,Yes,No,Yes,No,Yes,Two year,Yes,Mailed check,47.99,1528.7,No
2228-KZA,Male,0,Yes,No,67,Yes,Yes,Fiber optic,Yes,Yes,No,No,Yes,Yes,Month-to-month,No,Mailed check,86.72,5813.77,Yes
3955-DQW,Female,0,Yes,Yes,28,Yes,No,DSL,Yes,No,Yes,No,No,No,Two year,Yes,Mailed check,71.49,2040.28,Yes
2764-KID,Male,0,No,Yes,13,Yes,Yes,No,No internet service,No internet service,No internet service,No internet service,No internet service,No internet service,One year,Yes,Electronic check,18.0,217.51,Yes
5992-EZI,Male,0,No,Yes,63,No,Yes,Fiber optic,Yes,No,No,No,No,Yes,One year,No,Mailed check,90.57,5728.78,No
4409-RXC,Female,1,Yes,No,69,Yes,Yes,DSL,Yes,Yes,Yes,No,Yes,Yes,Month-to-month,Yes,Electronic check,50.52,3478.52,No
2875-ZAF,Female,0,No,No,71,Yes,No,DSL,No,Yes,Yes,Yes,No,Yes,Month-to-month,Yes,Credit card (automatic),41.82,3019.08,No
8561-XSP,Female,0,No,No,69,Yes,Yes,Fiber optic,Yes,No,No,Yes,Yes,Yes,Two year,No,Electronic check,87.87,6013.82,No
2038-DAG,Male,1,Yes,No,63,Yes,Yes,No,No internet service,No internet service,No internet service,No internet service,No internet service,No internet service,Month-to-month,No,Electronic check,47.13,3014.82,No
8387-IEF,Female,0,No,No,33,Yes,No,DSL,No,No,No,Yes,No,Yes,Month-to-month,Yes,Electronic check,56.57,1848.2,Yes
5308-KWV,Male,0,No,Yes,14,Yes,No,DSL,No,No,No,No,Yes,Yes,Month-to-month,Yes,Mailed check,36.39,583.37,No
6124-ZXC,Female,0,Yes,No,45,Yes,Yes,Fiber optic,Yes,No,No,No,No,No,Month-to-month,Yes,Bank transfer (automatic),67.5,3052.73,No
1333-DLL,Male,1,Yes,No,16,Yes,No phone service,No,No internet service,No internet service,No internet service,No internet service,No internet service,No internet service,One year,No,Credit card (automatic),37.05,622.56,No
2771-SKD,Female,0,No,No,34,Yes,Yes,No,No internet service,No internet service,No internet service,No internet service,No internet service,No internet service,Two year,Yes,Mailed check,56.2,1905.17,No
7850-TXZ,Female,0,Yes,No,47,No,No,DSL,Yes,No,No,Yes,No,Yes,Two year,Yes,Electronic check,69.65,3297.38,No
2333-GJX,Female,0,No,Yes,69,Yes,No,Fiber optic,No,No,No,No,No,No,Two year,No,Bank transfer (automatic),81.41,5641.1,No
4993-XGI,Female,0,Yes,No,21,No,No phone service,No,No internet service,No internet service,No internet service,No internet service,No internet service,No internet service,Month-to-month,No,Bank transfer (automatic),40.29,841.11,No
2784-JVI,Male,0,Yes,No,18,No,Yes,Fiber optic,Yes,Yes,No,No,No,No,Month-to-month,Yes,Bank transfer (automatic),74.94,1375.67,Yes
8806-FAO,Male,0,No,No,53,Yes,Yes,Fiber optic,Yes,No,No,No,Yes,Yes,Month-to-month,Yes,Mailed check,62.3,3184.27,No
9290-GUY,Male,0,Yes,Yes,0,Yes,Yes,Fiber optic,Yes,Yes,No,No,No,No,One year,No,Mailed check,71.67,0.0,Yes
3597-DQS,Male,0,No,No,41,Yes,Yes,Fiber optic,No,Yes,Yes,Yes,Yes,No,Month-to-month,Yes,Electronic check,72.76,2983.91,Yes
5165-QFH,Female,0,No,No,54,Yes,Yes,DSL,No,No,No,No,No,Yes,One year,No,Electronic check,60.04,3259.73,No
1992-NPV,Female,1,No,Yes,40,Yes,Yes,DSL,Yes,No,Yes,No,Yes,No,Month-to-month,Yes,Credit card (automatic),46.53,1895.22,Yes
1305-UUU,Male,0,No,No,28,Yes,Yes,Fiber optic,No,Yes,Yes,No,No,No,Two year,Yes,Electronic check,67.2,1872.76,No
6941-SQF,Male,0,No,Yes,60,Yes,Yes,DSL,Yes,No,Yes,No,Yes,No,Two year,Yes,Electronic check,47.51,2836.93,No
5889-HQV,Female,0,Yes,No,27,Yes,Yes,Fiber optic,No,No,No,No,No,Yes,Two year,Yes,Electronic check,106.02,2893.04,No
9256-ROF,Male,0,No,No,51,Yes,Yes,No,No internet service,No internet service,No internet service,No internet service,No internet service,No internet service,Month-to-month,No,Electronic check,34.63,1806.43,No
3492-ESM,Female,0,No,No,33,No,Yes,No,No internet service,No internet service,No internet service,No internet service,No internet service,No internet service,Two year,No,Credit card (automatic),35.39,1193.77,No
4020-OWJ,Female,0,Yes,No,1,Yes,No,DSL,No,No,Yes,No,Yes,No,Month-to-month,No,Electronic check,54.54,49.18,Yes
4963-JGM,Male,0,Yes,Yes,38,Yes,Yes,DSL,No,No,Yes,Yes,Yes,No,Month-to-month,No,Mailed check,51.99,2064.82,No
1699-CIU,Male,0,Yes,Yes,3,Yes,No,Fiber optic,Yes,No,No,No,Yes,Yes,Month-to-month,Yes,Credit card (automatic),81.39,246.95,No
5661-LCB,Male,1,No,No,67,Yes,No,Fiber optic,Yes,Yes,No,No,No,No,Month-to-month,No,Electronic check,78.14,5242.96,Yes
9784-NPI,Female,1,Yes,No,43,Yes,Yes,DSL,Yes,No,Yes,No,Yes,No,Month-to-month,No,Electronic check,40.01,1777.58,No
7895-UCN,Female,0,Yes,No,27,Yes,No,No,No internet service,No internet service,No internet service,No internet service,No internet service,No internet service,Month-to-month,Yes,Mailed check,40.27,1140.77,No
4654-VKF,Male,0,Yes,No,35,Yes,No,DSL,Yes,No,Yes,No,Yes,Yes,Month-to-month,No,Electronic check,54.47,1931.21,No
7039-HMG,Female,1,No,No,45,Yes,No phone service,DSL,No,Yes,No,No,Yes,No,One year,No,Electronic check,49.31,2187.39,No
3256-YTI,Female,0,No,No,18,No,No,Fiber optic,Yes,No,No,No,No,No,Two year,Yes,Bank transfer (automatic),62.74,1133.26,No
7246-NKE,Male,0,No,No,21,Yes,Yes,Fiber optic,No,No,Yes,Yes,Yes,Yes,One year,Yes,Electronic check,61.1,1301.21,Yes
8882-ADM,Male,0,Yes,Yes,30,Yes,Yes,Fiber optic,Yes,Yes,No,No,Yes,No,One year,Yes,Bank transfer (automatic),64.8,2012.32,No
5626-PWZ,Female,0,Yes,No,18,Yes,Yes,Fiber optic,Yes,Yes,No,No,No,No,Month-to-month,No,Credit card (automatic),92.17,1762.3,Yes
7355-ZNW,Female,0,Yes,No,55,Yes,Yes,No,No internet service,No internet service,No internet service,No internet service,No internet service,No internet service,Two year,No,Electronic check,39.13,2131.18,No
1850-PAU,Female,0,Yes,Yes,7,No,No,DSL,No,No,Yes,No,No,Yes,Month-to-month,No,Electronic check,51.84,392.72,No
7025-KLZ,Female,0,Yes,Yes,60,Yes,Yes,Fiber optic,Yes,No,No,Yes,No,Yes,Month-to-month,No,Electronic check,74.29,4428.88,No
4758-ZKX,Male,0,Yes,No,25,No,Yes,DSL,No,No,Yes,No,No,Yes,Month-to-month,Yes,Electronic check,88.04,2196.63,Yes
2561-DOY,Male,0,No,No,40,Yes,Yes,Fiber optic,No,No,No,No,No,No,One year,No,Mailed check,66.77,2640.44,No
4420-JBO,Male,0,No,Yes,11,Yes,No,Fiber optic,Yes,Yes,Yes,Yes,Yes,No,Month-to-month,Yes,Mailed check,96.3,1117.72,No
9354-IMJ,Male,0,No,No,28,Yes,No,Fiber optic,Yes,Yes,No,Yes,No,Yes,One year,No,Electronic check,70.38,1978.96,No
3248-ESO,Female,0,No,No,55,Yes,No,DSL,No,No,Yes,Yes,No,No,Month-to-month,Yes,Electronic check,38.65,2136.02,No
8646-GHR,Female,0,Yes,No,19,Yes,No,No,No internet service,No internet service,No internet service,No internet service,No internet service,No internet service,Month-to-month,Yes,Electronic check,34.79,662.73,No
9357-DPC,Female,0,No,Yes,9,Yes,No,Fiber optic,No,Yes,Yes,Yes,No,Yes,Month-to-month,Yes,Bank transfer (automatic),77.11,707.16,Yes
3341-ASR,Male,0,Yes,Yes,38,Yes,No,No,No internet service,No internet service,No internet service,No internet service,No internet service,No internet service,Month-to-month,Yes,Mailed check,56.34,2155.29,No
6578-YYN,Female,1,Yes,No,11,Yes,Yes,Fiber optic,No,No,Yes,No,No,No,Month-to-month,Yes,Bank transfer (automatic),45.03,471.35,No
8968-BPT,Male,0,No,Yes,22,Yes,Yes,No,No internet service,No internet service,No internet service,No internet service,No internet service,No internet service,One year,Yes,Mailed check,39.03,799.59,No
6699-JFA,Male,1,No,No,32,Yes,No,Fiber optic,Yes,Yes,No,No,No,Yes,Month-to-month,No,Mailed check,75.78,2378.5,No
7723-AVY,Female,0,Yes,No,41,Yes,Yes,Fiber optic,No,Yes,Yes,No,Yes,Yes,Month-to-month,No,Bank transfer (automatic),76.86,3094.89,Yes
9929-GFT,Male,0,Yes,No,46,No,No,Fiber optic,No,Yes,Yes,Yes,No,No,One year,Yes,Electronic check,57.2,2638.02,No
5999-FZM,Female,0,Yes,No,49,Yes,Yes,No,No internet service,No internet service,No internet service,No internet service,No internet service,No internet service,Month-to-month,Yes,Bank transfer (automatic),32.9,1583.52,No
7475-HIZ,Female,0,Yes,Yes,61,Yes,Yes,Fiber optic,Yes,No,Yes,No,No,Yes,Month-to-month,No,Mailed check,78.11,4799.01,No
1402-LZZ,Female,0,No,No,4,Yes,No,Fiber optic,No,No,No,No,Yes,No,Month-to-month,No,Mailed check,74.89,307.98,Yes
6769-CVF,Male,0,No,No,26,Yes,No,Fiber optic,No,No,Yes,No,Yes,No,Month-to-month,No,Mailed check,65.21,1631.22,No
1714-QPG,Male,0,No,Yes,0,Yes,Yes,Fiber optic,No,Yes,Yes,Yes,No,Yes,Month-to-month,No,Mailed check,85.28,0.0,No
9284-QQE,Female,0,Yes,No,0,Yes,Yes,Fiber optic,No,Yes,Yes,Yes,No,Yes,One year,Yes,Bank transfer (automatic),71.17,0.0,No
4423-OHP,Female,0,No,Yes,15,Yes,Yes,Fiber optic,No,No,No,No,No,Yes,Month-to-month,Yes,Electronic check,59.02,845.25,Yes
1898-RAU,Male,0,No,Yes,43,Yes,Yes,Fiber optic,No,No,Yes,Yes,No,Yes,Two year,No,Mailed check,65.27,2789.45,No
4087-YOJ,Female,0,Yes,No,65,Yes,No,Fiber optic,No,No,Yes,No,No,Yes,Month-to-month,No,Electronic check,65.78,4242.61,Yes
9098-QZD,Male,1,Yes,No,56,Yes,Yes,Fiber optic,No,Yes,No,No,No,Yes,One year,Yes,Electronic check,75.21,4277.73,No
1883-YHS,Male,0,Yes,No,47,Yes,Yes,No,No internet service,No internet service,No internet service,No internet service,No internet service,No internet service,Two year,No,Electronic check,40.22,1916.55,No
1283-CIV,Female,1,No,No,56,Yes,Yes,DSL,No,Yes,No,Yes,Yes,No,Month-to-month,Yes,Bank transfer (automatic),40.29,2244.77,No
6879-BKI,Male,1,No,No,12,Yes,No,DSL,No,Yes,No,Yes,Yes,No,Month-to-month,Yes,Bank transfer (automatic),46.53,608.3,No
8309-CBI,Male,0,Yes,No,61,Yes,No,DSL,Yes,Yes,Yes,No,No,Yes,Month-to-month,Yes,Credit card (automatic),29.05,1737.94,No
6754-UZV,Male,1,No,No,64,Yes,Yes,Fiber optic,No,No,Yes,No,No,Yes,Two year,No,Mailed check,96.94,6192.53,No
2684-JZO,Female,0,Yes,No,6,Yes,Yes,Fiber optic,No,Yes,Yes,No,Yes,No,Two year,No,Bank transfer (automatic),84.91,539.35,Yes
7913-SIL,Female,0,No,No,34,Yes,Yes,Fiber optic,No,Yes,No,Yes,No,No,Month-to-month,Yes,Credit card (automatic),89.61,3007.69,No
4812-YCD,Male,0,No,No,60,Yes,Yes,DSL,No,No,Yes,Yes,No,No,One year,Yes,Electronic check,57.68,3484.78,No
7144-PON,Female,0,No,No,34,Yes,Yes,No,No internet service,No internet service,No internet service,No internet service,No internet service,No internet service,Month-to-month,Yes,Bank transfer (automatic),58.47,1998.23,No
2628-GNB,Female,0,Yes,No,61,Yes,No,Fiber optic,No,No,Yes,No,No,No,Month-to-month,Yes,Electronic check,74.53,4566.91,No
9608-ZZR,Male,0,No,Yes,68,Yes,Yes,Fiber optic,No,Yes,Yes,Yes,Yes,Yes,One year,No,Electronic check,59.4,4102.11,No
8147-GDR,Male,0,No,No,34,Yes,Yes,DSL,No,Yes,No,Yes,Yes,No,Month-to-month,Yes,Credit card (automatic),46.66,1602.38,No
4270-XPG,Female,0,No,No,4,Yes,Yes,DSL,No,Yes,No,No,No,Yes,Month-to-month,No,Electronic check,49.07,200.69,Yes
2575-FWW,Male,0,No,Yes,24,Yes,No,DSL,Yes,Yes,No,Yes,No,No,Two year,No,Credit card (automatic),45.86,1048.23,No
7208-QHG,Male,0,Yes,No,15,Yes,Yes,Fiber optic,No,Yes,No,No,No,No,Month-to-month,Yes,Credit card (automatic),74.72,1128.16,No
8881-MRZ,Male,0,No,No,34,Yes,No,Fiber optic,No,Yes,Yes,Yes,Yes,Yes,One year,No,Credit card (automatic),56.74,1912.36,Yes
8388-RQT,Male,1,No,No,42,No,Yes,DSL,No,Yes,No,No,No,No,Month-to-month,No,Bank transfer (automatic),57.49,2410.27,No
9637-RWY,Male,0,No,Yes,33,Yes,No phone service,Fiber optic,Yes,Yes,Yes,Yes,No,No,Month-to-month,Yes,Bank transfer (automatic),96.76,3176.51,Yes
9516-RYM,Female,0,Yes,Yes,14,Yes,Yes,DSL,Yes,Yes,No,Yes,Yes,Yes,Month-to-month,Yes,Mailed check,63.62,907.88,No
6573-SWE,Female,0,No,No,21,Yes,No phone service,Fiber optic,No,No,Yes,No,No,Yes,Two year,No,Mailed check,76.59,1573.72,Yes
4314-UCL,Female,1,Yes,Yes,49,Yes,No,DSL,No,No,Yes,Yes,No,No,Month-to-month,No,Credit card (automatic),49.47,2431.45,Yes
5378-KDQ,Female,0,No,No,1,Yes,Yes,DSL,No,Yes,Yes,No,No,Yes,Month-to-month,No,Mailed check,60.92,24.46,Yes
2854-CPB,Male,0,No,No,15,Yes,No,DSL,Yes,Yes,Yes,Yes,Yes,No,One year,Yes,Mailed check,35.1,463.54,No
3300-WAB,Male,0,Yes,No,65,Yes,No,Fiber optic,No,Yes,No,Yes,Yes,No,Two year,No,Credit card (automatic),55.68,3607.24,No
3639-FOF,Male,0,Yes,No,7,Yes,Yes,No,No internet service,No internet service,No internet service,No internet service,No internet service,No internet service,Two year,No,Mailed check,63.88,463.4,No
5403-CIH,Male,0,No,No,30,Yes,No,Fiber optic,No,No,No,No,Yes,Yes,One year,Yes,Credit card (automatic),60.72,1794.41,Yes
7452-DGT,Female,0,No,No,15,Yes,No,DSL,No,Yes,Yes,No,Yes,No,Month-to-month,Yes,Electronic check,52.31,789.43,Yes
7456-IFX,Male,0,No,Yes,7,No,Yes,No,No internet service,No internet service,No internet service,No internet service,No internet service,No internet service,One year,Yes,Electronic check,34.44,228.38,No
1653-WJH,Male,0,No,No,30,Yes,No,No,No internet service,No internet service,No internet service,No internet service,No internet service,No internet service,Two year,No,Bank transfer (automatic),46.22,1350.36,No
8736-XTB,Male,1,Yes,No,38,Yes,Yes,Fiber optic,Yes,Yes,No,No,Yes,Yes,Two year,Yes,Mailed check,82.92,3170.47,No
7334-WCX,Female,0,Yes,No,12,Yes,Yes,DSL,Yes,No,Yes,No,No,No,Two year,No,Bank transfer (automatic),74.78,874.56,No
2609-NRI,Male,1,Yes,No,5,Yes,No,Fiber optic,Yes,Yes,Yes,No,No,No,Month-to-month,Yes,Electronic check,97.09,498.56,No
7149-JKB,Female,0,No,No,9,Yes,No,No,No internet service,No internet service,No internet service,No internet service,No internet service,No internet service,Month-to-month,No,Electronic check,51.87,415.72,No
9246-GZH,Male,0,Yes,Yes,47,Yes,No,Fiber optic,Yes,No,No,No,Yes,No,One year,Yes,Credit card (automatic),92.69,4361.22,No
2377-KFT,Male,0,Yes,Yes,62,Yes,No phone service,Fiber optic,No,Yes,No,No,Yes,Yes,Month-to-month,No,Mailed check,82.82,5156.68,Yes
9783-QUW,Male,0,Yes,No,13,Yes,Yes,Fiber optic,No,No,Yes,No,Yes,Yes,Month-to-month,Yes,Mailed check,80.38,1057.25,Yes
3098-ZXY,Female,0,Yes,No,23,Yes,Yes,No,No internet service,No internet service,No internet service,No internet service,No internet service,No internet service,Month-to-month,No,Electronic check,39.14,931.46,No
6748-XOT,Female,0,Yes,Yes,25,No,Yes,DSL,No,No,No,No,No,No,One year,No,Credit card (automatic),50.87,1294.34,No
7700-XFA,Male,0,No,Yes,26,Yes,No,DSL,No,No,No,No,No,Yes,Two year,Yes,Credit card (automatic),68.56,1793.03,No
4672-VLJ,Female,0,No,No,17,Yes,Yes,No,No internet service,No internet service,No internet service,No internet service,No internet service,No internet service,Two year,Yes,Mailed check,37.76,671.53,No
4575-QCW,Female,0,No,Yes,4,Yes,Yes,DSL,No,No,No,Yes,Yes,No,Two year,Yes,Electronic check,22.99,78.88,No
4736-QDY,Male,1,No,Yes,38,Yes,Yes,Fiber optic,Yes,Yes,Yes,Yes,No,Yes,One year,Yes,Credit card (automatic),66.36,2539.92,No
6627-EXO,Male,0,No,Yes,26,Yes,No,DSL,No,Yes,Yes,Yes,Yes,No,One year,No,Credit card (automatic),66.0,1716.76,No
7679-ULI,Male,0,Yes,No,24,Yes,Yes,DSL,No,No,Yes,Yes,Yes,No,Month-to-month,Yes,Mailed check,40.98,1048.29,No
5253-WPB,Female,0,No,Yes,19,Yes,Yes,DSL,No,No,Yes,No,No,No,One year,No,Bank transfer (automatic),44.69,858.68,No
9529-LYB,Female,0,No,Yes,67,Yes,Yes,Fiber optic,No,No,No,No,No,No,Month-to-month,Yes,Mailed check,79.71,5295.58,No
7367-ALU,Male,1,No,No,44,Yes,Yes,Fiber optic,No,Yes,No,No,No,No,Month-to-month,No,Electronic check,104.96,4627.1,Yes
2987-BEF,Male,0,Yes,No,30,Yes,No,Fiber optic,No,No,No,No,Yes,No,Month-to-month,Yes,Bank transfer (automatic),79.42,2349.31,No
1071-YJP,Male,1,Yes,No,14,Yes,No,DSL,No,No,Yes,No,Yes,No,Two year,No,Bank transfer (automatic),57.83,835.12,No
1549-WSN,Male,0,Yes,No,58,Yes,Yes,No,No internet service,No internet service,No internet service,No internet service,No internet service,No internet service,One year,Yes,Mailed check,26.49,1562.55,No
2326-LVQ,Male,0,Yes,No,64,Yes,No,Fiber optic,No,No,Yes,No,No,Yes,Two year,No,Credit card (automatic),100.04,6381.24,No
3717-DWX,Male,0,No,Yes,2,Yes,No phone service,No,No internet service,No internet service,No internet service,No internet service,No internet service,No internet service,Two year,No,Mailed check,40.09,43.86,No
1144-ECY,Female,0,Yes,No,67,Yes,No,Fiber optic,No,Yes,Yes,Yes,Yes,Yes,Two year,Yes,Credit card (automatic),72.55,4865.5,No
8068-OQK,Male,0,No,No,51,Yes,Yes,DSL,No,Yes,Yes,No,No,Yes,Month-to-month,No,Electronic check,78.14,3953.5,No
2264-XXG,Male,0,No,No,7,Yes,No,No,No internet service,No internet service,No internet service,No internet service,No internet service,No internet service,Two year,Yes,Credit card (automatic),23.5,135.15,No
7058-YNA,Female,1,Yes,Yes,54,Yes,Yes,No,No internet service,No internet service,No internet service,No internet service,No internet service,No internet service,Two year,Yes,Electronic check,25.8,1375.49,No
7537-LQS,Male,0,Yes,No,7,Yes,No,DSL,No,No,Yes,Yes,Yes,No,Two year,Yes,Electronic check,57.56,424.77,Yes
1015-WXF,Female,0,Yes,No,3,Yes,Yes,Fiber optic,No,Yes,Yes,Yes,No,No,Month-to-month,No,Bank transfer (automatic),81.89,193.73,Yes
8507-PPP,Male,0,Yes,Yes,8,Yes,Yes,Fiber optic,No,No,Yes,No,Yes,No,Month-to-month,No,Electronic check,55.1,414.39,No
5733-ZUN,Female,0,Yes,No,33,No,Yes,DSL,No,Yes,Yes,Yes,Yes,No,Two year,Yes,Electronic check,50.99,1766.63,No
2290-VYU,Male,0,Yes,Yes,45,Yes,No,Fiber optic,No,No,Yes,Yes,Yes,No,Month-to-month,No,Bank transfer (automatic),84.2,3857.38,Yes
9419-QLM,Female,0,No,No,29,Yes,Yes,DSL,No,Yes,No,No,No,No,Month-to-month,Yes,Electronic check,53.54,1595.0,Yes
6368-ARB,Male,0,No,Yes,8,Yes,No,DSL,No,No,Yes,No,No,No,Month-to-month,Yes,Credit card (automatic),54.46,437.21,Yes
8097-UVI,Male,0,Yes,No,14,Yes,Yes,No,No internet service,No internet service,No internet service,No internet service,No internet service,No internet service,Month-to-month,Yes,Electronic check,27.35,409.22,No
7359-HVJ,Female,0,Yes,No,62,Yes,Yes,Fiber optic,Yes,Yes,Yes,No,No,No,Month-to-month,Yes,Mailed check,74.01,4575.15,No
3500-BMD,Male,1,No,Yes,70,Yes,No,No,No internet service,No internet service,No internet service,No internet service,No internet service,No internet service,Two year,No,Mailed check,18.0,1165.33,No
8979-QRZ,Male,0,Yes,No,55,Yes,Yes,Fiber optic,Yes,No,Yes,Yes,Yes,Yes,Two year,Yes,Mailed check,84.06,4603.34,No
7869-GLC,Male,1,Yes,No,7,Yes,No,No,No internet service,No internet service,No internet service,No internet service,No internet service,No internet service,Two year,Yes,Mailed check,53.21,355.88,No
5712-PDU,Female,0,Yes,Yes,59,Yes,No,Fiber optic,No,No,Yes,No,No,No,Month-to-month,Yes,Mailed check,59.78,3528.01,No
6900-JPG,Male,0,No,Yes,50,Yes,No,Fiber optic,No,No,Yes,No,Yes,Yes,Month-to-month,No,Electronic check,64.63,3248.4,No
9803-PNK,Male,1,No,No,38,Yes,Yes,DSL,No,Yes,No,No,No,No,Month-to-month,No,Electronic check,38.59,1524.2,No
5294-PNS,Female,0,Yes,No,10,Yes,Yes,Fiber optic,No,Yes,No,No,No,No,Month-to-month,Yes,Bank transfer (automatic),71.64,717.51,Yes
8833-MOZ,Male,0,Yes,Yes,72,No,No,Fiber optic,No,Yes,Yes,No,No,Yes,Month-to-month,No,Mailed check,99.63,7138.24,Yes
5220-MHQ,Female,0,No,Yes,32,Yes,No phone service,Fiber optic,No,Yes,Yes,No,No,Yes,Two year,Yes,Mailed check,67.37,2148.98,Yes
9992-RRZ,Male,0,No,Yes,3,Yes,No phone service,Fiber optic,No,No,Yes,Yes,No,No,Two year,No,Electronic check,68.4,227.74,No
2027-HDY,Female,0,No,Yes,15,Yes,Yes,DSL,Yes,Yes,No,Yes,Yes,Yes,Month-to-month,Yes,Credit card (automatic),68.67,1026.12,Yes
6023-SRV,Male,0,Yes,Yes,29,Yes,Yes,No,No internet service,No internet service,No internet service,No internet service,No internet service,No internet service,Month-to-month,Yes,Electronic check,46.27,1313.71,No
3933-GAZ,Male,0,Yes,No,4,Yes,No,No,No internet service,No internet service,No internet service,No internet service,No internet service,No internet service,Month-to-month,Yes,Credit card (automatic),38.76,173.4,Yes
6653-ODQ,Male,0,Yes,No,23,Yes,Yes,Fiber optic,No,Yes,Yes,No,Yes,No,Month-to-month,Yes,Electronic check,75.48,1696.04,Yes
5830-ZXA,Female,0,Yes,Yes,34,Yes,No,Fiber optic,Yes,Yes,Yes,Yes,Yes,No,Month-to-month,Yes,Credit card (automatic),83.48,2807.57,No
5402-REW,Female,0,Yes,No,69,Yes,No,Fiber optic,No,No,No,No,Yes,Yes,Month-to-month,No,Mailed check,56.51,3913.75,No
5786-ZCJ,Male,0,Yes,No,6,Yes,Yes,Fiber optic,Yes,No,No,No,Yes,No,Month-to-month,Yes,Mailed check,76.58,432.0,Yes
8205-JND,Female,0,Yes,No,42,Yes,No,Fiber optic,No,Yes,No,No,No,Yes,Month-to-month,Yes,Electronic check,81.89,3427.04,Yes
4463-COV,Male,0,No,No,66,Yes,Yes,Fiber optic,No,No,No,No,Yes,No,Two year,No,Credit card (automatic),76.01,5017.22,No
2765-AHX,Male,0,No,No,58,Yes,No,DSL,No,Yes,No,No,Yes,No,Month-to-month,No,Electronic check,34.07,1974.59,No
4095-HQV,Male,0,No,No,67,Yes,No,DSL,No,No,No,No,No,Yes,Month-to-month,No,Bank transfer (automatic),44.8,2967.73,No
6341-GDP,Female,0,Yes,Yes,12,Yes,Yes,No,No internet service,No internet service,No internet service,No internet service,No internet service,No internet service,Month-to-month,Yes,Electronic check,42.52,521.75,No
8977-UGE,Male,0,Yes,No,58,Yes,No,Fiber optic,No,No,Yes,Yes,No,Yes,Month-to-month,No,Mailed check,65.44,3763.41,No
8806-VIQ,Female,0,Yes,No,71,Yes,Yes,DSL,No,No,No,No,Yes,Yes,One year,No,Bank transfer (automatic),53.59,3862.66,No
5633-DML,Male,0,Yes,No,23,Yes,No,DSL,No,No,No,No,Yes,Yes,Two year,Yes,Mailed check,57.26,1302.93,No
6979-JGN,Male,0,Yes,Yes,36,No,Yes,Fiber optic,No,No,Yes,No,Yes,No,Two year,Yes,Bank transfer (automatic),93.57,3389.8,No
6897-GLZ,Female,0,Yes,No,38,Yes,Yes,Fiber optic,No,Yes,No,No,No,Yes,One year,Yes,Bank transfer (automatic),74.39,2852.48,No
7624-LOY,Male,0,Yes,Yes,36,Yes,Yes,Fiber optic,No,No,Yes,No,No,Yes,Month-to-month,Yes,Mailed check,67.66,2423.34,No
8059-TWD,Male,0,No,No,21,Yes,Yes,Fiber optic,Yes,Yes,No,No,No,Yes,Month-to-month,No,Electronic check,67.94,1392.89,Yes
4763-VFF,Female,1,Yes,No,70,Yes,Yes,No,No internet service,No internet service,No internet service,No internet service,No internet service,No internet service,Month-to-month,No,Mailed check,35.94,2541.34,No
1652-YJD,Male,0,No,No,69,Yes,No phone service,Fiber optic,No,No,No,No,Yes,No,Month-to-month,Yes,Bank transfer (automatic),55.68,3792.13,No
6188-WSA,Male,0,No,Yes,27,Yes,No,No,No internet service,No internet service,No internet service,No internet service,No internet service,No internet service,Two year,Yes,Electronic check,37.3,962.66,No
6789-JEX,Male,1,No,No,58,Yes,No,DSL,Yes,No,No,No,No,Yes,Month-to-month,No,Bank transfer (automatic),55.41,3235.02,No
5399-WUJ,Female,1,No,Yes,29,Yes,No,Fiber optic,Yes,No,Yes,No,Yes,No,Month-to-month,Yes,Electronic check,74.93,2165.94,Yes
8078-IPR,Female,0,No,No,58,Yes,No,DSL,No,No,Yes,No,No,No,Month-to-month,Yes,Credit card (automatic),46.7,2683.86,No
2199-WLY,Male,0,Yes,No,42,Yes,No,DSL,No,No,Yes,No,No,No,Month-to-month,No,Bank transfer (automatic),36.97,1535.29,No
1000-WRY,Female,0,Yes,No,34,Yes,No,DSL,Yes,Yes,No,No,No,Yes,Two year,Yes,Mailed check,56.25,1884.66,No
4412-DFU,Male,0,No,No,9,Yes,No,DSL,No,No,Yes,No,Yes,Yes,Month-to-month,No,Credit card (automatic),26.24,312.5,No
3044-DAA,Female,0,Yes,Yes,47,Yes,No,No,No internet service,No internet service,No internet service,No internet service,No internet service,No internet service,Month-to-month,No,Credit card (automatic),23.21,1126.51,No
8565-LAZ,Male,1,No,No,23,Yes,No,Fiber optic,No,No,No,No,No,Yes,Month-to-month,Yes,Electronic check,98.37,2233.66,Yes
4199-VQK,Female,0,Yes,Yes,15,Yes,No,No,No internet service,No internet service,No internet service,No internet service,No internet service,No internet service,Two year,Yes,Electronic check,18.0,259.06,No
8357-IYC,Male,0,Yes,No,14,Yes,No phone service,Fiber optic,No,Yes,No,No,Yes,Yes,Month-to-month,No,Mailed check,71.88,1027.21,Yes
3525-YAB,Female,0,No,Yes,71,Yes,Yes,Fiber optic,No,Yes,Yes,Yes,Yes,Yes,One year,Yes,Mailed check,71.04,5009.69,No
7663-INK,Female,0,No,No,7,Yes,No phone service,DSL,No,No,Yes,No,Yes,No,Month-to-month,Yes,Electronic check,46.01,302.51,Yes
4753-YSH,Female,0,No,No,58,No,No,Fiber optic,Yes,Yes,No,No,Yes,No,Month-to-month,Yes,Mailed check,86.82,5025.13,No
9938-GFS,Male,0,No,No,63,Yes,Yes,Fiber optic,No,No,No,Yes,No,No,Two year,No,Electronic check,81.1,5078.45,No
6648-BPO,Male,0,No,No,2,Yes,Yes,No,No internet service,No internet service,No internet service,No internet service,No internet service,No internet service,Month-to-month,Yes,Electronic check,32.28,102.93,Yes
6538-FNC,Male,0,No,No,43,Yes,No phone service,No,No internet service,No internet service,No internet service,No internet service,No internet service,No internet service,Month-to-month,Yes,Electronic check,44.16,1873.88,No
9767-ZGJ,Female,0,No,No,42,No,No,DSL,No,Yes,Yes,No,Yes,Yes,One year,Yes,Electronic check,48.0,2011.92,No
8854-JRY,Female,0,No,No,26,Yes,No,Fiber optic,No,Yes,No,Yes,Yes,Yes,Month-to-month,Yes,Mailed check,78.75,2051.58,Yes
9162-QUV,Female,0,No,No,48,Yes,No,Fiber optic,Yes,No,Yes,No,Yes,Yes,Month-to-month,No,Electronic check,100.95,4901.12,No
6933-JBX,Male,1,No,Yes,29,Yes,Yes,Fiber optic,No,Yes,Yes,No,No,Yes,Two year,No,Electronic check,61.65,1784.83,Yes
6443-CFB,Female,0,Yes,No,32,Yes,Yes,DSL,Yes,No,No,Yes,No,Yes,Month-to-month,Yes,Credit card (automatic),58.25,1938.79,No
4051-FKY,Female,0,Yes,No,31,No,No,Fiber optic,No,No,Yes,No,Yes,Yes,Month-to-month,No,Bank transfer (automatic),77.55,2391.36,No
8864-WYC,Female,0,No,Yes,58,Yes,No,No,No internet service,No internet service,No internet service,No internet service,No internet service,No internet service,Month-to-month,No,Credit card (automatic),19.97,1150.53,No
7943-VDJ,Female,1,Yes,No,46,Yes,Yes,Fiber optic,Yes,Yes,Yes,Yes,Yes,No,One year,No,Credit card (automatic),77.85,3613.89,No
4554-PAB,Female,0,No,Yes,27,Yes,Yes,Fiber optic,Yes,Yes,No,No,No,Yes,Month-to-month,Yes,Bank transfer (automatic),83.84,2330.88,No
8712-LDH,Male,0,No,No,67,Yes,No phone service,DSL,No,Yes,No,No,Yes,No,Month-to-month,Yes,Credit card (automatic),48.32,3228.18,No
6833-CNU,Female,0,No,No,58,Yes,Yes,No,No internet service,No internet service,No internet service,No internet service,No internet service,No internet service,One year,No,Electronic check,26.32,1569.83,No
3278-HPS,Male,0,No,No,68,No,No phone service,DSL,No,No,No,Yes,No,Yes,One year,No,Bank transfer (automatic),59.41,4069.54,No
3728-YIN,Male,0,No,Yes,53,Yes,No,DSL,Yes,No,Yes,Yes,Yes,No,Two year,No,Mailed check,45.25,2371.62,No
2190-TOQ,Female,0,Yes,No,28,Yes,Yes,DSL,Yes,Yes,Yes,No,No,Yes,Month-to-month,Yes,Bank transfer (automatic),61.32,1716.33,Yes
9072-HII,Male,1,Yes,No,56,Yes,No,No,No internet service,No internet service,No internet service,No internet service,No internet service,No internet service,Month-to-month,Yes,Electronic check,47.22,2642.9,No
6188-HJH,Male,1,No,No,24,Yes,No,Fiber optic,Yes,Yes,No,Yes,Yes,No,Month-to-month,Yes,Credit card (automatic),84.39,1989.26,No
3532-CMT,Male,0,Yes,No,19,Yes,Yes,DSL,Yes,Yes,Yes,No,Yes,No,One year,Yes,Mailed check,62.51,1193.44,No
3280-TRB,Male,0,No,No,32,Yes,No,DSL,No,Yes,Yes,Yes,Yes,Yes,Month-to-month,Yes,Bank transfer (automatic),59.53,1907.76,No
9213-FKE,Female,0,Yes,Yes,70,Yes,No,Fiber optic,No,Yes,No,No,Yes,No,Month-to-month,Yes,Credit card (automatic),44.42,3122.52,No
7080-KGO,Female,0,No,No,41,Yes,Yes,Fiber optic,No,Yes,No,No,Yes,Yes,Month-to-month,Yes,Credit card (automatic),83.84,3439.88,Yes
5648-HPR,Male,0,Yes,No,28,No,No,DSL,No,Yes,Yes,Yes,No,Yes,Two year,Yes,Electronic check,68.95,1907.25,No
8543-WRU,Female,0,No,Yes,33,No,Yes,No,No internet service,No internet service,No internet service,No internet service,No internet service,No internet service,Two year,No,Mailed check,47.82,1663.68,No
3633-UUQ,Male,0,Yes,Yes,21,No,No,DSL,No,Yes,No,Yes,Yes,Yes,Month-to-month,Yes,Bank transfer (automatic),56.36,1191.15,No
8631-TOO,Female,0,No,No,48,Yes,No,Fiber optic,No,No,Yes,No,No,Yes,Two year,Yes,Mailed check,72.8,3539.9,No
6123-JRU,Male,0,Yes,No,25,Yes,Yes,DSL,Yes,No,No,No,No,No,Two year,No,Mailed check,61.73,1558.58,No
5200-TOS,Male,0,Yes,No,40,Yes,Yes,Fiber optic,No,Yes,Yes,No,No,Yes,Month-to-month,Yes,Bank transfer (automatic),94.31,3825.14,Yes
7227-AHS,Male,0,Yes,No,26,Yes,No,Fiber optic,No,No,Yes,No,Yes,No,Month-to-month,Yes,Credit card (automatic),83.74,2150.08,Yes
1748-FIV,Female,0,Yes,No,23,Yes,No,Fiber optic,No,Yes,Yes,No,Yes,No,One year,Yes,Electronic check,102.76,2360.37,No
4578-WXR,Male,0,No,Yes,70,Yes,No,Fiber optic,No,Yes,No,Yes,Yes,Yes,Month-to-month,Yes,Electronic check,84.6,5906.32,No
9163-AQQ,Female,0,Yes,Yes,25,Yes,No phone service,No,No internet service,No internet service,No internet service,No internet service,No internet service,No internet service,Month-to-month,Yes,Bank transfer (automatic),18.0,429.98,No
1865-RDB,Female,0,Yes,No,5,Yes,Yes,No,No internet service,No internet service,No internet service,No internet service,No internet service,No internet service,Month-to-month,Yes,Bank transfer (automatic),40.16,210.16,No
1019-TLJ,Female,0,Yes,No,27,No,No,Fiber optic,Yes,Yes,Yes,No,Yes,No,Two year,Yes,Credit card (automatic),67.02,1800.92,No
7059-DYA,Male,0,Yes,No,38,Yes,Yes,Fiber optic,Yes,No,No,Yes,No,Yes,Month-to-month,Yes,Bank transfer (automatic),65.87,2453.11,No
3020-SDH,Male,0,Yes,No,6,Yes,No,No,No internet service,No internet service,No internet service,No internet service,No internet service,No internet service,One year,Yes,Mailed check,31.66,179.36,No
3417-BOT,Female,1,Yes,Yes,22,Yes,No,DSL,Yes,Yes,No,Yes,Yes,Yes,Month-to-month,No,Bank transfer (automatic),81.34,1775.97,Yes
1335-IVR,Male,1,No,No,12,Yes,Yes,DSL,Yes,Yes,No,No,Yes,No,Month-to-month,Yes,Credit card (automatic),48.99,618.71,No
6555-ATP,Female,0,No,No,36,Yes,Yes,DSL,Yes,Yes,No,No,Yes,Yes,Two year,Yes,Mailed check,34.98,1208.64,No
9574-MSN,Female,0,Yes,No,52,Yes,No phone service,No,No internet service,No internet service,No internet service,No internet service,No internet service,No internet service,Month-to-month,Yes,Electronic check,18.0,918.05,No
8287-NRL,Male,1,Yes,Yes,70,Yes,Yes,DSL,No,Yes,No,Yes,No,No,Month-to-month,No,Bank transfer (automatic),73.01,5084.44,No
3481-EFP,Female,0,Yes,No,28,Yes,Yes,DSL,No,Yes,Yes,No,Yes,Yes,Month-to-month,Yes,Electronic check,46.32,1323.03,No
9808-GKK,Male,0,No,No,63,Yes,No,Fiber optic,No,No,No,Yes,No,No,One year,No,Credit card (automatic),64.98,4074.65,No
5559-VFG,Female,0,No,Yes,15,Yes,No,DSL,No,Yes,Yes,Yes,Yes,No,Month-to-month,Yes,Electronic check,35.19,564.46,Yes
2053-BLD,Male,1,Yes,Yes,56,No,Yes,DSL,Yes,Yes,Yes,No,Yes,No,Month-to-month,No,Mailed check,62.65,3506.75,No
6709-EWG,Female,0,Yes,No,41,Yes,No phone service,Fiber optic,No,Yes,No,No,No,No,Month-to-month,Yes,Credit card (automatic),80.64,3323.38,Yes
3961-YKT,Male,0,No,Yes,55,Yes,No,DSL,Yes,No,No,Yes,Yes,Yes,Month-to-month,No,Electronic check,62.83,3494.35,No
8832-OSC,Male,1,No,No,55,Yes,No,No,No internet service,No internet service,No internet service,No internet service,No internet service,No internet service,Month-to-month,Yes,Electronic check,52.98,2871.83,No
3550-CXW,Female,0,Yes,No,38,Yes,No,DSL,No,No,No,No,No,No,Month-to-month,Yes,Electronic check,71.01,2689.73,Yes
1430-NQN,Male,0,No,No,18,No,No,No,No internet service,No internet service,No internet service,No internet service,No internet service,No internet service,Month-to-month,No,Credit card (automatic),24.31,452.32,Yes
9749-ABZ,Male,1,Yes,No,38,Yes,No,Fiber optic,No,No,Yes,No,Yes,Yes,Month-to-month,No,Credit card (automatic),88.01,3351.31,Yes
5974-PJF,Female,0,No,Yes,60,Yes,No,DSL,Yes,Yes,No,Yes,Yes,Yes,One year,No,Mailed check,62.66,3714.21,No
4706-QGC,Male,0,No,No,70,No,Yes,DSL,No,No,Yes,Yes,Yes,No,One year,Yes,Bank transfer (automatic),58.27,4103.28,No
9153-SEC,Male,1,Yes,Yes,67,Yes,Yes,Fiber optic,No,No,No,No,No,No,Month-to-month,Yes,Bank transfer (automatic),70.4,4718.47,No
1740-XCA,Female,0,Yes,No,13,Yes,Yes,Fiber optic,No,No,No,No,Yes,Yes,Month-to-month,Yes,Electronic check,69.14,903.31,Yes
1362-MOH,Female,0,No,No,43,Yes,No,DSL,Yes,Yes,Yes,No,Yes,Yes,Month-to-month,No,Electronic check,41.77,1788.36,No
3284-YXF,Female,0,No,Yes,7,Yes,Yes,No,No internet service,No internet service,No internet service,No internet service,No internet service,No internet service,Two year,Yes,Credit card (automatic),58.23,296.25,No
7990-OPV,Female,1,Yes,Yes,48,Yes,Yes,Fiber optic,No,No,No,Yes,No,Yes,Month-to-month,Yes,Electronic check,88.78,4280.53,Yes
3430-XZR,Female,1,No,No,72,Yes,No,No,No internet service,No internet service,No internet service,No internet service,No internet service,No internet service,Month-to-month,Yes,Mailed check,45.13,3269.94,No
2501-LYU,Female,0,Yes,Yes,3,Yes,Yes,DSL,Yes,No,Yes,No,Yes,Yes,Month-to-month,No,Electronic check,49.76,134.53,Yes
3931-XSV,Female,0,Yes,No,47,Yes,No,DSL,No,Yes,Yes,No,Yes,Yes,Month-to-month,Yes,Mailed check,57.8,2664.64,No
7330-ZNA,Male,0,Yes,No,69,Yes,No phone service,Fiber optic,Yes,Yes,No,Yes,Yes,Yes,Month-to-month,Yes,Electronic check,61.49,4224.07,No
4003-OGN,Male,0,No,No,61,Yes,No,DSL,No,Yes,No,No,Yes,Yes,Month-to-month,Yes,Electronic check,34.32,2128.34,Yes
4914-EXM,Male,0,No,Yes,28,Yes,Yes,DSL,No,No,No,No,No,No,One year,Yes,Electronic check,40.14,1109.65,Yes
3844-KPG,Male,0,Yes,No,7,Yes,No,DSL,No,Yes,Yes,Yes,Yes,No,One year,Yes,Credit card (automatic),77.31,541.96,No
1729-OEZ,Male,0,No,Yes,67,Yes,Yes,DSL,No,Yes,No,No,No,Yes,One year,No,Electronic check,49.83,3326.94,No
1128-VXQ,Male,0,Yes,No,67,Yes,Yes,Fiber optic,No,No,No,No,Yes,No,Two year,Yes,Mailed check,65.54,4402.22,No
6556-XTA,Male,0,No,No,42,Yes,No,DSL,No,Yes,No,No,No,No,Month-to-month,Yes,Mailed check,73.23,3029.57,No
7490-LAF,Female,0,No,No,71,Yes,No,No,No internet service,No internet service,No internet service,No internet service,No internet service,No internet service,Two year,Yes,Electronic check,29.42,2081.74,No
5227-CXH,Male,0,No,No,0,Yes,No phone service,DSL,No,Yes,Yes,No,Yes,Yes,One year,Yes,Credit card (automatic),61.77,0.0,No
7600-GSX,Female,0,No,No,45,Yes,No,Fiber optic,No,No,Yes,No,No,No,Two year,No,Electronic check,80.68,3598.5,No
6586-XHE,Female,1,No,Yes,2,Yes,No,Fiber optic,Yes,No,Yes,No,Yes,No,One year,Yes,Bank transfer (automatic),63.34,117.06,No
4263-SAK,Female,1,Yes,No,68,Yes,No,Fiber optic,Yes,Yes,No,Yes,Yes,Yes,Month-to-month,No,Mailed check,86.64,5928.37,No
7089-RGG,Female,0,Yes,No,49,Yes,Yes,No,No internet service,No internet service,No internet service,No internet service,No internet service,No internet service,Month-to-month,Yes,Credit card (automatic),40.94,2032.19,No
4259-ICI,Female,0,No,No,66,Yes,No,No,No internet service,No internet service,No internet service,No internet service,No internet service,No internet service,Month-to-month,Yes,Credit card (automatic),39.97,2653.85,No
8876-QEY,Male,0,Yes,Yes,41,Yes,Yes,DSL,Yes,Yes,Yes,No,Yes,Yes,Month-to-month,Yes,Electronic check,72.45,2984.06,Yes
5005-IJV,Male,0,No,No,6,Yes,Yes,Fiber optic,Yes,Yes,Yes,Yes,Yes,Yes,Month-to-month,Yes,Bank transfer (automatic),84.66,521.02,No
2832-YWD,Male,0,Yes,No,1,Yes,Yes,No,No internet service,No internet service,No internet service,No internet service,No internet service,No internet service,Month-to-month,Yes,Credit card (automatic),49.06,40.99,No
3304-NIV,Female,0,Yes,Yes,24,Yes,Yes,DSL,No,No,No,No,No,Yes,Month-to-month,Yes,Credit card (automatic),27.67,702.65,No
8441-WKD,Male,0,No,No,54,Yes,Yes,Fiber optic,Yes,Yes,Yes,No,No,No,Two year,No,Credit card (automatic),54.64,2934.16,No
6106-XUG,Male,0,No,No,11,Yes,No,DSL,Yes,No,No,Yes,No,Yes,One year,Yes,Bank transfer (automatic),64.94,679.54,Yes
4177-PLR,Male,0,No,No,62,Yes,No,Fiber optic,No,Yes,Yes,No,Yes,Yes,One year,Yes,Mailed check,60.14,3680.24,No
3954-HCT,Female,0,Yes,No,17,Yes,Yes,Fiber optic,Yes,No,No,No,Yes,No,Month-to-month,Yes,Electronic check,64.88,1081.38,Yes
7137-XJR,Female,0,Yes,No,36,Yes,No,Fiber optic,No,No,No,Yes,No,No,One year,Yes,Credit card (automatic),77.37,2763.29,No
1491-YYK,Female,0,Yes,No,14,Yes,No,No,No internet service,No internet service,No internet service,No internet service,No internet service,No internet service,Two year,Yes,Credit card (automatic),34.84,462.86,No
5028-EAE,Female,1,No,No,34,Yes,No,Fiber optic,No,No,No,No,Yes,Yes,One year,Yes,Electronic check,77.34,2588.41,No
4243-KTF,Female,0,Yes,No,33,Yes,No phone service,No,No internet service,No internet service,No internet service,No internet service,No internet service,No internet service,One year,Yes,Mailed check,41.93,1396.78,No
3394-ZAW,Female,0,No,No,0,Yes,No,Fiber optic,Yes,Yes,No,No,No,No,Month-to-month,No,Electronic check,65.2,0.0,Yes
9895-HQD,Male,0,Yes,Yes,41,Yes,No phone service,Fiber optic,No,Yes,Yes,No,Yes,Yes,Month-to-month,Yes,Electronic check,83.97,3461.97,Yes
5471-BUT,Female,0,Yes,No,57,Yes,No,Fiber optic,No,Yes,Yes,Yes,Yes,Yes,One year,Yes,Mailed check,89.23,5111.35,Yes
3698-JQX,Female,0,No,No,68,Yes,Yes,Fiber optic,Yes,Yes,Yes,Yes,No,No,Two year,No,Electronic check,69.2,4795.66,No
1307-CHM,Male,0,No,No,24,No,Yes,No,No internet service,No internet service,No internet service,No internet service,No internet service,No internet service,Month-to-month,Yes,Bank transfer (automatic),18.0,416.09,No
1397-WFM,Male,0,Yes,No,64,Yes,No,DSL,No,No,Yes,No,Yes,No,Month-to-month,No,Electronic check,57.27,3659.69,No
8560-OJQ,Male,1,Yes,No,64,Yes,No,No,No internet service,No internet service,No internet service,No internet service,No internet service,No internet service,Month-to-month,No,Bank transfer (automatic),71.69,4562.04,No
1758-IZZ,Female,0,Yes,No,72,Yes,No,Fiber optic,Yes,Yes,Yes,No,Yes,No,Month-to-month,Yes,Bank transfer (automatic),60.31,4301.32,No
4983-TEZ,Female,0,Yes,Yes,27,Yes,Yes,Fiber optic,No,Yes,Yes,Yes,No,Yes,Two year,Yes,Bank transfer (automatic),102.36,2749.01,No
4220-JBJ,Female,0,No,Yes,62,Yes,No,Fiber optic,No,No,No,No,No,No,One year,No,Electronic check,60.34,3713.92,Yes
4730-ZJX,Male,1,No,No,41,Yes,Yes,Fiber optic,No,No,No,Yes,No,No,Month-to-month,Yes,Electronic check,58.44,2354.6,Yes
9254-WQN,Female,0,No,No,4,No,Yes,Fiber optic,No,No,No,Yes,Yes,No,Month-to-month,Yes,Bank transfer (automatic),65.1,268.68,No
6656-ZYC,Female,1,No,No,19,Yes,No,Fiber optic,Yes,Yes,No,No,Yes,Yes,Month-to-month,Yes,Bank transfer (automatic),81.21,1505.47,No
2289-NNR,Female,0,No,No,49,Yes,No phone service,DSL,No,No,No,No,Yes,No,Month-to-month,Yes,Mailed check,56.79,2802.52,No
6820-KMV,Female,0,No,No,11,Yes,Yes,Fiber optic,No,Yes,No,No,No,No,Month-to-month,Yes,Mailed check,89.14,1010.49,Yes
2744-HGH,Female,0,Yes,No,31,Yes,Yes,Fiber optic,No,No,No,Yes,No,Yes,Two year,Yes,Credit card (automatic),80.08,2452.21,No
1137-AGZ,Female,0,No,Yes,56,Yes,Yes,Fiber optic,No,No,Yes,No,No,Yes,One year,No,Electronic check,81.35,4604.55,No
6033-VVH,Female,0,Yes,No,10,Yes,Yes,Fiber optic,Yes,No,No,No,No,No,Month-to-month,No,Electronic check,61.57,629.74,No
7246-PYA,Female,0,No,No,36,Yes,No,DSL,No,Yes,No,Yes,Yes,No,One year,No,Credit card (automatic),67.36,2422.41,No
9943-JHN,Female,0,No,No,15,Yes,Yes,Fiber optic,Yes,Yes,Yes,No,Yes,Yes,One year,Yes,Credit card (automatic),67.98,957.45,No
6857-MTI,Female,0,No,No,39,Yes,No phone service,Fiber optic,Yes,Yes,Yes,Yes,Yes,No,Month-to-month,Yes,Electronic check,66.8,2545.24,No
1462-ONK,Female,0,Yes,Yes,17,Yes,Yes,Fiber optic,No,Yes,Yes,Yes,Yes,Yes,One year,No,Credit card (automatic),64.02,1143.38,No
7960-WMG,Female,0,No,Yes,70,Yes,No,Fiber optic,Yes,Yes,Yes,No,Yes,No,One year,No,Electronic check,86.13,6075.29,No
4738-TOU,Female,0,Yes,No,5,Yes,No,Fiber optic,No,Yes,No,Yes,Yes,No,Two year,Yes,Credit card (automatic),69.46,403.29,No
1971-YBR,Male,0,No,No,70,Yes,Yes,Fiber optic,No,Yes,No,No,No,Yes,Month-to-month,No,Bank transfer (automatic),87.41,6183.7,No
1095-KKM,Male,0,Yes,No,57,Yes,No,DSL,No,Yes,Yes,No,No,No,Month-to-month,Yes,Mailed check,40.34,2347.49,No
5143-BYO,Female,0,No,No,62,Yes,No,DSL,Yes,No,No,No,Yes,Yes,Month-to-month,No,Credit card (automatic),58.74,3650.22,No
9195-EJG,Female,0,No,No,62,Yes,No,Fiber optic,No,Yes,Yes,Yes,Yes,No,Month-to-month,No,Credit card (automatic),75.11,4676.41,No
9724-MEM,Female,0,No,No,13,Yes,Yes,DSL,No,No,Yes,Yes,No,No,Month-to-month,No,Electronic check,55.24,694.17,Yes
3135-PNU,Male,0,Yes,Yes,67,Yes,No,DSL,Yes,No,Yes,No,No,Yes,Two year,Yes,Bank transfer (automatic),55.72,3741.59,No
4357-FNJ,Male,0,No,No,43,No,Yes,DSL,No,No,Yes,No,No,No,Month-to-month,Yes,Bank transfer (automatic),49.1,2137.4,No
1050-JRS,Male,0,No,No,70,Yes,Yes,DSL,Yes,No,No,No,Yes,No,Month-to-month,No,Mailed check,75.32,5299.17,No
3473-SIA,Female,0,No,No,64,Yes,Yes,No,No internet service,No internet service,No internet service,No internet service,No internet service,No internet service,Two year,No,Electronic check,29.07,1856.09,No
9208-AXD,Male,0,No,No,42,Yes,Yes,DSL,No,Yes,Yes,No,Yes,Yes,Month-to-month,Yes,Electronic check,40.07,1611.9,No
4657-PJG,Male,0,No,No,27,Yes,Yes,DSL,Yes,No,No,No,Yes,Yes,Month-to-month,Yes,Credit card (automatic),64.74,1695.02,No
8109-LSA,Male,0,Yes,No,8,Yes,No,No,No internet service,No internet service,No internet service,No internet service,No internet service,No internet service,Month-to-month,Yes,Mailed check,41.69,350.18,Yes
2241-NKW,Male,0,Yes,No,7,Yes,No,No,No internet service,No internet service,No internet service,No internet service,No internet service,No internet service,Month-to-month,Yes,Mailed check,18.0,108.31,Yes
5483-WMQ,Male,0,No,No,28,Yes,No phone service,DSL,No,Yes,Yes,No,Yes,Yes,Month-to-month,No,Bank transfer (automatic),66.01,1871.56,Yes
1924-JQH,Male,0,No,Yes,59,Yes,No,No,No internet service,No internet service,No internet service,No internet service,No internet service,No internet service,One year,No,Electronic check,44.17,2563.43,No
6728-OUR,Female,0,No,Yes,36,No,No,DSL,No,Yes,No,No,Yes,No,Month-to-month,Yes,Electronic check,43.06,1597.82,Yes
6442-CBQ,Male,0,No,No,35,Yes,Yes,Fiber optic,Yes,Yes,No,No,Yes,No,Month-to-month,Yes,Electronic check,58.96,2030.78,Yes
3198-RNG,Female,0,No,No,17,Yes,Yes,DSL,No,Yes,Yes,No,Yes,No,Month-to-month,Yes,Electronic check,38.58,707.54,Yes
4737-KPF,Male,0,No,Yes,41,Yes,No phone service,Fiber optic,Yes,No,Yes,No,No,No,Two year,Yes,Credit card (automatic),73.06,2941.16,No
1641-IIM,Female,0,Yes,Yes,46,Yes,No phone service,DSL,No,No,Yes,No,Yes,No,Month-to-month,Yes,Electronic check,39.89,1856.06,Yes
2953-JPF,Female,1,No,Yes,71,Yes,No,Fiber optic,No,No,Yes,Yes,Yes,Yes,One year,No,Electronic check,84.01,5932.11,No
2109-ZIM,Female,1,No,Yes,53,Yes,Yes,DSL,No,No,No,No,No,Yes,Month-to-month,No,Mailed check,58.74,3112.91,No
8643-OSL,Female,0,No,No,44,No,No,Fiber optic,Yes,Yes,No,No,No,Yes,One year,Yes,Credit card (automatic),69.48,3094.79,Yes
5001-ONB,Male,1,No,No,66,Yes,No,Fiber optic,Yes,No,Yes,Yes,Yes,No,Month-to-month,No,Electronic check,70.61,4691.82,No
1136-AVS,Male,0,No,No,31,Yes,Yes,DSL,No,No,No,Yes,Yes,No,Month-to-month,No,Electronic check,70.42,2154.21,No
3851-WGN,Male,0,Yes,Yes,68,Yes,No,No,No internet service,No internet service,No internet service,No internet service,No internet service,No internet service,Month-to-month,No,Bank transfer (automatic),27.38,1840.4,No
3878-SFH,Male,1,No,No,27,Yes,No,Fiber optic,No,No,Yes,Yes,Yes,Yes,One year,No,Mailed check,64.79,1694.28,No
8353-ABH,Female,0,Yes,No,9,Yes,No phone service,DSL,No,No,Yes,No,Yes,Yes,Month-to-month,Yes,Bank transfer (automatic),53.96,422.92,No
5268-ORS,Female,0,No,No,30,Yes,Yes,DSL,Yes,Yes,Yes,No,Yes,No,Month-to-month,No,Electronic check,62.39,1842.51,Yes
1453-MNW,Female,0,Yes,Yes,9,Yes,Yes,DSL,No,No,Yes,No,No,Yes,Month-to-month,No,Credit card (automatic),51.87,436.91,Yes
4646-USL,Male,0,Yes,No,8,Yes,Yes,DSL,No,No,Yes,Yes,No,Yes,Month-to-month,No,Bank transfer (automatic),61.87,442.24,Yes
8965-CAR,Male,1,Yes,Yes,64,No,No,Fiber optic,No,Yes,Yes,No,No,No,One year,Yes,Credit card (automatic),86.55,5532.01,No
3416-HQN,Female,0,Yes,No,58,Yes,Yes,Fiber optic,No,Yes,Yes,No,Yes,No,Month-to-month,Yes,Credit card (automatic),115.03,6670.61,No
9604-KYY,Male,0,Yes,No,16,Yes,Yes,Fiber optic,No,No,Yes,No,No,No,Month-to-month,Yes,Bank transfer (automatic),60.4,965.94,No
9965-PWB,Female,0,No,Yes,61,Yes,Yes,Fiber optic,Yes,Yes,Yes,Yes,Yes,No,Month-to-month,No,Electronic check,72.85,4415.89,No
2062-EVZ,Female,0,Yes,Yes,5,Yes,Yes,No,No internet service,No internet service,No internet service,No internet service,No internet service,No internet service,Month-to-month,Yes,Bank transfer (automatic),25.81,108.78,No
2487-FNI,Female,0,No,Yes,20,Yes,No phone service,DSL,No,No,Yes,No,Yes,No,Month-to-month,No,Mailed check,84.0,1668.91,No
6150-ZQW,Female,1,No,Yes,51,Yes,No phone service,Fiber optic,No,Yes,No,Yes,No,Yes,Month-to-month,No,Electronic check,75.74,3891.34,No
2122-FTF,Male,0,Yes,No,22,Yes,Yes,No,No internet service,No internet service,No internet service,No internet service,No internet service,No internet service,Month-to-month,Yes,Electronic check,18.0,372.31,No
1630-PYU,Female,1,Yes,No,53,Yes,No,DSL,Yes,No,No,No,Yes,No,Two year,Yes,Electronic check,66.87,3485.36,No
5643-RIM,Male,0,Yes,No,63,Yes,Yes,Fiber optic,Yes,No,No,No,No,Yes,Month-to-month,No,Credit card (automatic),81.09,5097.43,Yes
2781-PYG,Female,0,Yes,Yes,4,Yes,No phone service,No,No internet service,No internet service,No internet service,No internet service,No internet service,No internet service,Two year,Yes,Credit card (automatic),37.98,136.65,No
7428-IOM,Male,0,Yes,Yes,1,Yes,Yes,Fiber optic,No,No,No,No,Yes,No,Month-to-month,No,Bank transfer (automatic),58.66,2.13,Yes
7506-CWE,Female,0,Yes,Yes,68,Yes,No phone service,No,No internet service,No internet service,No internet service,No internet service,No internet service,No internet service,Month-to-month,No,Bank transfer (automatic),26.43,1783.26,No
5242-KZN,Female,1,No,No,37,Yes,Yes,DSL,No,No,No,No,Yes,No,Month-to-month,Yes,Bank transfer (automatic),47.67,1732.82,No
3063-VUW,Female,0,No,Yes,36,Yes,Yes,Fiber optic,No,No,No,No,Yes,No,Month-to-month,Yes,Credit card (automatic),70.75,2544.27,Yes
6718-MZT,Male,0,Yes,No,33,No,Yes,DSL,No,No,Yes,Yes,No,Yes,One year,No,Electronic check,65.49,2175.86,No
8680-ZZE,Male,1,No,No,31,Yes,No,DSL,No,Yes,No,No,Yes,No,Two year,No,Electronic check,59.66,1830.68,No
7244-WOZ,Male,0,No,No,50,Yes,Yes,No,No internet service,No internet service,No internet service,No internet service,No internet service,No internet service,One year,Yes,Bank transfer (automatic),40.42,2038.89,No
5015-XLQ,Female,0,No,No,42,Yes,Yes,DSL,No,Yes,Yes,No,No,No,One year,No,Credit card (automatic),53.31,2228.31,No
7448-ZDZ,Male,0,No,Yes,11,Yes,Yes,No,No internet service,No internet service,No internet service,No internet service,No internet service,No internet service,Month-to-month,Yes,Credit card (automatic),54.65,591.89,No
3427-PLA,Male,0,No,No,45,No,No phone service,Fiber optic,Yes,Yes,Yes,Yes,No,Yes,Month-to-month,Yes,Credit card (automatic),59.13,2650.03,No
8623-FAG,Female,0,No,No,48,No,Yes,No,No internet service,No internet service,No internet service,No internet service,No internet service,No internet service,Two year,Yes,Bank transfer (automatic),58.72,2811.77,No
2539-OWH,Male,0,No,Yes,8,No,Yes,No,No internet service,No internet service,No internet service,No internet service,No internet service,No internet service,Month-to-month,No,Electronic check,33.97,223.58,No
5587-IKF,Female,0,No,No,27,Yes,No,Fiber optic,Yes,Yes,No,No,No,No,Month-to-month,No,Electronic check,91.25,2399.73,Yes
1336-EPJ,Female,0,Yes,No,57,Yes,No,No,No internet service,No internet service,No internet service,No internet service,No internet service,No internet service,Two year,Yes,Mailed check,43.91,2542.0,No
7027-IDK,Female,0,Yes,Yes,45,Yes,No phone service,Fiber optic,No,No,No,No,No,Yes,Two year,Yes,Bank transfer (automatic),82.8,3733.4,No
6934-FYV,Female,0,No,No,9,Yes,No,Fiber optic,No,No,Yes,Yes,Yes,No,One year,Yes,Mailed check,73.99,646.92,Yes
5939-XFW,Female,0,Yes,No,2,Yes,No phone service,Fiber optic,No,Yes,Yes,Yes,No,Yes,Month-to-month,No,Electronic check,63.07,163.35,Yes
7936-TDS,Male,0,No,No,42,Yes,No,DSL,No,No,Yes,No,Yes,Yes,Two year,No,Mailed check,36.05,1614.35,No
2793-STI,Female,0,No,No,33,Yes,No,DSL,No,Yes,Yes,Yes,Yes,Yes,Month-to-month,Yes,Credit card (automatic),65.39,2105.37,No
8824-CIS,Male,0,No,Yes,70,Yes,No,DSL,No,No,Yes,Yes,No,No,Month-to-month,No,Electronic check,75.8,5304.64,No
5975-VOQ,Male,0,Yes,No,38,Yes,No,Fiber optic,No,Yes,Yes,Yes,No,No,Month-to-month,No,Bank transfer (automatic),71.35,2734.65,No
7659-YES,Male,0,Yes,No,67,Yes,Yes,DSL,No,No,No,No,No,Yes,Two year,No,Electronic check,21.36,1374.06,No
1724-KTQ,Female,0,No,No,15,Yes,No,Fiber optic,No,Yes,No,Yes,Yes,Yes,Two year,No,Mailed check,76.36,1091.97,Yes
9537-SYU,Female,1,Yes,No,32,Yes,No,Fiber optic,No,No,Yes,Yes,No,Yes,One year,Yes,Bank transfer (automatic),80.95,2623.75,No
8403-XXB,Male,0,Yes,No,10,Yes,No,Fiber optic,No,Yes,No,No,Yes,No,Month-to-month,No,Electronic check,87.48,872.9,Yes
3148-KAW,Female,1,Yes,Yes,41,Yes,No phone service,No,No internet service,No internet service,No internet service,No internet service,No internet service,No internet service,Month-to-month,Yes,Bank transfer (automatic),36.51,1472.63,No
2630-CPL,Male,1,No,No,13,Yes,No phone service,No,No internet service,No internet service,No internet service,No internet service,No internet service,No internet service,Month-to-month,No,Bank transfer (automatic),32.93,370.67,No
5742-CZQ,Female,0,No,No,35,Yes,Yes,No,No internet service,No internet service,No internet service,No internet service,No internet service,No internet service,Two year,Yes,Electronic check,45.65,1609.17,No
1926-VFA,Female,1,Yes,No,25,No,No,Fiber optic,No,No,No,No,Yes,Yes,Month-to-month,No,Credit card (automatic),81.96,1999.95,Yes
1150-BGH,Female,0,No,No,13,Yes,Yes,DSL,No,Yes,No,No,No,Yes,Month-to-month,Yes,Bank transfer (automatic),45.88,560.78,Yes
4619-VJW,Male,0,Yes,No,7,Yes,No,No,No internet service,No internet service,No internet service,No internet service,No internet service,No internet service,One year,Yes,Mailed check,63.21,409.02,Yes
1430-ZPO,Female,1,No,Yes,37,Yes,Yes,DSL,No,Yes,No,Yes,No,No,Month-to-month,No,Electronic check,43.11,1583.21,No
3493-VBP,Male,0,No,No,69,No,No,DSL,Yes,No,No,No,No,Yes,Two year,Yes,Mailed check,57.54,3931.72,No
4594-NYR,Female,0,No,No,14,Yes,No phone service,DSL,No,Yes,Yes,No,No,Yes,Month-to-month,Yes,Electronic check,37.28,488.67,Yes
9231-CFM,Male,0,No,No,29,Yes,Yes,Fiber optic,No,Yes,Yes,Yes,Yes,Yes,Two year,No,Electronic check,65.89,1943.88,No
2652-XRP,Male,0,No,No,16,No,Yes,Fiber optic,No,No,Yes,No,Yes,Yes,Month-to-month,Yes,Bank transfer (automatic),83.81,1346.84,Yes
9024-INP,Male,0,No,No,59,Yes,Yes,DSL,No,Yes,Yes,No,No,Yes,Month-to-month,Yes,Credit card (automatic),34.44,2032.5,No
6295-NPW,Male,0,No,No,30,Yes,No,Fiber optic,No,Yes,Yes,Yes,No,Yes,Month-to-month,No,Electronic check,86.22,2601.87,Yes
6892-XXQ,Male,1,Yes,No,71,No,No,DSL,No,No,No,No,No,No,Month-to-month,Yes,Bank transfer (automatic),56.24,3955.97,No
6829-QDP,Female,0,Yes,No,17,Yes,Yes,DSL,No,No,No,No,No,Yes,One year,Yes,Bank transfer (automatic),45.89,792.85,No
9280-SKI,Male,0,No,No,5,Yes,No,DSL,No,No,No,No,No,No,Month-to-month,No,Bank transfer (automatic),64.24,336.14,Yes
1068-PPP,Female,0,No,No,42,Yes,No,DSL,Yes,No,No,Yes,No,No,Month-to-month,No,Credit card (automatic),38.0,1560.17,No
8883-NQN,Male,0,Yes,Yes,47,Yes,No,Fiber optic,Yes,Yes,Yes,No,Yes,Yes,One year,Yes,Mailed check,63.26,2994.1,No
1208-RNR,Male,1,No,No,72,Yes,No,DSL,Yes,Yes,No,No,Yes,Yes,Month-to-month,Yes,Bank transfer (automatic),50.05,3611.85,No
7884-CLM,Male,0,No,Yes,63,Yes,No,DSL,No,Yes,No,No,Yes,Yes,One year,Yes,Electronic check,27.51,1742.31,No
3032-GYJ,Female,0,No,No,64,Yes,No,DSL,Yes,No,Yes,Yes,No,Yes,One year,Yes,Electronic check,37.55,2461.52,No
1509-SBM,Male,0,Yes,No,46,Yes,Yes,Fiber optic,No,Yes,Yes,Yes,No,No,Month-to-month,Yes,Mailed check,58.13,2678.26,No
6740-LIY,Female,0,No,Yes,26,Yes,Yes,No,No internet service,No internet service,No internet service,No internet service,No internet service,No internet service,One year,No,Electronic check,63.19,1610.62,No
9233-EVR,Male,0,No,No,31,No,Yes,Fiber optic,No,Yes,No,Yes,Yes,No,Month-to-month,Yes,Electronic check,59.29,1842.55,No
5334-GMH,Female,1,Yes,No,9,Yes,No phone service,Fiber optic,No,Yes,Yes,No,Yes,Yes,Month-to-month,Yes,Electronic check,100.91,908.65,Yes
8321-VTR,Female,0,Yes,No,31,Yes,No,No,No internet service,No internet service,No internet service,No internet service,No internet service,No internet service,Month-to-month,No,Electronic check,55.66,1686.65,No
6686-FRL,Female,0,No,No,26,Yes,No phone service,DSL,Yes,No,No,Yes,No,No,Two year,Yes,Mailed check,66.76,1664.92,No
9078-DCC,Female,0,Yes,Yes,2,Yes,Yes,DSL,Yes,No,No,No,Yes,No,One year,No,Electronic check,57.94,113.6,Yes
2830-WIO,Female,0,No,No,14,Yes,Yes,Fiber optic,No,No,No,No,No,No,Month-to-month,No,Electronic check,60.77,883.79,Yes
4315-DDP,Male,0,Yes,No,39,Yes,No phone service,DSL,Yes,No,No,No,Yes,Yes,Two year,Yes,Bank transfer (automatic),65.18,2575.36,No
6856-KKO,Male,0,No,No,26,Yes,No,Fiber optic,No,Yes,Yes,No,No,Yes,Month-to-month,Yes,Bank transfer (automatic),89.97,2349.11,Yes
3188-BWD,Male,0,Yes,No,72,Yes,No,Fiber optic,No,Yes,No,No,Yes,No,Two year,Yes,Credit card (automatic),86.63,6292.31,No
5815-KIA,Male,1,Yes,No,34,Yes,No phone service,DSL,Yes,Yes,No,No,No,Yes,One year,Yes,Credit card (automatic),58.2,1984.91,Yes
8442-YMW,Female,0,Yes,No,69,Yes,Yes,Fiber optic,Yes,No,No,No,Yes,Yes,Two year,Yes,Credit card (automatic),95.34,6571.56,Yes
4771-USK,Male,0,No,No,48,Yes,Yes,Fiber optic,No,No,Yes,Yes,No,Yes,Two year,Yes,Bank transfer (automatic),91.46,4397.22,No
9422-PSF,Male,0,No,Yes,2,Yes,No,DSL,No,No,Yes,Yes,Yes,Yes,Two year,Yes,Electronic check,66.93,108.2,No
9231-NZV,Male,0,Yes,No,14,Yes,No,No,No internet service,No internet service,No internet service,No internet service,No internet service,No internet service,Month-to-month,No,Electronic check,32.54,411.21,No
8539-XSY,Male,0,No,No,51,Yes,Yes,Fiber optic,Yes,Yes,Yes,Yes,No,No,Two year,Yes,Credit card (automatic),87.92,4449.66,No
5390-FJS,Female,0,Yes,Yes,39,Yes,Yes,DSL,No,Yes,Yes,Yes,No,Yes,Two year,Yes,Credit card (automatic),35.86,1381.76,No
7212-TMM,Male,1,Yes,Yes,22,Yes,No,DSL,No,Yes,No,Yes,Yes,No,One year,Yes,Mailed check,52.1,1176.52,No
5551-XUP,Female,0,Yes,No,38,Yes,No,DSL,No,No,Yes,No,No,No,Month-to-month,Yes,Mailed check,49.25,1820.85,No
8297-XFV,Male,1,No,Yes,65,Yes,Yes,DSL,Yes,Yes,No,Yes,Yes,No,Two year,No,Electronic check,55.78,3591.61,No
6487-LZI,Female,1,Yes,No,28,No,No,DSL,No,Yes,Yes,No,No,No,Month-to-month,No,Electronic check,69.93,1986.23,Yes
9041-ZAR,Male,0,Yes,Yes,3,Yes,Yes,DSL,No,Yes,Yes,No,No,Yes,Month-to-month,Yes,Mailed check,73.31,207.44,Yes
8646-EWL,Male,0,Yes,No,22,Yes,No,No,No internet service,No internet service,No internet service,No internet service,No internet service,No internet service,Month-to-month,Yes,Electronic check,23.01,499.24,No
3445-QZZ,Male,0,No,No,68,Yes,No phone service,No,No internet service,No internet service,No internet service,No internet service,No internet service,No internet service,Month-to-month,Yes,Mailed check,43.47,2942.84,No
4856-ITZ,Female,0,No,No,55,No,Yes,No,No internet service,No internet service,No internet service,No internet service,No internet service,No internet service,One year,No,Credit card (automatic),46.05,2600.39,No
1372-EEG,Female,0,No,No,61,No,Yes,Fiber optic,Yes,No,No,Yes,Yes,Yes,Month-to-month,Yes,Credit card (automatic),76.5,4686.11,Yes
4692-RCX,Female,0,No,Yes,66,Yes,Yes,Fiber optic,Yes,Yes,No,No,No,No,One year,No,Credit card (automatic),71.17,4706.04,No
6303-QGE,Female,0,Yes,Yes,8,Yes,No,Fiber optic,No,Yes,Yes,No,No,Yes,Two year,Yes,Electronic check,64.88,525.95,No
3558-LRK,Male,1,No,No,20,Yes,No,No,No internet service,No internet service,No internet service,No internet service,No internet service,No internet service,Month-to-month,Yes,Mailed check,40.3,820.33,No
5507-EFQ,Female,1,Yes,No,4,Yes,No,Fiber optic,No,No,No,No,No,No,One year,Yes,Bank transfer (automatic),75.07,364.97,Yes
2899-NIU,Male,0,No,Yes,0,Yes,No,Fiber optic,Yes,No,No,No,Yes,No,Month-to-month,Yes,Bank transfer (automatic),86.82,0.0,No
3856-GYE,Female,1,No,No,60,Yes,No,No,No internet service,No internet service,No internet service,No internet service,No internet service,No internet service,Two year,Yes,Credit card (automatic),52.6,3161.9,No
7723-PGT,Female,0,Yes,No,68,Yes,No phone service,Fiber optic,Yes,No,Yes,No,Yes,No,Two year,Yes,Electronic check,73.38,4990.86,No
9533-IXE,Female,0,Yes,No,11,Yes,No,DSL,Yes,Yes,Yes,No,No,Yes,Month-to-month,Yes,Electronic check,70.54,807.56,Yes
8705-LTI,Male,0,Yes,No,52,Yes,No,DSL,No,No,Yes,No,Yes,Yes,One year,No,Mailed check,49.22,2619.11,No
7924-IMA,Female,0,Yes,No,39,Yes,Yes,Fiber optic,Yes,Yes,Yes,Yes,Yes,No,Month-to-month,Yes,Mailed check,86.66,3359.15,No
3640-JNJ,Female,0,No,No,5,Yes,No phone service,DSL,No,Yes,Yes,No,Yes,Yes,Month-to-month,No,Mailed check,47.9,255.36,No
7853-SJC,Female,0,No,No,66,Yes,No,DSL,No,No,No,No,No,Yes,One year,Yes,Electronic check,41.35,2735.27,No
3948-DDW,Female,0,Yes,No,63,Yes,Yes,DSL,Yes,Yes,No,No,Yes,No,Month-to-month,Yes,Electronic check,59.63,3707.94,Yes
7878-CRN,Female,1,Yes,No,41,No,No,DSL,No,Yes,No,No,No,Yes,One year,Yes,Mailed check,69.77,2894.53,No
5889-XHL,Female,0,No,Yes,51,Yes,No,No,No internet service,No internet service,No internet service,No internet service,No internet service,No internet service,Month-to-month,No,Bank transfer (automatic),36.06,1893.78,No
5988-ZBE,Male,0,No,Yes,28,Yes,No,Fiber optic,Yes,Yes,No,No,No,Yes,Month-to-month,No,Electronic check,69.27,1968.25,No
2365-QHZ,Male,0,No,No,57,No,Yes,DSL,No,No,No,No,No,No,Two year,No,Credit card (automatic),64.1,3631.58,No
1886-TAU,Male,0,No,No,32,Yes,No,Fiber optic,Yes,No,No,No,No,Yes,Month-to-month,Yes,Bank transfer (automatic),83.32,2618.75,Yes
3033-ZWB,Female,0,Yes,Yes,72,Yes,No,DSL,No,No,Yes,Yes,Yes,No,One year,Yes,Electronic check,64.84,4690.92,No
1056-JUZ,Male,0,No,Yes,4,Yes,Yes,Fiber optic,No,No,No,No,No,Yes,Month-to-month,No,Electronic check,101.83,369.54,Yes
6128-ZBM,Male,0,No,No,12,Yes,Yes,Fiber optic,Yes,Yes,Yes,No,No,No,Two year,No,Electronic check,90.7,1054.11,No
4766-TQL,Female,1,Yes,No,70,Yes,No,DSL,No,Yes,No,No,Yes,Yes,One year,Yes,Electronic check,52.82,3704.73,No
1729-SCY,Male,0,Yes,No,21,Yes,Yes,Fiber optic,Yes,Yes,No,Yes,No,Yes,Month-to-month,No,Bank transfer (automatic),93.55,1990.3,No
1970-CTF,Male,0,No,No,22,Yes,Yes,DSL,No,No,No,No,Yes,Yes,Month-to-month,No,Credit card (automatic),44.01,956.45,Yes
1776-PQN,Male,0,Yes,Yes,57,Yes,Yes,Fiber optic,No,No,Yes,Yes,No,No,Month-to-month,Yes,Electronic check,66.55,3786.12,No
3698-BPE,Male,1,Yes,No,13,Yes,Yes,No,No internet service,No internet service,No internet service,No internet service,No internet service,No internet service,Two year,No,Electronic check,32.52,418.84,No
1220-YNW,Female,0,Yes,No,37,Yes,No,No,No internet service,No internet service,No internet service,No internet service,No internet service,No internet service,Month-to-month,Yes,Credit card (automatic),30.58,1099.4,No
8388-CUD,Female,1,Yes,No,20,Yes,No,DSL,No,Yes,Yes,No,Yes,No,Month-to-month,Yes,Mailed check,66.96,1325.9,Yes
5790-NFL,Male,0,Yes,Yes,14,Yes,No,Fiber optic,No,No,Yes,No,No,No,One year,No,Mailed check,57.32,745.87,No
7857-SOD,Male,0,No,Yes,70,Yes,No,No,No internet service,No internet service,No internet service,No internet service,No internet service,No internet service,Month-to-month,No,Mailed check,26.71,1895.44,No
3607-DYG,Female,0,No,Yes,14,Yes,No,No,No internet service,No internet service,No internet service,No internet service,No internet service,No internet service,Month-to-month,Yes,Electronic check,32.19,548.25,No
5789-FXK,Male,0,Yes,No,6,No,No,DSL,Yes,Yes,No,No,Yes,No,Month-to-month,Yes,Electronic check,71.03,428.28,Yes
4872-ZLO,Female,0,No,Yes,49,Yes,Yes,Fiber optic,Yes,No,No,Yes,No,No,Month-to-month,Yes,Credit card (automatic),55.94,2782.75,No
4224-SJL,Male,0,No,No,63,Yes,No,DSL,Yes,No,No,No,No,Yes,One year,Yes,Bank transfer (automatic),27.89,1747.91,No
4072-RTT,Male,0,No,No,9,Yes,No,DSL,Yes,No,Yes,No,Yes,Yes,Two year,No,Electronic check,49.25,396.12,No
3521-AFN,Female,1,Yes,No,51,Yes,No,Fiber optic,Yes,Yes,No,No,No,Yes,Two year,Yes,Credit card (automatic),79.33,4124.62,No
8888-TZN,Male,0,Yes,No,39,Yes,Yes,Fiber optic,Yes,Yes,Yes,No,No,No,Two year,Yes,Mailed check,96.03,3715.57,No
5640-BEN,Male,0,No,No,60,Yes,No,DSL,No,No,Yes,No,Yes,Yes,Month-to-month,No,Electronic check,57.84,3503.55,No
1894-HPM,Female,0,No,No,9,Yes,Yes,No,No internet service,No internet service,No internet service,No internet service,No internet service,No internet service,Month-to-month,Yes,Credit card (automatic),52.34,478.62,No
8025-QSL,Male,1,No,Yes,71,Yes,Yes,Fiber optic,No,No,Yes,Yes,No,No,One year,Yes,Bank transfer (automatic),88.28,6309.43,No
9056-FKN,Male,0,Yes,No,45,Yes,Yes,No,No internet service,No internet service,No internet service,No internet service,No internet service,No internet service,Two year,No,Bank transfer (automatic),18.0,807.65,No
9451-KRI,Female,1,No,No,61,Yes,No,No,No internet service,No internet service,No internet service,No internet service,No internet service,No internet service,One year,Yes,Electronic check,44.72,2687.19,No
7725-QQI,Male,0,Yes,No,26,Yes,Yes,No,No internet service,No internet service,No internet service,No internet service,No internet service,No internet service,Month-to-month,Yes,Electronic check,24.65,617.64,No
1736-OWR,Female,0,No,No,68,Yes,Yes,Fiber optic,No,No,Yes,No,No,No,One year,Yes,Credit card (automatic),52.55,3655.73,No
3386-KCG,Female,1,No,No,45,Yes,No,DSL,Yes,No,Yes,No,Yes,No,Two year,Yes,Electronic check,43.8,1982.19,No
9166-RHK,Female,0,Yes,No,9,Yes,No,DSL,No,No,Yes,Yes,Yes,Yes,Two year,No,Credit card (automatic),54.74,568.87,No
9898-LWF,Male,0,Yes,No,67,Yes,No,No,No internet service,No internet service,No internet service,No internet service,No internet service,No internet service,One year,No,Bank transfer (automatic),52.53,3506.65,No
6955-KXV,Male,0,No,No,58,Yes,No,DSL,No,Yes,Yes,No,No,No,Month-to-month,Yes,Mailed check,37.46,2197.66,No
8333-NRM,Female,1,No,No,21,No,Yes,Fiber optic,No,Yes,No,Yes,Yes,Yes,Month-to-month,Yes,Credit card (automatic),84.79,1735.65,Yes
6259-OTG,Male,0,No,No,39,Yes,No,Fiber optic,No,Yes,Yes,Yes,Yes,Yes,Month-to-month,Yes,Credit card (automatic),86.6,3378.44,No
2705-DRJ,Female,0,No,No,28,Yes,Yes,DSL,Yes,No,No,Yes,No,Yes,Month-to-month,No,Credit card (automatic),73.38,2132.45,No
1522-VWK,Male,0,Yes,Yes,39,Yes,Yes,DSL,Yes,No,No,Yes,Yes,No,Two year,No,Mailed check,18.0,674.57,No
7333-GDK,Female,0,No,Yes,70,Yes,Yes,Fiber optic,No,Yes,Yes,No,No,No,Month-to-month,No,Bank transfer (automatic),101.38,7072.44,No
9670-WYE,Male,0,No,Yes,65,Yes,No,Fiber optic,No,Yes,Yes,Yes,Yes,Yes,Month-to-month,Yes,Electronic check,88.32,5769.77,No
6093-HAM,Female,0,No,No,15,Yes,Yes,Fiber optic,No,Yes,No,No,No,No,Month-to-month,No,Electronic check,51.71,779.66,No
8792-FXO,Male,0,Yes,No,70,Yes,No,DSL,Yes,No,Yes,Yes,Yes,No,One year,No,Credit card (automatic),39.65,2841.86,No
2247-VMG,Female,1,No,Yes,31,Yes,No,Fiber optic,No,Yes,Yes,No,Yes,No,Month-to-month,Yes,Credit card (automatic),90.01,2781.88,No
9384-FVA,Female,0,Yes,No,51,Yes,No phone service,DSL,Yes,No,Yes,No,No,Yes,Month-to-month,Yes,Electronic check,55.37,2826.28,No
9589-WSS,Male,0,Yes,No,55,Yes,Yes,Fiber optic,No,No,No,No,No,No,Two year,Yes,Bank transfer (automatic),78.89,4350.04,No
3291-BSY,Female,0,No,No,35,Yes,Yes,DSL,No,Yes,No,No,Yes,No,Month-to-month,Yes,Credit card (automatic),56.5,1939.85,No
4884-TSE,Female,0,Yes,Yes,33,Yes,No phone service,DSL,Yes,No,Yes,Yes,Yes,Yes,Month-to-month,Yes,Bank transfer (automatic),61.56,1986.03,Yes
5273-YWM,Female,0,No,Yes,33,Yes,Yes,No,No internet service,No internet service,No internet service,No internet service,No internet service,No internet service,Month-to-month,Yes,Electronic check,22.66,699.14,No
6512-CJZ,Male,0,Yes,No,62,Yes,No,DSL,Yes,No,No,Yes,Yes,No,Month-to-month,No,Electronic check,49.47,2951.37,No
3405-MSI,Female,0,No,Yes,28,Yes,No,Fiber optic,No,Yes,Yes,No,Yes,Yes,One year,No,Mailed check,87.68,2452.06,Yes
8899-AYE,Female,1,No,No,20,No,No,DSL,No,No,No,Yes,No,No,Two year,Yes,Credit card (automatic),46.74,889.28,No
9108-BAS,Male,0,Yes,No,26,Yes,No,DSL,Yes,No,Yes,No,No,Yes,Month-to-month,Yes,Electronic check,39.45,1006.83,No
6474-RSM,Male,0,No,No,14,Yes,Yes,DSL,No,No,Yes,No,No,No,Two year,Yes,Mailed check,35.71,535.64,No
2959-RHN,Female,1,Yes,No,28,Yes,No,No,No internet service,No internet service,No internet service,No internet service,No internet service,No internet service,One year,Yes,Credit card (automatic),22.52,597.45,No
7503-OYQ,Male,0,Yes,No,8,Yes,No,Fiber optic,No,Yes,No,No,No,Yes,Month-to-month,No,Credit card (automatic),67.42,563.5,Yes
2764-ATX,Male,0,No,Yes,6,Yes,Yes,DSL,Yes,Yes,Yes,No,Yes,Yes,Month-to-month,No,Credit card (automatic),44.41,211.15,No
4831-SID,Male,0,No,No,52,Yes,No,Fiber optic,No,No,No,Yes,No,Yes,Month-to-month,No,Credit card (automatic),65.35,3374.22,No
3648-WVR,Male,0,Yes,No,5,Yes,No,Fiber optic,Yes,Yes,No,No,Yes,No,Two year,No,Bank transfer (automatic),78.24,452.14,No
1522-ATA,Male,0,No,No,41,Yes,No,No,No internet service,No internet service,No internet service,No internet service,No internet service,No internet service,Month-to-month,No,Credit card (automatic),18.0,723.03,No
3345-IIK,Female,0,Yes,Yes,56,Yes,Yes,No,No internet service,No internet service,No internet service,No internet service,No internet service,No internet service,Month-to-month,Yes,Bank transfer (automatic),33.11,1899.23,No
7409-HMM,Female,0,No,No,52,Yes,Yes,Fiber optic,Yes,Yes,No,No,Yes,Yes,One year,Yes,Bank transfer (automatic),82.24,4358.92,No
1519-LUA,Male,0,No,No,32,Yes,No,Fiber optic,Yes,Yes,No,No,Yes,Yes,Two year,No,Electronic check,68.5,2177.34,No
5092-TKS,Male,1,Yes,No,14,Yes,Yes,Fiber optic,Yes,No,No,Yes,No,No,One year,No,Mailed check,90.86,1248.74,Yes
5983-RRI,Female,0,No,No,67,Yes,Yes,No,No internet service,No internet service,No internet service,No internet service,No internet service,No internet service,One year,No,Electronic check,21.0,1331.39,No
9522-PBX,Male,0,Yes,No,60,Yes,No phone service,Fiber optic,No,Yes,No,No,Yes,Yes,Month-to-month,No,Credit card (automatic),72.8,4378.21,Yes
7068-AEA,Male,1,Yes,No,44,Yes,Yes,DSL,No,No,No,No,No,Yes,Two year,Yes,Electronic check,41.2,1826.07,No
1035-VVI,Female,0,Yes,Yes,6,Yes,No,No,No internet service,No internet service,No internet service,No internet service,No internet service,No internet service,Month-to-month,Yes,Electronic check,49.5,323.98,No
9576-AHR,Female,1,No,No,2,Yes,No,No,No internet service,No internet service,No internet service,No internet service,No internet service,No internet service,Month-to-month,Yes,Credit card (automatic),38.98,126.66,Yes
5142-CPJ,Male,0,Yes,Yes,23,Yes,No,Fiber optic,No,No,No,No,Yes,Yes,Two year,No,Credit card (automatic),95.88,2169.33,No
6430-MVQ,Male,0,Yes,Yes,11,Yes,No,Fiber optic,No,No,No,Yes,Yes,No,Month-to-month,No,Bank transfer (automatic),85.63,1007.42,Yes
4095-CPR,Male,1,No,Yes,62,Yes,Yes,Fiber optic,Yes,Yes,No,No,No,Yes,Month-to-month,No,Bank transfer (automatic),87.6,5421.34,No
1785-YVE,Female,0,No,Yes,15,Yes,No,No,No internet service,No internet service,No internet service,No internet service,No internet service,No internet service,One year,Yes,Electronic check,36.35,557.98,No
6972-VPC,Female,0,Yes,Yes,20,Yes,No,Fiber optic,No,Yes,Yes,Yes,Yes,Yes,Month-to-month,Yes,Electronic check,78.87,1575.04,No
1516-EBO,Male,0,No,No,71,Yes,No,DSL,No,Yes,No,No,No,Yes,Month-to-month,Yes,Credit card (automatic),58.12,4099.52,Yes
1758-AGT,Female,0,No,No,59,Yes,No,DSL,No,No,No,No,Yes,Yes,One year,Yes,Credit card (automatic),42.28,2452.56,No
4850-BLM,Male,0,No,No,15,Yes,No,DSL,No,Yes,No,No,No,Yes,One year,No,Mailed check,29.65,452.11,No
2409-WLC,Male,0,No,Yes,27,Yes,Yes,DSL,No,No,Yes,No,Yes,No,Two year,No,Electronic check,72.26,1917.27,No
5643-SCW,Female,0,No,Yes,37,Yes,No,Fiber optic,Yes,No,Yes,No,Yes,No,Month-to-month,Yes,Electronic check,83.66,3087.71,No
2117-CTG,Female,0,No,No,48,Yes,No,DSL,No,No,No,No,Yes,Yes,Month-to-month,No,Mailed check,47.04,2243.49,No
9975-KES,Female,1,No,No,68,Yes,No,Fiber optic,No,Yes,No,No,Yes,No,Two year,Yes,Electronic check,69.45,4709.92,No
5173-VEW,Male,1,No,No,63,Yes,Yes,No,No internet service,No internet service,No internet service,No internet service,No internet service,No internet service,Month-to-month,No,Electronic check,31.86,1944.2,No
1533-YEF,Female,0,Yes,No,71,Yes,No phone service,Fiber optic,No,Yes,No,No,Yes,No,Month-to-month,No,Mailed check,92.77,6475.82,Yes
4238-NOZ,Female,0,No,No,2,Yes,Yes,DSL,Yes,No,Yes,No,No,Yes,Month-to-month,Yes,Mailed check,63.82,157.01,Yes
5714-ZLD,Male,0,Yes,No,17,Yes,Yes,No,No internet service,No internet service,No internet service,No internet service,No internet service,No internet service,Month-to-month,No,Bank transfer (automatic),43.31,775.66,Yes
4234-WJP,Male,0,Yes,No,41,Yes,No,DSL,No,No,Yes,Yes,No,Yes,Month-to-month,Yes,Mailed check,48.4,1894.74,No
1020-KFV,Female,0,Yes,No,3,Yes,Yes,No,No internet service,No internet service,No internet service,No internet service,No internet service,No internet service,One year,No,Electronic check,43.7,145.74,No
2567-CPH,Male,0,No,No,25,Yes,No,DSL,No,No,Yes,No,No,Yes,Two year,Yes,Electronic check,67.01,1682.85,No
5021-OFC,Female,1,No,Yes,11,Yes,No,Fiber optic,No,No,Yes,No,Yes,Yes,Month-to-month,Yes,Bank transfer (automatic),72.73,753.69,Yes
2184-YRM,Male,0,Yes,No,68,Yes,Yes,Fiber optic,No,No,No,No,Yes,Yes,One year,No,Electronic check,63.11,4322.91,Yes
9100-FGD,Male,0,Yes,Yes,4,Yes,No,Fiber optic,Yes,Yes,Yes,Yes,No,No,Month-to-month,Yes,Credit card (automatic),71.81,327.08,Yes
6530-YEZ,Male,1,Yes,No,10,Yes,No,Fiber optic,No,Yes,Yes,Yes,No,Yes,Month-to-month,Yes,Electronic check,61.51,652.18,Yes
3174-WEB,Female,0,No,Yes,14,Yes,No,DSL,No,No,Yes,No,No,No,One year,No,Credit card (automatic),48.5,740.07,No
5878-VBV,Male,0,Yes,No,10,Yes,Yes,Fiber optic,No,Yes,Yes,Yes,Yes,Yes,Month-to-month,Yes,Electronic check,92.64,961.4,Yes
5185-UXB,Female,0,Yes,No,41,Yes,Yes,DSL,No,Yes,Yes,Yes,Yes,No,Two year,No,Bank transfer (automatic),35.78,1437.88,No
2257-EPP,Male,1,No,No,26,Yes,No,No,No internet service,No internet service,No internet service,No internet service,No internet service,No internet service,Month-to-month,No,Bank transfer (automatic),35.13,913.99,No
1375-GOK,Male,0,Yes,No,66,Yes,No,Fiber optic,No,No,No,Yes,No,No,Month-to-month,Yes,Electronic check,71.49,4731.83,No
8135-SFB,Male,0,Yes,No,19,Yes,No,Fiber optic,No,Yes,No,No,Yes,No,Month-to-month,No,Mailed check,86.52,1697.04,No
4446-PKG,Female,1,No,No,39,Yes,No phone service,DSL,No,Yes,No,Yes,Yes,Yes,Month-to-month,Yes,Electronic check,57.25,2223.96,No
8761-LBA,Female,0,Yes,No,48,Yes,No phone service,Fiber optic,No,Yes,No,No,No,Yes,Two year,Yes,Mailed check,81.9,3909.07,No
3852-MCP,Male,0,Yes,No,45,Yes,Yes,Fiber optic,No,Yes,Yes,No,Yes,Yes,One year,Yes,Credit card (automatic),93.3,4140.61,No
6930-HNV,Female,0,Yes,Yes,58,Yes,Yes,DSL,No,Yes,No,Yes,Yes,No,Month-to-month,No,Bank transfer (automatic),43.28,2540.8,No
5799-DEM,Female,0,Yes,No,14,Yes,Yes,Fiber optic,Yes,Yes,Yes,No,No,No,Month-to-month,Yes,Bank transfer (automatic),107.83,1516.94,Yes
4334-VWV,Female,1,No,Yes,37,Yes,No phone service,DSL,Yes,No,No,Yes,No,Yes,One year,Yes,Electronic check,48.68,1770.83,No
6563-PWM,Female,0,No,No,58,Yes,Yes,DSL,No,Yes,No,No,No,No,Two year,Yes,Mailed check,81.76,4769.05,No
6672-GOI,Male,0,Yes,No,63,Yes,No,Fiber optic,Yes,No,Yes,Yes,No,No,Month-to-month,No,Bank transfer (automatic),82.53,5187.48,Yes
9086-NNS,Male,0,No,No,45,Yes,Yes,DSL,No,Yes,Yes,No,Yes,Yes,Month-to-month,Yes,Electronic check,59.68,2639.23,No
7461-YDW,Female,0,No,No,47,Yes,Yes,DSL,No,Yes,Yes,No,Yes,Yes,Month-to-month,Yes,Electronic check,71.19,3392.51,Yes
2662-ZLZ,Male,0,No,Yes,63,Yes,No,Fiber optic,No,No,Yes,No,No,No,Month-to-month,Yes,Electronic check,82.57,5129.7,No
4089-FGD,Female,1,No,Yes,45,Yes,No,Fiber optic,No,Yes,No,No,No,Yes,Month-to-month,Yes,Electronic check,71.75,3233.78,Yes
3968-QRX,Female,0,No,Yes,69,Yes,No,DSL,Yes,No,Yes,No,No,No,Month-to-month,No,Credit card (automatic),44.06,3036.26,No
6777-WDL,Male,0,Yes,No,9,Yes,No,DSL,No,Yes,No,Yes,No,Yes,Month-to-month,Yes,Electronic check,52.46,414.78,Yes
9863-JSV,Male,1,Yes,No,25,No,No,Fiber optic,Yes,No,Yes,Yes,No,No,Month-to-month,Yes,Electronic check,89.36,2245.39,Yes
3010-LCE,Female,1,Yes,No,8,Yes,No,Fiber optic,No,No,Yes,No,No,Yes,Month-to-month,Yes,Electronic check,92.64,716.85,Yes
9000-CJQ,Female,0,No,No,6,Yes,Yes,Fiber optic,Yes,Yes,Yes,No,No,Yes,Two year,No,Electronic check,84.93,568.51,No
3071-EHZ,Male,1,Yes,Yes,34,Yes,No,Fiber optic,No,Yes,Yes,No,No,No,One year,Yes,Mailed check,78.21,2694.28,No
3413-DUM,Female,0,No,No,16,Yes,Yes,Fiber optic,No,Yes,No,No,No,No,Month-to-month,Yes,Electronic check,63.01,1015.9,Yes
6800-UJB,Male,0,Yes,No,29,No,Yes,No,No internet service,No internet service,No internet service,No internet service,No internet service,No internet service,Month-to-month,No,Electronic check,23.85,604.44,Yes
3974-IYN,Female,0,Yes,No,31,No,Yes,Fiber optic,No,No,No,No,Yes,No,Month-to-month,No,Electronic check,73.91,2271.76,No
6796-JSB,Female,0,Yes,Yes,45,Yes,No,DSL,Yes,No,No,Yes,No,Yes,Two year,Yes,Bank transfer (automatic),33.27,1475.0,No
3682-KZW,Female,0,No,Yes,69,Yes,No,DSL,No,No,No,Yes,No,Yes,One year,Yes,Mailed check,42.24,2956.92,Yes
7716-GGX,Male,1,No,No,62,Yes,Yes,DSL,No,Yes,No,Yes,No,No,Month-to-month,Yes,Bank transfer (automatic),63.17,3922.77,No
9297-NKO,Female,0,No,No,27,Yes,No,Fiber optic,No,No,Yes,No,No,No,Two year,No,Electronic check,91.16,2472.41,No
1611-KJM,Male,0,Yes,Yes,23,Yes,No,No,No internet service,No internet service,No internet service,No internet service,No internet service,No internet service,Two year,Yes,Electronic check,32.68,787.25,No
8288-ULU,Male,1,Yes,Yes,56,Yes,Yes,Fiber optic,Yes,No,Yes,No,Yes,Yes,Two year,Yes,Credit card (automatic),88.27,5000.19,No
5685-ZMA,Female,0,No,Yes,9,Yes,Yes,DSL,No,No,Yes,No,No,No,Month-to-month,Yes,Electronic check,61.49,604.47,No
9595-OBQ,Female,0,No,No,39,No,No,Fiber optic,No,No,Yes,Yes,Yes,No,Month-to-month,Yes,Mailed check,89.71,3517.81,Yes
3472-BUZ,Male,0,Yes,No,30,Yes,Yes,No,No internet service,No internet service,No internet service,No internet service,No internet service,No internet service,One year,No,Electronic check,32.71,971.79,No
1540-NIZ,Male,0,Yes,No,13,Yes,No,DSL,No,No,Yes,No,Yes,No,Month-to-month,Yes,Electronic check,48.01,639.35,Yes
8810-TCF,Male,0,No,Yes,45,Yes,No,Fiber optic,Yes,Yes,Yes,No,No,Yes,One year,Yes,Mailed check,83.43,3753.2,No
2482-YIA,Female,0,No,No,23,Yes,No,No,No internet service,No internet service,No internet service,No internet service,No internet service,No internet service,One year,No,Mailed check,69.81,1633.14,No
7485-TJZ,Male,0,No,No,13,Yes,No,Fiber optic,Yes,Yes,Yes,No,Yes,No,Month-to-month,No,Electronic check,70.42,895.59,Yes
8455-OAX,Female,0,No,Yes,47,Yes,Yes,Fiber optic,No,No,No,No,No,No,Month-to-month,No,Mailed check,80.58,3818.88,Yes
1580-LVK,Male,0,No,Yes,12,Yes,No,Fiber optic,Yes,No,No,Yes,Yes,No,Month-to-month,No,Mailed check,68.05,818.23,Yes
4451-YNY,Male,0,Yes,Yes,49,Yes,Yes,DSL,No,Yes,Yes,Yes,No,Yes,Month-to-month,Yes,Mailed check,89.92,4419.59,No
9151-UDF,Male,0,No,Yes,11,Yes,Yes,Fiber optic,No,No,No,No,Yes,Yes,One year,Yes,Credit card (automatic),56.5,579.63,Yes
6649-JTU,Male,0,No,Yes,31,Yes,No,DSL,Yes,Yes,No,No,No,No,One year,No,Bank transfer (automatic),49.22,1516.24,No
5147-OGS,Female,1,Yes,No,58,Yes,Yes,Fiber optic,Yes,No,No,No,No,No,Month-to-month,No,Electronic check,73.96,4305.31,No
1177-DOA,Female,0,No,No,16,Yes,Yes,No,No internet service,No internet service,No internet service,No internet service,No internet service,No internet service,One year,Yes,Electronic check,18.0,281.62,No
2682-HGT,Male,0,Yes,Yes,56,Yes,No,DSL,No,No,Yes,No,Yes,No,Month-to-month,Yes,Bank transfer (automatic),34.14,1829.7,No
4026-XPU,Female,0,Yes,No,52,Yes,No,Fiber optic,No,Yes,Yes,No,Yes,Yes,One year,Yes,Electronic check,75.79,3897.89,No
8968-LTV,Male,0,No,No,65,Yes,Yes,DSL,No,No,Yes,No,No,No,Month-to-month,Yes,Credit card (automatic),65.45,4266.21,No
5996-OCN,Female,0,No,Yes,12,Yes,Yes,DSL,No,No,No,Yes,No,Yes,One year,No,Credit card (automatic),47.73,625.41,No
2637-LGS,Male,0,Yes,No,52,No,Yes,Fiber optic,No,Yes,No,No,Yes,No,One year,No,Electronic check,98.25,5100.86,Yes
6349-ZRX,Female,1,No,No,68,No,No,DSL,Yes,Yes,Yes,No,Yes,No,Month-to-month,Yes,Credit card (automatic),43.41,2934.77,No
3606-SOW,Male,0,Yes,No,55,Yes,Yes,No,No internet service,No internet service,No internet service,No internet service,No internet service,No internet service,Month-to-month,No,Electronic check,26.05,1469.58,Yes
7630-TOV,Male,0,Yes,No,13,Yes,No phone service,DSL,No,Yes,No,No,No,No,Two year,No,Electronic check,42.35,550.93,No
9738-HFD,Female,0,Yes,No,60,Yes,Yes,No,No internet service,No internet service,No internet service,No internet service,No internet service,No internet service,Month-to-month,Yes,Credit card (automatic),40.48,2454.81,No
6987-MBN,Female,0,No,No,7,Yes,Yes,Fiber optic,No,No,Yes,Yes,Yes,No,One year,Yes,Bank transfer (automatic),64.77,443.04,Yes
1601-LAE,Female,0,Yes,No,42,Yes,No,Fiber optic,No,Yes,No,No,No,No,Two year,No,Mailed check,73.34,3066.06,No
3855-XAF,Female,0,No,No,36,Yes,No,Fiber optic,Yes,No,Yes,No,No,Yes,Two year,Yes,Credit card (automatic),98.57,3577.29,No
8786-ZNZ,Male,0,No,Yes,38,Yes,Yes,Fiber optic,No,Yes,Yes,No,Yes,No,Month-to-month,No,Electronic check,90.61,3466.72,Yes
7400-JSV,Male,0,No,No,37,No,No,DSL,Yes,Yes,Yes,Yes,Yes,Yes,One year,Yes,Bank transfer (automatic),65.95,2428.92,No
9018-KCS,Female,0,Yes,No,2,Yes,No,No,No internet service,No internet service,No internet service,No internet service,No internet service,No internet service,Two year,No,Credit card (automatic),37.49,35.63,Yes
1392-OSN,Female,0,No,Yes,37,Yes,No,Fiber optic,Yes,Yes,Yes,No,No,No,One year,No,Credit card (automatic),72.25,2614.83,No
8392-VAS,Female,1,Yes,No,68,Yes,No,DSL,No,Yes,Yes,No,No,Yes,Month-to-month,Yes,Mailed check,70.48,4738.83,No
5869-JKW,Female,0,Yes,Yes,31,Yes,Yes,Fiber optic,No,Yes,Yes,No,Yes,Yes,Month-to-month,No,Mailed check,87.83,2700.57,Yes
9201-QSM,Female,0,No,No,20,No,No,Fiber optic,No,Yes,Yes,No,Yes,No,Two year,Yes,Credit card (automatic),81.86,1648.28,No
9827-SJW,Male,1,Yes,No,72,Yes,Yes,Fiber optic,No,No,Yes,No,Yes,Yes,Month-to-month,Yes,Electronic check,61.11,4341.62,Yes
2270-BTR,Male,0,Yes,Yes,7,Yes,Yes,No,No internet service,No internet service,No internet service,No internet service,No internet service,No internet service,Month-to-month,Yes,Credit card (automatic),51.66,305.61,Yes
7756-CKR,Female,0,Yes,No,35,Yes,No phone service,Fiber optic,Yes,No,Yes,Yes,Yes,No,Month-to-month,Yes,Electronic check,89.29,3138.36,No
2714-TCN,Female,0,Yes,Yes,37,Yes,No,DSL,No,Yes,No,No,No,No,One year,Yes,Electronic check,43.52,1665.15,No
6764-VFV,Male,0,Yes,No,34,Yes,No,DSL,No,No,No,No,No,No,Month-to-month,Yes,Electronic check,51.53,1790.13,No
1672-LQK,Male,0,No,Yes,67,Yes,Yes,DSL,Yes,No,No,No,No,Yes,Two year,Yes,Mailed check,61.34,4045.32,No
6616-ENY,Male,1,Yes,No,30,Yes,Yes,Fiber optic,Yes,Yes,Yes,No,No,Yes,One year,Yes,Electronic check,88.51,2669.01,Yes
7804-XJE,Female,0,No,No,71,Yes,No,DSL,Yes,No,No,No,Yes,Yes,Two year,Yes,Mailed check,59.96,4290.61,No
5655-BYQ,Female,0,No,Yes,4,Yes,No phone service,Fiber optic,No,No,No,Yes,No,No,Two year,No,Credit card (automatic),66.66,249.31,No
3423-JDW,Female,0,Yes,No,53,Yes,Yes,Fiber optic,Yes,No,No,No,Yes,Yes,Month-to-month,Yes,Electronic check,76.13,4026.6,No
4452-XND,Male,0,No,Yes,43,Yes,No phone service,No,No internet service,No internet service,No internet service,No internet service,No internet service,No internet service,One year,No,Bank transfer (automatic),34.56,1497.75,No
8244-FMB,Male,0,No,No,17,No,No,DSL,Yes,No,No,No,No,Yes,Month-to-month,Yes,Mailed check,33.36,584.19,Yes
6926-VPQ,Female,0,Yes,No,16,Yes,Yes,DSL,No,Yes,No,No,No,Yes,Two year,Yes,Bank transfer (automatic),50.42,819.92,No
5069-YUF,Male,0,No,No,52,Yes,Yes,No,No internet service,No internet service,No internet service,No internet service,No internet service,No internet service,Month-to-month,Yes,Mailed check,54.6,2864.55,No
2068-PTK,Female,0,No,Yes,46,Yes,No,Fiber optic,Yes,No,No,Yes,No,No,One year,Yes,Credit card (automatic),76.91,3545.41,No
6633-OYH,Female,0,No,No,44,Yes,No,Fiber optic,No,Yes,Yes,No,No,No,Two year,Yes,Mailed check,67.97,2968.78,No
3606-REU,Male,0,Yes,No,3,No,Yes,Fiber optic,Yes,Yes,No,No,Yes,No,Month-to-month,No,Mailed check,77.88,218.02,Yes
3611-LGS,Male,0,Yes,No,43,Yes,No,No,No internet service,No internet service,No internet service,No internet service,No internet service,No internet service,Two year,Yes,Electronic check,51.99,2208.3,No
8754-SQZ,Female,0,No,No,71,Yes,No,DSL,No,Yes,No,No,Yes,No,Month-to-month,Yes,Mailed check,53.38,3773.84,No
5569-GTK,Male,0,No,Yes,1,No,No phone service,No,No internet service,No internet service,No internet service,No internet service,No internet service,No internet service,Month-to-month,No,Electronic check,33.04,52.7,Yes
1554-PJA,Female,0,No,No,34,Yes,Yes,DSL,Yes,Yes,Yes,Yes,No,No,Month-to-month,Yes,Bank transfer (automatic),69.04,2320.31,No
4123-SXX,Male,0,No,No,36,Yes,No,No,No internet service,No internet service,No internet service,No internet service,No internet service,No internet service,Month-to-month,No,Mailed check,47.16,1735.21,No
3929-WHC,Male,0,Yes,No,65,Yes,No,DSL,No,No,No,Yes,Yes,No,One year,Yes,Bank transfer (automatic),71.83,4634.36,No
9461-KVW,Male,0,Yes,No,20,Yes,No,DSL,Yes,Yes,Yes,Yes,Yes,No,Two year,Yes,Mailed check,62.8,1263.11,No
7649-JBV,Male,0,Yes,No,34,Yes,No phone service,DSL,No,No,Yes,No,No,No,Month-to-month,Yes,Bank transfer (automatic),60.72,2093.73,No
3230-XFC,Male,0,Yes,No,52,Yes,Yes,No,No internet service,No internet service,No internet service,No internet service,No internet service,No internet service,One year,Yes,Electronic check,37.74,1978.19,No
8643-CYF,Female,0,Yes,Yes,4,Yes,No,No,No internet service,No internet service,No internet service,No internet service,No internet service,No internet service,Two year,No,Bank transfer (automatic),46.66,121.98,No
7094-IWG,Male,0,No,No,58,Yes,Yes,DSL,No,Yes,Yes,No,No,No,Two year,No,Credit card (automatic),55.33,3213.8,No
5309-QDK,Female,0,Yes,No,60,Yes,No,DSL,No,Yes,No,No,No,Yes,Month-to-month,Yes,Mailed check,55.85,3325.18,No
7648-ZWZ,Male,0,Yes,No,52,Yes,No,DSL,No,Yes,No,No,Yes,Yes,Two year,No,Electronic check,43.06,2192.84,No
8788-TFE,Female,1,Yes,No,47,No,No,DSL,Yes,No,No,No,No,No,Month-to-month,Yes,Bank transfer (automatic),49.33,2326.31,No
9641-DLE,Female,0,Yes,Yes,54,Yes,No,No,No internet service,No internet service,No internet service,No internet service,No internet service,No internet service,One year,Yes,Electronic check,33.18,1748.01,No
5446-IMW,Male,0,Yes,No,57,Yes,No,DSL,No,Yes,No,No,Yes,Yes,One year,Yes,Mailed check,56.72,3241.61,No
3024-YMJ,Male,1,Yes,No,65,Yes,Yes,No,No internet service,No internet service,No internet service,No internet service,No internet service,No internet service,Two year,No,Electronic check,43.48,2877.16,Yes
6213-UYF,Male,0,No,No,31,Yes,No,No,No internet service,No internet service,No internet service,No internet service,No internet service,No internet service,Month-to-month,Yes,Mailed check,68.05,2120.13,No
9641-RFC,Male,0,No,Yes,33,Yes,Yes,DSL,No,Yes,Yes,Yes,No,Yes,Month-to-month,No,Credit card (automatic),70.82,2328.91,No
2245-CFU,Female,0,No,No,46,Yes,No,Fiber optic,No,Yes,Yes,Yes,Yes,Yes,One year,Yes,Electronic check,75.84,3483.02,No
3770-IOF,Male,0,Yes,No,14,No,No,No,No internet service,No internet service,No internet service,No internet service,No internet service,No internet service,Month-to-month,No,Mailed check,35.75,532.49,Yes
5068-KAV,Male,1,Yes,No,62,Yes,No,No,No internet service,No internet service,No internet service,No internet service,No internet service,No internet service,Month-to-month,No,Electronic check,40.74,2515.18,No
1441-TSJ,Female,0,Yes,No,56,Yes,No,Fiber optic,Yes,No,Yes,No,No,Yes,One year,No,Electronic check,102.96,5749.47,No
8408-NUU,Male,1,No,Yes,46,Yes,No,DSL,Yes,Yes,Yes,Yes,Yes,Yes,One year,No,Bank transfer (automatic),73.03,3326.78,No
1042-RMD,Male,0,No,No,22,Yes,Yes,DSL,Yes,Yes,Yes,No,No,Yes,Month-to-month,Yes,Bank transfer (automatic),43.37,922.85,No
9413-IZO,Male,0,No,No,25,Yes,Yes,No,No internet service,No internet service,No internet service,No internet service,No internet service,No internet service,Month-to-month,No,Credit card (automatic),51.39,1316.01,No
9818-RWC,Female,0,Yes,No,31,Yes,No,Fiber optic,Yes,No,Yes,No,Yes,No,Two year,Yes,Electronic check,85.76,2641.55,No
6747-TWZ,Male,0,No,Yes,48,Yes,No,Fiber optic,No,No,Yes,No,No,Yes,Month-to-month,Yes,Electronic check,97.7,4709.03,Yes
9190-NPZ,Female,0,No,No,56,Yes,No,Fiber optic,Yes,No,Yes,No,Yes,No,Month-to-month,No,Mailed check,72.15,4062.66,Yes
2210-LEO,Female,1,No,No,49,Yes,No phone service,Fiber optic,No,No,Yes,Yes,No,No,Month-to-month,No,Bank transfer (automatic),72.41,3514.63,No
7167-AQW,Male,0,Yes,No,67,Yes,No phone service,DSL,No,No,No,No,No,No,Month-to-month,Yes,Bank transfer (automatic),61.88,4118.13,No
4759-XCB,Female,1,Yes,Yes,70,Yes,Yes,Fiber optic,No,No,No,Yes,Yes,No,Two year,No,Bank transfer (automatic),48.02,3381.6,No
2979-XZE,Male,0,Yes,No,51,Yes,No,No,No internet service,No internet service,No internet service,No internet service,No internet service,No internet service,Month-to-month,Yes,Credit card (automatic),24.83,1271.25,No
1077-RVK,Female,0,Yes,No,27,Yes,No,DSL,Yes,No,Yes,Yes,Yes,Yes,Month-to-month,Yes,Electronic check,59.87,1610.23,No
6521-WBW,Female,0,Yes,No,43,Yes,No,DSL,No,Yes,Yes,No,No,Yes,Month-to-month,Yes,Credit card (automatic),55.54,2404.38,Yes
4819-YVD,Male,0,No,Yes,31,Yes,Yes,No,No internet service,No internet service,No internet service,No internet service,No internet service,No internet service,Month-to-month,No,Credit card (automatic),23.54,765.18,No
6552-HYZ,Female,0,No,No,45,Yes,Yes,Fiber optic,No,Yes,Yes,No,No,No,Month-to-month,No,Electronic check,85.26,3835.34,Yes
9654-GVC,Female,1,No,No,59,Yes,No,Fiber optic,No,Yes,No,Yes,Yes,No,Two year,No,Electronic check,75.64,4442.85,No
7528-CCY,Male,1,No,Yes,26,Yes,No phone service,No,No internet service,No internet service,No internet service,No internet service,No internet service,No internet service,One year,Yes,Bank transfer (automatic),63.78,1662.38,No
7887-BQU,Male,0,Yes,No,36,Yes,Yes,Fiber optic,No,No,Yes,No,No,No,Month-to-month,No,Mailed check,75.4,2686.24,No
4411-UUI,Female,0,No,Yes,3,Yes,Yes,No,No internet service,No internet service,No internet service,No internet service,No internet service,No internet service,Month-to-month,Yes,Electronic check,52.34,162.02,No
4992-ISV,Female,0,No,No,53,Yes,No,No,No internet service,No internet service,No internet service,No internet service,No internet service,No internet service,Month-to-month,Yes,Mailed check,47.0,2491.07,No
7382-KTX,Female,0,No,No,35,Yes,No,DSL,Yes,Yes,No,No,Yes,Yes,Month-to-month,No,Bank transfer (automatic),56.94,1964.34,No
4128-XEX,Male,0,No,No,33,Yes,No,Fiber optic,Yes,Yes,Yes,No,No,Yes,One year,No,Credit card (automatic),71.94,2359.85,No
7550-PKT,Female,0,Yes,No,38,Yes,No,DSL,Yes,No,Yes,Yes,Yes,Yes,Month-to-month,No,Credit card (automatic),50.35,1901.95,No
9762-WZZ,Female,0,Yes,No,15,Yes,No,Fiber optic,Yes,No,Yes,No,Yes,Yes,One year,No,Credit card (automatic),88.02,1345.96,No
9502-OMK,Male,0,Yes,No,43,Yes,No,Fiber optic,No,Yes,No,No,Yes,Yes,Two year,Yes,Mailed check,84.57,3605.88,No
9507-KAF,Female,1,Yes,No,54,Yes,No,Fiber optic,Yes,Yes,Yes,Yes,Yes,No,Month-to-month,Yes,Credit card (automatic),58.37,3123.65,Yes
6814-PZZ,Male,0,No,Yes,25,Yes,Yes,No,No internet service,No internet service,No internet service,No internet service,No internet service,No internet service,Two year,No,Electronic check,34.9,859.42,No
1108-VTW,Male,1,Yes,No,9,Yes,No,Fiber optic,No,Yes,Yes,Yes,No,Yes,Month-to-month,Yes,Mailed check,72.76,674.58,No
6343-QBN,Male,0,Yes,Yes,28,Yes,Yes,No,No internet service,No internet service,No internet service,No internet service,No internet service,No internet service,Month-to-month,No,Credit card (automatic),40.83,1168.7,No
2902-FDN,Male,0,No,No,14,Yes,Yes,Fiber optic,No,No,No,No,No,No,Two year,Yes,Credit card (automatic),63.39,896.63,No
7691-CUZ,Male,0,Yes,No,27,Yes,No,Fiber optic,No,No,No,Yes,Yes,No,Month-to-month,Yes,Bank transfer (automatic),62.71,1718.19,Yes
9758-RUB,Male,1,Yes,Yes,45,Yes,Yes,DSL,No,No,No,Yes,Yes,No,Month-to-month,No,Electronic check,24.19,1129.23,No
8040-QLW,Male,0,Yes,No,8,Yes,Yes,Fiber optic,No,Yes,Yes,No,No,No,One year,No,Electronic check,79.03,637.75,Yes
2386-SLV,Male,0,No,No,54,Yes,Yes,Fiber optic,No,No,No,No,No,Yes,Month-to-month,Yes,Bank transfer (automatic),88.23,4736.36,No
1949-EWP,Female,0,Yes,Yes,16,Yes,No,DSL,No,Yes,No,No,No,No,Two year,Yes,Electronic check,47.5,757.29,No
5003-SUM,Male,0,Yes,No,65,Yes,No,No,No internet service,No internet service,No internet service,No internet service,No internet service,No internet service,Month-to-month,Yes,Electronic check,35.05,2230.59,No
9575-XJM,Male,0,No,No,53,Yes,Yes,Fiber optic,Yes,Yes,No,No,No,No,Two year,Yes,Credit card (automatic),68.34,3635.84,No
2866-FGA,Female,0,No,No,19,Yes,No,DSL,No,Yes,Yes,No,Yes,No,Month-to-month,No,Electronic check,47.93,893.46,No
7688-DGK,Male,1,No,No,41,Yes,No phone service,No,No internet service,No internet service,No internet service,No internet service,No internet service,No internet service,Month-to-month,Yes,Mailed check,33.46,1375.78,No
4013-UPC,Female,1,No,No,8,Yes,Yes,Fiber optic,No,Yes,No,Yes,Yes,No,Month-to-month,Yes,Electronic check,99.55,793.43,Yes
5012-TFD,Male,0,Yes,Yes,7,Yes,No,Fiber optic,No,Yes,Yes,No,Yes,No,Two year,No,Electronic check,91.2,624.99,No
5343-MLQ,Male,0,Yes,No,69,Yes,Yes,Fiber optic,Yes,No,No,Yes,Yes,Yes,Month-to-month,No,Electronic check,69.34,4792.35,No
6892-JKV,Female,0,No,Yes,58,Yes,No phone service,DSL,No,Yes,No,No,Yes,Yes,Two year,Yes,Electronic check,33.0,1909.63,No
8277-EGP,Male,0,No,Yes,11,Yes,Yes,Fiber optic,No,Yes,Yes,No,Yes,No,Month-to-month,No,Mailed check,69.37,741.0,Yes
5548-QUJ,Female,0,Yes,Yes,20,Yes,No,DSL,Yes,Yes,Yes,Yes,No,No,Month-to-month,Yes,Mailed check,31.96,600.77,No
3415-AGZ,Male,0,No,Yes,14,Yes,No,DSL,Yes,No,No,Yes,No,No,Month-to-month,Yes,Mailed check,68.27,968.24,No
6157-WOY,Male,0,No,No,28,Yes,Yes,Fiber optic,Yes,Yes,Yes,No,Yes,No,Month-to-month,No,Credit card (automatic),66.25,1812.78,Yes
9569-IUD,Female,0,Yes,No,21,Yes,No phone service,DSL,Yes,No,Yes,No,No,Yes,Two year,Yes,Mailed check,53.71,1190.73,No
3764-LDB,Male,0,Yes,Yes,23,Yes,No,No,No internet service,No internet service,No internet service,No internet service,No internet service,No internet service,Month-to-month,No,Bank transfer (automatic),38.54,931.47,No
3258-IKO,Male,0,No,No,38,Yes,No,Fiber optic,No,Yes,No,No,No,No,One year,No,Bank transfer (automatic),85.61,3197.54,Yes
1811-RGV,Female,1,No,No,13,Yes,No,DSL,No,Yes,Yes,No,Yes,No,One year,No,Mailed check,60.08,803.0,Yes
8219-PPJ,Male,0,Yes,No,64,Yes,No,No,No internet service,No internet service,No internet service,No internet service,No internet service,No internet service,Month-to-month,Yes,Electronic check,38.49,2503.2,No
1347-PAW,Male,0,No,No,53,Yes,No,Fiber optic,Yes,No,No,No,Yes,Yes,One year,Yes,Credit card (automatic),88.93,4692.78,No
4461-OBI,Female,0,No,Yes,55,Yes,No,Fiber optic,Yes,No,Yes,Yes,No,No,Two year,No,Mailed check,74.03,4083.94,No
3765-OFG,Male,0,Yes,No,12,Yes,Yes,Fiber optic,Yes,No,Yes,No,Yes,No,One year,No,Bank transfer (automatic),98.9,1182.42,Yes
5347-OOI,Male,0,Yes,No,51,No,Yes,No,No internet service,No internet service,No internet service,No internet service,No internet service,No internet service,Month-to-month,No,Mailed check,37.04,1912.9,No
7153-DLZ,Male,0,No,No,61,Yes,No,DSL,No,No,Yes,No,No,Yes,One year,Yes,Credit card (automatic),59.39,3607.17,No
6398-DQV,Female,0,No,No,12,Yes,No,DSL,Yes,Yes,Yes,No,Yes,Yes,One year,No,Mailed check,55.01,695.61,No
3978-FHT,Female,0,No,No,54,Yes,No,No,No internet service,No internet service,No internet service,No internet service,No internet service,No internet service,Month-to-month,Yes,Mailed check,32.58,1754.3,No
7004-QFB,Female,0,Yes,No,26,No,No,DSL,Yes,No,No,No,Yes,Yes,One year,Yes,Mailed check,55.02,1419.42,No
1555-MBY,Male,0,No,No,57,Yes,No,Fiber optic,No,Yes,Yes,Yes,Yes,No,Month-to-month,Yes,Bank transfer (automatic),80.31,4600.37,No
4015-OZM,Male,0,No,No,34,Yes,No,Fiber optic,Yes,No,Yes,Yes,Yes,Yes,One year,No,Electronic check,87.91,3020.47,No
5447-CIB,Male,1,Yes,No,58,Yes,Yes,Fiber optic,No,Yes,No,No,Yes,Yes,Two year,Yes,Credit card (automatic),62.77,3558.89,No
7019-MDZ,Male,1,Yes,No,10,Yes,Yes,No,No internet service,No internet service,No internet service,No internet service,No internet service,No internet service,Two year,Yes,Credit card (automatic),40.93,307.66,No
8819-BZQ,Female,1,No,No,28,Yes,Yes,No,No internet service,No internet service,No internet service,No internet service,No internet service,No internet service,Two year,No,Electronic check,27.79,790.08,No
6612-WDX,Female,1,Yes,No,19,Yes,No,DSL,Yes,No,Yes,Yes,No,Yes,One year,No,Electronic check,72.85,1360.98,Yes
9324-SCO,Male,0,Yes,No,18,Yes,No,Fiber optic,Yes,Yes,No,No,No,No,One year,Yes,Credit card (automatic),62.74,1083.08,No
2195-HSK,Male,0,Yes,Yes,22,No,No,Fiber optic,No,Yes,No,No,No,No,Month-to-month,No,Electronic check,84.75,1851.41,Yes
7518-MFK,Female,0,Yes,No,27,Yes,Yes,DSL,No,No,No,No,Yes,No,Month-to-month,No,Electronic check,57.82,1663.03,Yes
7158-VYY,Male,0,No,No,9,Yes,No,No,No internet service,No internet service,No internet service,No internet service,No internet service,No internet service,Month-to-month,Yes,Electronic check,23.5,164.95,Yes
8507-JGM,Male,1,Yes,No,51,Yes,No,Fiber optic,Yes,No,Yes,Yes,No,Yes,Month-to-month,No,Electronic check,84.5,4340.5,No
4101-SZY,Female,0,No,No,40,Yes,No,DSL,Yes,Yes,No,Yes,Yes,Yes,Two year,No,Mailed check,59.01,2333.75,No
5175-MWR,Male,0,No,Yes,60,Yes,No phone service,No,No internet service,No internet service,No internet service,No internet service,No internet service,No internet service,Two year,No,Bank transfer (automatic),31.56,1842.77,No
1281-FAB,Female,0,Yes,Yes,51,Yes,No,No,No internet service,No internet service,No internet service,No internet service,No internet service,No internet service,Month-to-month,Yes,Bank transfer (automatic),45.8,2314.38,No
2497-LHP,Female,1,No,Yes,10,Yes,No,DSL,No,No,Yes,No,Yes,No,Month-to-month,No,Electronic check,60.59,556.15,Yes
8959-CDP,Male,0,Yes,Yes,5,Yes,No,Fiber optic,No,Yes,Yes,No,No,Yes,One year,No,Mailed check,78.44,337.32,Yes
8388-QRY,Male,0,No,Yes,30,Yes,No phone service,DSL,No,Yes,Yes,No,Yes,No,Month-to-month,No,Electronic check,61.65,1824.13,Yes
5224-HNV,Male,0,Yes,Yes,35,Yes,Yes,DSL,Yes,Yes,No,Yes,Yes,No,Two year,Yes,Bank transfer (automatic),50.13,1716.39,No
6220-ZHR,Female,0,No,No,17,Yes,No,DSL,No,No,No,No,No,Yes,Two year,Yes,Mailed check,69.84,1182.17,No
8172-MEX,Male,0,No,No,57,Yes,Yes,No,No internet service,No internet service,No internet service,No internet service,No internet service,No internet service,Month-to-month,No,Credit card (automatic),20.51,1174.97,No
2498-NQF,Female,0,Yes,No,42,Yes,No,DSL,Yes,No,Yes,No,Yes,Yes,Month-to-month,Yes,Credit card (automatic),63.29,2630.56,Yes
3882-QAT,Female,0,Yes,Yes,54,Yes,No,DSL,No,No,Yes,No,Yes,No,Month-to-month,No,Bank transfer (automatic),48.86,2660.47,No
6783-TUU,Female,0,Yes,No,7,Yes,No,Fiber optic,No,Yes,No,No,Yes,Yes,Month-to-month,Yes,Mailed check,63.3,419.85,No
6981-LMS,Female,0,No,Yes,59,Yes,Yes,Fiber optic,Yes,No,Yes,No,No,No,Month-to-month,No,Bank transfer (automatic),78.39,4619.64,No
7216-CLT,Female,1,Yes,Yes,15,Yes,No,DSL,Yes,Yes,Yes,Yes,No,Yes,Month-to-month,Yes,Mailed check,49.37,664.63,No
6791-BKV,Male,0,No,No,32,No,No,DSL,No,Yes,No,No,No,Yes,Month-to-month,No,Credit card (automatic),69.78,2235.83,No
7577-CYF,Female,0,Yes,No,32,Yes,No,No,No internet service,No internet service,No internet service,No internet service,No internet service,No internet service,Month-to-month,No,Credit card (automatic),35.92,1228.26,No
7715-WPC,Male,0,No,No,59,Yes,No phone service,Fiber optic,No,No,No,No,No,No,Month-to-month,Yes,Credit card (automatic),86.96,5158.46,No
2313-FCA,Female,1,Yes,No,20,Yes,Yes,Fiber optic,No,No,No,Yes,Yes,Yes,One year,Yes,Bank transfer (automatic),54.92,1092.36,No
1152-MMJ,Female,0,Yes,Yes,17,Yes,Yes,DSL,No,No,No,Yes,No,No,Month-to-month,No,Bank transfer (automatic),26.89,416.6,Yes
3443-EEL,Male,0,No,No,24,Yes,No,Fiber optic,No,No,Yes,No,Yes,No,Two year,No,Mailed check,61.03,1521.84,No
3326-NZZ,Female,1,No,No,26,Yes,Yes,No,No internet service,No internet service,No internet service,No internet service,No internet service,No internet service,Month-to-month,No,Electronic check,37.43,967.55,No
2994-MNH,Male,0,No,No,13,Yes,No,DSL,Yes,No,Yes,No,Yes,Yes,Month-to-month,Yes,Bank transfer (automatic),45.93,573.52,Yes
9826-FDD,Female,0,No,No,12,Yes,No,DSL,No,Yes,Yes,No,No,No,Month-to-month,No,Credit card (automatic),55.81,647.03,No
3175-APY,Female,0,Yes,No,16,Yes,Yes,Fiber optic,No,No,No,Yes,No,Yes,One year,No,Credit card (automatic),59.75,1028.55,No
7537-TWO,Male,0,Yes,No,34,Yes,No,DSL,No,Yes,No,No,Yes,No,Month-to-month,Yes,Credit card (automatic),52.06,1765.9,No
6948-UAH,Male,1,Yes,No,25,Yes,No phone service,DSL,Yes,Yes,Yes,No,No,Yes,Month-to-month,Yes,Mailed check,38.25,972.02,Yes
2944-POE,Female,0,No,No,28,No,Yes,No,No internet service,No internet service,No internet service,No internet service,No internet service,No internet service,Month-to-month,Yes,Bank transfer (automatic),46.92,1306.65,No
2114-VDV,Female,1,No,Yes,52,Yes,No,Fiber optic,No,Yes,No,No,No,Yes,Two year,No,Bank transfer (automatic),64.43,3348.08,Yes
8311-VTU,Female,1,No,Yes,17,Yes,No,Fiber optic,No,No,Yes,No,Yes,Yes,Month-to-month,No,Mailed check,82.88,1394.09,No
2808-JMW,Male,0,No,Yes,66,Yes,Yes,DSL,Yes,No,Yes,No,No,No,Month-to-month,Yes,Electronic check,28.73,1945.96,No
9811-JPY,Female,0,Yes,No,54,Yes,Yes,Fiber optic,Yes,No,Yes,No,Yes,Yes,Two year,Yes,Bank transfer (automatic),66.71,3603.88,No
7512-MRX,Male,0,No,No,12,Yes,Yes,Fiber optic,No,Yes,Yes,No,Yes,Yes,Month-to-month,Yes,Electronic check,117.36,1359.05,Yes
4773-RVM,Female,0,No,No,22,Yes,Yes,No,No internet service,No internet service,No internet service,No internet service,No internet service,No internet service,Month-to-month,Yes,Bank transfer (automatic),38.4,858.59,No
1704-CPA,Male,0,Yes,No,13,Yes,Yes,Fiber optic,No,No,Yes,No,No,No,Two year,No,Credit card (automatic),70.13,907.67,No
4705-AWV,Male,0,Yes,No,19,Yes,No,No,No internet service,No internet service,No internet service,No internet service,No internet service,No internet service,Month-to-month,No,Bank transfer (automatic),19.13,376.81,Yes
6572-XHY,Female,1,No,Yes,26,Yes,No,DSL,No,Yes,No,No,No,Yes,Month-to-month,Yes,Electronic check,65.04,1679.43,Yes
7868-XKG,Male,0,No,Yes,9,Yes,No phone service,Fiber optic,Yes,No,No,No,No,No,Month-to-month,Yes,Mailed check,91.81,807.35,Yes
7991-MCZ,Male,1,No,No,1,Yes,Yes,No,No internet service,No internet service,No internet service,No internet service,No internet service,No internet service,Month-to-month,Yes,Mailed check,20.22,51.52,No
4292-FOM,Female,0,No,No,32,Yes,No,Fiber optic,No,Yes,Yes,No,No,No,Two year,No,Bank transfer (automatic),75.44,2479.15,No
2128-KNJ,Female,0,No,No,51,Yes,No phone service,Fiber optic,No,No,Yes,Yes,No,Yes,One year,Yes,Electronic check,87.15,4379.59,Yes
8932-QBO,Male,0,No,Yes,22,Yes,No,No,No internet service,No internet service,No internet service,No internet service,No internet service,No internet service,One year,Yes,Mailed check,35.47,783.21,No
4933-XUI,Male,0,No,Yes,62,Yes,Yes,No,No internet service,No internet service,No internet service,No internet service,No internet service,No internet service,Month-to-month,No,Credit card (automatic),49.03,3020.95,No
2067-RBF,Male,0,No,Yes,26,Yes,No,DSL,Yes,Yes,No,No,No,Yes,One year,Yes,Electronic check,71.92,1838.0,No
5352-XYB,Male,0,No,Yes,65,No,No,DSL,Yes,No,Yes,Yes,Yes,Yes,One year,No,Bank transfer (automatic),35.71,2245.67,No
6917-KWX,Male,0,Yes,No,17,Yes,No,Fiber optic,No,Yes,Yes,No,Yes,No,Month-to-month,Yes,Credit card (automatic),71.41,1226.6,Yes
9447-SNC,Female,1,No,No,39,Yes,Yes,No,No internet service,No internet service,No internet service,No internet service,No internet service,No internet service,Two year,Yes,Credit card (automatic),37.14,1431.54,No
1647-MCN,Male,0,Yes,Yes,55,Yes,Yes,Fiber optic,Yes,No,Yes,No,Yes,Yes,One year,No,Credit card (automatic),90.4,4952.99,No
7439-ORS,Female,0,No,No,4,Yes,No,DSL,No,Yes,No,No,Yes,Yes,Two year,No,Bank transfer (automatic),41.74,209.05,No
3060-LTO,Female,0,Yes,No,67,Yes,No,Fiber optic,No,No,No,Yes,No,Yes,Month-to-month,No,Mailed check,78.33,5232.73,No
3170-JOD,Male,0,Yes,No,26,Yes,No,DSL,Yes,No,No,Yes,Yes,No,Month-to-month,Yes,Mailed check,50.93,1307.32,No
4339-MSM,Female,0,Yes,Yes,36,Yes,No,DSL,No,No,No,Yes,No,Yes,One year,Yes,Electronic check,70.91,2506.0,No
7147-WVG,Female,0,No,No,45,Yes,No,DSL,Yes,Yes,Yes,Yes,No,No,Two year,Yes,Electronic check,40.72,1800.62,No
3531-ZKD,Female,0,Yes,No,46,Yes,Yes,DSL,No,Yes,Yes,No,Yes,No,Month-to-month,Yes,Bank transfer (automatic),63.7,2981.52,No
3036-FNS,Female,0,Yes,No,1,Yes,No,Fiber optic,No,No,No,No,Yes,No,Month-to-month,Yes,Electronic check,84.6,106.01,Yes
1399-SXI,Male,0,No,No,63,No,No,DSL,Yes,Yes,Yes,No,Yes,Yes,Two year,Yes,Electronic check,39.49,2532.94,No
4053-WIU,Male,1,No,Yes,45,Yes,Yes,DSL,No,No,No,Yes,Yes,No,Month-to-month,Yes,Credit card (automatic),63.81,2842.03,No
4711-CIZ,Male,0,No,Yes,72,Yes,No,Fiber optic,No,No,No,Yes,Yes,Yes,Month-to-month,Yes,Electronic check,59.2,4275.04,No
6936-SYL,Male,0,No,Yes,34,Yes,No,DSL,Yes,No,No,No,Yes,No,One year,Yes,Electronic check,50.2,1743.47,Yes
5591-TVK,Female,0,No,No,44,Yes,No,Fiber optic,Yes,No,Yes,No,No,Yes,Month-to-month,Yes,Bank transfer (automatic),76.61,3391.12,Yes
3942-IKB,Female,0,No,No,32,Yes,No phone service,DSL,Yes,No,No,Yes,No,No,Month-to-month,No,Electronic check,44.14,1467.79,No
9108-LBZ,Female,0,Yes,No,64,Yes,No phone service,DSL,No,No,Yes,Yes,Yes,Yes,Month-to-month,No,Mailed check,45.21,2907.51,No
5552-YVV,Male,0,Yes,No,60,Yes,No,Fiber optic,Yes,No,No,No,Yes,No,Two year,Yes,Electronic check,80.7,4841.94,No
6467-QCC,Male,0,No,Yes,66,Yes,Yes,DSL,No,Yes,No,Yes,Yes,Yes,Month-to-month,Yes,Bank transfer (automatic),57.71,3726.46,No
1541-PWK,Female,0,Yes,No,36,Yes,No phone service,DSL,No,Yes,Yes,No,Yes,No,One year,No,Bank transfer (automatic),62.29,2257.03,No
4654-QMU,Male,0,Yes,No,57,No,No,DSL,No,Yes,No,No,Yes,No,Two year,Yes,Bank transfer (automatic),56.85,3261.37,No
2615-UMD,Male,0,No,No,26,Yes,No,DSL,No,No,No,Yes,Yes,No,One year,No,Electronic check,40.79,1100.7,No
4741-TUU,Male,0,Yes,Yes,33,Yes,No,DSL,Yes,No,No,No,No,Yes,Month-to-month,Yes,Bank transfer (automatic),54.59,1773.66,Yes
1839-FQW,Female,0,No,No,55,Yes,No,Fiber optic,Yes,Yes,Yes,No,No,No,Month-to-month,No,Electronic check,69.86,3841.12,No
9740-DHV,Male,1,No,No,5,Yes,No,DSL,Yes,Yes,No,No,No,Yes,Month-to-month,Yes,Bank transfer (automatic),53.08,209.75,Yes
7518-ICB,Female,0,No,No,51,Yes,No,DSL,No,Yes,No,Yes,No,Yes,One year,No,Electronic check,59.93,2999.97,No
5348-CJG,Female,0,No,Yes,1,Yes,No,No,No internet service,No internet service,No internet service,No internet service,No internet service,No internet service,Two year,Yes,Electronic check,37.0,54.95,No
7478-RYI,Male,0,No,No,42,Yes,No,DSL,Yes,No,Yes,No,No,Yes,Two year,Yes,Electronic check,87.25,3708.83,No
7874-BET,Male,1,No,No,34,Yes,No,DSL,Yes,Yes,Yes,Yes,Yes,Yes,Month-to-month,Yes,Electronic check,54.94,1913.52,Yes
8362-QAA,Female,0,No,Yes,34,Yes,No,Fiber optic,No,No,No,No,Yes,No,Month-to-month,Yes,Electronic check,90.63,3096.77,Yes
7146-BBV,Female,0,Yes,Yes,36,Yes,No,DSL,Yes,No,Yes,No,Yes,Yes,Two year,No,Electronic check,46.85,1758.21,No
8558-KXE,Male,0,No,No,35,Yes,No,Fiber optic,No,No,Yes,No,Yes,No,Month-to-month,Yes,Credit card (automatic),50.95,1769.51,Yes
6851-PGU,Male,0,Yes,No,29,Yes,No,DSL,No,No,Yes,No,Yes,Yes,Two year,Yes,Mailed check,64.89,1913.25,No
2797-SFF,Female,0,No,No,32,Yes,Yes,Fiber optic,No,Yes,No,No,Yes,Yes,Month-to-month,Yes,Bank transfer (automatic),101.56,3203.79,No
3794-KNG,Female,1,No,No,41,Yes,Yes,No,No internet service,No internet service,No internet service,No internet service,No internet service,No internet service,One year,Yes,Electronic check,36.44,1384.02,No
1486-FUG,Male,0,No,No,55,Yes,Yes,DSL,No,Yes,Yes,No,Yes,Yes,Two year,No,Electronic check,69.28,3793.55,No
5492-NOF,Female,0,Yes,No,40,Yes,No,DSL,Yes,Yes,Yes,Yes,Yes,No,Month-to-month,No,Credit card (automatic),52.69,2103.38,No
6829-HEA,Male,0,Yes,Yes,46,No,Yes,Fiber optic,Yes,Yes,Yes,Yes,Yes,Yes,Month-to-month,Yes,Electronic check,70.7,3260.41,Yes
6425-DKE,Female,0,No,No,61,No,No phone service,No,No internet service,No internet service,No internet service,No internet service,No internet service,No internet service,Two year,Yes,Credit card (automatic),59.76,3638.84,No
5217-UPR,Female,1,No,Yes,72,No,No,Fiber optic,No,Yes,Yes,Yes,Yes,No,Month-to-month,No,Bank transfer (automatic),68.36,4934.57,No
3185-HCU,Female,0,No,Yes,7,Yes,Yes,Fiber optic,No,Yes,No,No,Yes,No,Month-to-month,Yes,Mailed check,67.04,530.19,Yes
4721-ZDW,Male,0,No,No,52,Yes,Yes,DSL,No,Yes,No,No,No,No,Month-to-month,No,Bank transfer (automatic),55.02,2886.87,No
1702-LSQ,Female,0,No,No,16,Yes,Yes,Fiber optic,No,Yes,No,No,No,No,Month-to-month,Yes,Bank transfer (automatic),72.96,1140.56,Yes
6515-TEI,Male,0,No,No,14,Yes,Yes,DSL,No,No,No,No,No,No,One year,Yes,Credit card (automatic),71.27,909.84,No
5425-NXW,Female,1,No,No,57,Yes,Yes,Fiber optic,Yes,No,Yes,No,No,No,Month-to-month,Yes,Mailed check,76.33,4313.17,No
9196-GLU,Female,0,Yes,Yes,5,Yes,Yes,DSL,No,Yes,No,No,Yes,No,Month-to-month,Yes,Electronic check,56.59,329.96,No
9238-KWG,Male,1,Yes,No,61,Yes,No,Fiber optic,No,Yes,No,No,No,No,Two year,No,Bank transfer (automatic),58.18,3531.35,No
2094-QHN,Female,0,No,No,56,Yes,Yes,DSL,Yes,No,Yes,No,Yes,Yes,Month-to-month,Yes,Electronic check,52.18,2945.83,No
3375-IBQ,Female,1,Yes,No,72,Yes,Yes,Fiber optic,No,Yes,Yes,No,Yes,No,Month-to-month,No,Mailed check,101.9,7359.21,Yes
5930-KPK,Male,0,Yes,No,48,Yes,No,Fiber optic,Yes,No,No,No,Yes,Yes,One year,Yes,Bank transfer (automatic),82.09,3938.37,No
1465-OPR,Female,0,No,Yes,63,Yes,No,No,No internet service,No internet service,No internet service,No internet service,No internet service,No internet service,Two year,No,Electronic check,40.71,2561.69,No
2934-IGN,Female,0,No,Yes,8,Yes,No,No,No internet service,No internet service,No internet service,No internet service,No internet service,No internet service,One year,Yes,Credit card (automatic),27.65,197.95,No
1249-BAV,Female,0,Yes,No,64,Yes,No,Fiber optic,Yes,No,No,No,No,No,Two year,Yes,Credit card (automatic),81.03,5263.87,No
6943-JFU,Male,0,Yes,Yes,11,Yes,No phone service,Fiber optic,Yes,Yes,No,No,Yes,No,Month-to-month,Yes,Electronic check,63.84,668.78,No
9631-VXE,Male,0,Yes,No,22,Yes,Yes,DSL,Yes,Yes,Yes,No,Yes,Yes,Month-to-month,Yes,Electronic check,67.41,1522.25,No
1361-HVW,Male,0,No,No,9,Yes,No,No,No internet service,No internet service,No internet service,No internet service,No internet service,No internet service,Two year,Yes,Mailed check,38.39,374.59,No
7084-OKQ,Female,1,Yes,Yes,29,Yes,No,Fiber optic,No,Yes,No,Yes,No,Yes,Two year,Yes,Electronic check,68.13,1997.3,No
3083-FOL,Male,0,No,Yes,54,Yes,No,Fiber optic,No,No,Yes,No,No,No,Month-to-month,Yes,Electronic check,86.71,4678.14,No
9184-DCR,Male,1,Yes,Yes,19,Yes,Yes,Fiber optic,Yes,No,No,No,No,Yes,Month-to-month,Yes,Credit card (automatic),91.19,1680.82,No
9274-ORC,Female,0,No,Yes,60,Yes,Yes,Fiber optic,No,No,No,No,Yes,Yes,Month-to-month,Yes,Electronic check,92.39,5503.22,No
1651-BML,Female,0,No,No,44,Yes,No,No,No internet service,No internet service,No internet service,No internet service,No internet service,No internet service,Month-to-month,No,Electronic check,34.14,1475.04,No
1529-ZRN,Female,0,Yes,Yes,45,Yes,Yes,No,No internet service,No internet service,No internet service,No internet service,No internet service,No internet service,Two year,No,Mailed check,36.79,1668.49,No
1642-AKH,Female,0,Yes,No,68,Yes,No,Fiber optic,Yes,No,Yes,No,Yes,No,Two year,No,Electronic check,51.11,3506.65,No
1928-IYS,Female,0,No,No,31,Yes,No,Fiber optic,No,No,Yes,Yes,Yes,No,Month-to-month,No,Credit card (automatic),52.43,1636.32,No
3530-TMS,Male,0,Yes,No,25,Yes,No,No,No internet service,No internet service,No internet service,No internet service,No internet service,No internet service,Month-to-month,No,Credit card (automatic),20.78,528.59,No
3128-AOY,Male,1,Yes,No,72,Yes,No,Fiber optic,Yes,No,Yes,No,No,Yes,Month-to-month,Yes,Mailed check,77.59,5622.97,No
1985-LSX,Male,0,Yes,Yes,40,Yes,No,Fiber optic,No,No,No,No,No,No,Month-to-month,Yes,Electronic check,57.58,2230.05,No
2554-WYE,Male,0,No,Yes,44,Yes,Yes,Fiber optic,Yes,Yes,No,Yes,No,Yes,One year,Yes,Credit card (automatic),73.34,3149.72,No
6229-KXS,Male,0,Yes,No,21,Yes,No phone service,Fiber optic,No,Yes,No,No,No,Yes,Month-to-month,Yes,Bank transfer (automatic),66.04,1332.67,Yes
1761-XIR,Female,0,Yes,No,15,Yes,Yes,Fiber optic,No,No,Yes,Yes,No,No,Month-to-month,No,Mailed check,63.44,983.99,Yes
5986-IPX,Male,0,No,No,12,Yes,No,Fiber optic,Yes,No,Yes,No,Yes,Yes,One year,No,Mailed check,79.21,880.19,No
8219-ZAO,Male,1,No,Yes,16,Yes,No,No,No internet service,No internet service,No internet service,No internet service,No internet service,No internet service,Two year,No,Mailed check,29.09,465.1,No
7372-HOU,Male,0,No,Yes,14,Yes,No,No,No internet service,No internet service,No internet service,No internet service,No internet service,No internet service,Month-to-month,No,Electronic check,49.34,658.9,No
9629-GUM,Male,0,Yes,Yes,54,Yes,No,Fiber optic,No,Yes,No,No,Yes,No,Month-to-month,No,Mailed check,66.48,3595.35,No
3715-LAG,Female,0,Yes,No,4,Yes,No,DSL,Yes,Yes,Yes,No,Yes,Yes,Month-to-month,Yes,Bank transfer (automatic),43.85,170.44,No
6000-TNT,Female,1,Yes,No,45,Yes,Yes,Fiber optic,No,Yes,No,No,No,Yes,Month-to-month,Yes,Mailed check,94.47,4259.91,No
8853-NCW,Female,0,No,No,69,No,No,Fiber optic,No,No,Yes,No,No,Yes,Month-to-month,No,Bank transfer (automatic),61.86,4254.37,No
6279-KZR,Female,0,Yes,Yes,55,Yes,No phone service,Fiber optic,Yes,No,Yes,No,Yes,No,One year,No,Bank transfer (automatic),81.4,4501.76,No
1225-YBW,Male,0,No,No,29,Yes,No,No,No internet service,No internet service,No internet service,No internet service,No internet service,No internet service,Month-to-month,Yes,Bank transfer (automatic),46.88,1410.74,No
1027-RBB,Male,0,Yes,Yes,4,Yes,No,DSL,No,No,Yes,Yes,Yes,No,Month-to-month,Yes,Mailed check,28.02,156.35,Yes
3035-GRC,Female,0,Yes,Yes,60,No,No,DSL,No,Yes,Yes,No,No,Yes,Two year,No,Electronic check,38.5,2297.32,No
5527-ZCY,Male,0,No,Yes,0,Yes,No,No,No internet service,No internet service,No internet service,No internet service,No internet service,No internet service,Month-to-month,No,Bank transfer (automatic),33.39,0.0,Yes
4200-GKF,Female,0,No,No,49,Yes,No,No,No internet service,No internet service,No internet service,No internet service,No internet service,No internet service,One year,Yes,Credit card (automatic),55.1,2706.75,No
6705-EGM,Female,0,No,No,48,Yes,No phone service,Fiber optic,No,No,No,Yes,No,Yes,One year,No,Electronic check,78.17,3821.3,No
1043-ABC,Male,1,Yes,No,14,Yes,No,DSL,No,Yes,Yes,No,No,Yes,Two year,Yes,Credit card (automatic),54.52,761.42,No
1451-GVP,Female,1,No,No,54,Yes,Yes,Fiber optic,No,No,Yes,Yes,Yes,Yes,One year,No,Credit card (automatic),82.96,4509.2,No
1157-AHA,Female,0,Yes,No,12,Yes,No phone service,Fiber optic,No,Yes,Yes,Yes,No,No,Two year,No,Bank transfer (automatic),45.95,578.83,No
4140-RVN,Female,0,No,Yes,16,Yes,Yes,Fiber optic,No,Yes,No,No,Yes,Yes,One year,No,Electronic check,96.13,1565.1,Yes
7979-PSF,Female,1,Yes,No,59,Yes,Yes,DSL,No,Yes,No,Yes,Yes,Yes,Month-to-month,No,Bank transfer (automatic),48.28,2893.07,No
6813-YPX,Female,0,Yes,Yes,71,Yes,No,DSL,No,No,No,Yes,No,No,Month-to-month,No,Mailed check,73.68,5185.19,No
9584-RAM,Female,1,No,No,19,Yes,No,Fiber optic,No,No,Yes,No,No,No,Month-to-month,Yes,Electronic check,65.45,1209.84,Yes
5473-FRF,Female,0,Yes,Yes,67,Yes,Yes,Fiber optic,No,Yes,No,No,No,Yes,Month-to-month,No,Electronic check,68.93,4619.97,No
6662-HZX,Male,0,Yes,Yes,66,Yes,No,Fiber optic,No,Yes,No,Yes,No,Yes,Month-to-month,Yes,Bank transfer (automatic),74.24,4942.9,No
7762-JPV,Male,0,Yes,No,56,Yes,No,Fiber optic,No,Yes,Yes,No,No,Yes,Month-to-month,Yes,Mailed check,67.46,3820.74,Yes
3452-HXL,Female,1,No,No,10,Yes,No,DSL,Yes,No,Yes,Yes,Yes,No,Month-to-month,No,Mailed check,82.52,823.59,Yes
3906-NSA,Female,0,No,No,21,Yes,Yes,Fiber optic,Yes,Yes,No,No,Yes,Yes,Month-to-month,Yes,Mailed check,81.2,1740.14,Yes
4034-VPP,Male,0,Yes,No,49,Yes,No,No,No internet service,No internet service,No internet service,No internet service,No internet service,No internet service,Month-to-month,Yes,Mailed check,37.59,1827.15,No
4867-CMA,Male,0,No,Yes,72,Yes,No,Fiber optic,No,No,Yes,No,Yes,Yes,One year,Yes,Mailed check,76.04,5445.96,No
4684-CUT,Male,1,Yes,No,59,No,Yes,Fiber optic,No,Yes,No,No,No,No,One year,Yes,Mailed check,79.47,4642.22,No
6308-VNY,Female,0,Yes,No,30,No,No,Fiber optic,No,Yes,Yes,Yes,Yes,No,Two year,Yes,Electronic check,64.37,1926.3,No
5445-BMC,Male,1,Yes,No,17,Yes,Yes,No,No internet service,No internet service,No internet service,No internet service,No internet service,No internet service,Month-to-month,No,Mailed check,41.52,693.71,No
8302-OMI,Male,0,Yes,No,70,Yes,No,Fiber optic,Yes,No,Yes,No,No,Yes,Two year,Yes,Electronic check,72.76,5128.32,No
5432-ZDG,Male,1,No,Yes,20,Yes,Yes,Fiber optic,Yes,Yes,No,Yes,Yes,No,Two year,No,Bank transfer (automatic),90.69,1833.5,No
3208-DVV,Female,0,Yes,No,24,Yes,No,No,No internet service,No internet service,No internet service,No internet service,No internet service,No internet service,Month-to-month,Yes,Mailed check,20.15,485.5,No
8421-LJH,Male,0,Yes,Yes,70,Yes,Yes,DSL,Yes,No,Yes,Yes,Yes,No,Two year,Yes,Credit card (automatic),53.3,3733.04,No
2776-JUB,Female,0,No,Yes,41,Yes,Yes,Fiber optic,Yes,Yes,Yes,Yes,Yes,Yes,Month-to-month,Yes,Mailed check,60.23,2454.76,Yes
9235-JSO,Male,0,Yes,Yes,19,Yes,Yes,Fiber optic,No,Yes,No,No,No,Yes,One year,Yes,Electronic check,80.27,1462.86,Yes
4403-OMF,Female,0,Yes,No,0,Yes,No,No,No internet service,No internet service,No internet service,No internet service,No internet service,No internet service,Two year,No,Electronic check,18.0,0.0,No
8888-NDQ,Female,0,No,Yes,31,No,Yes,Fiber optic,No,No,Yes,No,Yes,No,Month-to-month,No,Electronic check,101.27,3166.9,No
1428-LXK,Male,0,Yes,Yes,71,Yes,No,DSL,Yes,Yes,No,No,No,No,One year,Yes,Mailed check,41.56,2945.91,No
6150-BQO,Female,0,Yes,No,31,Yes,No,No,No internet service,No internet service,No internet service,No internet service,No internet service,No internet service,Month-to-month,Yes,Bank transfer (automatic),39.8,1187.88,No
2242-TSK,Male,0,No,No,51,Yes,No,Fiber optic,Yes,No,No,No,Yes,No,Month-to-month,No,Electronic check,80.44,4150.29,No
6072-LIB,Female,1,No,No,18,Yes,Yes,Fiber optic,No,No,No,Yes,No,No,Month-to-month,Yes,Mailed check,87.4,1632.64,Yes
7027-FXZ,Female,0,Yes,Yes,56,Yes,No,DSL,Yes,Yes,Yes,No,Yes,No,Month-to-month,Yes,Electronic check,68.1,3855.76,No
9277-PAT,Female,0,Yes,No,56,Yes,No,DSL,No,Yes,No,No,Yes,No,Month-to-month,Yes,Mailed check,54.44,3063.48,Yes
1830-VOP,Female,0,No,Yes,44,Yes,No,Fiber optic,Yes,Yes,No,Yes,No,Yes,One year,No,Bank transfer (automatic),104.71,4617.26,No
6639-TYN,Male,0,Yes,No,56,Yes,No,Fiber optic,Yes,Yes,Yes,No,No,No,Month-to-month,Yes,Electronic check,78.01,4367.7,Yes
6545-VUL,Male,0,Yes,No,42,Yes,No,No,No internet service,No internet service,No internet service,No internet service,No internet service,No internet service,Month-to-month,No,Electronic check,39.59,1668.5,No
7365-CLC,Male,0,No,No,27,No,No,DSL,Yes,No,Yes,No,No,Yes,One year,Yes,Bank transfer (automatic),45.47,1249.69,No
4023-MQK,Male,0,Yes,Yes,53,No,Yes,Fiber optic,Yes,No,No,No,No,Yes,Month-to-month,Yes,Mailed check,78.9,4206.46,No
6808-BJB,Female,0,No,No,60,Yes,No,DSL,No,No,No,No,No,Yes,Month-to-month,No,Mailed check,74.34,4476.29,No
3757-HCK,Male,1,Yes,No,61,Yes,Yes,Fiber optic,Yes,Yes,Yes,No,Yes,Yes,Two year,Yes,Bank transfer (automatic),90.46,5403.37,No
1857-RCW,Male,1,No,No,15,Yes,No,DSL,No,No,Yes,Yes,Yes,No,Two year,Yes,Electronic check,63.34,990.39,No
7297-JNN,Female,0,Yes,No,49,Yes,No phone service,Fiber optic,Yes,No,No,No,No,Yes,Month-to-month,Yes,Credit card (automatic),64.08,3146.9,No
8872-FCL,Male,0,No,No,0,Yes,No,DSL,No,No,Yes,Yes,Yes,No,Month-to-month,No,Bank transfer (automatic),21.45,0.0,Yes
9990-HLV,Male,0,No,No,41,No,No,Fiber optic,No,No,No,Yes,Yes,No,Two year,Yes,Mailed check,70.88,2913.01,No
8078-EFE,Female,0,Yes,No,41,Yes,Yes,DSL,Yes,No,Yes,No,Yes,No,Two year,Yes,Mailed check,48.47,1997.86,No
3867-GDB,Female,0,Yes,Yes,26,Yes,Yes,Fiber optic,Yes,Yes,Yes,No,Yes,Yes,Month-to-month,Yes,Mailed check,68.11,1715.88,Yes
4175-GJH,Female,0,No,No,72,Yes,Yes,DSL,No,Yes,Yes,No,No,Yes,Month-to-month,Yes,Bank transfer (automatic),61.39,4397.59,Yes
3922-CXG,Female,0,No,No,64,Yes,No,Fiber optic,No,No,No,Yes,Yes,Yes,Month-to-month,Yes,Electronic check,88.46,5622.73,No
8644-TCL,Female,0,No,No,2,Yes,No,Fiber optic,No,No,Yes,No,No,Yes,One year,Yes,Bank transfer (automatic),81.26,128.45,No
4526-MIQ,Male,0,Yes,No,15,Yes,Yes,DSL,No,Yes,No,No,No,Yes,Two year,Yes,Electronic check,27.09,426.31,No
9372-IPI,Female,0,No,Yes,15,Yes,No,DSL,No,No,No,No,No,Yes,One year,Yes,Bank transfer (automatic),37.97,547.77,No
9010-IKI,Female,0,Yes,Yes,65,Yes,No,DSL,No,Yes,Yes,Yes,No,Yes,Month-to-month,No,Credit card (automatic),50.11,3260.41,Yes
6567-YDI,Female,0,No,No,37,Yes,Yes,Fiber optic,Yes,No,No,Yes,No,Yes,One year,No,Electronic check,72.39,2704.25,Yes
2051-OPR,Male,0,No,No,53,Yes,No phone service,No,No internet service,No internet service,No internet service,No internet service,No internet service,No internet service,Two year,No,Mailed check,31.58,1658.55,No
6074-TXB,Female,0,Yes,No,59,Yes,No,DSL,Yes,No,No,Yes,No,No,Month-to-month,Yes,Mailed check,56.91,3384.9,No
7180-VFC,Female,0,Yes,No,56,Yes,No,Fiber optic,No,Yes,Yes,Yes,Yes,Yes,Two year,Yes,Mailed check,47.13,2686.71,No
5687-NBJ,Female,0,No,No,6,No,Yes,Fiber optic,No,Yes,Yes,No,Yes,Yes,Month-to-month,No,Electronic check,52.87,346.84,Yes
6894-CDG,Male,0,No,No,10,Yes,No,Fiber optic,No,Yes,No,No,No,Yes,Month-to-month,Yes,Bank transfer (automatic),75.13,772.3,Yes
4738-LBI,Male,0,No,No,28,Yes,No,Fiber optic,No,No,Yes,No,Yes,Yes,One year,No,Bank transfer (automatic),92.77,2627.47,No
6999-MRN,Female,0,No,No,24,Yes,Yes,No,No internet service,No internet service,No internet service,No internet service,No internet service,No internet service,Month-to-month,Yes,Credit card (automatic),48.16,1169.66,No
2315-FEQ,Male,0,No,Yes,54,Yes,Yes,Fiber optic,Yes,Yes,Yes,Yes,No,Yes,Two year,Yes,Bank transfer (automatic),56.51,3081.25,No
3902-NZD,Female,0,No,Yes,11,Yes,No phone service,No,No internet service,No internet service,No internet service,No internet service,No internet service,No internet service,Month-to-month,No,Bank transfer (automatic),18.0,156.92,No
8979-PMQ,Male,0,No,Yes,27,Yes,No,DSL,No,Yes,Yes,Yes,No,No,Month-to-month,Yes,Electronic check,63.02,1698.93,No
8258-RAX,Male,0,Yes,No,17,Yes,Yes,No,No internet service,No internet service,No internet service,No internet service,No internet service,No internet service,Month-to-month,Yes,Electronic check,38.16,662.44,No
2048-MSU,Male,0,No,Yes,13,Yes,No,No,No internet service,No internet service,No internet service,No internet service,No internet service,No internet service,Month-to-month,No,Bank transfer (automatic),52.85,684.43,Yes
9058-QCJ,Male,0,Yes,No,12,Yes,No,No,No internet service,No internet service,No internet service,No internet service,No internet service,No internet service,Month-to-month,Yes,Bank transfer (automatic),46.17,641.62,Yes
8054-VBJ,Female,0,Yes,No,14,Yes,No,DSL,No,Yes,Yes,Yes,Yes,Yes,One year,Yes,Credit card (automatic),61.49,854.16,Yes
4136-WTR,Male,0,Yes,No,41,Yes,No,No,No internet service,No internet service,No internet service,No internet service,No internet service,No internet service,Month-to-month,Yes,Mailed check,33.61,1315.62,No
5305-CTQ,Male,0,No,No,29,Yes,Yes,DSL,Yes,Yes,Yes,No,No,Yes,Month-to-month,Yes,Electronic check,62.46,1813.27,Yes
3552-IRB,Female,0,Yes,Yes,31,Yes,No,Fiber optic,Yes,Yes,Yes,No,No,No,One year,Yes,Electronic check,85.31,2673.6,Yes
8104-PFN,Male,1,Yes,Yes,34,Yes,Yes,Fiber optic,No,No,No,No,No,No,Month-to-month,No,Mailed check,65.09,2182.51,No
2674-HBV,Female,0,Yes,Yes,54,Yes,No,Fiber optic,No,Yes,Yes,No,No,No,One year,No,Electronic check,73.18,3950.44,No
4439-RAW,Female,0,No,Yes,62,Yes,Yes,Fiber optic,Yes,Yes,Yes,No,No,No,Month-to-month,Yes,Electronic check,78.0,4833.44,No
5745-EHK,Female,0,Yes,No,38,No,Yes,DSL,Yes,No,Yes,No,Yes,No,Month-to-month,No,Electronic check,45.55,1728.81,No
9900-XWE,Female,0,No,Yes,46,Yes,No,DSL,No,No,No,Yes,No,No,One year,No,Mailed check,48.25,2198.56,No
5946-AXB,Female,0,Yes,No,53,Yes,No,DSL,No,No,Yes,No,Yes,No,One year,Yes,Electronic check,44.14,2377.81,Yes
9664-EPV,Male,0,Yes,No,50,Yes,Yes,Fiber optic,Yes,Yes,No,Yes,No,No,Two year,No,Credit card (automatic),68.17,3484.36,No
4220-HWR,Female,1,No,Yes,9,Yes,No,No,No internet service,No internet service,No internet service,No internet service,No internet service,No internet service,Month-to-month,Yes,Credit card (automatic),18.0,132.62,No
3399-AIG,Female,1,Yes,No,71,Yes,Yes,Fiber optic,No,No,No,Yes,Yes,No,Month-to-month,Yes,Electronic check,46.68,3268.54,Yes
6848-KAQ,Male,0,Yes,No,12,Yes,No,No,No internet service,No internet service,No internet service,No internet service,No internet service,No internet service,One year,No,Bank transfer (automatic),19.45,218.09,No
2055-DOI,Male,0,No,Yes,30,Yes,No,No,No internet service,No internet service,No internet service,No internet service,No internet service,No internet service,One year,No,Mailed check,43.01,1339.55,No
2252-QWE,Male,0,Yes,No,47,No,Yes,Fiber optic,No,Yes,No,Yes,No,Yes,One year,No,Credit card (automatic),66.49,3116.0,Yes
8863-BNS,Female,0,No,Yes,29,Yes,No phone service,Fiber optic,No,No,No,No,No,No,Month-to-month,Yes,Bank transfer (automatic),83.33,2429.39,No
1831-YHU,Male,0,Yes,Yes,17,Yes,Yes,Fiber optic,No,Yes,Yes,No,Yes,Yes,Two year,Yes,Electronic check,93.82,1563.01,No
6253-JBW,Female,0,Yes,Yes,67,Yes,No phone service,DSL,Yes,Yes,Yes,No,Yes,No,Month-to-month,Yes,Electronic check,74.02,5021.77,No
4187-NEK,Male,0,No,No,5,Yes,No,Fiber optic,No,Yes,Yes,Yes,Yes,Yes,Month-to-month,Yes,Credit card (automatic),104.28,511.06,Yes
6185-ZWY,Male,0,No,No,17,Yes,Yes,Fiber optic,No,Yes,No,No,No,No,Month-to-month,Yes,Credit card (automatic),73.36,1255.85,No
9088-GCL,Female,0,Yes,Yes,72,No,No,Fiber optic,No,Yes,No,Yes,No,Yes,Month-to-month,Yes,Mailed check,55.14,3942.22,No
1851-RST,Male,0,Yes,Yes,53,Yes,No,Fiber optic,Yes,No,Yes,Yes,Yes,Yes,One year,No,Mailed check,66.12,3473.13,No
1055-AMK,Male,0,No,Yes,6,Yes,Yes,DSL,Yes,No,No,No,Yes,No,Month-to-month,Yes,Mailed check,66.74,400.31,No
6939-SKV,Female,0,No,Yes,55,Yes,No,Fiber optic,Yes,Yes,Yes,Yes,Yes,No,Month-to-month,Yes,Bank transfer (automatic),77.35,4257.89,No
4840-RLC,Female,0,No,No,70,Yes,No,DSL,Yes,No,Yes,No,No,No,Two year,Yes,Mailed check,50.58,3570.8,No
3662-ZKP,Female,0,Yes,No,7,No,Yes,No,No internet service,No internet service,No internet service,No internet service,No internet service,No internet service,Two year,No,Electronic check,42.23,236.54,No
8228-OVD,Male,0,No,No,30,Yes,No,DSL,Yes,Yes,No,No,Yes,No,Month-to-month,Yes,Electronic check,41.34,1206.92,No
6381-KHJ,Male,1,Yes,No,34,Yes,Yes,Fiber optic,No,Yes,No,No,No,No,Two year,Yes,Mailed check,42.35,1415.85,No
4649-KSW,Female,0,No,No,9,No,No phone service,Fiber optic,No,Yes,Yes,Yes,No,No,Month-to-month,Yes,Mailed check,73.82,668.58,No
5265-ODK,Male,0,Yes,No,14,No,Yes,DSL,No,Yes,No,No,No,Yes,Two year,Yes,Credit card (automatic),66.75,894.97,No
6981-UCN,Female,0,No,No,12,Yes,Yes,Fiber optic,No,No,No,No,Yes,No,Month-to-month,Yes,Credit card (automatic),98.7,1181.06,Yes
9885-KIS,Female,0,No,No,13,Yes,No,DSL,Yes,Yes,No,Yes,Yes,No,Month-to-month,No,Electronic check,51.35,645.02,Yes
2424-PPK,Male,0,Yes,No,29,Yes,No,Fiber optic,No,No,No,No,Yes,Yes,Month-to-month,Yes,Credit card (automatic),66.58,1926.08,Yes
7800-HSN,Female,0,Yes,Yes,33,Yes,No,No,No internet service,No internet service,No internet service,No internet service,No internet service,No internet service,Month-to-month,Yes,Bank transfer (automatic),33.48,1077.73,Yes
3407-ZOS,Male,0,Yes,Yes,17,Yes,Yes,DSL,Yes,No,No,Yes,No,Yes,Month-to-month,Yes,Bank transfer (automatic),76.33,1262.21,No
7227-XVE,Male,0,No,No,21,Yes,No,Fiber optic,No,No,Yes,No,Yes,Yes,Month-to-month,Yes,Electronic check,62.54,1323.32,Yes
5357-RAH,Female,0,No,No,14,Yes,No,No,No internet service,No internet service,No internet service,No internet service,No internet service,No internet service,One year,No,Mailed check,40.44,605.11,No
4801-EPH,Female,0,Yes,No,58,Yes,Yes,Fiber optic,No,No,No,No,Yes,No,Month-to-month,No,Credit card (automatic),95.57,5571.53,Yes
2267-MYD,Male,0,No,No,15,Yes,No,No,No internet service,No internet service,No internet service,No internet service,No internet service,No internet service,Month-to-month,Yes,Bank transfer (automatic),28.94,473.04,No
2608-CDL,Female,0,No,Yes,66,Yes,Yes,Fiber optic,Yes,Yes,Yes,Yes,No,No,Two year,Yes,Bank transfer (automatic),70.23,4678.23,No
1010-DGA,Female,0,Yes,No,39,Yes,No,Fiber optic,No,No,No,No,Yes,Yes,One year,Yes,Electronic check,90.35,3518.03,Yes
8522-HSR,Female,1,Yes,No,58,Yes,Yes,DSL,Yes,No,No,Yes,Yes,Yes,Two year,Yes,Electronic check,59.34,3507.2,No
2350-DYM,Male,0,No,No,46,Yes,No,DSL,No,Yes,Yes,Yes,No,No,Month-to-month,Yes,Mailed check,56.7,2634.66,No
6758-SNQ,Male,0,No,Yes,19,Yes,Yes,Fiber optic,Yes,Yes,No,No,Yes,No,Month-to-month,No,Bank transfer (automatic),88.8,1653.95,No
2128-XXT,Male,0,No,No,43,Yes,No,No,No internet service,No internet service,No internet service,No internet service,No internet service,No internet service,One year,No,Credit card (automatic),18.0,750.6,No
6403-LDJ,Male,0,No,No,20,Yes,No,DSL,No,No,Yes,Yes,No,Yes,Month-to-month,Yes,Mailed check,64.22,1289.68,Yes
5340-UAL,Male,0,Yes,No,8,Yes,Yes,No,No internet service,No internet service,No internet service,No internet service,No internet service,No internet service,Month-to-month,No,Electronic check,34.07,303.38,No
1685-QEN,Male,0,No,Yes,18,Yes,No,Fiber optic,No,No,Yes,Yes,No,No,Two year,Yes,Electronic check,80.63,1443.33,Yes
4834-NVE,Female,0,No,No,20,Yes,No,Fiber optic,No,Yes,No,No,Yes,No,One year,Yes,Electronic check,69.69,1359.81,Yes
7042-JRH,Male,0,No,No,9,Yes,No,No,No internet service,No internet service,No internet service,No internet service,No internet service,No internet service,One year,Yes,Electronic check,31.42,310.45,No
1681-IFN,Female,1,No,No,1,No,Yes,No,No internet service,No internet service,No internet service,No internet service,No internet service,No internet service,Month-to-month,Yes,Electronic check,35.67,0.0,No
4993-WYE,Male,0,No,No,68,Yes,No phone service,Fiber optic,No,No,No,No,No,No,One year,Yes,Bank transfer (automatic),80.56,5488.72,No
6643-DFG,Female,0,Yes,Yes,37,Yes,No,DSL,No,Yes,Yes,No,No,No,Month-to-month,No,Mailed check,77.58,2871.97,No
1051-LBJ,Female,0,Yes,No,29,Yes,No,DSL,No,No,Yes,No,Yes,Yes,Two year,Yes,Credit card (automatic),62.55,1766.96,Yes
2588-ZQB,Female,0,Yes,No,67,Yes,Yes,DSL,Yes,No,No,No,Yes,No,Month-to-month,Yes,Credit card (automatic),48.42,3306.35,No
2293-WBO,Female,0,Yes,No,16,Yes,No phone service,No,No internet service,No internet service,No internet service,No internet service,No internet service,No internet service,Month-to-month,Yes,Electronic check,35.15,562.99,No
6171-SEZ,Male,0,Yes,No,29,No,No,DSL,No,No,No,No,Yes,Yes,Month-to-month,Yes,Bank transfer (automatic),53.34,1505.35,No
3014-CZU,Female,0,No,Yes,61,Yes,No phone service,Fiber optic,Yes,Yes,No,Yes,Yes,No,One year,Yes,Electronic check,66.5,4058.2,No
8326-XVZ,Male,0,No,No,46,Yes,Yes,DSL,No,Yes,Yes,No,Yes,Yes,Two year,Yes,Electronic check,58.3,2621.25,Yes
1285-GZM,Female,1,No,No,29,Yes,No phone service,Fiber optic,No,No,Yes,No,Yes,Yes,Two year,Yes,Electronic check,77.26,2253.18,Yes
5329-MCO,Female,0,Yes,No,18,Yes,Yes,Fiber optic,No,No,No,No,No,No,One year,Yes,Electronic check,56.74,1051.46,Yes
3831-ICU,Male,0,No,No,2,Yes,No,Fiber optic,Yes,No,No,Yes,No,Yes,Two year,Yes,Bank transfer (automatic),68.65,231.87,No
3946-NDC,Male,0,No,No,6,Yes,Yes,Fiber optic,Yes,Yes,Yes,Yes,No,No,One year,No,Bank transfer (automatic),88.75,535.93,No
3250-EBQ,Male,0,No,No,11,Yes,No,No,No internet service,No internet service,No internet service,No internet service,No internet service,No internet service,Month-to-month,No,Bank transfer (automatic),49.14,517.48,No
3306-PIT,Male,0,Yes,No,57,Yes,Yes,No,No internet service,No internet service,No internet service,No internet service,No internet service,No internet service,One year,Yes,Bank transfer (automatic),57.83,3303.54,No
9226-YEQ,Female,1,Yes,No,46,Yes,Yes,Fiber optic,No,No,Yes,No,Yes,No,Month-to-month,No,Bank transfer (automatic),71.35,3332.51,Yes
8451-RVE,Male,0,No,No,31,Yes,Yes,DSL,No,Yes,No,Yes,No,Yes,Month-to-month,No,Bank transfer (automatic),50.62,1586.75,Yes
6049-ALC,Male,1,No,No,57,Yes,No,No,No internet service,No internet service,No internet service,No internet service,No internet service,No internet service,Month-to-month,Yes,Credit card (automatic),33.23,1923.25,Yes
4608-RXF,Female,0,Yes,Yes,11,Yes,No,No,No internet service,No internet service,No internet service,No internet service,No internet service,No internet service,Month-to-month,No,Bank transfer (automatic),44.12,511.92,No
9583-CSX,Male,0,No,No,15,No,No,No,No internet service,No internet service,No internet service,No internet service,No internet service,No internet service,Two year,Yes,Mailed check,37.91,586.37,No
8772-JUR,Female,0,Yes,Yes,28,No,No,Fiber optic,No,Yes,No,Yes,Yes,No,Two year,No,Mailed check,67.53,1841.78,No
7428-TGJ,Female,1,No,Yes,66,Yes,Yes,DSL,No,Yes,Yes,No,Yes,No,Month-to-month,Yes,Mailed check,18.73,1185.21,No
4729-QGD,Female,0,No,No,44,Yes,No,Fiber optic,No,Yes,No,Yes,No,Yes,One year,Yes,Electronic check,84.52,3663.6,Yes
7779-JHZ,Female,0,No,No,62,Yes,No,Fiber optic,No,No,Yes,No,No,No,Month-to-month,No,Credit card (automatic),75.64,4647.77,No
7332-SID,Male,0,No,No,18,Yes,Yes,Fiber optic,Yes,No,Yes,No,Yes,No,Month-to-month,No,Credit card (automatic),73.84,1291.24,Yes
1562-UXV,Female,0,No,No,61,Yes,No,Fiber optic,No,Yes,No,Yes,Yes,No,Month-to-month,Yes,Credit card (automatic),95.23,5874.12,Yes
4733-JFW,Male,1,Yes,Yes,5,Yes,Yes,Fiber optic,Yes,No,No,No,Yes,Yes,Month-to-month,No,Electronic check,84.96,400.06,Yes
5816-CDB,Male,0,No,No,16,Yes,Yes,DSL,No,Yes,Yes,No,No,Yes,Month-to-month,No,Electronic check,52.21,838.86,No
1100-SAT,Male,1,Yes,Yes,38,Yes,No,Fiber optic,Yes,No,Yes,No,Yes,No,Month-to-month,No,Electronic check,89.94,3409.18,Yes
9914-VUU,Female,0,No,Yes,3,No,Yes,Fiber optic,No,No,Yes,No,Yes,No,Month-to-month,No,Credit card (automatic),65.17,202.28,Yes
8602-BMI,Female,0,Yes,No,62,Yes,Yes,Fiber optic,No,Yes,Yes,Yes,No,Yes,Month-to-month,No,Bank transfer (automatic),88.59,5495.03,Yes
5779-JEP,Male,0,Yes,No,63,Yes,No,DSL,No,No,No,No,Yes,Yes,Two year,Yes,Bank transfer (automatic),59.45,3701.39,No
5481-FPD,Male,0,Yes,Yes,39,Yes,Yes,No,No internet service,No internet service,No internet service,No internet service,No internet service,No internet service,Month-to-month,No,Credit card (automatic),55.89,2200.63,No
8402-PWM,Male,0,Yes,No,22,Yes,Yes,Fiber optic,No,No,Yes,Yes,No,Yes,Month-to-month,Yes,Electronic check,65.58,1418.97,Yes
8372-GYZ,Female,1,No,Yes,7,Yes,No,Fiber optic,No,No,Yes,No,No,No,Month-to-month,No,Mailed check,70.29,467.06,Yes
9143-THQ,Female,1,No,No,45,Yes,No,Fiber optic,No,No,Yes,No,No,No,Month-to-month,No,Credit card (automatic),71.18,3192.37,Yes
2770-JJD,Male,1,No,No,39,Yes,No phone service,Fiber optic,Yes,Yes,Yes,Yes,No,Yes,Month-to-month,No,Electronic check,68.34,2693.57,Yes
1752-FVO,Male,0,Yes,No,55,Yes,No phone service,Fiber optic,No,No,No,No,Yes,No,Month-to-month,Yes,Mailed check,99.63,5457.79,No
5188-YDD,Male,0,Yes,Yes,43,No,Yes,DSL,No,Yes,No,Yes,Yes,Yes,One year,Yes,Mailed check,45.23,1948.1,No
5098-SOW,Female,1,No,Yes,9,Yes,No,No,No internet service,No internet service,No internet service,No internet service,No internet service,No internet service,One year,Yes,Bank transfer (automatic),37.24,349.26,No
4252-SIG,Female,0,No,No,8,Yes,No,DSL,No,Yes,No,No,No,No,One year,Yes,Credit card (automatic),32.47,268.75,No
4981-PGY,Female,0,No,No,57,No,Yes,No,No internet service,No internet service,No internet service,No internet service,No internet service,No internet service,One year,No,Electronic check,65.6,3746.27,No
4389-MSI,Male,0,Yes,Yes,11,Yes,No phone service,Fiber optic,No,No,Yes,No,Yes,Yes,Month-to-month,No,Mailed check,65.21,668.18,No
9129-TBK,Female,1,No,No,68,Yes,No phone service,DSL,No,No,Yes,No,Yes,No,Month-to-month,No,Credit card (automatic),38.37,2613.6,No
9729-TKY,Female,0,No,No,7,No,No,Fiber optic,No,Yes,No,No,Yes,Yes,Month-to-month,Yes,Mailed check,79.75,526.23,Yes
8597-NRS,Male,0,No,No,53,Yes,Yes,DSL,No,No,Yes,No,No,No,Month-to-month,No,Bank transfer (automatic),37.73,1938.09,No
8411-EEJ,Male,0,No,Yes,71,Yes,Yes,No,No internet service,No internet service,No internet service,No internet service,No internet service,No internet service,Month-to-month,No,Credit card (automatic),26.97,1898.68,No
2129-FBY,Male,0,No,No,32,Yes,No,Fiber optic,No,No,Yes,Yes,No,Yes,Month-to-month,No,Electronic check,55.37,1753.68,Yes
2958-GQI,Male,0,No,No,4,Yes,No,Fiber optic,Yes,Yes,Yes,No,No,Yes,One year,Yes,Electronic check,103.57,517.89,Yes
5526-ARY,Female,0,Yes,No,63,Yes,No,Fiber optic,Yes,No,No,No,No,No,Month-to-month,No,Electronic check,89.91,5698.5,No
9751-XEG,Female,0,Yes,Yes,13,Yes,No,No,No internet service,No internet service,No internet service,No internet service,No internet service,No internet service,Month-to-month,Yes,Electronic check,30.77,427.46,Yes
2995-UFS,Male,0,No,No,38,Yes,Yes,Fiber optic,Yes,Yes,No,No,Yes,No,One year,Yes,Mailed check,60.9,2299.93,No
7517-YAD,Male,0,Yes,Yes,71,Yes,No,Fiber optic,No,No,Yes,No,Yes,Yes,Month-to-month,No,Electronic check,66.13,4688.75,No
4031-TOI,Female,0,No,No,54,Yes,No,Fiber optic,No,Yes,Yes,Yes,Yes,No,Two year,No,Mailed check,79.4,4377.6,No
1122-AYZ,Male,1,No,Yes,3,Yes,Yes,DSL,Yes,No,Yes,Yes,Yes,No,Two year,Yes,Bank transfer (automatic),47.85,121.29,No
9653-TVN,Female,0,No,No,59,Yes,No,Fiber optic,No,No,No,Yes,Yes,Yes,Two year,No,Electronic check,65.83,3892.89,No
5240-ZPT,Male,0,No,Yes,11,Yes,No,Fiber optic,No,No,No,No,Yes,No,Month-to-month,No,Mailed check,88.39,1036.74,Yes
1228-FUL,Female,0,No,No,54,Yes,No,No,No internet service,No internet service,No internet service,No internet service,No internet service,No internet service,Month-to-month,Yes,Electronic check,50.11,2680.61,No
1114-QQH,Male,1,No,No,45,Yes,Yes,Fiber optic,Yes,No,No,Yes,No,No,One year,Yes,Bank transfer (automatic),81.13,3656.09,No
1805-KUA,Female,0,No,No,21,Yes,Yes,Fiber optic,No,No,No,No,Yes,No,One year,Yes,Electronic check,83.17,1745.93,No
5766-OEL,Male,0,No,No,30,Yes,No,Fiber optic,No,Yes,Yes,No,Yes,No,One year,No,Electronic check,74.49,2203.59,No
1603-JGN,Male,0,Yes,Yes,8,Yes,Yes,Fiber optic,Yes,Yes,No,Yes,No,No,Month-to-month,No,Credit card (automatic),71.38,598.16,Yes
9721-FDO,Male,0,No,Yes,72,No,Yes,Fiber optic,No,Yes,Yes,Yes,No,No,Month-to-month,Yes,Bank transfer (automatic),72.3,5166.56,No
5100-AHQ,Female,0,Yes,Yes,17,Yes,Yes,No,No internet service,No internet service,No internet service,No internet service,No internet service,No internet service,Month-to-month,Yes,Bank transfer (automatic),51.59,904.19,No
6958-VTK,Female,1,No,No,22,No,No,DSL,No,No,No,Yes,Yes,Yes,Month-to-month,Yes,Bank transfer (automatic),69.42,1542.27,No
9442-KMD,Male,0,No,No,36,Yes,Yes,Fiber optic,No,No,No,Yes,Yes,No,Month-to-month,Yes,Mailed check,95.06,3453.59,Yes
5160-YHZ,Female,1,Yes,No,49,Yes,No,No,No internet service,No internet service,No internet service,No internet service,No internet service,No internet service,Two year,No,Electronic check,42.23,2062.47,No
7726-FZV,Male,0,Yes,No,36,Yes,No,Fiber optic,Yes,No,Yes,No,Yes,Yes,Month-to-month,Yes,Mailed check,54.97,1992.55,No
4208-XSA,Female,0,Yes,No,36,Yes,No,Fiber optic,No,No,Yes,No,No,No,One year,Yes,Credit card (automatic),83.8,3052.72,No
7939-WVL,Female,0,Yes,Yes,42,Yes,Yes,Fiber optic,No,Yes,Yes,No,Yes,Yes,Two year,Yes,Credit card (automatic),64.33,2652.55,Yes
6440-TKK,Female,0,Yes,No,62,Yes,No,DSL,Yes,Yes,Yes,Yes,Yes,Yes,Month-to-month,No,Bank transfer (automatic),44.8,2735.3,No
6319-ACW,Male,0,Yes,No,28,Yes,No phone service,DSL,Yes,No,No,No,Yes,Yes,Month-to-month,Yes,Mailed check,69.72,1972.52,Yes
9727-LED,Female,0,Yes,Yes,60,No,Yes,No,No internet service,No internet service,No internet service,No internet service,No internet service,No internet service,One year,Yes,Bank transfer (automatic),37.2,2260.8,No
2962-KPH,Female,0,Yes,No,57,Yes,No,No,No internet service,No internet service,No internet service,No internet service,No internet service,No internet service,Month-to-month,Yes,Bank transfer (automatic),23.41,1339.11,No
5854-RBO,Male,0,Yes,No,70,Yes,No,DSL,No,No,No,Yes,No,Yes,Month-to-month,No,Electronic check,67.29,4742.5,No
6039-SRZ,Female,1,No,No,66,Yes,Yes,No,No internet service,No internet service,No internet service,No internet service,No internet service,No internet service,Two year,Yes,Mailed check,67.07,4413.94,No
5315-GPE,Female,0,No,No,58,Yes,Yes,Fiber optic,No,Yes,Yes,No,No,No,One year,Yes,Electronic check,68.03,3990.09,No
2042-RXO,Male,0,No,No,18,Yes,Yes,No,No internet service,No internet service,No internet service,No internet service,No internet service,No internet service,Two year,Yes,Mailed check,31.85,570.76,No
9943-OPQ,Female,0,Yes,No,56,Yes,Yes,No,No internet service,No internet service,No internet service,No internet service,No internet service,No internet service,Two year,Yes,Bank transfer (automatic),18.0,980.74,No
5950-GSN,Female,0,Yes,No,53,Yes,Yes,No,No internet service,No internet service,No internet service,No internet service,No internet service,No internet service,Month-to-month,No,Electronic check,54.43,2934.66,No
8963-DEQ,Male,1,Yes,Yes,21,Yes,Yes,No,No internet service,No internet service,No internet service,No internet service,No internet service,No internet service,One year,No,Bank transfer (automatic),29.63,651.17,Yes
5469-KKR,Female,0,Yes,No,49,Yes,No,No,No internet service,No internet service,No internet service,No internet service,No internet service,No internet service,One year,Yes,Electronic check,18.0,866.24,No
2441-MKO,Male,0,No,No,18,Yes,No,Fiber optic,No,No,Yes,Yes,Yes,Yes,One year,No,Electronic check,74.65,1328.64,Yes
8901-BCM,Female,0,No,No,38,Yes,Yes,DSL,No,Yes,No,No,No,Yes,One year,No,Bank transfer (automatic),66.34,2541.95,No
2630-OQZ,Female,0,Yes,No,58,Yes,Yes,Fiber optic,No,No,Yes,Yes,No,Yes,One year,Yes,Bank transfer (automatic),82.29,4737.8,No
2911-EET,Male,0,No,Yes,13,No,No,Fiber optic,No,Yes,No,No,No,No,Two year,Yes,Credit card (automatic),65.23,859.21,No
9313-ILZ,Female,0,Yes,No,24,Yes,No,DSL,No,No,No,No,Yes,Yes,Month-to-month,No,Bank transfer (automatic),54.05,1291.29,Yes
2928-BNO,Female,0,No,No,58,Yes,No phone service,No,No internet service,No internet service,No internet service,No internet service,No internet service,No internet service,One year,No,Credit card (automatic),38.84,2260.24,No
1603-OGD,Female,0,Yes,No,33,Yes,No phone service,DSL,Yes,No,No,No,No,No,Month-to-month,Yes,Electronic check,54.3,1721.15,No
6128-WED,Female,0,Yes,No,70,Yes,Yes,No,No internet service,No internet service,No internet service,No internet service,No internet service,No internet service,One year,Yes,Bank transfer (automatic),49.42,3427.65,No
9310-UGH,Female,0,No,Yes,0,Yes,Yes,Fiber optic,No,Yes,No,No,No,Yes,One year,No,Mailed check,84.05,0.0,Yes
3576-LSU,Female,1,No,No,52,Yes,Yes,No,No internet service,No internet service,No internet service,No internet service,No internet service,No internet service,Two year,Yes,Bank transfer (automatic),42.87,2266.08,No
8793-ZCR,Male,0,Yes,No,59,Yes,No,No,No internet service,No internet service,No internet service,No internet service,No internet service,No internet service,Month-to-month,Yes,Bank transfer (automatic),34.76,2046.25,No
6011-XTV,Female,0,Yes,Yes,67,Yes,Yes,Fiber optic,No,No,Yes,No,Yes,Yes,Month-to-month,Yes,Electronic check,83.82,5641.23,No
8784-UCQ,Female,0,Yes,Yes,11,Yes,No,Fiber optic,No,No,Yes,No,No,No,Month-to-month,No,Mailed check,80.62,834.97,Yes
9951-MCB,Female,1,Yes,No,71,Yes,Yes,DSL,No,No,Yes,No,No,No,Month-to-month,No,Bank transfer (automatic),59.23,4189.63,No
8227-WDY,Male,1,Yes,No,28,Yes,No,No,No internet service,No internet service,No internet service,No internet service,No internet service,No internet service,Month-to-month,Yes,Electronic check,28.02,794.35,Yes
6554-IIG,Male,0,Yes,No,25,Yes,No,No,No internet service,No internet service,No internet service,No internet service,No internet service,No internet service,Two year,Yes,Bank transfer (automatic),37.0,922.82,No
4061-CJE,Male,1,No,No,25,Yes,No,DSL,No,No,No,No,Yes,Yes,Month-to-month,Yes,Credit card (automatic),53.05,1352.94,Yes
7474-SKZ,Male,0,No,No,46,Yes,No,DSL,No,No,No,Yes,No,Yes,Two year,No,Electronic check,79.42,3644.33,No
9401-TFM,Female,0,Yes,No,48,Yes,No,Fiber optic,No,No,Yes,Yes,No,No,Month-to-month,Yes,Bank transfer (automatic),88.48,4238.39,No
1045-BER,Male,1,No,No,34,Yes,No,DSL,No,No,No,No,Yes,Yes,One year,Yes,Credit card (automatic),71.23,2444.7,No
9631-AQL,Female,0,No,Yes,5,Yes,No,No,No internet service,No internet service,No internet service,No internet service,No internet service,No internet service,One year,Yes,Electronic check,34.34,152.89,No
6530-LZG,Female,0,Yes,No,72,Yes,No,DSL,No,Yes,No,Yes,No,No,One year,Yes,Electronic check,44.62,3180.87,No
5079-SIZ,Male,0,No,Yes,16,Yes,Yes,No,No internet service,No internet service,No internet service,No internet service,No internet service,No internet service,One year,Yes,Bank transfer (automatic),36.11,594.03,No
1091-QHC,Male,1,Yes,No,6,No,No,No,No internet service,No internet service,No internet service,No internet service,No internet service,No internet service,One year,No,Bank transfer (automatic),38.03,194.45,Yes
5296-PAQ,Male,0,Yes,No,43,Yes,No,No,No internet service,No internet service,No internet service,No internet service,No internet service,No internet service,Two year,No,Credit card (automatic),28.04,1255.37,No
8748-AOZ,Male,0,Yes,No,30,Yes,No phone service,Fiber optic,No,No,No,No,Yes,Yes,One year,Yes,Bank transfer (automatic),95.91,2812.83,No
8911-MSI,Female,0,Yes,Yes,44,Yes,No,DSL,Yes,No,Yes,No,Yes,No,Month-to-month,No,Bank transfer (automatic),68.95,3023.36,No
6637-DSM,Male,0,No,Yes,63,Yes,No,No,No internet service,No internet service,No internet service,No internet service,No internet service,No internet service,Month-to-month,No,Mailed check,22.38,1466.87,No
7658-VKH,Male,0,No,No,7,No,Yes,Fiber optic,No,Yes,No,No,Yes,Yes,One year,No,Electronic check,63.04,510.43,Yes
7456-KWM,Male,0,Yes,No,20,Yes,No,No,No internet service,No internet service,No internet service,No internet service,No internet service,No internet service,Month-to-month,No,Bank transfer (automatic),46.74,931.61,No
7762-YRP,Female,0,Yes,No,37,Yes,Yes,Fiber optic,Yes,No,Yes,No,Yes,No,Month-to-month,No,Electronic check,74.6,2798.84,No
8515-VFK,Male,0,Yes,Yes,57,Yes,Yes,DSL,Yes,No,No,No,No,Yes,One year,Yes,Credit card (automatic),39.04,2252.41,No
3916-VOD,Male,1,No,No,43,No,No,No,No internet service,No internet service,No internet service,No internet service,No internet service,No internet service,Month-to-month,Yes,Electronic check,44.03,1876.09,No
2830-HSP,Male,0,Yes,No,27,Yes,No,No,No internet service,No internet service,No internet service,No internet service,No internet service,No internet service,Two year,Yes,Electronic check,37.67,1033.44,No
7785-LAI,Female,0,Yes,No,44,Yes,No,DSL,No,Yes,Yes,No,Yes,No,One year,Yes,Bank transfer (automatic),59.42,2584.32,No
6940-IAU,Female,0,No,No,71,Yes,Yes,Fiber optic,No,No,Yes,No,Yes,Yes,One year,No,Electronic check,59.9,4198.23,No
1425-SDU,Male,0,No,No,35,Yes,Yes,DSL,Yes,Yes,No,Yes,No,No,One year,Yes,Mailed check,52.92,1869.85,Yes
3063-OWE,Male,0,No,No,64,Yes,No,Fiber optic,No,No,Yes,Yes,Yes,Yes,Two year,No,Credit card (automatic),87.19,5599.87,No
6015-VBL,Male,0,No,No,56,Yes,No,Fiber optic,No,No,Yes,No,No,Yes,One year,No,Bank transfer (automatic),72.39,4012.35,No
9651-VMA,Female,0,Yes,No,21,Yes,No,Fiber optic,No,No,No,No,Yes,No,Two year,Yes,Electronic check,87.21,1826.41,No
5953-BSI,Female,0,Yes,No,18,Yes,Yes,DSL,No,Yes,Yes,Yes,Yes,Yes,Month-to-month,No,Electronic check,51.66,888.37,No
8548-LPE,Female,0,No,Yes,56,Yes,No phone service,DSL,No,Yes,No,Yes,No,Yes,One year,No,Bank transfer (automatic),65.47,3650.17,No
6626-MCR,Female,0,Yes,No,15,Yes,No,Fiber optic,No,Yes,Yes,No,Yes,Yes,One year,Yes,Mailed check,80.39,1190.57,No
1485-XGL,Female,0,Yes,No,24,No,Yes,DSL,No,No,Yes,No,No,No,Month-to-month,No,Electronic check,70.16,1709.77,Yes
5935-QXM,Female,1,No,No,17,No,No,Fiber optic,Yes,No,Yes,No,Yes,No,Month-to-month,Yes,Electronic check,79.48,1333.66,Yes
2562-YYK,Female,0,No,No,44,Yes,No,Fiber optic,No,Yes,Yes,No,Yes,No,Month-to-month,Yes,Credit card (automatic),78.09,3391.8,Yes
3377-SVC,Male,0,No,No,21,No,No,Fiber optic,No,Yes,Yes,Yes,No,No,Month-to-month,Yes,Mailed check,79.63,1732.28,Yes
3566-HKP,Female,0,No,No,48,Yes,No,Fiber optic,Yes,Yes,No,Yes,No,No,Two year,Yes,Credit card (automatic),60.1,2902.12,No
7322-VWK,Female,0,No,No,68,Yes,Yes,DSL,Yes,No,No,No,No,Yes,Month-to-month,Yes,Electronic check,46.07,3164.12,Yes
3212-BUG,Male,0,No,No,60,Yes,Yes,DSL,Yes,Yes,Yes,Yes,Yes,No,Month-to-month,No,Bank transfer (automatic),60.82,3670.49,Yes
9940-IKS,Male,0,Yes,No,69,Yes,Yes,No,No internet service,No internet service,No internet service,No internet service,No internet service,No internet service,One year,No,Mailed check,38.85,2713.59,No
1879-GOM,Female,0,No,No,1,Yes,Yes,No,No internet service,No internet service,No internet service,No internet service,No internet service,No internet service,Month-to-month,Yes,Electronic check,27.68,42.96,Yes
3144-ICW,Female,0,No,No,33,Yes,No,No,No internet service,No internet service,No internet service,No internet service,No internet service,No internet service,Month-to-month,Yes,Bank transfer (automatic),33.04,1106.6,No
6434-XJU,Female,0,Yes,No,16,Yes,Yes,No,No internet service,No internet service,No internet service,No internet service,No internet service,No internet service,One year,Yes,Electronic check,45.54,733.1,No
3722-JXJ,Female,0,No,No,67,Yes,Yes,Fiber optic,Yes,No,No,Yes,Yes,Yes,Month-to-month,Yes,Credit card (automatic),90.58,6053.49,No
1991-QLW,Male,0,No,No,51,Yes,Yes,No,No internet service,No internet service,No internet service,No internet service,No internet service,No internet service,Month-to-month,Yes,Bank transfer (automatic),47.61,2459.14,No
7420-VQD,Female,0,Yes,Yes,23,Yes,Yes,Fiber optic,No,No,No,Yes,No,Yes,One year,Yes,Electronic check,80.04,1831.66,Yes
6766-PUA,Female,0,Yes,No,41,Yes,No,No,No internet service,No internet service,No internet service,No internet service,No internet service,No internet service,One year,No,Bank transfer (automatic),38.93,1600.25,No
4053-ELZ,Female,1,No,No,44,No,No,No,No internet service,No internet service,No internet service,No internet service,No internet service,No internet service,Two year,No,Credit card (automatic),31.95,1418.75,No
3958-AGT,Male,0,No,No,36,Yes,No,No,No internet service,No internet service,No internet service,No internet service,No internet service,No internet service,Month-to-month,Yes,Mailed check,50.97,1850.83,Yes
4296-FIS,Female,0,No,Yes,34,No,Yes,Fiber optic,No,Yes,Yes,No,No,No,Month-to-month,No,Mailed check,92.7,3116.3,No
4808-HWN,Male,0,No,Yes,4,Yes,Yes,Fiber optic,No,No,No,No,Yes,Yes,Two year,No,Credit card (automatic),79.27,324.12,Yes
4137-WLF,Female,1,Yes,No,33,Yes,No phone service,DSL,No,No,No,No,Yes,Yes,One year,Yes,Electronic check,52.36,1692.15,No
4879-UHE,Female,0,No,No,25,Yes,No,Fiber optic,No,No,Yes,No,Yes,No,Month-to-month,Yes,Bank transfer (automatic),60.37,1515.5,Yes
5331-XWW,Male,0,No,No,59,Yes,Yes,No,No internet service,No internet service,No internet service,No internet service,No internet service,No internet service,Two year,Yes,Electronic check,42.59,2540.1,No
3477-WMI,Male,0,No,No,63,Yes,No,Fiber optic,Yes,Yes,Yes,Yes,Yes,No,Month-to-month,Yes,Bank transfer (automatic),85.84,5470.92,Yes
5347-SSU,Male,0,Yes,Yes,54,Yes,Yes,DSL,No,Yes,No,No,Yes,No,Two year,Yes,Mailed check,82.85,4494.12,No
5504-EFF,Female,0,No,No,2,Yes,No,Fiber optic,No,No,Yes,No,Yes,Yes,One year,Yes,Electronic check,87.52,205.28,Yes
4316-DEQ,Female,0,No,No,61,Yes,No phone service,Fiber optic,Yes,Yes,No,No,Yes,No,Two year,Yes,Credit card (automatic),74.77,4522.9,No
1789-OEG,Male,0,Yes,Yes,28,Yes,Yes,Fiber optic,No,Yes,No,Yes,Yes,Yes,Two year,Yes,Mailed check,89.74,2531.56,Yes
1887-OCY,Female,0,No,No,30,Yes,Yes,Fiber optic,Yes,Yes,Yes,No,No,Yes,Month-to-month,Yes,Electronic check,77.53,2286.86,Yes
2274-JJD,Female,0,No,No,68,Yes,Yes,Fiber optic,No,No,Yes,Yes,No,Yes,One year,Yes,Bank transfer (automatic),65.68,4508.33,No
2285-MML,Female,1,No,No,63,Yes,Yes,Fiber optic,No,Yes,No,No,Yes,No,Month-to-month,Yes,Mailed check,63.96,3992.16,No
3304-ZVI,Female,0,No,No,3,Yes,No,Fiber optic,Yes,Yes,No,No,Yes,Yes,One year,Yes,Electronic check,62.16,152.28,Yes
2040-KSV,Female,1,No,No,26,Yes,No phone service,Fiber optic,No,Yes,No,No,No,No,One year,Yes,Bank transfer (automatic),88.22,2320.14,No
1657-FZJ,Female,0,No,No,54,Yes,No,Fiber optic,Yes,Yes,No,No,No,Yes,Month-to-month,Yes,Credit card (automatic),73.01,4001.33,Yes
7403-UWZ,Male,0,No,No,39,Yes,Yes,Fiber optic,Yes,No,No,No,Yes,Yes,Month-to-month,No,Electronic check,67.03,2651.19,Yes
1828-IPD,Male,0,No,Yes,18,Yes,No,DSL,No,No,Yes,Yes,No,Yes,Month-to-month,Yes,Credit card (automatic),51.88,921.45,Yes
1063-NJE,Male,0,No,No,38,Yes,No,Fiber optic,Yes,No,No,No,Yes,Yes,Month-to-month,No,Bank transfer (automatic),63.34,2372.29,No
9840-MJY,Male,0,Yes,No,63,Yes,No,Fiber optic,No,Yes,Yes,No,No,Yes,Month-to-month,No,Electronic check,88.87,5583.84,No
6178-GNU,Male,0,No,No,16,Yes,No phone service,Fiber optic,No,Yes,No,No,No,Yes,Two year,Yes,Bank transfer (automatic),59.94,963.44,No
3809-GBO,Male,0,Yes,No,54,Yes,No,No,No internet service,No internet service,No internet service,No internet service,No internet service,No internet service,Month-to-month,Yes,Mailed check,18.0,969.29,No
8834-BRC,Female,0,Yes,No,53,No,No,DSL,Yes,No,Yes,Yes,Yes,No,Two year,No,Credit card (automatic),63.33,3320.48,No
9792-EQZ,Female,0,No,Yes,64,Yes,No,No,No internet service,No internet service,No internet service,No internet service,No internet service,No internet service,Two year,Yes,Bank transfer (automatic),39.47,2571.1,No
1954-NLA,Male,0,No,No,21,Yes,Yes,DSL,No,No,Yes,No,No,No,One year,No,Electronic check,49.62,1087.8,No
3381-RYS,Female,1,Yes,No,15,Yes,No,Fiber optic,No,Yes,Yes,Yes,Yes,No,Month-to-month,No,Electronic check,79.38,1256.67,Yes
2910-PLI,Male,0,Yes,No,39,Yes,Yes,No,No internet service,No internet service,No internet service,No internet service,No internet service,No internet service,Two year,Yes,Mailed check,56.0,2125.88,Yes
9503-ECG,Male,0,Yes,Yes,38,Yes,No,Fiber optic,No,No,No,No,Yes,No,One year,Yes,Mailed check,99.18,3740.54,Yes
7701-JQL,Male,0,Yes,No,29,Yes,No,No,No internet service,No internet service,No internet service,No internet service,No internet service,No internet service,One year,No,Credit card (automatic),44.0,1284.78,No
4887-GCG,Male,0,Yes,Yes,56,Yes,No,No,No internet service,No internet service,No internet service,No internet service,No internet service,No internet service,Two year,Yes,Credit card (automatic),41.03,2297.85,No
8535-ZAO,Female,1,Yes,Yes,58,Yes,No,DSL,No,No,Yes,No,No,No,One year,Yes,Credit card (automatic),52.37,3021.73,Yes
8063-RPK,Female,0,Yes,No,17,Yes,Yes,No,No internet service,No internet service,No internet service,No internet service,No internet service,No internet service,Month-to-month,No,Mailed check,38.16,618.75,No
2734-EOQ,Male,1,Yes,No,58,Yes,Yes,No,No internet service,No internet service,No internet service,No internet service,No internet service,No internet service,Two year,Yes,Electronic check,46.12,2640.04,No
7245-MKV,Female,1,No,No,16,Yes,Yes,Fiber optic,Yes,Yes,No,No,No,Yes,Month-to-month,No,Bank transfer (automatic),88.38,1485.0,Yes
8205-DYC,Male,0,No,No,29,Yes,No,DSL,No,No,No,No,No,No,Two year,No,Electronic check,43.55,1213.01,No
7683-TAM,Male,0,Yes,Yes,1,Yes,Yes,DSL,Yes,No,No,No,Yes,No,Month-to-month,Yes,Electronic check,45.42,0.0,No
4078-AXO,Male,0,No,No,24,Yes,No,No,No internet service,No internet service,No internet service,No internet service,No internet service,No internet service,Month-to-month,Yes,Electronic check,36.36,831.05,No
4042-CEL,Male,0,Yes,No,69,Yes,Yes,No,No internet service,No internet service,No internet service,No internet service,No internet service,No internet service,Month-to-month,Yes,Credit card (automatic),28.29,1958.74,No
2296-CUA,Female,1,Yes,No,32,Yes,No,No,No internet service,No internet service,No internet service,No internet service,No internet service,No internet service,Month-to-month,No,Bank transfer (automatic),38.56,1224.36,Yes
3192-GLT,Male,0,No,No,51,Yes,Yes,Fiber optic,No,No,No,Yes,No,Yes,Two year,Yes,Electronic check,50.19,2574.17,No
5526-CZU,Male,1,No,Yes,7,Yes,No phone service,DSL,No,No,Yes,No,Yes,No,Month-to-month,Yes,Credit card (automatic),51.03,332.48,No
6827-SYU,Female,0,No,No,46,Yes,No,Fiber optic,Yes,No,No,No,Yes,No,One year,No,Bank transfer (automatic),82.13,3781.06,No
2878-OWQ,Female,0,No,Yes,27,Yes,No,Fiber optic,No,Yes,No,No,Yes,No,Month-to-month,Yes,Bank transfer (automatic),63.05,1705.32,No
2852-KHM,Female,0,Yes,No,54,No,No,DSL,No,Yes,No,Yes,Yes,Yes,Two year,Yes,Electronic check,50.97,2807.5,No
9804-IMY,Female,0,No,Yes,67,Yes,No,DSL,Yes,No,No,No,No,No,Month-to-month,No,Electronic check,48.37,3303.06,No
4248-ZQA,Female,0,Yes,No,38,No,Yes,DSL,Yes,Yes,No,No,No,Yes,Month-to-month,Yes,Electronic check,62.93,2386.06,No
8013-ILD,Male,0,Yes,No,7,No,No,DSL,No,Yes,No,No,No,Yes,Month-to-month,Yes,Bank transfer (automatic),52.8,399.52,Yes
8523-HQB,Female,0,No,Yes,34,Yes,No,Fiber optic,No,No,Yes,No,Yes,No,Month-to-month,Yes,Bank transfer (automatic),102.35,3485.58,No
8730-SYQ,Female,1,Yes,No,8,Yes,No phone service,Fiber optic,Yes,No,No,Yes,No,Yes,Two year,Yes,Electronic check,70.97,594.74,No
6769-TSZ,Female,0,No,No,32,Yes,Yes,Fiber optic,No,No,No,No,No,Yes,Two year,Yes,Electronic check,68.05,2191.07,No
1723-MUE,Female,0,No,No,4,Yes,Yes,Fiber optic,No,Yes,Yes,No,Yes,Yes,Month-to-month,Yes,Mailed check,68.34,299.12,Yes
9778-PMC,Male,0,Yes,No,46,Yes,No,No,No internet service,No internet service,No internet service,No internet service,No internet service,No internet service,Month-to-month,No,Credit card (automatic),52.41,2440.72,No
4653-YSS,Male,0,No,No,22,Yes,Yes,Fiber optic,Yes,Yes,No,No,Yes,No,Month-to-month,Yes,Electronic check,62.52,1390.3,Yes
2907-KDT,Female,0,Yes,Yes,14,Yes,Yes,Fiber optic,No,Yes,No,No,Yes,No,Month-to-month,Yes,Bank transfer (automatic),72.38,1018.11,Yes
9350-KBX,Male,0,Yes,No,1,Yes,No,Fiber optic,No,Yes,No,No,No,No,One year,No,Credit card (automatic),54.59,91.09,No
7258-MHH,Male,0,Yes,No,64,Yes,Yes,Fiber optic,No,No,Yes,Yes,Yes,Yes,Month-to-month,Yes,Bank transfer (automatic),83.74,5354.65,No
1095-RGE,Female,0,No,Yes,61,Yes,No phone service,Fiber optic,No,Yes,No,Yes,Yes,No,One year,No,Mailed check,107.08,6511.72,No
8460-GAM,Female,0,No,No,59,Yes,Yes,Fiber optic,Yes,No,Yes,No,No,Yes,Two year,Yes,Bank transfer (automatic),52.76,3058.44,No
2914-STK,Male,0,No,No,4,Yes,No,Fiber optic,No,Yes,No,No,No,No,Month-to-month,Yes,Credit card (automatic),76.9,322.49,Yes
9846-URJ,Female,0,Yes,No,25,Yes,Yes,Fiber optic,Yes,No,No,Yes,No,Yes,Month-to-month,Yes,Bank transfer (automatic),39.74,1017.73,No
5805-IKQ,Female,0,No,No,70,Yes,No,Fiber optic,Yes,No,No,No,No,Yes,Month-to-month,Yes,Electronic check,69.83,4827.76,No
7587-OFN,Male,0,No,Yes,42,Yes,No phone service,DSL,Yes,No,No,No,No,Yes,Month-to-month,No,Electronic check,71.69,2989.5,No
1739-HSA,Male,0,No,Yes,9,Yes,No,Fiber optic,No,Yes,No,Yes,No,Yes,Month-to-month,No,Electronic check,76.33,713.26,Yes
9165-TWJ,Female,0,No,No,10,Yes,Yes,Fiber optic,No,No,Yes,No,Yes,Yes,One year,Yes,Electronic check,85.41,849.07,Yes
4392-AYG,Male,0,Yes,No,19,Yes,Yes,Fiber optic,Yes,Yes,No,No,No,Yes,Month-to-month,Yes,Bank transfer (automatic),55.25,1051.68,Yes
1727-DBB,Female,0,Yes,No,70,Yes,Yes,Fiber optic,No,No,Yes,No,Yes,No,One year,Yes,Electronic check,65.89,4644.24,No
5899-IRD,Female,1,Yes,No,12,Yes,No,DSL,No,No,Yes,No,No,No,Two year,Yes,Bank transfer (automatic),61.34,732.3,No
3467-NPZ,Female,1,Yes,No,65,Yes,No,DSL,No,Yes,No,No,Yes,No,Two year,Yes,Bank transfer (automatic),64.17,4184.5,Yes
1507-LXR,Male,0,Yes,Yes,49,Yes,No,Fiber optic,Yes,Yes,Yes,Yes,Yes,No,One year,Yes,Mailed check,93.96,4566.21,No
6033-ZYO,Female,0,No,Yes,67,Yes,No phone service,Fiber optic,No,Yes,No,No,Yes,No,Month-to-month,Yes,Electronic check,81.43,5468.11,No
6233-YWN,Male,0,Yes,No,60,Yes,Yes,DSL,No,No,Yes,No,Yes,Yes,Month-to-month,Yes,Electronic check,43.94,2589.54,No
9549-BMU,Female,0,Yes,No,24,Yes,No,DSL,No,No,Yes,Yes,No,Yes,Month-to-month,No,Electronic check,60.68,1410.93,No
3968-WIU,Female,0,Yes,No,60,Yes,No,DSL,No,No,No,Yes,Yes,No,Two year,Yes,Credit card (automatic),66.79,3989.78,No
4329-TGI,Female,0,No,Yes,12,Yes,No,Fiber optic,No,No,Yes,Yes,No,Yes,Two year,Yes,Electronic check,61.5,757.21,No
9468-UNC,Female,0,Yes,No,21,Yes,Yes,DSL,Yes,No,Yes,No,No,Yes,Month-to-month,Yes,Electronic check,34.24,720.88,Yes
6451-KBG,Male,0,No,No,15,Yes,No,Fiber optic,No,Yes,Yes,Yes,No,Yes,Month-to-month,No,Electronic check,81.81,1199.53,Yes
8941-SCT,Male,0,No,No,9,Yes,Yes,Fiber optic,No,No,Yes,No,No,No,Month-to-month,No,Bank transfer (automatic),68.58,647.93,No
5638-VWS,Male,0,Yes,No,6,Yes,No,No,No internet service,No internet service,No internet service,No internet service,No internet service,No internet service,Month-to-month,Yes,Bank transfer (automatic),64.58,398.64,No
1943-EVH,Female,0,No,No,13,Yes,No,Fiber optic,No,No,Yes,No,No,No,Two year,No,Credit card (automatic),102.44,1368.3,No
7436-NOQ,Male,1,No,No,8,Yes,No,DSL,No,No,Yes,No,No,No,Month-to-month,No,Electronic check,57.03,425.06,Yes
4009-MSU,Male,0,No,No,27,Yes,No,Fiber optic,No,No,No,No,Yes,Yes,Month-to-month,Yes,Electronic check,73.12,2024.44,No
9466-EEW,Male,1,No,No,5,Yes,Yes,No,No internet service,No internet service,No internet service,No internet service,No internet service,No internet service,Month-to-month,Yes,Bank transfer (automatic),18.0,145.37,Yes
1054-UAM,Male,0,Yes,No,4,Yes,No,DSL,No,Yes,No,No,No,No,Month-to-month,No,Electronic check,66.84,299.27,No
9893-POQ,Female,1,Yes,No,72,Yes,Yes,No,No internet service,No internet service,No internet service,No internet service,No internet service,No internet service,Month-to-month,Yes,Electronic check,18.0,1313.08,No
5560-AER,Female,1,Yes,No,6,Yes,No,Fiber optic,Yes,No,No,No,No,No,Two year,Yes,Credit card (automatic),71.7,447.58,No
3751-JPB,Female,0,Yes,No,5,Yes,No phone service,DSL,No,Yes,No,No,Yes,Yes,Month-to-month,Yes,Bank transfer (automatic),71.2,367.57,Yes
2338-PNR,Female,0,No,Yes,2,Yes,No phone service,DSL,Yes,No,Yes,Yes,No,No,One year,Yes,Mailed check,56.76,65.46,No
1148-QTZ,Female,0,No,Yes,9,No,No,No,No internet service,No internet service,No internet service,No internet service,No internet service,No internet service,Month-to-month,No,Credit card (automatic),18.0,141.05,No
2802-UZI,Female,0,No,No,38,Yes,No,No,No internet service,No internet service,No internet service,No internet service,No internet service,No internet service,Month-to-month,No,Electronic check,22.46,849.84,Yes
9657-OCT,Female,0,Yes,No,60,Yes,Yes,No,No internet service,No internet service,No internet service,No internet service,No internet service,No internet service,Month-to-month,No,Electronic check,18.0,1043.94,No
5298-BHN,Female,0,Yes,No,53,Yes,No,DSL,No,Yes,No,No,Yes,No,Month-to-month,No,Electronic check,52.96,2857.1,No
5961-MOS,Female,0,No,No,42,Yes,Yes,Fiber optic,No,Yes,Yes,No,Yes,No,Month-to-month,No,Electronic check,65.36,2762.63,No
7821-NQV,Female,0,No,Yes,6,Yes,No phone service,DSL,Yes,No,No,No,No,No,Month-to-month,Yes,Mailed check,39.2,297.58,No
2536-JNG,Male,1,No,No,56,Yes,No,Fiber optic,Yes,Yes,Yes,No,Yes,Yes,Two year,No,Credit card (automatic),95.67,5385.17,No
9441-OAD,Female,1,Yes,No,2,Yes,Yes,Fiber optic,No,Yes,No,No,Yes,No,One year,Yes,Credit card (automatic),83.74,118.6,Yes
1391-GGD,Female,0,Yes,Yes,46,Yes,No,No,No internet service,No internet service,No internet service,No internet service,No internet service,No internet service,Two year,Yes,Bank transfer (automatic),56.49,2644.28,No
7875-HZC,Male,0,No,No,29,Yes,No,Fiber optic,No,No,Yes,Yes,No,No,Month-to-month,No,Credit card (automatic),61.97,1781.36,Yes
2630-QHV,Female,0,No,No,64,Yes,No,Fiber optic,No,Yes,Yes,No,Yes,No,One year,No,Mailed check,92.8,5986.96,No
8758-JQL,Male,0,No,No,22,Yes,Yes,DSL,No,Yes,No,No,Yes,No,One year,Yes,Electronic check,53.57,1231.32,Yes
3801-BSH,Male,1,No,No,46,No,No,Fiber optic,No,Yes,No,No,No,No,Month-to-month,Yes,Electronic check,67.85,3168.41,Yes
2613-DSJ,Male,1,No,Yes,32,Yes,No,DSL,Yes,Yes,No,Yes,Yes,No,Month-to-month,Yes,Mailed check,61.45,2003.97,Yes
1986-OOV,Female,0,No,No,38,Yes,No,No,No internet service,No internet service,No internet service,No internet service,No internet service,No internet service,Month-to-month,No,Electronic check,28.45,1096.27,No
5399-FLS,Female,0,No,Yes,68,Yes,Yes,DSL,Yes,No,No,No,No,No,Two year,Yes,Electronic check,50.37,3424.8,No
5918-HZW,Male,0,Yes,Yes,52,Yes,Yes,Fiber optic,No,No,No,Yes,Yes,No,Month-to-month,Yes,Credit card (automatic),94.38,4973.74,No
5811-UDT,Male,0,No,No,30,No,No,DSL,No,No,No,No,No,No,Month-to-month,Yes,Electronic check,51.97,1568.63,Yes
2718-VGO,Female,0,No,No,32,Yes,Yes,Fiber optic,Yes,Yes,No,No,No,No,Two year,No,Bank transfer (automatic),83.21,2649.24,No
7578-AEF,Female,0,No,No,51,Yes,Yes,DSL,No,No,Yes,Yes,Yes,Yes,Month-to-month,No,Electronic check,67.35,3450.32,No
2864-UZK,Male,0,Yes,No,25,Yes,Yes,Fiber optic,No,Yes,Yes,No,No,Yes,Two year,No,Mailed check,61.17,1569.46,No
7812-FJE,Male,0,No,No,12,Yes,No,Fiber optic,Yes,Yes,No,Yes,No,Yes,Two year,No,Bank transfer (automatic),79.34,991.0,No
6259-HMR,Male,1,No,No,34,Yes,Yes,Fiber optic,No,No,No,No,No,Yes,Two year,Yes,Electronic check,70.28,2351.51,No
6553-LYX,Female,0,No,No,4,Yes,Yes,No,No internet service,No internet service,No internet service,No internet service,No internet service,No internet service,Two year,Yes,Electronic check,34.62,176.29,Yes
8070-ANZ,Male,0,No,Yes,12,Yes,No phone service,DSL,No,No,Yes,Yes,Yes,Yes,Month-to-month,Yes,Bank transfer (automatic),57.67,716.17,Yes
2318-OBS,Male,0,Yes,No,30,Yes,No,Fiber optic,Yes,No,Yes,No,Yes,Yes,One year,Yes,Bank transfer (automatic),92.61,2766.21,No
5382-GBC,Male,0,No,No,58,Yes,Yes,No,No internet service,No internet service,No internet service,No internet service,No internet service,No internet service,One year,No,Electronic check,32.26,1842.22,No
9819-WNY,Female,0,Yes,No,57,Yes,No,DSL,Yes,Yes,Yes,No,Yes,No,One year,Yes,Mailed check,55.13,3192.46,No
2456-BGL,Male,1,Yes,Yes,19,Yes,No,No,No internet service,No internet service,No internet service,No internet service,No internet service,No internet service,Month-to-month,No,Electronic check,26.37,554.54,No
3046-YNG,Female,0,Yes,Yes,30,Yes,No,No,No internet service,No internet service,No internet service,No internet service,No internet service,No internet service,Month-to-month,Yes,Electronic check,54.63,1693.84,Yes
4960-ZQC,Male,1,No,No,11,Yes,Yes,No,No internet service,No internet service,No internet service,No internet service,No internet service,No internet service,Month-to-month,Yes,Credit card (automatic),20.31,177.63,No
4614-XRQ,Male,0,No,No,55,Yes,No,Fiber optic,No,Yes,No,Yes,Yes,Yes,Month-to-month,No,Electronic check,59.92,3288.26,Yes
4386-XHE,Female,0,No,No,17,Yes,Yes,Fiber optic,No,No,No,Yes,No,Yes,One year,No,Mailed check,74.44,1267.47,Yes
1364-TUB,Female,0,No,No,58,Yes,No,Fiber optic,No,Yes,Yes,No,Yes,No,Two year,Yes,Bank transfer (automatic),93.12,5453.55,No
5519-GFX,Female,0,Yes,No,61,Yes,Yes,Fiber optic,No,Yes,No,Yes,Yes,No,One year,No,Credit card (automatic),74.19,4553.86,No
5122-RIR,Male,0,Yes,Yes,50,Yes,Yes,No,No internet service,No internet service,No internet service,No internet service,No internet service,No internet service,One year,Yes,Electronic check,21.57,1070.67,No
2940-LRE,Male,0,No,Yes,24,Yes,Yes,DSL,No,Yes,No,No,Yes,No,Month-to-month,Yes,Bank transfer (automatic),35.87,866.55,No
5178-NLG,Male,0,Yes,No,69,Yes,Yes,No,No internet service,No internet service,No internet service,No internet service,No internet service,No internet service,Month-to-month,Yes,Bank transfer (automatic),33.17,2313.71,No
5211-GQH,Male,0,No,No,50,Yes,Yes,Fiber optic,No,Yes,No,No,No,Yes,Month-to-month,No,Electronic check,92.26,4639.17,Yes
8184-HMN,Female,0,Yes,No,47,Yes,No,DSL,Yes,No,Yes,Yes,Yes,No,Month-to-month,Yes,Electronic check,78.25,3736.57,No
5881-DQN,Male,0,No,Yes,62,Yes,Yes,Fiber optic,No,No,Yes,Yes,No,Yes,Month-to-month,Yes,Credit card (automatic),69.59,4365.56,No
2575-QUM,Male,0,No,Yes,64,Yes,No,No,No internet service,No internet service,No internet service,No internet service,No internet service,No internet service,Month-to-month,Yes,Mailed check,36.2,2360.45,No
1297-RGP,Female,1,No,No,5,Yes,No phone service,Fiber optic,No,No,No,No,No,Yes,Month-to-month,Yes,Electronic check,74.56,346.05,Yes
9863-IQW,Female,0,No,Yes,64,Yes,No,No,No internet service,No internet service,No internet service,No internet service,No internet service,No internet service,One year,No,Bank transfer (automatic),18.0,1127.4,No
4797-KTZ,Male,0,No,No,55,Yes,Yes,Fiber optic,No,Yes,Yes,No,No,Yes,Month-to-month,Yes,Mailed check,99.68,5447.72,Yes
4512-NJF,Female,1,No,No,15,Yes,No,No,No internet service,No internet service,No internet service,No internet service,No internet service,No internet service,Month-to-month,No,Electronic check,27.67,429.86,No
7752-AMS,Female,0,No,No,22,Yes,Yes,Fiber optic,No,No,Yes,Yes,No,Yes,Month-to-month,No,Electronic check,80.77,1760.51,Yes
5238-CCJ,Male,0,No,No,54,Yes,Yes,No,No internet service,No internet service,No internet service,No internet service,No internet service,No internet service,One year,Yes,Electronic check,41.35,2253.75,Yes
8425-HIX,Female,0,No,Yes,15,Yes,No,DSL,No,Yes,Yes,No,No,No,One year,No,Bank transfer (automatic),64.02,986.2,No
6083-XKN,Male,0,Yes,No,33,Yes,No,Fiber optic,Yes,Yes,No,No,Yes,No,Month-to-month,No,Mailed check,78.86,2611.01,No
6474-UNK,Female,0,No,No,50,Yes,Yes,No,No internet service,No internet service,No internet service,No internet service,No internet service,No internet service,Month-to-month,No,Electronic check,36.01,1832.25,No
9626-IYS,Male,0,Yes,No,47,Yes,Yes,DSL,No,No,Yes,No,Yes,Yes,Two year,No,Bank transfer (automatic),55.14,2570.03,No
2534-RXD,Male,0,Yes,Yes,66,Yes,No,Fiber optic,No,No,Yes,No,No,No,One year,Yes,Bank transfer (automatic),85.72,5606.84,No
4945-XMO,Female,0,Yes,Yes,8,Yes,Yes,No,No internet service,No internet service,No internet service,No internet service,No internet service,No internet service,One year,Yes,Mailed check,51.59,389.06,No
7645-BNA,Female,0,No,No,21,Yes,No,Fiber optic,No,No,Yes,No,No,No,Month-to-month,Yes,Electronic check,55.87,1203.65,Yes
7477-NKK,Female,0,No,Yes,71,No,Yes,No,No internet service,No internet service,No internet service,No internet service,No internet service,No internet service,Two year,No,Electronic check,19.66,1461.33,No
7514-UMV,Female,0,Yes,No,41,Yes,No,Fiber optic,Yes,Yes,No,No,Yes,No,Two year,Yes,Credit card (automatic),65.84,2752.31,No
2007-UPF,Male,0,Yes,No,18,Yes,No phone service,No,No internet service,No internet service,No internet service,No internet service,No internet service,No internet service,Month-to-month,No,Electronic check,18.0,318.15,No
7076-SGZ,Male,0,No,No,21,Yes,No,Fiber optic,Yes,Yes,Yes,No,No,Yes,One year,No,Electronic check,58.45,1262.25,No
6995-DZV,Female,1,Yes,No,24,Yes,No,Fiber optic,No,Yes,No,No,No,No,Month-to-month,Yes,Bank transfer (automatic),49.54,1141.63,No
5347-XIF,Female,0,Yes,No,40,Yes,Yes,No,No internet service,No internet service,No internet service,No internet service,No internet service,No internet service,One year,No,Credit card (automatic),24.21,1023.85,No
2530-SFF,Female,0,Yes,No,20,Yes,Yes,Fiber optic,No,Yes,Yes,Yes,No,No,Month-to-month,Yes,Credit card (automatic),76.46,1548.92,No
3040-QJL,Female,0,No,No,45,Yes,No,DSL,No,Yes,Yes,No,Yes,Yes,Month-to-month,Yes,Mailed check,68.71,3121.01,Yes
1229-LMD,Female,0,Yes,No,32,No,No,Fiber optic,No,Yes,No,Yes,Yes,Yes,Two year,No,Credit card (automatic),57.0,1758.49,No
8974-YMA,Male,0,Yes,No,44,No,Yes,Fiber optic,No,No,No,No,Yes,Yes,Two year,Yes,Electronic check,73.32,3243.75,Yes
5583-BOF,Female,0,Yes,Yes,11,Yes,Yes,Fiber optic,No,No,Yes,No,No,Yes,Month-to-month,Yes,Credit card (automatic),96.26,1124.94,No
9773-NHQ,Female,0,Yes,No,45,Yes,No,Fiber optic,No,Yes,No,No,Yes,Yes,Two year,No,Electronic check,86.78,3917.03,No
9633-FTX,Male,0,Yes,Yes,67,Yes,Yes,Fiber optic,Yes,No,No,No,No,Yes,Month-to-month,No,Credit card (automatic),86.06,5764.46,No
4989-YVN,Female,0,Yes,No,9,Yes,No,No,No internet service,No internet service,No internet service,No internet service,No internet service,No internet service,Month-to-month,No,Credit card (automatic),39.13,344.88,No
9598-EYH,Male,0,Yes,No,23,No,No,DSL,No,No,Yes,No,Yes,No,Two year,Yes,Bank transfer (automatic),59.75,1350.71,No
5061-HXH,Male,0,No,No,50,Yes,No phone service,Fiber optic,No,No,No,No,No,No,Month-to-month,Yes,Bank transfer (automatic),108.88,5448.84,No
7335-NCT,Male,0,No,Yes,45,Yes,No,Fiber optic,No,Yes,Yes,Yes,No,Yes,Month-to-month,Yes,Electronic check,83.34,3709.44,No
1329-EKL,Male,0,No,Yes,49,Yes,No,DSL,Yes,No,Yes,No,No,No,One year,Yes,Mailed check,51.94,2562.55,No
6802-BXB,Female,0,No,Yes,40,Yes,Yes,Fiber optic,No,No,No,Yes,Yes,No,Month-to-month,No,Electronic check,44.08,1803.79,No
1336-THG,Male,0,No,No,49,Yes,No phone service,Fiber optic,No,Yes,No,Yes,Yes,Yes,Month-to-month,Yes,Bank transfer (automatic),68.13,3325.07,Yes
7727-PJI,Male,0,Yes,Yes,44,Yes,No,No,No internet service,No internet service,No internet service,No internet service,No internet service,No internet service,Month-to-month,No,Electronic check,33.19,1475.54,No
6426-WKL,Female,0,Yes,No,5,No,Yes,Fiber optic,No,Yes,Yes,No,No,Yes,One year,Yes,Electronic check,67.68,337.91,Yes
2865-NBV,Male,0,Yes,Yes,54,Yes,No,DSL,Yes,Yes,No,No,Yes,No,Month-to-month,Yes,Electronic check,46.9,2548.17,No
5836-HEG,Male,1,Yes,No,32,Yes,No,Fiber optic,Yes,No,No,No,Yes,No,Month-to-month,Yes,Bank transfer (automatic),58.52,1906.25,Yes
1624-YIY,Male,0,Yes,No,3,Yes,No phone service,No,No internet service,No internet service,No internet service,No internet service,No internet service,No internet service,One year,Yes,Mailed check,42.15,142.71,No
9333-AOU,Male,0,Yes,No,29,Yes,Yes,Fiber optic,Yes,No,Yes,Yes,Yes,Yes,Month-to-month,Yes,Mailed check,67.23,1981.53,Yes
3159-ZQU,Female,0,No,No,31,Yes,Yes,DSL,Yes,No,No,No,No,No,Month-to-month,No,Electronic check,36.72,1158.33,Yes
7933-DWD,Male,0,No,No,6,Yes,No,No,No internet service,No internet service,No internet service,No internet service,No internet service,No internet service,One year,No,Electronic check,36.98,253.84,No
9913-QQY,Male,0,No,No,72,Yes,No phone service,DSL,Yes,Yes,No,No,No,Yes,One year,No,Mailed check,57.88,4180.18,No
4891-MRF,Female,0,Yes,No,16,Yes,No phone service,DSL,No,No,Yes,Yes,Yes,No,Month-to-month,Yes,Electronic check,56.25,913.35,No
1990-ZTO,Female,0,Yes,Yes,24,Yes,No,Fiber optic,Yes,No,Yes,Yes,No,No,Two year,No,Bank transfer (automatic),67.32,1641.64,No
3508-URL,Female,0,Yes,No,32,Yes,Yes,Fiber optic,No,No,No,Yes,Yes,Yes,One year,No,Mailed check,81.1,2594.42,No
5193-YGB,Male,0,Yes,Yes,60,Yes,Yes,No,No internet service,No internet service,No internet service,No internet service,No internet service,No internet service,Month-to-month,Yes,Credit card (automatic),25.58,1552.3,No
7926-FWP,Male,0,No,No,54,Yes,Yes,DSL,No,Yes,Yes,Yes,Yes,No,One year,No,Electronic check,42.64,2273.11,No
6135-GVT,Female,0,No,No,56,Yes,No,No,No internet service,No internet service,No internet service,No internet service,No internet service,No internet service,One year,No,Mailed check,51.42,2817.83,No
8557-NGO,Female,0,Yes,No,17,Yes,No phone service,Fiber optic,No,Yes,No,No,No,No,One year,No,Credit card (automatic),93.45,1593.62,Yes
6488-FZK,Female,0,No,Yes,61,Yes,No,No,No internet service,No internet service,No internet service,No internet service,No internet service,No internet service,Month-to-month,No,Credit card (automatic),38.04,2294.21,No
2032-TQB,Male,0,Yes,No,60,Yes,No,No,No internet service,No internet service,No internet service,No internet service,No internet service,No internet service,One year,Yes,Mailed check,18.0,1149.28,No
4300-CKB,Male,0,No,No,33,Yes,No,Fiber optic,Yes,Yes,No,Yes,No,No,Two year,Yes,Electronic check,107.25,3512.92,No
1544-VHT,Female,1,No,No,39,Yes,No,DSL,No,Yes,Yes,No,No,No,One year,Yes,Mailed check,70.83,2790.77,No
8693-RBV,Male,0,Yes,Yes,2,Yes,Yes,DSL,No,No,No,Yes,No,No,Two year,Yes,Bank transfer (automatic),61.95,100.63,No
3760-RZB,Female,0,Yes,No,55,Yes,No,No,No internet service,No internet service,No internet service,No internet service,No internet service,No internet service,One year,Yes,Electronic check,45.17,2485.1,No
2309-VTY,Male,0,No,Yes,70,Yes,Yes,Fiber optic,No,No,Yes,No,Yes,No,Two year,Yes,Electronic check,59.87,4153.37,No
9948-BXF,Male,0,No,Yes,34,Yes,No,Fiber optic,No,Yes,No,No,No,No,Two year,No,Mailed check,70.96,2371.85,No
8696-QZZ,Male,0,Yes,No,39,Yes,No,No,No internet service,No internet service,No internet service,No internet service,No internet service,No internet service,Month-to-month,Yes,Electronic check,57.76,2264.18,Yes
3450-NYU,Male,0,No,Yes,36,Yes,Yes,No,No internet service,No internet service,No internet service,No internet service,No internet service,No internet service,Month-to-month,No,Credit card (automatic),69.85,2502.24,No
5867-SCS,Female,1,Yes,Yes,6,No,Yes,Fiber optic,No,Yes,Yes,Yes,Yes,Yes,One year,No,Electronic check,67.44,432.16,No
8788-LDC,Female,0,No,No,45,Yes,No,No,No internet service,No internet service,No internet service,No internet service,No internet service,No internet service,Month-to-month,Yes,Credit card (automatic),18.0,855.2,No
2593-PAZ,Male,0,Yes,Yes,52,Yes,Yes,DSL,No,Yes,Yes,Yes,No,Yes,One year,Yes,Mailed check,40.62,2057.97,No
4400-MKR,Male,0,No,No,67,Yes,Yes,Fiber optic,Yes,Yes,Yes,Yes,No,No,Two year,No,Credit card (automatic),62.86,4249.87,No
3331-WVT,Female,0,Yes,Yes,67,Yes,Yes,No,No internet service,No internet service,No internet service,No internet service,No internet service,No internet service,Two year,Yes,Bank transfer (automatic),25.22,1656.09,No
8929-THR,Female,0,No,No,35,Yes,Yes,DSL,No,Yes,Yes,Yes,No,Yes,Month-to-month,Yes,Electronic check,51.11,1777.19,Yes
5676-RYB,Female,1,Yes,No,70,Yes,No phone service,DSL,Yes,Yes,Yes,No,Yes,No,One year,No,Electronic check,55.87,3861.83,No
2624-YFM,Male,0,Yes,No,38,Yes,No,No,No internet service,No internet service,No internet service,No internet service,No internet service,No internet service,Month-to-month,Yes,Electronic check,34.91,1278.56,Yes
4386-VGE,Male,0,No,No,46,Yes,Yes,Fiber optic,Yes,No,No,No,No,No,Month-to-month,Yes,Bank transfer (automatic),73.58,3316.6,Yes
1330-IXW,Female,0,No,Yes,43,No,No phone service,DSL,No,Yes,No,No,No,Yes,Month-to-month,No,Electronic check,56.94,2434.26,Yes
1473-ZJD,Male,0,Yes,No,72,Yes,No,DSL,No,Yes,No,Yes,No,Yes,Month-to-month,Yes,Bank transfer (automatic),28.83,2077.9,No
1857-HJQ,Male,1,Yes,No,53,Yes,Yes,DSL,No,Yes,No,No,Yes,No,Month-to-month,Yes,Credit card (automatic),56.64,2988.92,Yes
1974-NCQ,Female,0,No,No,8,Yes,No phone service,DSL,Yes,Yes,No,No,No,No,One year,Yes,Mailed check,45.04,297.65,No
6768-RLK,Female,0,Yes,Yes,5,Yes,No,No,No internet service,No internet service,No internet service,No internet service,No internet service,No internet service,One year,Yes,Bank transfer (automatic),25.73,60.16,No
3455-YYC,Female,0,No,No,29,No,No,Fiber optic,No,No,No,No,No,Yes,Month-to-month,Yes,Credit card (automatic),77.61,2251.04,Yes
9732-OPR,Male,0,No,Yes,37,Yes,No,Fiber optic,Yes,No,Yes,No,Yes,Yes,Month-to-month,Yes,Bank transfer (automatic),73.12,2733.06,Yes
2835-YYK,Female,0,Yes,Yes,48,Yes,Yes,DSL,Yes,Yes,Yes,No,No,Yes,Month-to-month,No,Electronic check,55.84,2688.99,No
4295-XMH,Male,0,No,No,35,Yes,No phone service,Fiber optic,Yes,Yes,Yes,No,No,No,Two year,No,Electronic check,86.48,3092.18,No
7637-ATR,Male,0,No,No,37,Yes,No,DSL,Yes,Yes,Yes,No,Yes,No,Two year,No,Mailed check,59.66,2206.09,No
5133-OOG,Male,0,No,Yes,67,Yes,Yes,No,No internet service,No internet service,No internet service,No internet service,No internet service,No internet service,Month-to-month,Yes,Electronic check,18.0,1217.04,No
9754-NMP,Male,0,Yes,Yes,24,Yes,No,No,No internet service,No internet service,No internet service,No internet service,No internet service,No internet service,Month-to-month,No,Mailed check,18.0,431.26,No
7355-MFK,Male,0,No,No,36,Yes,Yes,Fiber optic,No,Yes,Yes,No,Yes,No,Month-to-month,Yes,Credit card (automatic),66.79,2377.09,No
6572-GED,Male,1,No,No,40,Yes,Yes,No,No internet service,No internet service,No internet service,No internet service,No internet service,No internet service,One year,No,Mailed check,34.49,1373.85,No
4295-ULI,Female,0,Yes,Yes,34,Yes,No,DSL,Yes,Yes,Yes,Yes,Yes,No,Month-to-month,Yes,Electronic check,43.64,1513.11,No
7039-UCY,Male,0,Yes,Yes,70,Yes,Yes,DSL,Yes,No,No,No,No,No,Month-to-month,No,Electronic check,61.13,4309.81,No
1902-SBH,Male,1,No,No,70,Yes,Yes,Fiber optic,Yes,No,No,Yes,Yes,Yes,Month-to-month,No,Credit card (automatic),58.24,4089.31,No
4431-FFJ,Male,1,No,No,37,Yes,No,Fiber optic,No,Yes,Yes,Yes,No,Yes,Month-to-month,Yes,Electronic check,62.15,2354.93,Yes
7924-MVV,Female,0,No,No,32,Yes,Yes,No,No internet service,No internet service,No internet service,No internet service,No internet service,No internet service,Month-to-month,Yes,Electronic check,30.53,992.97,No
3201-LPH,Male,0,No,No,42,No,No,DSL,No,Yes,No,Yes,No,No,Month-to-month,Yes,Mailed check,62.48,2635.6,No
5405-HFB,Female,1,Yes,No,13,Yes,No,No,No internet service,No internet service,No internet service,No internet service,No internet service,No internet service,One year,Yes,Mailed check,33.29,485.35,No
6725-MTB,Male,0,No,Yes,31,Yes,No,DSL,No,No,Yes,No,No,No,Month-to-month,Yes,Mailed check,72.55,2224.02,No
8536-YHZ,Male,0,No,Yes,15,Yes,Yes,DSL,No,No,Yes,Yes,No,Yes,Month-to-month,No,Bank transfer (automatic),49.03,785.43,Yes
2388-NYL,Female,0,Yes,No,10,No,No,Fiber optic,Yes,No,Yes,Yes,Yes,No,Month-to-month,Yes,Mailed check,90.38,869.71,Yes
9377-FHQ,Male,0,No,No,6,Yes,Yes,No,No internet service,No internet service,No internet service,No internet service,No internet service,No internet service,Month-to-month,Yes,Electronic check,23.43,131.27,No
1506-GSD,Male,0,Yes,No,42,Yes,Yes,Fiber optic,No,No,Yes,Yes,No,Yes,Two year,No,Mailed check,86.08,3551.09,No
4285-OTN,Male,0,No,No,0,Yes,Yes,Fiber optic,Yes,No,No,No,Yes,Yes,Two year,No,Bank transfer (automatic),97.24,0.0,No
1644-PLK,Male,1,No,No,47,Yes,Yes,DSL,No,Yes,Yes,No,Yes,No,Month-to-month,Yes,Mailed check,51.58,2470.66,No
3991-VQA,Male,0,Yes,Yes,31,Yes,Yes,DSL,No,No,Yes,No,No,No,Two year,No,Credit card (automatic),56.97,1733.25,No
7384-HYL,Male,0,Yes,No,26,Yes,Yes,DSL,Yes,Yes,No,Yes,No,Yes,One year,No,Electronic check,68.74,1777.34,No
4129-DDT,Female,0,No,No,56,Yes,No,No,No internet service,No internet service,No internet service,No internet service,No internet service,No internet service,One year,No,Mailed check,49.91,2787.2,No
9649-KOY,Female,0,No,No,39,Yes,No,DSL,No,No,Yes,No,No,No,Month-to-month,Yes,Bank transfer (automatic),44.7,1735.77,Yes
9399-RVN,Male,0,No,Yes,53,No,Yes,DSL,No,No,No,Yes,Yes,Yes,Month-to-month,Yes,Mailed check,56.09,2936.1,No
5416-LCP,Female,0,No,No,51,Yes,Yes,Fiber optic,No,Yes,No,No,Yes,Yes,Month-to-month,Yes,Electronic check,67.65,3451.46,Yes
3693-SSI,Male,0,Yes,No,2,Yes,No phone service,Fiber optic,Yes,Yes,Yes,No,No,Yes,Two year,No,Mailed check,66.35,187.65,No
7606-EGR,Female,1,Yes,No,15,No,No,Fiber optic,No,No,Yes,No,Yes,No,One year,No,Credit card (automatic),70.86,1045.37,No
6765-WCS,Male,0,No,No,41,Yes,No,DSL,No,No,Yes,No,Yes,No,Month-to-month,No,Mailed check,53.35,2195.41,No
2921-IDI,Male,0,Yes,No,71,Yes,No,Fiber optic,No,No,Yes,No,No,No,Month-to-month,Yes,Electronic check,47.49,3379.57,No
2829-NEP,Female,0,Yes,No,11,Yes,No,Fiber optic,No,No,No,No,No,Yes,Month-to-month,Yes,Electronic check,51.43,551.88,Yes
7474-KXD,Female,0,Yes,No,7,Yes,Yes,DSL,No,Yes,No,No,No,Yes,Month-to-month,No,Mailed check,35.5,258.24,No
9696-PKA,Male,0,No,No,68,Yes,No,Fiber optic,No,Yes,Yes,No,No,No,One year,Yes,Electronic check,58.35,3954.47,No
8734-YCG,Male,0,Yes,No,70,Yes,Yes,DSL,No,Yes,Yes,Yes,Yes,No,Month-to-month,Yes,Credit card (automatic),31.19,2197.92,Yes
6120-IPP,Male,0,Yes,Yes,12,Yes,No,No,No internet service,No internet service,No internet service,No internet service,No internet service,No internet service,Two year,No,Credit card (automatic),25.24,300.41,No
4690-SAQ,Male,0,Yes,No,29,Yes,No phone service,No,No internet service,No internet service,No internet service,No internet service,No internet service,No internet service,One year,No,Credit card (automatic),53.99,1516.51,No
3972-FAA,Female,0,Yes,Yes,45,Yes,Yes,DSL,Yes,No,No,No,No,Yes,One year,Yes,Mailed check,65.29,2875.08,No
8274-VZW,Female,0,No,No,14,Yes,No phone service,Fiber optic,Yes,No,No,No,Yes,Yes,Two year,No,Mailed check,49.9,623.77,Yes
2871-FUM,Male,0,No,No,23,Yes,No,Fiber optic,Yes,No,No,Yes,Yes,Yes,Month-to-month,Yes,Electronic check,78.5,1791.14,No
9022-BHF,Female,0,No,No,28,Yes,No phone service,No,No internet service,No internet service,No internet service,No internet service,No internet service,No internet service,One year,Yes,Electronic check,32.06,926.75,No
6834-TGV,Male,1,Yes,Yes,46,Yes,No,Fiber optic,No,Yes,Yes,No,Yes,Yes,One year,Yes,Mailed check,82.99,3791.99,No
1595-APY,Female,0,No,No,22,Yes,No,Fiber optic,No,Yes,No,No,Yes,No,Month-to-month,Yes,Electronic check,82.69,1810.54,Yes
3616-PWC,Female,0,Yes,No,30,No,No,DSL,No,Yes,Yes,Yes,Yes,No,Month-to-month,Yes,Electronic check,66.97,1986.22,No
9621-QEN,Male,0,Yes,Yes,21,Yes,No,DSL,No,No,No,Yes,Yes,Yes,Month-to-month,Yes,Credit card (automatic),31.88,640.26,No
2350-AFW,Female,0,No,Yes,55,Yes,No,Fiber optic,Yes,Yes,Yes,No,Yes,Yes,Month-to-month,Yes,Credit card (automatic),74.34,4165.79,No
5187-IIY,Female,1,Yes,No,11,Yes,No,Fiber optic,Yes,Yes,Yes,No,No,Yes,Month-to-month,Yes,Credit card (automatic),74.67,793.44,Yes
6765-ZMT,Male,0,Yes,Yes,16,Yes,No,No,No internet service,No internet service,No internet service,No internet service,No internet service,No internet service,Month-to-month,Yes,Electronic check,30.16,435.23,Yes
1197-RTW,Female,1,Yes,No,18,Yes,No,No,No internet service,No internet service,No internet service,No internet service,No internet service,No internet service,One year,No,Credit card (automatic),49.86,866.16,No
4177-ORT,Male,1,Yes,No,66,Yes,Yes,Fiber optic,No,No,Yes,Yes,Yes,Yes,Month-to-month,Yes,Mailed check,71.51,4722.28,Yes
8560-ICY,Female,1,No,No,68,Yes,No phone service,Fiber optic,Yes,Yes,No,No,Yes,Yes,Month-to-month,Yes,Electronic check,69.95,4736.53,Yes
6360-EYZ,Male,0,No,No,36,Yes,No phone service,No,No internet service,No internet service,No internet service,No internet service,No internet service,No internet service,Month-to-month,Yes,Mailed check,49.7,1799.21,No
2213-XPE,Female,1,Yes,No,11,Yes,Yes,No,No internet service,No internet service,No internet service,No internet service,No internet service,No internet service,Month-to-month,Yes,Mailed check,18.0,172.44,Yes
2948-FLU,Male,0,No,Yes,55,Yes,Yes,No,No internet service,No internet service,No internet service,No internet service,No internet service,No internet service,Two year,No,Mailed check,25.35,1373.67,No
7575-LVZ,Female,0,No,No,35,Yes,Yes,No,No internet service,No internet service,No internet service,No internet service,No internet service,No internet service,Month-to-month,No,Bank transfer (automatic),45.92,1582.44,No
9328-GUE,Female,0,Yes,Yes,62,Yes,Yes,Fiber optic,Yes,No,No,Yes,Yes,Yes,Month-to-month,Yes,Mailed check,81.96,5078.32,No
8819-HCA,Female,0,No,No,26,Yes,Yes,Fiber optic,Yes,No,Yes,Yes,No,No,Month-to-month,Yes,Credit card (automatic),72.99,1922.71,Yes
7306-GSI,Male,1,No,Yes,72,Yes,Yes,Fiber optic,Yes,Yes,No,Yes,No,Yes,Month-to-month,Yes,Electronic check,69.43,5027.63,No
1777-JIL,Male,0,Yes,Yes,58,Yes,No,DSL,Yes,No,Yes,No,No,Yes,One year,Yes,Bank transfer (automatic),60.87,3579.72,No
4177-KQK,Female,0,No,No,16,Yes,Yes,Fiber optic,No,Yes,No,No,Yes,No,Two year,No,Credit card (automatic),73.67,1132.78,No
5888-GYZ,Male,0,Yes,Yes,52,Yes,No,Fiber optic,No,Yes,No,Yes,No,Yes,Month-to-month,Yes,Mailed check,88.06,4542.73,Yes
2282-WPU,Female,0,Yes,Yes,20,Yes,No,Fiber optic,Yes,Yes,Yes,Yes,Yes,Yes,One year,No,Credit card (automatic),79.79,1563.65,Yes
2190-SWJ,Male,0,Yes,Yes,25,Yes,No,DSL,Yes,No,Yes,No,No,Yes,Month-to-month,No,Bank transfer (automatic),31.38,784.38,No
4431-ZHU,Female,0,No,No,18,Yes,Yes,Fiber optic,Yes,Yes,Yes,No,No,Yes,Two year,Yes,Electronic check,49.72,857.26,Yes
3554-MDX,Female,0,Yes,No,49,No,Yes,Fiber optic,Yes,Yes,No,No,No,No,One year,Yes,Bank transfer (automatic),67.06,3261.82,No
2877-SJE,Female,0,Yes,Yes,19,Yes,No,Fiber optic,No,Yes,No,No,No,No,Month-to-month,No,Bank transfer (automatic),67.58,1307.98,Yes
1309-DNE,Male,0,No,No,46,Yes,No,DSL,No,Yes,Yes,No,No,No,One year,No,Electronic check,35.32,1662.17,No
2663-YOB,Male,0,No,No,42,Yes,No,Fiber optic,No,Yes,No,Yes,No,Yes,Two year,Yes,Mailed check,68.36,2895.38,No
2227-NGF,Male,0,No,Yes,54,Yes,Yes,DSL,Yes,No,Yes,Yes,Yes,No,Month-to-month,No,Electronic check,59.84,3242.58,No
8122-MZR,Female,0,Yes,No,72,Yes,Yes,DSL,No,Yes,Yes,No,Yes,No,Two year,Yes,Electronic check,71.74,5142.09,No
4133-VMT,Male,1,No,No,0,Yes,Yes,Fiber optic,No,Yes,No,Yes,No,Yes,Two year,Yes,Credit card (automatic),81.17,0.0,Yes
4969-AJF,Female,1,No,No,72,Yes,Yes,No,No internet service,No internet service,No internet service,No internet service,No internet service,No internet service,Month-to-month,No,Credit card (automatic),37.42,2734.16,No
3324-KQV,Male,1,No,No,7,Yes,Yes,Fiber optic,No,No,No,No,No,No,Two year,Yes,Bank transfer (automatic),60.31,445.32,Yes
3117-PLB,Male,1,No,No,38,Yes,No,Fiber optic,No,No,Yes,No,Yes,No,One year,Yes,Mailed check,75.79,2910.98,Yes
4559-STU,Female,0,Yes,Yes,24,Yes,No,No,No internet service,No internet service,No internet service,No internet service,No internet service,No internet service,Month-to-month,Yes,Mailed check,21.15,540.87,No
8354-NAJ,Male,0,No,Yes,46,Yes,No,Fiber optic,No,No,No,Yes,Yes,Yes,Month-to-month,No,Electronic check,90.1,4133.12,No
6096-GCJ,Female,0,No,Yes,52,Yes,No,No,No internet service,No internet service,No internet service,No internet service,No internet service,No internet service,Two year,No,Electronic check,62.15,3253.98,No
1808-UIP,Female,0,Yes,Yes,62,Yes,Yes,DSL,No,Yes,Yes,No,No,Yes,One year,No,Bank transfer (automatic),60.76,3753.83,No
1638-MYG,Male,1,No,No,29,No,No,Fiber optic,Yes,Yes,Yes,No,Yes,Yes,Month-to-month,No,Mailed check,72.4,2120.43,Yes
7236-JQZ,Female,0,Yes,No,68,Yes,No,DSL,Yes,Yes,Yes,Yes,Yes,No,Month-to-month,Yes,Mailed check,46.65,3215.14,No
2516-DWN,Male,1,No,No,23,Yes,No,Fiber optic,No,No,Yes,Yes,Yes,No,Month-to-month,Yes,Electronic check,56.4,1351.58,Yes
3346-PGL,Female,0,No,No,14,Yes,No,No,No internet service,No internet service,No internet service,No internet service,No internet service,No internet service,Two year,Yes,Credit card (automatic),46.34,669.57,No
9009-JQX,Male,1,Yes,No,27,Yes,No phone service,Fiber optic,No,Yes,Yes,Yes,Yes,No,One year,Yes,Electronic check,75.71,2057.96,No
7010-KZL,Male,0,No,Yes,38,No,No,Fiber optic,Yes,Yes,Yes,No,Yes,Yes,Month-to-month,No,Mailed check,65.32,2530.73,No
4593-QHM,Female,0,Yes,Yes,48,Yes,No,DSL,No,No,Yes,Yes,Yes,Yes,Two year,Yes,Electronic check,90.11,4295.02,No
3394-BFR,Female,1,Yes,No,60,Yes,No,No,No internet service,No internet service,No internet service,No internet service,No internet service,No internet service,Two year,No,Electronic check,51.82,3159.8,No
8529-FHE,Female,0,No,No,16,Yes,No,Fiber optic,No,Yes,Yes,No,Yes,No,Month-to-month,Yes,Bank transfer (automatic),66.98,1076.25,Yes
2046-FUT,Female,0,Yes,No,22,Yes,No,DSL,Yes,No,No,No,Yes,No,Month-to-month,No,Bank transfer (automatic),78.34,1728.31,Yes
9667-ATP,Female,0,No,No,68,Yes,Yes,No,No internet service,No internet service,No internet service,No internet service,No internet service,No internet service,One year,Yes,Bank transfer (automatic),29.84,2013.34,No
3991-EEN,Female,0,Yes,No,32,Yes,No phone service,Fiber optic,Yes,No,No,Yes,No,Yes,Month-to-month,No,Electronic check,88.63,2795.1,Yes
8082-DRE,Female,0,No,Yes,17,No,Yes,Fiber optic,No,Yes,Yes,No,No,Yes,Month-to-month,Yes,Credit card (automatic),74.07,1310.7,Yes
2773-AYH,Male,0,Yes,No,71,No,No phone service,DSL,Yes,No,No,Yes,No,No,One year,Yes,Bank transfer (automatic),52.37,3732.41,No
6328-DPS,Female,0,Yes,No,32,Yes,Yes,DSL,No,No,Yes,No,No,No,Two year,No,Credit card (automatic),58.56,1861.0,No
4565-PFL,Male,0,No,No,71,Yes,Yes,No,No internet service,No internet service,No internet service,No internet service,No internet service,No internet service,Month-to-month,No,Electronic check,42.0,2994.25,No
6253-CKJ,Male,1,Yes,Yes,67,Yes,No,Fiber optic,Yes,Yes,No,Yes,Yes,No,Two year,Yes,Credit card (automatic),72.64,4855.1,No
2472-CAJ,Male,0,No,No,66,Yes,No,No,No internet service,No internet service,No internet service,No internet service,No internet service,No internet service,Two year,No,Bank transfer (automatic),36.34,2338.77,No
8960-SYN,Female,0,No,No,42,Yes,No,DSL,No,Yes,No,No,No,Yes,Month-to-month,Yes,Mailed check,37.13,1553.23,Yes
1905-MHQ,Male,0,No,Yes,58,Yes,Yes,Fiber optic,Yes,Yes,Yes,No,No,No,Month-to-month,No,Electronic check,81.36,4669.64,No
7529-YQP,Female,0,No,No,70,No,Yes,Fiber optic,No,Yes,No,No,Yes,Yes,One year,Yes,Electronic check,53.81,3775.02,No
4578-FIO,Male,0,No,No,19,Yes,Yes,Fiber optic,No,No,Yes,No,Yes,No,One year,No,Credit card (automatic),88.22,1731.69,No
9887-PCC,Female,0,No,No,2,Yes,No phone service,Fiber optic,No,No,No,No,Yes,Yes,Month-to-month,Yes,Mailed check,81.5,140.55,Yes
8396-VKH,Male,0,No,Yes,23,Yes,Yes,Fiber optic,Yes,No,No,Yes,No,Yes,One year,No,Bank transfer (automatic),63.22,1481.74,No
1115-UUQ,Male,0,No,No,46,Yes,No,Fiber optic,No,Yes,Yes,Yes,No,No,One year,No,Bank transfer (automatic),63.91,2917.46,Yes
9777-EVZ,Male,1,Yes,No,39,Yes,Yes,No,No internet service,No internet service,No internet service,No internet service,No internet service,No internet service,One year,No,Bank transfer (automatic),49.41,1926.28,No
6596-RTJ,Female,0,No,No,5,Yes,Yes,DSL,No,Yes,Yes,No,No,Yes,One year,No,Mailed check,34.69,142.72,Yes
3515-RHT,Female,0,Yes,No,40,Yes,No,Fiber optic,Yes,No,No,Yes,Yes,Yes,Month-to-month,No,Credit card (automatic),92.54,3723.28,No
8730-NPC,Female,0,No,No,12,Yes,No,Fiber optic,Yes,Yes,Yes,No,No,No,Month-to-month,Yes,Electronic check,81.75,1028.13,No
5023-ZQC,Female,1,No,No,36,Yes,No,DSL,No,No,Yes,No,No,Yes,Month-to-month,Yes,Credit card (automatic),52.16,1884.5,Yes
4435-SXT,Male,0,No,Yes,42,Yes,No,DSL,No,No,Yes,Yes,No,Yes,Two year,Yes,Mailed check,45.94,1948.22,No
3626-GES,Female,0,Yes,Yes,46,Yes,Yes,No,No internet service,No internet service,No internet service,No internet service,No internet service,No internet service,Two year,Yes,Electronic check,32.66,1521.04,No
2624-QYR,Male,0,Yes,No,30,Yes,No,DSL,No,Yes,Yes,No,No,No,Two year,Yes,Mailed check,59.75,1783.8,No
3771-FZD,Male,0,Yes,No,29,Yes,Yes,DSL,Yes,Yes,No,No,No,No,Month-to-month,No,Credit card (automatic),54.45,1624.81,No
1365-NBV,Male,0,No,No,49,Yes,Yes,Fiber optic,No,No,No,No,Yes,Yes,One year,Yes,Bank transfer (automatic),76.07,3709.31,No
8383-DKY,Female,0,Yes,Yes,54,Yes,No,DSL,No,No,Yes,No,Yes,No,Month-to-month,No,Electronic check,74.68,3977.69,No
7333-DPO,Male,1,No,Yes,58,Yes,No,DSL,No,Yes,Yes,Yes,No,No,Month-to-month,Yes,Electronic check,37.6,2148.55,Yes
7183-XNY,Female,0,Yes,Yes,24,Yes,Yes,DSL,No,No,No,No,No,No,Month-to-month,No,Bank transfer (automatic),48.15,1177.15,No
7329-BOK,Male,0,Yes,No,30,Yes,No,DSL,Yes,Yes,Yes,No,Yes,No,Two year,Yes,Electronic check,43.48,1290.86,No
4628-SSK,Female,1,No,No,24,Yes,Yes,Fiber optic,No,Yes,Yes,No,No,Yes,Month-to-month,Yes,Electronic check,72.14,1734.61,No
2093-CGT,Female,0,Yes,No,38,Yes,No,No,No internet service,No internet service,No internet service,No internet service,No internet service,No internet service,One year,Yes,Bank transfer (automatic),19.65,738.35,No
2687-WVN,Male,0,Yes,No,9,Yes,Yes,Fiber optic,No,No,No,No,No,No,Two year,Yes,Electronic check,56.6,515.73,Yes
6600-TAM,Female,0,No,No,31,Yes,Yes,Fiber optic,Yes,Yes,No,No,No,Yes,One year,Yes,Electronic check,91.62,2878.49,Yes
8425-YHM,Female,0,Yes,No,13,Yes,No,Fiber optic,No,No,Yes,No,No,No,Month-to-month,No,Mailed check,60.03,833.78,Yes
1098-DCI,Female,0,No,Yes,38,Yes,Yes,DSL,No,Yes,No,No,No,Yes,Two year,No,Mailed check,60.84,2277.99,No
5986-IEW,Female,0,Yes,Yes,62,Yes,Yes,Fiber optic,No,Yes,No,No,Yes,Yes,One year,No,Bank transfer (automatic),65.2,4075.02,No
6660-UWW,Female,0,No,Yes,71,Yes,No,Fiber optic,No,No,No,Yes,Yes,Yes,Month-to-month,Yes,Electronic check,72.28,5138.77,No
4680-SWT,Female,0,No,No,32,Yes,Yes,Fiber optic,Yes,No,Yes,Yes,Yes,No,One year,Yes,Mailed check,70.75,2221.19,No
2924-XQD,Male,0,Yes,No,4,Yes,No phone service,Fiber optic,Yes,No,Yes,Yes,Yes,Yes,Two year,Yes,Mailed check,64.06,273.54,Yes
9031-UOJ,Male,0,No,Yes,16,Yes,Yes,DSL,No,Yes,No,No,No,No,Month-to-month,No,Mailed check,46.52,809.02,Yes
8019-PPB,Female,0,No,No,7,Yes,Yes,No,No internet service,No internet service,No internet service,No internet service,No internet service,No internet service,Month-to-month,No,Electronic check,41.54,264.95,No
2441-IXR,Male,0,Yes,Yes,55,Yes,No phone service,No,No internet service,No internet service,No internet service,No internet service,No internet service,No internet service,Month-to-month,Yes,Electronic check,44.88,2460.4,No
2842-WUC,Female,0,No,No,71,Yes,Yes,No,No internet service,No internet service,No internet service,No internet service,No internet service,No internet service,Month-to-month,Yes,Bank transfer (automatic),38.91,2706.4,No
1839-JMT,Female,0,Yes,No,40,No,Yes,DSL,No,No,No,No,No,No,Two year,No,Electronic check,66.64,2661.51,No
6240-IRR,Male,0,No,No,12,No,No,Fiber optic,Yes,Yes,Yes,Yes,No,Yes,Month-to-month,Yes,Credit card (automatic),90.37,1090.05,Yes
7315-PBY,Male,0,Yes,No,1,Yes,Yes,Fiber optic,No,No,No,No,Yes,Yes,Month-to-month,No,Credit card (automatic),66.18,135.26,Yes
3905-VRQ,Female,0,Yes,Yes,71,Yes,Yes,DSL,Yes,Yes,No,No,No,Yes,Month-to-month,Yes,Mailed check,57.45,4046.25,No
4371-ULG,Female,0,No,No,23,No,No,No,No internet service,No internet service,No internet service,No internet service,No internet service,No internet service,Month-to-month,No,Bank transfer (automatic),30.27,729.95,No
1882-CPL,Male,1,Yes,No,8,Yes,No,Fiber optic,No,No,Yes,Yes,Yes,No,Month-to-month,Yes,Bank transfer (automatic),49.67,407.88,No
3948-NCX,Male,0,Yes,No,12,Yes,Yes,DSL,No,Yes,Yes,No,Yes,Yes,One year,No,Electronic check,60.93,809.35,No
5541-XKH,Male,0,No,Yes,18,Yes,No,No,No internet service,No internet service,No internet service,No internet service,No internet service,No internet service,Month-to-month,No,Mailed check,25.37,462.79,No
6670-AFN,Female,0,Yes,No,47,Yes,No,DSL,Yes,No,Yes,No,No,Yes,Month-to-month,Yes,Credit card (automatic),36.47,1712.29,No
2366-ZIS,Female,0,Yes,No,65,Yes,No,Fiber optic,No,Yes,Yes,No,No,No,Two year,No,Electronic check,76.43,4997.58,No
9271-BFB,Male,0,Yes,Yes,20,Yes,No phone service,DSL,Yes,No,No,No,No,No,Two year,Yes,Bank transfer (automatic),55.73,1131.71,No
3661-OUL,Female,0,Yes,Yes,50,Yes,Yes,DSL,No,Yes,Yes,No,No,Yes,Month-to-month,Yes,Bank transfer (automatic),53.16,2690.75,Yes
7837-VKI,Female,0,Yes,Yes,4,Yes,Yes,No,No internet service,No internet service,No internet service,No internet service,No internet service,No internet service,Month-to-month,Yes,Electronic check,45.91,203.28,No
8303-GTR,Female,0,Yes,Yes,0,No,No,Fiber optic,No,Yes,Yes,Yes,No,No,Month-to-month,No,Mailed check,76.59,0.0,Yes
3561-FQR,Female,1,Yes,Yes,4,No,Yes,DSL,No,No,No,No,Yes,Yes,Month-to-month,Yes,Credit card (automatic),42.07,186.55,Yes
3351-QNA,Female,0,Yes,Yes,67,Yes,Yes,Fiber optic,No,No,Yes,No,Yes,No,Month-to-month,Yes,Electronic check,82.02,5512.8,Yes
4990-GMD,Female,0,No,No,42,No,Yes,No,No internet service,No internet service,No internet service,No internet service,No internet service,No internet service,Two year,Yes,Electronic check,41.52,1717.95,No
9587-BUG,Male,1,Yes,Yes,58,Yes,No,No,No internet service,No internet service,No internet service,No internet service,No internet service,No internet service,One year,Yes,Electronic check,18.0,1054.14,No
6565-DBY,Male,0,No,Yes,1,Yes,No,No,No internet service,No internet service,No internet service,No internet service,No internet service,No internet service,Month-to-month,Yes,Bank transfer (automatic),48.44,0.0,Yes
2149-PQF,Male,0,Yes,No,1,Yes,No phone service,No,No internet service,No internet service,No internet service,No internet service,No internet service,No internet service,Two year,Yes,Bank transfer (automatic),26.95,35.89,No
9265-UBA,Male,0,No,No,61,Yes,Yes,Fiber optic,No,Yes,No,Yes,No,No,Month-to-month,No,Mailed check,71.51,4386.08,No
9907-CMT,Female,1,No,No,7,Yes,No,Fiber optic,Yes,Yes,No,No,Yes,Yes,Month-to-month,Yes,Credit card (automatic),71.55,534.43,Yes
4430-YRT,Female,0,No,Yes,11,Yes,Yes,No,No internet service,No internet service,No internet service,No internet service,No internet service,No internet service,Month-to-month,No,Credit card (automatic),18.0,222.53,No
9904-DFC,Female,0,Yes,No,37,Yes,Yes,DSL,Yes,No,No,No,No,No,Month-to-month,Yes,Electronic check,42.17,1529.27,No
9664-ODH,Male,0,Yes,Yes,44,Yes,No,DSL,No,No,No,No,No,No,Two year,Yes,Credit card (automatic),61.6,2659.11,No
8293-NSM,Female,0,No,No,16,No,No,Fiber optic,No,No,No,No,No,Yes,Month-to-month,Yes,Mailed check,86.56,1417.9,No
5387-WOT,Female,1,No,Yes,32,Yes,No,DSL,No,Yes,No,No,Yes,Yes,One year,Yes,Electronic check,25.21,820.89,No
9790-LTX,Male,1,No,No,49,Yes,No phone service,Fiber optic,Yes,No,Yes,No,Yes,Yes,Month-to-month,No,Electronic check,96.83,4761.93,No
9905-KCX,Female,0,Yes,No,32,Yes,No,No,No internet service,No internet service,No internet service,No internet service,No internet service,No internet service,Two year,Yes,Mailed check,49.81,1652.76,No
4571-BGW,Female,0,No,No,27,Yes,No phone service,Fiber optic,Yes,Yes,Yes,Yes,Yes,Yes,One year,Yes,Credit card (automatic),57.72,1502.19,No
3935-PZR,Female,0,No,Yes,5,Yes,Yes,Fiber optic,No,No,No,Yes,Yes,Yes,Month-to-month,Yes,Mailed check,75.05,438.36,Yes
5984-JVT,Male,0,Yes,No,32,Yes,No,Fiber optic,No,No,No,No,No,Yes,Month-to-month,No,Bank transfer (automatic),78.36,2487.84,No
1083-LNJ,Female,0,No,No,58,Yes,No,Fiber optic,No,Yes,Yes,No,No,No,Two year,Yes,Electronic check,60.59,3543.09,No
9606-ZIA,Female,0,Yes,No,45,No,No,DSL,No,No,No,No,Yes,Yes,Month-to-month,Yes,Electronic check,52.62,2367.44,No
5445-RHR,Female,0,No,No,65,Yes,No,DSL,Yes,No,Yes,Yes,No,No,Month-to-month,Yes,Credit card (automatic),46.75,3026.65,No
7401-AAO,Male,1,No,No,9,Yes,No,Fiber optic,No,Yes,No,No,No,Yes,Two year,Yes,Credit card (automatic),74.36,616.43,No
6134-VCK,Female,0,No,Yes,0,Yes,No phone service,Fiber optic,No,No,Yes,No,Yes,Yes,Month-to-month,No,Mailed check,70.72,0.0,Yes
5075-RNR,Female,0,No,Yes,40,Yes,No,Fiber optic,Yes,Yes,Yes,No,No,Yes,Month-to-month,Yes,Electronic check,88.65,3562.35,No
4669-CBB,Female,1,Yes,No,13,Yes,No,DSL,No,Yes,Yes,Yes,No,Yes,Month-to-month,Yes,Electronic check,49.05,650.08,Yes
6019-LGP,Male,0,No,No,43,Yes,Yes,DSL,No,No,No,No,No,Yes,Month-to-month,Yes,Credit card (automatic),46.54,2034.54,Yes
4968-ICD,Male,0,Yes,No,65,Yes,Yes,Fiber optic,No,No,Yes,Yes,Yes,No,Month-to-month,No,Electronic check,63.2,4083.79,No
2467-EQQ,Female,0,Yes,No,24,Yes,No,Fiber optic,Yes,Yes,Yes,No,No,No,Month-to-month,Yes,Electronic check,87.81,2133.58,Yes
9941-CZS,Male,0,No,No,40,Yes,Yes,Fiber optic,No,No,No,Yes,Yes,No,Month-to-month,No,Bank transfer (automatic),59.26,2372.72,No
2033-OPC,Male,0,No,No,49,No,No phone service,No,No internet service,No internet service,No internet service,No internet service,No internet service,No internet service,Month-to-month,No,Credit card (automatic),55.98,2765.17,No
9133-SKK,Female,0,Yes,Yes,10,Yes,No,Fiber optic,No,No,Yes,No,No,Yes,Month-to-month,Yes,Electronic check,79.56,813.56,No
8236-PDP,Male,0,No,No,65,Yes,No,DSL,Yes,Yes,Yes,Yes,Yes,Yes,Two year,No,Bank transfer (automatic),36.62,2363.8,No
9871-WQO,Female,0,No,No,14,Yes,No,Fiber optic,No,Yes,No,No,Yes,Yes,One year,Yes,Electronic check,80.4,1134.43,No
6557-HPV,Male,0,No,No,59,Yes,No,DSL,No,No,Yes,No,Yes,No,Month-to-month,Yes,Bank transfer (automatic),58.24,3452.29,No
9122-PIF,Female,0,Yes,Yes,48,Yes,Yes,DSL,No,No,No,No,No,No,Month-to-month,Yes,Electronic check,32.08,1567.37,No
2924-GNL,Male,0,Yes,No,10,No,No phone service,Fiber optic,No,Yes,Yes,No,Yes,No,One year,Yes,Credit card (automatic),85.24,905.08,No
9861-QZX,Female,0,No,No,52,Yes,Yes,DSL,Yes,Yes,No,No,Yes,Yes,Month-to-month,Yes,Bank transfer (automatic),43.49,2239.28,No
1824-GBQ,Female,0,No,No,14,Yes,No,DSL,No,Yes,Yes,Yes,Yes,No,Month-to-month,No,Credit card (automatic),75.04,1009.74,Yes
8273-XQG,Female,1,No,No,43,Yes,No phone service,No,No internet service,No internet service,No internet service,No internet service,No internet service,No internet service,One year,No,Mailed check,48.79,2143.0,No
6625-GSA,Female,0,Yes,No,70,Yes,Yes,Fiber optic,No,No,No,Yes,No,Yes,Month-to-month,No,Credit card (automatic),109.21,7599.68,No
1281-PKD,Male,0,No,No,69,Yes,Yes,No,No internet service,No internet service,No internet service,No internet service,No internet service,No internet service,Two year,Yes,Mailed check,48.09,3354.39,No
5314-QRA,Female,0,No,No,63,Yes,Yes,No,No internet service,No internet service,No internet service,No internet service,No internet service,No internet service,Two year,Yes,Mailed check,41.1,2557.48,No
6222-CTS,Female,0,No,Yes,36,Yes,No,DSL,Yes,No,No,Yes,No,No,Two year,Yes,Electronic check,45.67,1622.08,No
5884-VQP,Male,0,Yes,No,40,Yes,No,Fiber optic,No,Yes,Yes,No,Yes,Yes,Month-to-month,No,Credit card (automatic),98.93,3954.43,No
1045-EQY,Male,0,No,No,21,Yes,Yes,Fiber optic,No,Yes,No,No,Yes,No,Month-to-month,Yes,Mailed check,58.26,1172.66,Yes
5603-ZKD,Male,0,Yes,No,67,Yes,No phone service,Fiber optic,No,Yes,Yes,Yes,No,Yes,Month-to-month,Yes,Bank transfer (automatic),93.91,6258.02,No
7270-SAW,Male,0,No,No,34,Yes,No phone service,Fiber optic,Yes,Yes,No,Yes,Yes,Yes,Two year,No,Bank transfer (automatic),91.9,3066.04,No
7921-PXS,Female,1,Yes,Yes,56,Yes,Yes,DSL,No,No,Yes,No,No,No,Two year,No,Bank transfer (automatic),38.06,2154.78,No
2016-RJZ,Male,0,No,No,26,Yes,No,DSL,Yes,No,No,No,Yes,Yes,Two year,Yes,Bank transfer (automatic),63.12,1640.71,No
8816-SBX,Female,0,No,No,54,Yes,No,Fiber optic,Yes,Yes,No,No,Yes,No,Month-to-month,No,Bank transfer (automatic),86.3,4660.7,No
3044-UUM,Female,1,No,No,16,Yes,Yes,DSL,Yes,Yes,Yes,No,Yes,Yes,Two year,Yes,Mailed check,55.23,881.54,No
4213-FIB,Female,0,No,Yes,53,Yes,Yes,Fiber optic,No,Yes,No,No,Yes,No,Month-to-month,No,Bank transfer (automatic),73.27,3882.69,Yes
4585-KZL,Female,0,No,No,3,Yes,Yes,No,No internet service,No internet service,No internet service,No internet service,No internet service,No internet service,Two year,No,Mailed check,41.36,107.21,No
1520-DJH,Female,0,Yes,No,7,Yes,No,Fiber optic,Yes,No,No,No,No,No,Month-to-month,No,Bank transfer (automatic),77.84,578.35,Yes
4255-LZB,Female,0,No,No,25,Yes,No,Fiber optic,Yes,No,No,No,Yes,No,Month-to-month,Yes,Credit card (automatic),80.11,1941.04,No
3590-IYQ,Male,0,No,No,35,Yes,No,DSL,Yes,Yes,No,Yes,No,Yes,Month-to-month,Yes,Mailed check,54.17,1845.46,No
4629-ALW,Male,1,No,Yes,51,No,Yes,No,No internet service,No internet service,No internet service,No internet service,No internet service,No internet service,Two year,Yes,Electronic check,36.24,1895.78,No
7091-YMH,Male,0,Yes,No,26,Yes,Yes,Fiber optic,Yes,Yes,No,Yes,Yes,No,Month-to-month,Yes,Mailed check,92.56,2415.91,No
2951-PVP,Female,0,Yes,No,1,Yes,No,Fiber optic,No,No,No,Yes,No,Yes,Month-to-month,No,Credit card (automatic),50.77,0.0,Yes
3538-QWP,Male,0,Yes,Yes,23,Yes,Yes,No,No internet service,No internet service,No internet service,No internet service,No internet service,No internet service,Month-to-month,Yes,Credit card (automatic),41.58,967.52,Yes
9712-GNG,Male,1,No,No,32,Yes,No,DSL,No,No,No,Yes,No,No,Month-to-month,No,Electronic check,43.4,1333.17,Yes
2569-DEI,Female,1,No,No,39,Yes,No,Fiber optic,Yes,Yes,Yes,No,No,No,Two year,Yes,Credit card (automatic),79.62,3150.69,No
8665-FHT,Male,0,Yes,Yes,47,Yes,Yes,DSL,No,No,Yes,No,No,No,Month-to-month,Yes,Electronic check,73.65,3493.75,No
5446-RUM,Female,0,No,No,18,Yes,No,DSL,Yes,No,No,No,No,Yes,Month-to-month,Yes,Credit card (automatic),55.48,1072.04,Yes
1499-MLY,Male,0,Yes,No,44,Yes,No,Fiber optic,No,Yes,No,No,Yes,Yes,Two year,Yes,Credit card (automatic),67.18,2945.46,No
7035-QOJ,Male,1,No,No,46,Yes,No,Fiber optic,Yes,Yes,Yes,No,No,Yes,Month-to-month,No,Mailed check,69.21,3141.07,Yes
4659-GJS,Male,0,Yes,No,56,Yes,No,DSL,Yes,No,No,No,No,No,Month-to-month,No,Credit card (automatic),69.62,3879.8,No
1715-OPD,Male,0,No,No,38,Yes,Yes,Fiber optic,Yes,No,Yes,No,Yes,Yes,Month-to-month,No,Mailed check,63.68,2401.72,Yes
1522-LNE,Female,0,No,Yes,59,Yes,No phone service,No,No internet service,No internet service,No internet service,No internet service,No internet service,No internet service,Month-to-month,No,Mailed check,33.35,1981.14,No
2204-HBQ,Female,0,No,Yes,16,Yes,Yes,No,No internet service,No internet service,No internet service,No internet service,No internet service,No internet service,Month-to-month,Yes,Credit card (automatic),55.22,819.42,Yes
5384-PHP,Male,0,Yes,No,51,Yes,Yes,DSL,No,Yes,No,No,No,No,Month-to-month,No,Electronic check,64.97,3313.28,No
5395-YEL,Female,1,No,No,3,Yes,No,Fiber optic,No,Yes,No,No,Yes,Yes,Month-to-month,Yes,Electronic check,61.62,149.35,No
9697-YAI,Male,0,Yes,No,7,Yes,Yes,DSL,No,No,No,No,Yes,Yes,One year,Yes,Electronic check,32.58,210.11,No
2221-RSO,Female,0,Yes,No,63,Yes,No,Fiber optic,Yes,Yes,Yes,No,Yes,No,Two year,Yes,Bank transfer (automatic),88.93,5650.99,No
9370-ABY,Female,0,Yes,No,34,Yes,No,Fiber optic,No,No,Yes,No,Yes,Yes,Two year,Yes,Bank transfer (automatic),73.91,2548.03,No
1200-ZOQ,Male,0,Yes,No,45,Yes,Yes,Fiber optic,Yes,No,No,No,No,No,Month-to-month,No,Credit card (automatic),59.89,2720.59,No
4966-QFC,Female,0,Yes,No,44,No,No,DSL,No,No,Yes,Yes,No,No,Month-to-month,Yes,Credit card (automatic),51.81,2301.92,No
2190-EWL,Male,0,Yes,No,50,Yes,Yes,Fiber optic,No,Yes,Yes,No,No,Yes,Two year,Yes,Credit card (automatic),83.83,4182.24,No
2115-GSJ,Male,0,Yes,Yes,17,Yes,Yes,DSL,No,No,Yes,No,No,No,One year,Yes,Bank transfer (automatic),61.06,1036.32,Yes
8442-AAU,Female,0,No,No,13,Yes,No,DSL,No,Yes,No,Yes,No,Yes,Month-to-month,Yes,Credit card (automatic),74.61,914.89,Yes
7700-CRF,Male,0,No,Yes,3,No,Yes,Fiber optic,No,No,No,Yes,Yes,Yes,Month-to-month,No,Electronic check,56.04,124.93,Yes
5886-TCZ,Male,0,Yes,No,63,Yes,No,DSL,Yes,Yes,No,No,Yes,Yes,Month-to-month,Yes,Bank transfer (automatic),65.57,4135.35,No
9169-HXN,Male,1,No,No,16,Yes,No,Fiber optic,No,No,No,No,No,Yes,Month-to-month,Yes,Electronic check,78.45,1216.01,Yes
4072-WIL,Male,0,Yes,No,41,Yes,No,Fiber optic,Yes,Yes,Yes,Yes,No,Yes,Month-to-month,No,Electronic check,72.87,3011.81,Yes
5924-FWW,Female,0,No,No,33,Yes,Yes,Fiber optic,Yes,No,Yes,No,No,No,Month-to-month,No,Electronic check,78.97,2604.27,No
9389-WGP,Female,1,Yes,No,11,Yes,Yes,Fiber optic,No,No,Yes,No,No,Yes,Two year,Yes,Electronic check,68.97,748.26,Yes
6006-UJN,Male,1,No,Yes,30,Yes,No phone service,No,No internet service,No internet service,No internet service,No internet service,No internet service,No internet service,One year,Yes,Credit card (automatic),33.91,996.06,Yes
2962-NAA,Male,0,No,No,6,Yes,No,No,No internet service,No internet service,No internet service,No internet service,No internet service,No internet service,One year,No,Mailed check,44.25,281.28,Yes
3640-SIR,Male,0,Yes,No,12,Yes,Yes,DSL,Yes,No,Yes,No,Yes,No,Month-to-month,Yes,Credit card (automatic),62.08,768.68,No
6890-HQK,Male,0,No,No,10,Yes,No,Fiber optic,No,No,No,No,No,Yes,One year,Yes,Mailed check,89.74,866.59,Yes
9805-ARV,Female,0,Yes,Yes,60,Yes,Yes,Fiber optic,No,No,No,Yes,Yes,Yes,One year,Yes,Bank transfer (automatic),99.94,5978.05,No
2377-ZPO,Male,0,Yes,No,41,Yes,No,DSL,No,Yes,Yes,Yes,Yes,Yes,Month-to-month,Yes,Electronic check,83.87,3432.08,No
2489-PEK,Male,0,Yes,Yes,67,Yes,Yes,DSL,No,Yes,Yes,Yes,Yes,Yes,One year,No,Credit card (automatic),37.5,2523.73,No
9344-GEA,Female,0,No,No,31,Yes,No,DSL,No,No,Yes,Yes,No,Yes,One year,No,Electronic check,60.2,1876.99,Yes
5293-TXC,Female,0,Yes,No,14,Yes,No phone service,Fiber optic,Yes,No,Yes,No,No,Yes,Two year,Yes,Bank transfer (automatic),77.49,1081.28,No
6461-ELG,Female,0,No,No,44,Yes,Yes,Fiber optic,No,No,No,Yes,Yes,No,Month-to-month,No,Credit card (automatic),71.28,3161.11,No
4015-NDW,Female,0,Yes,No,67,Yes,Yes,Fiber optic,No,No,Yes,No,Yes,No,Two year,No,Bank transfer (automatic),67.39,4510.38,No
8728-GUQ,Female,0,No,No,38,Yes,No,Fiber optic,No,Yes,Yes,No,Yes,Yes,Month-to-month,Yes,Credit card (automatic),60.91,2265.7,No
9264-TUN,Male,0,No,Yes,1,Yes,No,Fiber optic,No,Yes,No,Yes,No,Yes,Month-to-month,No,Electronic check,74.28,121.08,Yes
5409-FFN,Male,0,No,No,22,Yes,Yes,DSL,No,No,Yes,No,Yes,No,Month-to-month,No,Mailed check,47.11,1070.72,Yes
8928-NFP,Male,0,No,Yes,67,Yes,Yes,Fiber optic,No,No,Yes,Yes,Yes,No,Month-to-month,Yes,Electronic check,68.43,4536.61,No
5214-GRI,Male,0,No,Yes,37,Yes,Yes,Fiber optic,No,No,No,No,Yes,No,Month-to-month,Yes,Mailed check,95.14,3526.43,Yes
8636-VVY,Female,1,Yes,No,69,Yes,Yes,DSL,No,Yes,No,Yes,Yes,No,Month-to-month,No,Electronic check,56.28,3928.84,No
4280-TDS,Female,1,Yes,Yes,37,Yes,No,DSL,No,No,Yes,No,Yes,No,One year,No,Bank transfer (automatic),56.66,2085.77,No
5407-JWJ,Male,0,No,Yes,0,Yes,Yes,DSL,No,No,No,No,Yes,No,Month-to-month,Yes,Credit card (automatic),51.75,0.0,Yes
3603-QNU,Female,1,Yes,No,63,Yes,Yes,No,No internet service,No internet service,No internet service,No internet service,No internet service,No internet service,Two year,Yes,Bank transfer (automatic),18.0,1172.87,No
2420-ZTI,Female,0,Yes,No,55,Yes,No phone service,DSL,No,Yes,Yes,Yes,Yes,No,Month-to-month,No,Credit card (automatic),69.63,3839.04,No
6461-ATB,Male,0,No,No,52,Yes,Yes,DSL,Yes,Yes,Yes,No,Yes,No,One year,Yes,Mailed check,64.76,3442.53,No
3609-URN,Female,0,No,No,70,Yes,Yes,DSL,No,No,Yes,No,No,No,Two year,No,Electronic check,65.1,4579.75,No
2537-TKQ,Male,0,No,No,14,Yes,No,DSL,No,No,Yes,No,No,No,Two year,No,Bank transfer (automatic),70.23,986.79,No
8570-ZNP,Female,0,Yes,No,66,Yes,No,Fiber optic,No,Yes,No,No,No,Yes,One year,Yes,Electronic check,79.56,5245.11,Yes
9092-LVT,Female,0,Yes,Yes,16,Yes,No phone service,No,No internet service,No internet service,No internet service,No internet service,No internet service,No internet service,One year,No,Mailed check,52.87,844.27,No
5746-ZIY,Female,1,No,No,70,Yes,Yes,Fiber optic,No,No,No,No,No,No,Month-to-month,No,Credit card (automatic),61.08,4255.84,No
7726-OTH,Female,1,No,Yes,13,Yes,No,No,No internet service,No internet service,No internet service,No internet service,No internet service,No internet service,Month-to-month,Yes,Mailed check,54.23,666.02,No
5672-SDZ,Male,1,No,No,40,Yes,No,DSL,No,Yes,No,No,No,Yes,Month-to-month,Yes,Electronic check,74.56,2950.93,No
3879-TMW,Female,0,No,Yes,57,Yes,Yes,Fiber optic,Yes,No,No,No,No,No,Month-to-month,Yes,Electronic check,83.8,4771.61,No
9494-CUO,Male,1,Yes,Yes,5,No,Yes,No,No internet service,No internet service,No internet service,No internet service,No internet service,No internet service,Month-to-month,No,Bank transfer (automatic),30.74,181.82,Yes
7994-XFW,Female,0,Yes,No,4,Yes,Yes,Fiber optic,Yes,Yes,Yes,No,No,Yes,Month-to-month,No,Electronic check,70.34,292.79,Yes
2394-IZF,Male,0,No,No,62,Yes,Yes,No,No internet service,No internet service,No internet service,No internet service,No internet service,No internet service,Two year,Yes,Bank transfer (automatic),37.44,2327.2,No
3587-URV,Female,0,No,Yes,4,Yes,No,DSL,No,Yes,Yes,No,Yes,Yes,Two year,No,Mailed check,50.55,276.41,No
7778-GNB,Female,1,Yes,No,44,Yes,Yes,Fiber optic,Yes,Yes,Yes,No,No,Yes,Two year,No,Bank transfer (automatic),71.41,3200.94,No
1669-UIM,Female,0,No,Yes,68,Yes,Yes,Fiber optic,No,Yes,Yes,Yes,No,No,One year,Yes,Credit card (automatic),102.12,6912.22,No
9383-SOO,Male,0,Yes,No,44,Yes,Yes,DSL,No,Yes,No,No,No,Yes,Month-to-month,Yes,Electronic check,36.38,1625.37,Yes
9556-JEY,Male,1,Yes,No,35,Yes,No,No,No internet service,No internet service,No internet service,No internet service,No internet service,No internet service,Month-to-month,No,Credit card (automatic),41.77,1420.4,No
1612-WRF,Female,0,No,No,30,Yes,No phone service,DSL,No,Yes,No,No,Yes,Yes,One year,Yes,Electronic check,54.03,1630.27,No
3504-KON,Male,0,No,No,46,Yes,No,DSL,Yes,No,Yes,No,Yes,Yes,One year,No,Electronic check,45.42,2041.26,No
4296-OGA,Male,0,No,No,41,Yes,Yes,Fiber optic,No,Yes,Yes,No,No,Yes,Month-to-month,Yes,Mailed check,80.03,3259.99,Yes
1794-IOC,Female,0,Yes,Yes,36,Yes,No,Fiber optic,No,No,No,Yes,No,Yes,Month-to-month,Yes,Electronic check,68.92,2502.96,No
1485-TSM,Female,0,Yes,No,11,Yes,No,No,No internet service,No internet service,No internet service,No internet service,No internet service,No internet service,Month-to-month,Yes,Credit card (automatic),46.16,491.85,No
3366-QDA,Male,0,No,No,48,Yes,No,No,No internet service,No internet service,No internet service,No internet service,No internet service,No internet service,Month-to-month,Yes,Credit card (automatic),26.93,1254.88,No
8471-TXV,Female,0,No,Yes,54,Yes,No phone service,DSL,No,Yes,Yes,Yes,Yes,No,Month-to-month,No,Credit card (automatic),66.96,3591.78,Yes
2139-BYW,Female,0,No,Yes,51,No,Yes,Fiber optic,No,No,Yes,No,Yes,No,Month-to-month,Yes,Electronic check,78.82,3986.79,No
5223-ODF,Female,0,No,Yes,5,Yes,Yes,No,No internet service,No internet service,No internet service,No internet service,No internet service,No internet service,One year,Yes,Bank transfer (automatic),44.39,236.38,No
4322-GOK,Male,0,No,Yes,51,Yes,No,DSL,Yes,No,Yes,Yes,No,No,Two year,Yes,Bank transfer (automatic),71.45,3686.05,No
3363-GUQ,Female,0,Yes,Yes,53,Yes,No,Fiber optic,Yes,No,No,Yes,Yes,No,Month-to-month,No,Electronic check,53.42,2824.36,Yes
2057-TWG,Female,0,No,No,13,Yes,No,No,No internet service,No internet service,No internet service,No internet service,No internet service,No internet service,One year,Yes,Credit card (automatic),42.9,593.73,No
4755-CZS,Male,0,No,No,61,Yes,Yes,DSL,No,Yes,No,Yes,No,No,Two year,No,Credit card (automatic),40.82,2469.96,No
5029-CAL,Female,0,No,No,38,Yes,No,No,No internet service,No internet service,No internet service,No internet service,No internet service,No internet service,Month-to-month,Yes,Credit card (automatic),58.76,2229.34,Yes
4510-LKY,Female,0,No,No,34,Yes,No,Fiber optic,Yes,No,No,Yes,Yes,No,One year,Yes,Credit card (automatic),59.04,2069.8,No
4226-KTJ,Female,1,No,No,52,No,No,No,No internet service,No internet service,No internet service,No internet service,No internet service,No internet service,Month-to-month,No,Electronic check,59.6,3092.98,Yes
6267-TXA,Female,0,No,No,37,Yes,No phone service,Fiber optic,No,Yes,No,No,No,Yes,One year,Yes,Credit card (automatic),62.7,2357.35,Yes
6626-NPZ,Female,0,No,No,39,Yes,No phone service,Fiber optic,No,No,Yes,Yes,No,Yes,Month-to-month,No,Credit card (automatic),88.95,3443.85,Yes
3447-VRK,Male,0,Yes,No,22,Yes,No,Fiber optic,No,No,No,No,No,Yes,Two year,No,Bank transfer (automatic),86.42,1900.54,No
7308-UBO,Female,0,No,Yes,67,Yes,No,DSL,Yes,No,No,No,Yes,Yes,Two year,No,Electronic check,60.03,3991.97,No
1466-AFF,Male,0,No,Yes,70,Yes,No,Fiber optic,No,Yes,No,Yes,No,Yes,Month-to-month,Yes,Mailed check,64.97,4550.23,No
6255-VQV,Female,1,Yes,Yes,9,Yes,No phone service,No,No internet service,No internet service,No internet service,No internet service,No internet service,No internet service,Month-to-month,No,Electronic check,25.58,238.6,No
4205-XGT,Male,0,Yes,Yes,53,Yes,Yes,No,No internet service,No internet service,No internet service,No internet service,No internet service,No internet service,Month-to-month,Yes,Electronic check,46.88,2511.12,No
2482-PHP,Female,0,No,Yes,1,Yes,Yes,No,No internet service,No internet service,No internet service,No internet service,No internet service,No internet service,Two year,Yes,Credit card (automatic),52.16,31.89,No
5080-CPT,Female,0,No,No,26,Yes,No,Fiber optic,No,Yes,No,No,No,Yes,One year,Yes,Credit card (automatic),96.78,2510.43,No
8835-XQQ,Female,0,No,Yes,70,Yes,Yes,Fiber optic,No,No,Yes,No,Yes,No,Month-to-month,Yes,Credit card (automatic),73.2,5165.6,Yes
5915-YIM,Female,0,No,No,12,No,Yes,Fiber optic,No,Yes,Yes,No,No,Yes,Two year,Yes,Electronic check,76.76,878.81,No
4878-IQB,Male,0,No,No,27,Yes,No,Fiber optic,No,No,Yes,Yes,Yes,Yes,Month-to-month,No,Bank transfer (automatic),60.48,1546.33,Yes
6732-VFG,Female,0,Yes,Yes,16,Yes,Yes,Fiber optic,No,No,No,Yes,Yes,Yes,Month-to-month,Yes,Mailed check,95.11,1498.89,No
8288-HVQ,Male,0,No,Yes,53,Yes,No,DSL,No,No,Yes,No,Yes,No,Month-to-month,Yes,Mailed check,61.61,3286.68,No
9833-MXX,Male,0,No,No,33,Yes,Yes,DSL,No,No,Yes,No,Yes,No,Month-to-month,Yes,Mailed check,50.49,1669.07,No
1913-FLH,Female,0,Yes,No,43,Yes,No,Fiber optic,No,Yes,Yes,No,Yes,Yes,Month-to-month,No,Credit card (automatic),71.08,3022.97,No
1517-ZTJ,Female,0,Yes,No,68,Yes,Yes,DSL,Yes,Yes,No,Yes,No,No,Month-to-month,Yes,Credit card (automatic),54.38,3700.34,Yes
8851-YMD,Male,0,Yes,No,38,Yes,Yes,DSL,No,Yes,No,No,Yes,Yes,Month-to-month,No,Credit card (automatic),66.34,2508.09,Yes
2673-VLN,Female,0,No,No,53,No,No,DSL,No,No,Yes,No,Yes,Yes,Two year,Yes,Electronic check,54.12,2813.57,No
2179-ACS,Female,0,No,No,7,Yes,Yes,No,No internet service,No internet service,No internet service,No internet service,No internet service,No internet service,Month-to-month,No,Mailed check,33.25,220.84,No
2101-VCE,Male,0,Yes,Yes,15,Yes,No,No,No internet service,No internet service,No internet service,No internet service,No internet service,No internet service,Two year,Yes,Bank transfer (automatic),37.09,582.41,No
9034-NAF,Female,0,No,No,69,Yes,No,Fiber optic,No,No,No,No,No,No,Month-to-month,No,Bank transfer (automatic),73.52,5063.15,No
3542-GFJ,Female,1,No,No,62,Yes,No,No,No internet service,No internet service,No internet service,No internet service,No internet service,No internet service,One year,Yes,Credit card (automatic),57.16,3490.97,No
5005-CGZ,Female,0,Yes,Yes,47,Yes,No,No,No internet service,No internet service,No internet service,No internet service,No internet service,No internet service,Month-to-month,Yes,Electronic check,48.92,2359.64,No
3250-EXC,Male,0,No,No,27,Yes,Yes,DSL,Yes,Yes,Yes,No,Yes,No,Two year,No,Electronic check,59.71,1577.41,No
6949-BHR,Male,0,No,No,14,Yes,No,DSL,No,No,Yes,No,Yes,Yes,Month-to-month,No,Credit card (automatic),67.9,963.65,Yes
3892-QJI,Male,0,No,No,62,Yes,Yes,DSL,No,Yes,No,Yes,Yes,No,Month-to-month,Yes,Mailed check,56.63,3540.29,No
4563-BEP,Female,0,Yes,Yes,57,Yes,No,DSL,No,No,No,No,No,Yes,Month-to-month,Yes,Mailed check,18.0,1040.76,No
4149-ZWT,Female,0,No,No,17,Yes,No,Fiber optic,No,No,Yes,Yes,Yes,No,Month-to-month,No,Credit card (automatic),69.58,1174.73,No
7474-UAF,Female,0,No,No,43,Yes,No,DSL,No,No,No,No,No,No,Two year,Yes,Bank transfer (automatic),63.97,2687.14,Yes
8286-XKN,Male,0,No,No,45,No,No,No,No internet service,No internet service,No internet service,No internet service,No internet service,No internet service,Two year,No,Bank transfer (automatic),27.24,1266.83,No
7519-LKZ,Male,0,Yes,No,34,Yes,Yes,Fiber optic,Yes,Yes,No,Yes,Yes,No,One year,Yes,Electronic check,89.22,2992.65,No
7979-YRC,Female,0,No,No,67,Yes,Yes,Fiber optic,No,Yes,Yes,Yes,Yes,No,Month-to-month,Yes,Bank transfer (automatic),73.34,4947.8,No
7050-JWX,Male,0,No,No,9,Yes,No phone service,No,No internet service,No internet service,No internet service,No internet service,No internet service,No internet service,Two year,Yes,Mailed check,31.29,320.49,No
8429-OMH,Male,0,Yes,No,18,Yes,Yes,No,No internet service,No internet service,No internet service,No internet service,No internet service,No internet service,One year,Yes,Bank transfer (automatic),25.35,413.55,No
6954-QJY,Female,1,No,No,6,No,No,Fiber optic,No,No,No,No,Yes,No,Month-to-month,Yes,Bank transfer (automatic),70.68,380.8,Yes
6938-HGD,Male,0,No,No,50,Yes,No,No,No internet service,No internet service,No internet service,No internet service,No internet service,No internet service,Month-to-month,Yes,Electronic check,36.44,1808.24,No
6151-LVC,Female,0,No,No,47,Yes,No phone service,No,No internet service,No internet service,No internet service,No internet service,No internet service,No internet service,One year,No,Mailed check,38.53,1843.1,No
5544-CRO,Female,0,Yes,No,72,Yes,Yes,Fiber optic,No,Yes,No,Yes,No,Yes,Month-to-month,Yes,Mailed check,61.99,4442.36,No
3588-ZVF,Female,0,Yes,Yes,39,Yes,No,No,No internet service,No internet service,No internet service,No internet service,No internet service,No internet service,Month-to-month,No,Mailed check,33.09,1293.8,No
5252-RKM,Male,0,Yes,No,10,Yes,No,DSL,Yes,No,Yes,No,No,Yes,One year,Yes,Electronic check,38.3,365.43,No
1272-MCV,Male,1,No,Yes,32,Yes,No,Fiber optic,No,Yes,No,No,No,Yes,Month-to-month,No,Credit card (automatic),36.12,1183.34,No
2119-BMK,Female,0,No,No,6,Yes,No,Fiber optic,No,Yes,Yes,No,No,Yes,Month-to-month,Yes,Electronic check,66.47,376.6,Yes
1695-PQP,Female,0,No,No,48,Yes,No phone service,DSL,No,No,No,No,Yes,No,Month-to-month,No,Mailed check,36.2,1712.37,No
2407-AQZ,Male,0,No,No,49,Yes,No phone service,DSL,No,Yes,Yes,No,Yes,Yes,One year,No,Bank transfer (automatic),46.29,2232.07,No
5614-THC,Male,0,No,No,62,Yes,No,DSL,No,No,Yes,No,Yes,Yes,Two year,No,Bank transfer (automatic),67.43,4143.44,No
5177-BLI,Female,0,No,No,24,Yes,No,DSL,No,No,No,Yes,Yes,Yes,Two year,No,Mailed check,48.41,1199.08,Yes
2188-YMQ,Male,0,Yes,No,22,Yes,Yes,DSL,No,Yes,No,No,No,Yes,One year,Yes,Electronic check,52.61,1144.9,No
6770-WSH,Male,0,No,No,5,Yes,Yes,Fiber optic,Yes,Yes,Yes,No,No,Yes,One year,Yes,Electronic check,56.48,249.12,Yes
9032-VSE,Male,0,Yes,No,30,No,No,No,No internet service,No internet service,No internet service,No internet service,No internet service,No internet service,One year,Yes,Electronic check,40.07,1143.61,No
5804-ZHX,Female,0,Yes,No,34,Yes,Yes,Fiber optic,No,No,No,No,No,Yes,Month-to-month,No,Electronic check,89.04,3017.89,No
5199-NZH,Male,0,Yes,Yes,55,Yes,Yes,Fiber optic,Yes,Yes,No,Yes,No,No,Month-to-month,Yes,Bank transfer (automatic),87.53,4785.42,No
9502-VTB,Male,1,Yes,Yes,55,Yes,Yes,DSL,No,No,Yes,No,No,No,One year,No,Mailed check,63.73,3469.78,No
1298-IBI,Male,0,Yes,No,10,Yes,Yes,No,No internet service,No internet service,No internet service,No internet service,No internet service,No internet service,One year,No,Electronic check,40.82,381.11,No
9774-UVP,Male,0,Yes,Yes,20,Yes,Yes,DSL,No,Yes,No,No,Yes,No,Month-to-month,Yes,Bank transfer (automatic),52.98,1063.86,No
5392-KKK,Male,1,No,No,37,Yes,Yes,DSL,No,Yes,No,No,Yes,No,Two year,Yes,Electronic check,57.36,2081.69,No
2646-BNN,Female,0,Yes,No,24,Yes,No,Fiber optic,No,No,Yes,No,Yes,Yes,One year,Yes,Credit card (automatic),64.32,1532.96,No
6855-EDY,Female,0,Yes,No,1,Yes,No,No,No internet service,No internet service,No internet service,No internet service,No internet service,No internet service,Month-to-month,Yes,Mailed check,23.86,54.86,Yes
5260-HJB,Male,0,Yes,No,61,Yes,No,No,No internet service,No internet service,No internet service,No internet service,No internet service,No internet service,Month-to-month,Yes,Bank transfer (automatic),57.96,3516.19,No
8991-USU,Male,0,Yes,No,53,Yes,Yes,No,No internet service,No internet service,No internet service,No internet service,No internet service,No internet service,Month-to-month,Yes,Electronic check,38.12,1983.12,No
9126-QJC,Male,1,Yes,No,37,Yes,Yes,Fiber optic,No,Yes,Yes,No,Yes,Yes,Month-to-month,No,Mailed check,46.97,1774.82,Yes
2462-LVI,Female,0,Yes,No,23,Yes,Yes,Fiber optic,Yes,Yes,No,No,Yes,No,Month-to-month,No,Mailed check,69.16,1587.6,Yes
4812-YOX,Female,0,No,Yes,61,No,No,Fiber optic,No,No,Yes,No,Yes,Yes,Month-to-month,Yes,Credit card (automatic),82.43,5022.12,No
7493-NQS,Female,0,Yes,No,2,Yes,No,DSL,Yes,No,Yes,No,No,Yes,Month-to-month,Yes,Electronic check,53.5,125.24,No
8222-SEG,Female,0,Yes,No,32,Yes,No,DSL,No,Yes,No,No,Yes,Yes,Month-to-month,No,Mailed check,29.92,954.41,No
1785-HID,Male,0,No,No,58,Yes,No,No,No internet service,No internet service,No internet service,No internet service,No internet service,No internet service,Two year,Yes,Credit card (automatic),37.3,2165.85,No
5741-YTW,Male,0,Yes,No,69,Yes,Yes,No,No internet service,No internet service,No internet service,No internet service,No internet service,No internet service,Two year,No,Mailed check,37.3,2518.72,No
8115-WOM,Male,0,No,No,18,Yes,Yes,DSL,No,No,No,No,No,No,Month-to-month,Yes,Mailed check,46.36,805.1,Yes
7956-POW,Male,0,Yes,Yes,47,Yes,No,DSL,No,No,No,Yes,Yes,Yes,Month-to-month,No,Credit card (automatic),60.77,2921.38,No
3193-BTS,Female,0,Yes,No,13,Yes,No,DSL,No,No,Yes,Yes,Yes,Yes,Month-to-month,No,Mailed check,48.8,597.99,No
6369-EOM,Male,0,No,No,8,Yes,Yes,Fiber optic,No,Yes,Yes,No,Yes,Yes,Month-to-month,No,Electronic check,80.22,644.16,Yes
8281-GAR,Female,0,No,No,25,No,No phone service,DSL,Yes,No,Yes,Yes,Yes,No,Month-to-month,No,Credit card (automatic),49.97,1310.22,Yes
3086-JRJ,Female,0,Yes,No,64,Yes,Yes,Fiber optic,No,No,Yes,No,Yes,No,Month-to-month,Yes,Electronic check,66.33,4269.16,No
2969-AFA,Male,0,Yes,No,50,Yes,No,DSL,No,No,No,Yes,Yes,Yes,Month-to-month,Yes,Credit card (automatic),55.78,2799.16,No
9558-IYJ,Male,0,No,No,35,Yes,No,DSL,Yes,Yes,Yes,Yes,Yes,No,Two year,No,Electronic check,69.27,2396.39,Yes
5221-DCG,Female,0,No,No,20,Yes,No,DSL,Yes,No,No,No,Yes,Yes,Month-to-month,No,Electronic check,64.16,1261.38,Yes
8066-YUH,Female,1,Yes,No,10,Yes,Yes,Fiber optic,Yes,Yes,No,No,Yes,Yes,Two year,Yes,Mailed check,79.22,781.38,No
4229-GTV,Male,1,Yes,No,19,Yes,No phone service,DSL,No,Yes,Yes,No,No,No,Month-to-month,Yes,Credit card (automatic),40.82,787.38,No
1801-DLY,Female,0,No,No,11,No,No,Fiber optic,Yes,No,Yes,Yes,Yes,Yes,Month-to-month,Yes,Electronic check,94.25,1081.29,Yes
1438-GWM,Male,0,Yes,No,13,Yes,No,Fiber optic,Yes,Yes,No,No,No,No,Two year,Yes,Electronic check,77.82,1015.77,No
4142-VEE,Female,1,No,Yes,50,Yes,No,No,No internet service,No internet service,No internet service,No internet service,No internet service,No internet service,Month-to-month,Yes,Electronic check,44.16,2188.02,No
2308-VCQ,Male,0,No,No,9,Yes,Yes,DSL,No,Yes,No,No,No,Yes,One year,Yes,Electronic check,61.57,550.75,Yes
1977-SMG,Female,0,Yes,No,3,Yes,Yes,Fiber optic,No,No,Yes,No,No,Yes,Two year,Yes,Electronic check,99.2,315.82,No
2550-RTP,Male,0,Yes,No,39,Yes,Yes,DSL,No,No,No,Yes,No,No,Month-to-month,No,Credit card (automatic),77.32,3027.27,Yes
5584-NWJ,Female,0,No,No,20,Yes,No,Fiber optic,No,Yes,No,No,No,Yes,Month-to-month,Yes,Bank transfer (automatic),76.06,1512.49,No
8417-CTY,Male,0,No,No,33,Yes,No,Fiber optic,No,No,Yes,No,Yes,No,Month-to-month,No,Electronic check,70.54,2288.61,No
2540-FLP,Male,0,No,Yes,10,Yes,Yes,No,No internet service,No internet service,No internet service,No internet service,No internet service,No internet service,Month-to-month,No,Electronic check,40.62,443.9,Yes
9253-MTJ,Male,0,No,No,15,No,Yes,No,No internet service,No internet service,No internet service,No internet service,No internet service,No internet service,Month-to-month,Yes,Electronic check,27.5,403.34,No
5898-FOX,Female,0,Yes,No,32,No,Yes,Fiber optic,No,Yes,No,Yes,Yes,Yes,Month-to-month,No,Mailed check,56.89,1829.07,Yes
4106-WWP,Female,0,Yes,Yes,50,Yes,No phone service,No,No internet service,No internet service,No internet service,No internet service,No internet service,No internet service,Two year,Yes,Electronic check,52.36,2594.32,No
9102-VRY,Male,0,Yes,No,30,Yes,No,DSL,Yes,Yes,No,No,Yes,Yes,One year,No,Credit card (automatic),56.13,1659.32,No
9993-IUM,Female,1,Yes,Yes,39,Yes,No,Fiber optic,No,No,Yes,No,No,Yes,Month-to-month,Yes,Electronic check,69.46,2726.35,Yes
8405-DNO,Female,0,No,No,38,Yes,Yes,DSL,No,Yes,Yes,No,Yes,No,Month-to-month,Yes,Mailed check,58.22,2168.04,Yes
5230-YJP,Male,0,No,No,19,Yes,No,DSL,No,Yes,No,No,Yes,Yes,One year,Yes,Bank transfer (automatic),63.12,1158.56,Yes
5400-NPO,Female,0,No,No,20,Yes,No,Fiber optic,Yes,No,Yes,Yes,No,Yes,Two year,No,Electronic check,93.83,1929.4,No
5870-YFD,Female,0,No,No,31,Yes,No,Fiber optic,No,No,Yes,Yes,No,No,Month-to-month,Yes,Bank transfer (automatic),72.36,2272.08,Yes
4956-VMJ,Female,0,Yes,No,2,Yes,No,Fiber optic,Yes,Yes,Yes,No,No,No,Month-to-month,Yes,Bank transfer (automatic),82.23,179.05,Yes
5866-YBQ,Male,0,Yes,No,50,No,No,No,No internet service,No internet service,No internet service,No internet service,No internet service,No internet service,Two year,No,Electronic check,27.93,1358.96,No
7564-JZO,Female,0,No,Yes,44,Yes,Yes,Fiber optic,No,Yes,No,No,No,Yes,Two year,Yes,Credit card (automatic),44.84,1980.68,No
2695-LWW,Male,1,Yes,Yes,22,Yes,No,No,No internet service,No internet service,No internet service,No internet service,No internet service,No internet service,Two year,No,Mailed check,37.01,811.64,No
2841-JBC,Female,0,No,No,27,Yes,Yes,No,No internet service,No internet service,No internet service,No internet service,No internet service,No internet service,Month-to-month,No,Electronic check,24.84,655.2,No
7701-NWA,Male,0,No,Yes,23,No,No phone service,No,No internet service,No internet service,No internet service,No internet service,No internet service,No internet service,Month-to-month,Yes,Bank transfer (automatic),24.64,563.58,No
8596-QCR,Male,1,No,No,47,No,No,DSL,No,Yes,Yes,No,No,No,Month-to-month,Yes,Bank transfer (automatic),34.89,1589.75,No
1060-YXI,Female,0,Yes,Yes,55,Yes,No,Fiber optic,No,Yes,No,No,Yes,Yes,Month-to-month,Yes,Electronic check,75.89,4101.52,No
3320-BFO,Female,0,Yes,No,7,Yes,No phone service,Fiber optic,No,Yes,No,Yes,No,Yes,Two year,No,Mailed check,71.44,510.47,No
8609-EHG,Male,0,No,No,30,Yes,No,No,No internet service,No internet service,No internet service,No internet service,No internet service,No internet service,Month-to-month,No,Credit card (automatic),27.78,839.06,No
5433-AYE,Female,1,No,No,1,Yes,No,DSL,Yes,Yes,No,No,No,No,One year,Yes,Bank transfer (automatic),64.35,73.17,No
7241-NLG,Male,0,No,No,33,Yes,No,DSL,No,No,Yes,No,Yes,Yes,Two year,No,Mailed check,61.57,2058.75,No
5521-NIL,Male,0,No,No,18,Yes,No,Fiber optic,No,No,Yes,No,Yes,Yes,Two year,Yes,Mailed check,84.99,1547.72,No
8712-OOL,Female,0,Yes,Yes,24,Yes,No,DSL,No,Yes,No,Yes,Yes,Yes,One year,Yes,Bank transfer (automatic),27.48,711.49,No
8372-NZF,Male,0,No,No,33,Yes,Yes,No,No internet service,No internet service,No internet service,No internet service,No internet service,No internet service,Two year,Yes,Bank transfer (automatic),23.7,823.38,No
5241-ZAW,Male,0,No,No,23,Yes,No,DSL,Yes,No,Yes,Yes,Yes,Yes,Month-to-month,No,Electronic check,39.72,915.61,Yes
9007-LGX,Male,0,Yes,No,28,Yes,No,Fiber optic,Yes,Yes,No,Yes,No,Yes,Month-to-month,Yes,Electronic check,62.2,1747.14,Yes
3309-RIA,Female,0,No,No,55,No,Yes,Fiber optic,No,No,No,Yes,No,No,Month-to-month,No,Mailed check,106.16,5846.66,No
9712-JQM,Male,1,No,No,59,Yes,Yes,Fiber optic,No,No,Yes,Yes,Yes,Yes,Two year,Yes,Bank transfer (automatic),68.9,4011.42,No
7651-BDX,Male,0,Yes,No,0,Yes,Yes,DSL,No,No,No,Yes,Yes,Yes,Two year,No,Bank transfer (automatic),46.01,0.0,No
4386-IGS,Male,0,No,No,27,Yes,Yes,Fiber optic,No,No,Yes,No,No,No,Month-to-month,No,Bank transfer (automatic),71.82,1959.63,Yes
1163-TRQ,Female,0,Yes,No,61,Yes,Yes,Fiber optic,Yes,No,Yes,Yes,No,Yes,Month-to-month,Yes,Bank transfer (automatic),85.26,5142.85,No
1095-EWX,Female,0,No,No,38,Yes,No phone service,No,No internet service,No internet service,No internet service,No internet service,No internet service,No internet service,Month-to-month,Yes,Mailed check,18.0,738.23,No
6918-BNO,Female,0,No,No,14,No,No,Fiber optic,No,No,No,No,No,No,Month-to-month,No,Credit card (automatic),72.85,1004.92,Yes
5013-ULQ,Male,0,No,No,43,Yes,Yes,No,No internet service,No internet service,No internet service,No internet service,No internet service,No internet service,Two year,Yes,Credit card (automatic),29.43,1261.14,No
3821-SRT,Male,0,No,No,10,Yes,No,DSL,No,Yes,Yes,No,No,No,Month-to-month,Yes,Credit card (automatic),43.41,429.08,Yes
6467-VIC,Male,0,No,Yes,1,Yes,No,Fiber optic,Yes,No,No,Yes,Yes,No,Two year,No,Credit card (automatic),69.02,63.0,No
9558-VJS,Female,0,No,No,46,Yes,No,Fiber optic,No,Yes,No,No,No,No,Month-to-month,Yes,Credit card (automatic),61.89,2930.75,No
7519-GLC,Male,0,Yes,No,37,Yes,No,Fiber optic,No,Yes,Yes,Yes,Yes,Yes,Month-to-month,No,Electronic check,67.14,2475.04,No
2006-VXH,Male,0,Yes,No,55,Yes,Yes,Fiber optic,Yes,No,No,No,No,No,Month-to-month,Yes,Mailed check,66.94,3670.34,No
8167-NEG,Male,0,Yes,No,25,Yes,No,DSL,Yes,No,No,Yes,No,Yes,Two year,Yes,Mailed check,34.68,867.68,No
4903-YWO,Female,0,No,Yes,62,Yes,No,DSL,No,Yes,No,Yes,No,Yes,One year,No,Mailed check,32.03,1956.17,No
7616-SRZ,Male,1,Yes,No,30,Yes,No,No,No internet service,No internet service,No internet service,No internet service,No internet service,No internet service,Month-to-month,No,Credit card (automatic),47.28,1428.61,No
8345-BIB,Male,0,Yes,Yes,53,Yes,No,No,No internet service,No internet service,No internet service,No internet service,No internet service,No internet service,Month-to-month,Yes,Electronic check,36.4,1900.46,No
8621-BXG,Female,0,No,Yes,7,Yes,No,DSL,No,Yes,Yes,No,Yes,No,Two year,Yes,Electronic check,75.34,544.91,No
1523-IXJ,Female,0,Yes,Yes,7,Yes,No,Fiber optic,Yes,Yes,No,Yes,No,No,Two year,Yes,Electronic check,80.88,529.66,No
9682-WKJ,Male,0,Yes,No,57,Yes,No,Fiber optic,Yes,No,Yes,No,Yes,No,Two year,Yes,Electronic check,98.13,5572.86,No
9007-PBQ,Male,0,No,Yes,60,Yes,No,Fiber optic,No,Yes,No,No,Yes,No,One year,No,Mailed check,66.15,3933.83,No
7289-FMI,Female,0,Yes,Yes,68,Yes,Yes,DSL,Yes,No,No,No,No,No,Two year,Yes,Electronic check,50.43,3410.62,No
5382-SXY,Male,0,No,Yes,23,Yes,No,No,No internet service,No internet service,No internet service,No internet service,No internet service,No internet service,Month-to-month,Yes,Electronic check,33.03,697.16,Yes
6612-KXN,Female,1,Yes,No,1,Yes,No,Fiber optic,Yes,Yes,No,No,No,Yes,One year,Yes,Mailed check,85.2,0.0,No
2627-FSN,Female,0,Yes,No,71,Yes,No,Fiber optic,No,Yes,Yes,No,Yes,Yes,Month-to-month,Yes,Bank transfer (automatic),70.11,4966.54,No
3110-LEX,Female,1,Yes,No,43,Yes,No,Fiber optic,No,Yes,Yes,No,No,No,One year,No,Bank transfer (automatic),75.17,3178.55,No
8817-YPJ,Male,0,No,Yes,18,Yes,No,Fiber optic,No,No,No,Yes,No,Yes,Two year,Yes,Electronic check,90.85,1695.98,No
2284-OOL,Male,0,No,Yes,55,Yes,Yes,DSL,Yes,No,No,Yes,Yes,Yes,Two year,Yes,Credit card (automatic),47.97,2625.79,No
6828-KXX,Male,1,Yes,Yes,65,Yes,Yes,No,No internet service,No internet service,No internet service,No internet service,No internet service,No internet service,Month-to-month,Yes,Electronic check,22.98,1518.5,No
2714-AEH,Male,0,Yes,Yes,20,No,No,DSL,No,No,No,No,Yes,No,One year,Yes,Bank transfer (automatic),48.19,974.62,No
7480-FKL,Male,0,No,No,56,Yes,Yes,No,No internet service,No internet service,No internet service,No internet service,No internet service,No internet service,Two year,Yes,Credit card (automatic),46.89,2588.65,No
7423-MFV,Female,0,Yes,No,57,No,No,No,No internet service,No internet service,No internet service,No internet service,No internet service,No internet service,Two year,No,Credit card (automatic),40.16,2274.4,No
6738-UFY,Female,0,Yes,No,36,Yes,No,Fiber optic,No,No,Yes,Yes,No,Yes,Two year,Yes,Mailed check,75.93,2759.4,No
4767-MXQ,Male,1,Yes,Yes,46,Yes,Yes,Fiber optic,No,Yes,Yes,No,Yes,Yes,Month-to-month,Yes,Electronic check,77.55,3590.94,Yes
3005-SFK,Male,0,No,Yes,19,Yes,No,DSL,No,Yes,No,Yes,Yes,Yes,Month-to-month,Yes,Credit card (automatic),65.07,1266.65,No
7313-SGB,Female,0,No,No,67,No,No,Fiber optic,No,No,Yes,No,No,No,Two year,No,Bank transfer (automatic),72.38,4826.48,No
6014-APK,Male,0,Yes,Yes,71,Yes,Yes,Fiber optic,No,No,Yes,No,No,Yes,One year,Yes,Credit card (automatic),83.39,5941.13,No
8775-YBW,Male,0,Yes,No,71,Yes,Yes,DSL,Yes,No,No,No,Yes,Yes,One year,Yes,Mailed check,25.56,1793.59,No
9374-PRE,Male,0,Yes,No,53,Yes,Yes,DSL,No,No,No,Yes,Yes,Yes,One year,Yes,Credit card (automatic),56.88,3050.02,No
8723-ALZ,Male,0,No,Yes,3,No,No phone service,No,No internet service,No internet service,No internet service,No internet service,No internet service,No internet service,Month-to-month,Yes,Credit card (automatic),25.53,110.89,No
2278-KWZ,Female,0,No,Yes,26,No,No phone service,DSL,No,No,Yes,No,No,No,Month-to-month,Yes,Bank transfer (automatic),52.03,1304.69,Yes
4711-DOS,Male,0,No,Yes,32,Yes,Yes,Fiber optic,No,Yes,Yes,No,Yes,Yes,Two year,No,Credit card (automatic),83.77,2690.3,No
4563-TBD,Male,0,Yes,Yes,70,Yes,No,DSL,Yes,No,Yes,No,Yes,No,Month-to-month,Yes,Mailed check,52.89,3663.96,No
2982-HYP,Male,0,Yes,Yes,39,No,Yes,Fiber optic,Yes,Yes,Yes,No,Yes,Yes,One year,No,Electronic check,113.0,4435.98,Yes
6363-UNO,Female,0,Yes,No,39,Yes,Yes,Fiber optic,Yes,No,Yes,No,No,No,One year,Yes,Bank transfer (automatic),53.46,2045.45,No
1349-UWP,Female,0,No,No,10,Yes,No,No,No internet service,No internet service,No internet service,No internet service,No internet service,No internet service,Two year,No,Bank transfer (automatic),33.34,344.69,No
9854-TBD,Female,0,Yes,Yes,57,Yes,Yes,Fiber optic,Yes,No,No,No,Yes,No,Month-to-month,Yes,Mailed check,98.12,5618.7,Yes
7625-SYJ,Male,1,Yes,No,24,Yes,No,DSL,Yes,Yes,Yes,No,No,Yes,One year,Yes,Electronic check,35.88,863.47,Yes
9369-RRQ,Female,0,Yes,No,6,Yes,No,Fiber optic,No,No,Yes,No,No,Yes,Month-to-month,No,Bank transfer (automatic),88.73,562.54,Yes
5884-BBN,Female,0,No,No,72,Yes,No,DSL,No,Yes,No,No,Yes,No,Month-to-month,Yes,Electronic check,50.96,3679.38,No
5888-TWM,Female,0,Yes,No,13,No,Yes,No,No internet service,No internet service,No internet service,No internet service,No internet service,No internet service,Month-to-month,Yes,Bank transfer (automatic),50.87,716.14,No
2368-QDK,Male,0,No,Yes,1,No,No,DSL,Yes,Yes,No,No,Yes,Yes,Month-to-month,No,Credit card (automatic),47.93,9.37,No
8307-VZP,Female,0,Yes,No,5,Yes,No phone service,DSL,Yes,Yes,No,No,No,Yes,Two year,No,Electronic check,43.64,204.76,No
1750-XDK,Female,0,Yes,No,33,Yes,No,Fiber optic,No,No,No,No,No,Yes,Two year,No,Credit card (automatic),60.19,1919.08,Yes
4596-QYQ,Male,0,Yes,No,7,Yes,No,DSL,Yes,No,No,No,Yes,No,Month-to-month,Yes,Electronic check,78.74,540.8,No
1801-DAI,Female,0,No,No,61,Yes,No,Fiber optic,Yes,Yes,No,No,No,No,Two year,No,Mailed check,66.75,4030.21,No
9317-BLS,Male,0,Yes,No,37,Yes,No,Fiber optic,No,No,Yes,Yes,No,Yes,Month-to-month,No,Credit card (automatic),71.05,2580.31,No
6178-TJX,Female,0,No,No,23,Yes,No,No,No internet service,No internet service,No internet service,No internet service,No internet service,No internet service,One year,No,Electronic check,32.69,697.43,No
6695-CNO,Male,0,Yes,Yes,0,Yes,No,DSL,No,No,No,Yes,No,No,Two year,Yes,Electronic check,60.35,0.0,No
1160-HEZ,Male,0,No,Yes,35,Yes,No,Fiber optic,No,Yes,Yes,Yes,Yes,Yes,One year,No,Credit card (automatic),77.91,2735.74,No
1487-PCF,Female,1,No,Yes,11,Yes,Yes,Fiber optic,No,Yes,Yes,No,No,No,Month-to-month,No,Electronic check,65.0,731.73,No
2450-YXX,Female,0,No,No,71,Yes,No,DSL,Yes,No,No,No,No,Yes,Month-to-month,Yes,Mailed check,63.34,4532.21,Yes
2879-AZJ,Female,0,No,No,21,Yes,No,Fiber optic,No,No,No,No,Yes,Yes,Month-to-month,Yes,Mailed check,76.17,1632.62,Yes
9125-PLS,Female,1,No,No,34,Yes,No,No,No internet service,No internet service,No internet service,No internet service,No internet service,No internet service,Two year,Yes,Electronic check,32.42,1062.78,No
1672-XZJ,Female,0,Yes,No,1,Yes,Yes,No,No internet service,No internet service,No internet service,No internet service,No internet service,No internet service,One year,Yes,Electronic check,50.88,24.89,No
7732-GIM,Male,0,Yes,No,9,Yes,No,No,No internet service,No internet service,No internet service,No internet service,No internet service,No internet service,Month-to-month,No,Credit card (automatic),43.76,400.59,Yes
3439-RXS,Male,1,No,No,15,No,No phone service,Fiber optic,No,Yes,No,No,No,Yes,Month-to-month,Yes,Mailed check,88.56,1335.7,Yes
8037-YFH,Male,1,No,No,3,Yes,Yes,Fiber optic,No,Yes,Yes,Yes,Yes,No,Two year,Yes,Mailed check,80.8,290.7,No
2890-FUQ,Female,0,Yes,Yes,52,Yes,No phone service,No,No internet service,No internet service,No internet service,No internet service,No internet service,No internet service,Month-to-month,No,Bank transfer (automatic),37.18,1923.28,No
8803-ZNJ,Female,0,No,Yes,69,Yes,No,DSL,Yes,Yes,Yes,Yes,Yes,Yes,One year,No,Electronic check,46.16,3211.91,No
2380-QGQ,Male,0,Yes,No,71,Yes,Yes,Fiber optic,No,Yes,Yes,No,No,No,One year,Yes,Mailed check,57.91,4106.61,No
6870-ZEO,Male,0,Yes,Yes,19,Yes,No,Fiber optic,No,No,Yes,No,Yes,No,Month-to-month,Yes,Credit card (automatic),69.59,1334.73,Yes
1294-NHH,Female,1,No,Yes,57,Yes,Yes,No,No internet service,No internet service,No internet service,No internet service,No internet service,No internet service,Month-to-month,Yes,Bank transfer (automatic),30.49,1751.52,No
6788-AMS,Male,0,Yes,No,36,Yes,Yes,No,No internet service,No internet service,No internet service,No internet service,No internet service,No internet service,Month-to-month,Yes,Mailed check,55.43,1994.7,No
9609-ZDB,Male,1,No,No,3,No,No,DSL,Yes,Yes,Yes,No,Yes,Yes,Month-to-month,Yes,Mailed check,39.52,84.4,Yes
9350-VMK,Female,0,Yes,No,6,Yes,No,Fiber optic,Yes,Yes,No,No,Yes,No,One year,Yes,Credit card (automatic),91.45,558.38,No
9488-MEG,Female,0,Yes,No,39,Yes,No,DSL,No,Yes,No,Yes,No,No,Two year,No,Bank transfer (automatic),57.48,2264.23,No
3344-PJH,Female,0,Yes,No,30,Yes,No,Fiber optic,Yes,Yes,Yes,No,Yes,Yes,Month-to-month,Yes,Electronic check,79.77,2396.85,Yes
2120-EED,Male,0,No,No,0,Yes,No,Fiber optic,No,No,Yes,No,No,Yes,Month-to-month,Yes,Mailed check,57.48,0.0,Yes
4690-QOD,Female,1,Yes,No,67,Yes,No,DSL,No,No,Yes,Yes,Yes,Yes,Month-to-month,No,Electronic check,57.36,3836.94,No
6162-MAE,Female,0,No,No,53,Yes,Yes,No,No internet service,No internet service,No internet service,No internet service,No internet service,No internet service,Month-to-month,Yes,Credit card (automatic),32.6,1751.55,No
8200-GHE,Female,0,Yes,Yes,36,Yes,No,Fiber optic,No,Yes,No,No,Yes,Yes,One year,Yes,Bank transfer (automatic),102.29,3648.15,Yes
7629-KHM,Female,0,No,Yes,72,Yes,No phone service,Fiber optic,Yes,No,Yes,No,No,Yes,Two year,Yes,Mailed check,72.5,5257.31,No
3557-NPB,Female,0,Yes,Yes,70,Yes,Yes,No,No internet service,No internet service,No internet service,No internet service,No internet service,No internet service,Two year,Yes,Mailed check,51.73,3599.65,No
1152-UDC,Female,0,Yes,Yes,71,No,No,Fiber optic,No,Yes,No,Yes,No,Yes,Month-to-month,Yes,Credit card (automatic),86.43,6125.34,No
9714-XLB,Male,1,No,Yes,18,Yes,Yes,Fiber optic,No,No,Yes,No,No,No,Month-to-month,Yes,Mailed check,84.21,1523.0,Yes
8434-YVY,Female,0,Yes,No,64,Yes,Yes,DSL,No,No,Yes,Yes,No,Yes,Month-to-month,Yes,Bank transfer (automatic),47.85,3030.15,No
1054-XMI,Female,0,Yes,Yes,36,Yes,No,DSL,Yes,Yes,No,No,Yes,No,Two year,No,Credit card (automatic),78.23,2848.2,No
6600-ZUI,Male,0,Yes,No,53,Yes,No,DSL,Yes,Yes,No,No,Yes,Yes,One year,No,Credit card (automatic),80.83,4328.24,No
9693-GDV,Male,0,No,No,62,No,Yes,DSL,No,Yes,No,Yes,No,Yes,Two year,Yes,Mailed check,60.05,3684.6,No
7332-CLC,Female,1,Yes,No,11,Yes,No,Fiber optic,No,Yes,Yes,No,No,Yes,Month-to-month,No,Bank transfer (automatic),73.35,800.36,Yes
4546-OAJ,Female,0,No,No,32,Yes,Yes,Fiber optic,No,No,No,No,No,Yes,Month-to-month,Yes,Electronic check,58.8,1947.87,No
9910-IQJ,Female,1,No,Yes,9,No,Yes,Fiber optic,No,Yes,Yes,Yes,Yes,No,Two year,Yes,Credit card (automatic),77.94,739.94,Yes
6664-FYI,Female,0,No,No,20,Yes,No,DSL,No,Yes,Yes,No,Yes,No,Month-to-month,Yes,Electronic check,60.41,1151.73,Yes
3108-CST,Male,0,No,Yes,30,Yes,No phone service,Fiber optic,Yes,No,No,Yes,No,No,One year,Yes,Bank transfer (automatic),72.18,2206.25,No
5139-CMP,Female,1,No,No,62,Yes,Yes,No,No internet service,No internet service,No internet service,No internet service,No internet service,No internet service,Month-to-month,Yes,Mailed check,24.16,1378.18,No
8059-CGY,Male,1,No,No,62,Yes,Yes,DSL,No,Yes,No,No,Yes,Yes,Two year,No,Credit card (automatic),55.72,3476.15,No
9427-KML,Female,0,No,Yes,28,Yes,No,Fiber optic,No,Yes,No,No,No,No,Month-to-month,Yes,Electronic check,87.79,2428.13,Yes
5647-UKG,Male,0,Yes,No,24,Yes,Yes,DSL,No,Yes,No,Yes,Yes,No,Two year,Yes,Electronic check,68.72,1665.38,No
1685-MOR,Female,0,No,No,38,Yes,Yes,Fiber optic,Yes,Yes,Yes,No,No,Yes,Month-to-month,Yes,Credit card (automatic),73.03,2783.78,No
6908-JBL,Female,0,No,Yes,66,Yes,No,Fiber optic,No,Yes,Yes,No,No,Yes,Month-to-month,No,Mailed check,66.42,4388.4,No
3669-FVL,Male,1,Yes,No,71,No,Yes,DSL,No,No,Yes,No,No,No,Month-to-month,Yes,Electronic check,42.46,3035.16,No
5457-QPY,Female,0,Yes,Yes,16,Yes,No,DSL,No,No,Yes,Yes,No,No,Month-to-month,No,Electronic check,44.13,688.72,No
4301-QBA,Male,0,No,No,13,No,Yes,No,No internet service,No internet service,No internet service,No internet service,No internet service,No internet service,Two year,Yes,Credit card (automatic),24.71,300.27,No
6042-CGS,Female,0,Yes,No,51,Yes,Yes,DSL,Yes,No,Yes,Yes,Yes,Yes,Two year,No,Bank transfer (automatic),67.16,3457.73,No
7388-JKX,Female,0,Yes,Yes,22,Yes,Yes,Fiber optic,No,No,Yes,Yes,No,Yes,Two year,Yes,Bank transfer (automatic),59.93,1318.66,No
5578-JOK,Female,0,No,No,14,Yes,No,Fiber optic,No,Yes,Yes,No,Yes,Yes,Two year,Yes,Credit card (automatic),62.12,849.74,No
7500-LVF,Female,0,Yes,No,2,Yes,Yes,DSL,No,No,Yes,Yes,No,No,One year,Yes,Credit card (automatic),65.39,124.55,No
1907-SCO,Female,1,No,No,29,No,No phone service,Fiber optic,Yes,Yes,No,No,No,Yes,Month-to-month,Yes,Mailed check,70.84,2045.09,Yes
2446-ERY,Male,0,No,No,28,Yes,Yes,Fiber optic,No,Yes,Yes,Yes,No,Yes,Two year,Yes,Electronic check,62.4,1735.1,Yes
3259-GUK,Female,1,Yes,Yes,41,No,Yes,DSL,No,No,No,Yes,No,Yes,Month-to-month,Yes,Bank transfer (automatic),56.98,2351.69,Yes
4455-IKL,Male,0,Yes,No,14,Yes,No phone service,No,No internet service,No internet service,No internet service,No internet service,No internet service,No internet service,Two year,Yes,Bank transfer (automatic),37.73,497.76,No
6027-NQO,Male,0,Yes,Yes,52,Yes,No,Fiber optic,Yes,Yes,Yes,No,No,Yes,Month-to-month,Yes,Electronic check,66.18,3494.59,No
1164-SKB,Female,0,Yes,No,49,Yes,Yes,Fiber optic,No,No,Yes,Yes,Yes,No,One year,Yes,Credit card (automatic),71.25,3499.08,No
8348-JPW,Female,0,Yes,No,33,No,Yes,DSL,No,Yes,Yes,No,Yes,No,Month-to-month,No,Electronic check,55.36,1762.61,No
3473-CYR,Female,0,Yes,No,13,Yes,Yes,DSL,No,Yes,No,Yes,No,No,Month-to-month,No,Mailed check,51.28,676.27,No
9715-NMR,Male,0,Yes,No,37,Yes,No phone service,Fiber optic,No,No,No,No,No,Yes,Month-to-month,No,Mailed check,76.27,2789.43,No
4124-SWV,Female,0,Yes,No,49,Yes,Yes,Fiber optic,Yes,No,No,Yes,Yes,No,Month-to-month,Yes,Credit card (automatic),72.82,3567.22,No
3538-MSB,Male,0,No,No,27,Yes,No phone service,DSL,No,No,Yes,No,No,No,Month-to-month,Yes,Electronic check,50.2,1350.06,Yes
7175-MQI,Female,0,Yes,No,19,Yes,No,Fiber optic,Yes,Yes,No,No,Yes,No,Month-to-month,No,Mailed check,72.52,1401.6,No
2448-EEY,Female,0,Yes,Yes,36,Yes,No,Fiber optic,No,Yes,No,No,Yes,No,Month-to-month,No,Mailed check,83.5,3029.32,Yes
4487-DOY,Male,0,No,No,25,Yes,Yes,Fiber optic,No,Yes,Yes,No,No,Yes,One year,No,Credit card (automatic),69.96,1756.75,No
4280-ITR,Male,0,No,No,29,Yes,No,No,No internet service,No internet service,No internet service,No internet service,No internet service,No internet service,Month-to-month,No,Mailed check,18.52,603.92,No
3497-APX,Male,0,Yes,Yes,25,Yes,No,Fiber optic,Yes,No,Yes,Yes,No,No,Two year,No,Mailed check,59.8,1469.63,No
3207-LLM,Male,0,No,No,22,Yes,No,Fiber optic,No,Yes,No,No,Yes,Yes,Month-to-month,No,Credit card (automatic),76.25,1725.3,Yes
4825-LNY,Female,0,Yes,No,52,Yes,No,Fiber optic,No,Yes,Yes,No,Yes,No,One year,Yes,Bank transfer (automatic),49.68,2632.13,No
7775-EIV,Male,0,No,No,33,Yes,Yes,Fiber optic,No,Yes,No,No,No,Yes,Month-to-month,Yes,Electronic check,60.44,2006.33,Yes
6802-MXM,Female,0,No,No,34,Yes,No,No,No internet service,No internet service,No internet service,No internet service,No internet service,No internet service,Month-to-month,No,Electronic check,36.68,1263.18,No
3814-SND,Female,0,Yes,No,47,Yes,No,No,No internet service,No internet service,No internet service,No internet service,No internet service,No internet service,Month-to-month,No,Bank transfer (automatic),50.02,2384.22,No
3718-VVS,Female,1,Yes,Yes,26,Yes,Yes,Fiber optic,Yes,No,Yes,Yes,Yes,No,One year,Yes,Mailed check,91.86,2377.31,No
3611-EZN,Female,0,No,No,7,Yes,Yes,Fiber optic,Yes,No,No,No,Yes,No,Month-to-month,Yes,Electronic check,75.12,508.13,No
1598-WXM,Male,0,Yes,No,62,Yes,Yes,No,No internet service,No internet service,No internet service,No internet service,No internet service,No internet service,Month-to-month,No,Mailed check,55.44,3421.39,No
8217-WEP,Male,0,Yes,No,4,Yes,Yes,No,No internet service,No internet service,No internet service,No internet service,No internet service,No internet service,Month-to-month,Yes,Credit card (automatic),37.68,160.95,Yes
7001-ZAD,Male,1,No,No,41,No,No,DSL,No,No,Yes,No,Yes,Yes,Month-to-month,No,Bank transfer (automatic),75.91,3095.89,No
1492-YOH,Male,0,No,No,19,Yes,No phone service,DSL,No,Yes,No,No,Yes,Yes,Month-to-month,Yes,Mailed check,43.05,792.67,No
6280-GID,Male,0,No,No,15,Yes,Yes,Fiber optic,No,No,No,No,Yes,No,One year,Yes,Electronic check,81.77,1190.3,Yes
8841-PPI,Male,0,Yes,No,3,No,Yes,No,No internet service,No internet service,No internet service,No internet service,No internet service,No internet service,Month-to-month,No,Electronic check,53.82,127.03,Yes
6789-WPW,Male,0,No,Yes,65,Yes,No,No,No internet service,No internet service,No internet service,No internet service,No internet service,No internet service,Two year,No,Credit card (automatic),36.56,2354.01,No
4637-UBU,Male,0,No,Yes,31,Yes,No,No,No internet service,No internet service,No internet service,No internet service,No internet service,No internet service,Month-to-month,Yes,Bank transfer (automatic),18.0,536.41,No
6077-HVP,Female,0,Yes,No,25,No,No phone service,DSL,No,No,Yes,No,Yes,Yes,Month-to-month,Yes,Electronic check,63.96,1602.75,Yes
9154-SDZ,Male,0,No,No,54,Yes,No,No,No internet service,No internet service,No internet service,No internet service,No internet service,No internet service,Month-to-month,Yes,Bank transfer (automatic),32.49,1727.29,No
7599-WFR,Female,0,Yes,No,2,Yes,Yes,DSL,Yes,No,No,No,Yes,No,Month-to-month,Yes,Electronic check,76.9,171.01,No
2865-QBB,Male,0,Yes,No,41,Yes,No,Fiber optic,No,Yes,No,No,No,No,Month-to-month,No,Mailed check,61.44,2587.91,No
9751-DTS,Female,0,No,Yes,36,Yes,No,Fiber optic,No,No,No,No,No,No,Two year,Yes,Electronic check,66.1,2423.33,Yes
4048-BWP,Male,0,Yes,Yes,40,Yes,Yes,Fiber optic,No,Yes,No,Yes,No,Yes,One year,No,Credit card (automatic),64.67,2549.66,No
2305-OIP,Female,0,Yes,No,9,Yes,No,Fiber optic,No,Yes,Yes,No,No,Yes,Month-to-month,No,Bank transfer (automatic),71.59,633.84,Yes
1444-GLX,Female,0,No,No,69,Yes,Yes,DSL,No,No,No,Yes,Yes,No,Month-to-month,Yes,Mailed check,78.43,5367.2,No
3287-EZN,Male,0,Yes,No,17,Yes,No,DSL,No,Yes,No,Yes,Yes,No,Two year,Yes,Mailed check,26.01,449.0,No
2706-BEI,Female,0,No,Yes,49,Yes,No phone service,No,No internet service,No internet service,No internet service,No internet service,No internet service,No internet service,Month-to-month,No,Credit card (automatic),26.53,1308.83,No
1427-DNW,Male,0,No,No,54,Yes,No,DSL,No,Yes,Yes,No,No,Yes,Month-to-month,Yes,Electronic check,52.96,2865.93,No
1712-STX,Female,0,Yes,Yes,25,Yes,Yes,Fiber optic,No,Yes,Yes,No,Yes,No,Two year,No,Electronic check,94.98,2337.77,No
4761-UZR,Male,0,No,No,9,Yes,No,DSL,Yes,Yes,Yes,No,No,Yes,Month-to-month,Yes,Credit card (automatic),74.74,649.93,Yes
1631-KLS,Female,0,Yes,No,21,Yes,Yes,DSL,No,No,Yes,No,No,No,Month-to-month,Yes,Credit card (automatic),70.02,1503.87,No
9735-BLV,Male,0,No,Yes,58,Yes,No phone service,DSL,No,No,Yes,No,Yes,Yes,Month-to-month,Yes,Electronic check,47.15,2748.59,No
4124-YDI,Male,0,Yes,No,66,Yes,Yes,Fiber optic,No,Yes,No,No,Yes,No,One year,Yes,Electronic check,48.11,3144.88,No
6448-QIV,Female,1,Yes,Yes,68,Yes,No,Fiber optic,Yes,Yes,No,No,No,Yes,Month-to-month,No,Bank transfer (automatic),63.48,4271.7,Yes
6146-MXK,Male,0,Yes,No,16,Yes,Yes,DSL,No,Yes,No,No,No,Yes,One year,Yes,Electronic check,59.76,953.61,Yes
6175-RBE,Female,0,Yes,No,44,Yes,No,No,No internet service,No internet service,No internet service,No internet service,No internet service,No internet service,Month-to-month,Yes,Bank transfer (automatic),33.04,1449.47,No
5442-MSP,Male,0,No,No,11,Yes,Yes,DSL,No,No,No,Yes,Yes,No,Month-to-month,Yes,Bank transfer (automatic),57.05,582.53,No
6386-RDM,Female,1,No,No,51,Yes,No,Fiber optic,No,No,No,Yes,No,No,Month-to-month,Yes,Bank transfer (automatic),73.45,3735.16,Yes
4835-SNM,Female,0,No,No,30,Yes,No,DSL,No,Yes,Yes,No,No,Yes,Two year,No,Mailed check,41.08,1215.44,No
4472-WYS,Female,0,No,No,52,Yes,No,No,No internet service,No internet service,No internet service,No internet service,No internet service,No internet service,Month-to-month,No,Credit card (automatic),21.54,1099.52,No
9863-ATN,Female,0,No,No,50,Yes,No,DSL,No,No,No,No,No,No,One year,No,Credit card (automatic),45.09,2239.52,No
9292-IYF,Female,0,No,No,72,Yes,No phone service,Fiber optic,Yes,Yes,Yes,No,No,No,Month-to-month,No,Bank transfer (automatic),76.77,5537.04,No
4137-KII,Male,0,No,Yes,35,Yes,Yes,Fiber optic,Yes,No,No,No,No,No,Month-to-month,Yes,Mailed check,69.39,2431.78,Yes
1371-HFH,Female,0,Yes,No,24,No,No,Fiber optic,No,No,No,Yes,Yes,Yes,Month-to-month,Yes,Credit card (automatic),93.01,2276.17,Yes
2389-XEA,Female,0,No,Yes,38,Yes,Yes,No,No internet service,No internet service,No internet service,No internet service,No internet service,No internet service,Month-to-month,Yes,Mailed check,58.48,2229.16,No
2425-BIT,Male,0,No,Yes,11,Yes,No,DSL,Yes,No,Yes,No,No,No,Month-to-month,No,Electronic check,44.1,513.27,No
6845-QWC,Female,0,Yes,Yes,8,Yes,No,Fiber optic,No,No,No,No,No,No,Two year,Yes,Electronic check,78.33,580.32,Yes
2638-VQY,Female,0,No,No,37,Yes,No,No,No internet service,No internet service,No internet service,No internet service,No internet service,No internet service,Two year,No,Mailed check,29.76,1106.43,No
5638-KQF,Female,0,No,No,60,Yes,Yes,No,No internet service,No internet service,No internet service,No internet service,No internet service,No internet service,Two year,Yes,Electronic check,29.91,1781.57,No
1060-JVH,Male,1,Yes,No,38,No,Yes,Fiber optic,Yes,Yes,No,Yes,No,No,One year,Yes,Bank transfer (automatic),69.48,2665.58,No
4518-JUE,Male,0,No,No,57,Yes,Yes,Fiber optic,No,No,Yes,No,Yes,No,Month-to-month,Yes,Electronic check,95.11,5430.16,Yes
4074-YZC,Male,0,Yes,No,12,No,Yes,Fiber optic,Yes,No,No,Yes,Yes,Yes,One year,No,Mailed check,71.72,915.77,No
7056-UYM,Male,0,Yes,No,32,Yes,No,Fiber optic,No,Yes,No,Yes,Yes,No,Month-to-month,Yes,Credit card (automatic),60.6,1906.59,No
4727-WHT,Male,0,Yes,Yes,44,No,No,No,No internet service,No internet service,No internet service,No internet service,No internet service,No internet service,Two year,No,Electronic check,50.7,2205.9,No
5082-PDP,Male,0,Yes,Yes,25,Yes,Yes,No,No internet service,No internet service,No internet service,No internet service,No internet service,No internet service,Two year,No,Bank transfer (automatic),47.84,1207.94,No
2992-KJL,Male,1,No,No,1,Yes,No phone service,Fiber optic,No,Yes,Yes,No,Yes,Yes,Month-to-month,Yes,Credit card (automatic),72.88,68.34,Yes
4050-ZBP,Female,0,Yes,Yes,5,Yes,Yes,Fiber optic,No,No,Yes,Yes,No,No,Two year,No,Electronic check,74.52,339.58,No
2930-HQB,Female,1,No,No,67,Yes,No,Fiber optic,No,Yes,No,No,No,Yes,Two year,Yes,Mailed check,58.92,3960.7,No
9072-SFX,Female,0,No,No,44,Yes,No,DSL,No,Yes,No,Yes,No,No,Month-to-month,No,Electronic check,69.64,3046.83,No
2906-TTO,Male,1,No,No,19,Yes,No,No,No internet service,No internet service,No internet service,No internet service,No internet service,No internet service,Two year,Yes,Bank transfer (automatic),41.54,805.03,No
6741-MXB,Female,0,Yes,Yes,18,Yes,Yes,Fiber optic,No,Yes,No,No,Yes,No,Month-to-month,No,Mailed check,75.47,1298.96,Yes
2310-UXN,Female,0,Yes,No,2,Yes,No,DSL,Yes,Yes,No,Yes,No,Yes,Month-to-month,Yes,Credit card (automatic),33.3,56.33,No
3504-PHH,Male,0,No,No,68,Yes,Yes,Fiber optic,Yes,No,No,No,No,Yes,Month-to-month,Yes,Bank transfer (automatic),72.22,4916.45,No
4786-CZO,Female,0,No,No,7,Yes,No,DSL,No,No,No,Yes,No,Yes,One year,No,Bank transfer (automatic),62.44,443.01,No
1926-CQA,Female,0,Yes,Yes,55,Yes,No,DSL,No,No,No,No,Yes,No,Month-to-month,Yes,Credit card (automatic),41.99,2333.92,Yes
8649-SYN,Male,0,No,No,17,Yes,Yes,Fiber optic,No,No,Yes,No,Yes,Yes,Two year,No,Electronic check,65.68,1108.0,No
7928-XBK,Female,0,Yes,No,24,No,Yes,Fiber optic,No,Yes,Yes,Yes,Yes,No,Month-to-month,Yes,Bank transfer (automatic),81.79,1978.63,Yes
8393-DUS,Male,0,Yes,Yes,19,Yes,No,Fiber optic,No,No,Yes,No,No,No,Month-to-month,Yes,Bank transfer (automatic),76.95,1459.62,Yes
9514-LEK,Male,1,Yes,No,60,Yes,No,DSL,Yes,No,No,No,No,No,One year,Yes,Bank transfer (automatic),68.08,4110.47,No
5521-RKM,Male,0,No,Yes,2,Yes,No,Fiber optic,Yes,Yes,Yes,No,Yes,Yes,Month-to-month,No,Bank transfer (automatic),55.79,57.76,No
7238-IES,Male,0,No,Yes,25,Yes,No,DSL,No,No,Yes,No,No,Yes,One year,Yes,Electronic check,56.97,1333.1,No
1382-RIY,Male,0,No,No,20,Yes,No,No,No internet service,No internet service,No internet service,No internet service,No internet service,No internet service,Month-to-month,Yes,Credit card (automatic),42.2,887.88,No
7498-QQO,Male,0,No,No,19,No,No phone service,DSL,Yes,Yes,Yes,No,No,No,Two year,Yes,Bank transfer (automatic),62.51,1167.79,No
3681-NPZ,Female,0,No,No,14,Yes,Yes,No,No internet service,No internet service,No internet service,No internet service,No internet service,No internet service,One year,Yes,Bank transfer (automatic),39.39,491.84,No
5779-PII,Male,1,Yes,No,66,Yes,No,DSL,No,Yes,No,Yes,Yes,No,Month-to-month,No,Credit card (automatic),69.24,4564.21,No
1178-ZNF,Male,0,No,No,27,Yes,No phone service,DSL,Yes,Yes,No,No,Yes,Yes,Month-to-month,No,Mailed check,59.21,1580.52,No
1084-OSA,Male,0,Yes,Yes,30,Yes,Yes,Fiber optic,No,No,Yes,Yes,No,Yes,Month-to-month,Yes,Credit card (automatic),71.1,2145.92,Yes
2926-QIM,Male,1,No,No,28,Yes,No,Fiber optic,Yes,Yes,No,No,No,Yes,Two year,Yes,Electronic check,79.91,2254.71,No
2013-QOZ,Male,0,Yes,No,71,Yes,No,No,No internet service,No internet service,No internet service,No internet service,No internet service,No internet service,One year,Yes,Electronic check,53.45,3780.34,No
2035-VLY,Male,1,Yes,No,24,No,Yes,Fiber optic,No,Yes,No,No,No,Yes,Month-to-month,No,Electronic check,84.03,2049.23,Yes
6991-PZT,Female,0,No,Yes,24,Yes,Yes,Fiber optic,Yes,No,No,Yes,No,Yes,Month-to-month,No,Electronic check,79.21,1858.66,No
5611-IFG,Male,0,No,Yes,23,Yes,No,DSL,No,Yes,Yes,No,No,No,Two year,Yes,Mailed check,56.12,1208.49,No
7169-GHS,Male,0,No,Yes,23,Yes,No,Fiber optic,No,Yes,Yes,Yes,Yes,Yes,Month-to-month,No,Electronic check,69.92,1613.33,No
3502-UQB,Male,0,Yes,No,6,Yes,No,Fiber optic,Yes,No,No,No,Yes,No,One year,Yes,Bank transfer (automatic),86.14,507.81,Yes
1525-RKF,Female,0,No,No,44,Yes,Yes,No,No internet service,No internet service,No internet service,No internet service,No internet service,No internet service,One year,Yes,Credit card (automatic),22.22,911.37,No
4307-DDV,Female,0,No,No,1,Yes,No,Fiber optic,Yes,No,No,No,Yes,No,Month-to-month,Yes,Bank transfer (automatic),85.83,107.16,Yes
6454-ZUA,Female,0,No,No,16,Yes,Yes,Fiber optic,No,No,No,No,Yes,No,Month-to-month,Yes,Mailed check,78.0,1188.56,Yes
3764-VJL,Female,0,No,No,14,Yes,Yes,No,No internet service,No internet service,No internet service,No internet service,No internet service,No internet service,Month-to-month,Yes,Credit card (automatic),41.06,570.9,No
4414-HPC,Male,0,No,No,21,Yes,Yes,DSL,No,No,Yes,Yes,Yes,No,Month-to-month,Yes,Bank transfer (automatic),45.24,976.88,No
7901-CDS,Female,1,Yes,No,55,Yes,No phone service,Fiber optic,No,Yes,Yes,No,Yes,Yes,Two year,Yes,Credit card (automatic),89.26,4918.29,No
1138-JTH,Male,0,No,Yes,43,Yes,No,No,No internet service,No internet service,No internet service,No internet service,No internet service,No internet service,One year,Yes,Electronic check,35.69,1541.69,No
4088-YNK,Female,0,Yes,No,72,Yes,Yes,Fiber optic,No,No,No,No,No,No,Two year,Yes,Bank transfer (automatic),64.82,4650.44,No
6969-OZG,Female,0,No,No,25,Yes,Yes,Fiber optic,No,Yes,Yes,No,No,Yes,Month-to-month,Yes,Electronic check,88.77,2225.15,No
7882-MIJ,Male,1,Yes,No,67,Yes,Yes,No,No internet service,No internet service,No internet service,No internet service,No internet service,No internet service,Month-to-month,No,Electronic check,18.0,1223.8,No
2658-UNS,Male,0,Yes,No,3,Yes,No,DSL,Yes,Yes,No,No,No,Yes,One year,Yes,Electronic check,46.74,117.66,No
5499-XDK,Male,0,Yes,No,36,Yes,Yes,No,No internet service,No internet service,No internet service,No internet service,No internet service,No internet service,Month-to-month,Yes,Bank transfer (automatic),20.36,693.38,Yes
5120-YZP,Female,0,Yes,No,58,Yes,Yes,Fiber optic,No,Yes,No,Yes,Yes,No,Month-to-month,Yes,Electronic check,67.85,3962.89,No
5860-EZJ,Male,0,Yes,No,38,Yes,No,Fiber optic,No,No,No,No,No,No,Month-to-month,Yes,Mailed check,79.52,3086.57,No
2773-AOD,Female,0,Yes,No,68,Yes,Yes,DSL,Yes,No,Yes,No,Yes,No,One year,Yes,Bank transfer (automatic),65.85,4530.12,No
1891-FTQ,Female,0,No,No,22,Yes,No,Fiber optic,Yes,Yes,Yes,No,Yes,No,One year,Yes,Electronic check,66.51,1371.3,No
3630-YYD,Male,0,Yes,No,2,Yes,Yes,DSL,Yes,No,No,Yes,No,Yes,Month-to-month,Yes,Mailed check,46.5,136.8,No
1226-ZOU,Female,0,Yes,Yes,56,Yes,No,DSL,No,No,No,No,No,No,Two year,Yes,Credit card (automatic),61.09,3398.84,No
7333-WLM,Female,0,No,Yes,4,Yes,Yes,Fiber optic,Yes,No,Yes,Yes,Yes,No,Month-to-month,No,Credit card (automatic),83.39,396.58,No
9686-RHL,Male,0,Yes,No,55,Yes,No,DSL,No,No,No,No,No,Yes,Month-to-month,Yes,Credit card (automatic),61.24,3331.85,No
1211-ZRN,Female,1,Yes,No,53,Yes,No phone service,Fiber optic,No,No,Yes,Yes,No,Yes,Month-to-month,Yes,Bank transfer (automatic),66.05,3461.16,Yes
5630-ZPE,Female,0,No,No,61,Yes,Yes,DSL,No,Yes,Yes,No,No,No,Two year,Yes,Electronic check,49.54,3020.19,Yes
5973-ASS,Female,0,Yes,Yes,34,Yes,Yes,DSL,No,No,Yes,No,No,No,Month-to-month,No,Electronic check,31.83,1068.16,No
5260-UBC,Male,1,Yes,No,65,Yes,No,DSL,Yes,Yes,Yes,No,Yes,No,Month-to-month,No,Mailed check,40.36,2611.08,No
1519-NAG,Male,0,No,Yes,12,Yes,Yes,Fiber optic,Yes,No,No,No,No,No,Month-to-month,No,Credit card (automatic),75.04,933.49,No
9677-FYU,Male,0,Yes,No,31,Yes,Yes,DSL,No,No,No,No,No,Yes,One year,No,Electronic check,66.99,2119.97,No
4495-SRQ,Female,0,Yes,No,8,Yes,Yes,DSL,No,No,No,No,Yes,No,Two year,Yes,Electronic check,43.67,316.32,No
1476-BSJ,Male,0,No,No,55,Yes,No,Fiber optic,No,No,No,No,No,Yes,Month-to-month,Yes,Bank transfer (automatic),80.96,4510.21,Yes
5105-RMJ,Male,1,Yes,No,52,Yes,No,Fiber optic,No,Yes,No,Yes,Yes,Yes,Two year,No,Bank transfer (automatic),75.99,3908.41,No
1913-ZKU,Male,0,Yes,No,58,Yes,Yes,Fiber optic,Yes,Yes,No,Yes,Yes,Yes,Month-to-month,Yes,Mailed check,62.93,3628.79,No
2643-IAB,Female,0,No,Yes,55,Yes,No phone service,DSL,No,No,Yes,No,No,No,Month-to-month,No,Credit card (automatic),26.32,1536.27,No
4716-ICF,Female,1,Yes,Yes,22,Yes,Yes,No,No internet service,No internet service,No internet service,No internet service,No internet service,No internet service,One year,Yes,Bank transfer (automatic),18.0,408.94,No
2668-TII,Female,1,Yes,No,4,Yes,Yes,Fiber optic,Yes,No,No,No,No,Yes,One year,Yes,Credit card (automatic),70.41,258.64,Yes
5079-EGF,Female,0,Yes,Yes,67,Yes,No,Fiber optic,Yes,Yes,No,No,No,Yes,Month-to-month,Yes,Mailed check,83.93,5632.55,No
9572-PXW,Male,0,No,No,35,Yes,No,DSL,Yes,Yes,Yes,Yes,No,No,Month-to-month,Yes,Mailed check,43.2,1536.69,No
3235-BLJ,Female,0,No,No,6,Yes,Yes,DSL,No,Yes,No,Yes,No,No,Month-to-month,No,Electronic check,71.93,443.39,Yes
6466-EEF,Female,0,Yes,No,67,Yes,Yes,Fiber optic,No,No,No,No,Yes,Yes,Month-to-month,Yes,Mailed check,70.49,4767.65,No
6654-EKG,Male,1,Yes,Yes,72,Yes,No,DSL,No,Yes,Yes,Yes,Yes,Yes,One year,Yes,Electronic check,61.84,4422.2,No
1279-EGV,Female,0,Yes,No,32,No,Yes,Fiber optic,Yes,No,Yes,Yes,Yes,No,Two year,Yes,Electronic check,67.48,2136.48,No
2649-PVZ,Female,0,Yes,Yes,56,Yes,No phone service,DSL,No,No,Yes,No,Yes,Yes,Month-to-month,No,Electronic check,48.92,2708.36,No
5477-AEO,Male,0,Yes,Yes,2,Yes,Yes,DSL,Yes,No,Yes,No,No,Yes,One year,No,Mailed check,45.87,62.67,No
6119-ZLL,Male,0,Yes,No,6,Yes,Yes,DSL,No,Yes,Yes,Yes,Yes,No,One year,No,Electronic check,40.47,244.31,No
4847-HFY,Female,0,Yes,Yes,20,Yes,No,DSL,Yes,No,Yes,Yes,No,No,Month-to-month,Yes,Electronic check,33.22,627.17,No
6751-WVW,Female,0,Yes,No,47,Yes,No,Fiber optic,No,No,Yes,Yes,No,No,Month-to-month,Yes,Mailed check,68.7,3239.07,Yes
5364-HDV,Female,0,Yes,No,9,Yes,No,DSL,No,No,No,No,No,Yes,Two year,Yes,Electronic check,77.51,719.74,Yes
3354-VID,Female,0,Yes,No,2,Yes,No,Fiber optic,Yes,Yes,Yes,No,Yes,No,Month-to-month,Yes,Electronic check,73.6,104.41,Yes
8947-JQK,Male,0,No,No,48,Yes,No,DSL,Yes,Yes,No,Yes,No,Yes,Two year,Yes,Credit card (automatic),50.14,2384.67,No
9338-EIU,Male,1,Yes,No,56,No,Yes,Fiber optic,Yes,Yes,Yes,No,Yes,No,Month-to-month,No,Mailed check,86.06,4801.49,No
8855-PUP,Female,0,Yes,Yes,53,No,Yes,No,No internet service,No internet service,No internet service,No internet service,No internet service,No internet service,Two year,Yes,Credit card (automatic),26.0,1370.32,No
9539-YGJ,Female,0,No,Yes,58,Yes,No,No,No internet service,No internet service,No internet service,No internet service,No internet service,No internet service,Month-to-month,Yes,Electronic check,37.21,2152.42,No
9523-HRZ,Female,0,Yes,No,58,Yes,No,Fiber optic,No,Yes,Yes,No,No,No,Two year,Yes,Mailed check,77.33,4516.83,No
7609-QEF,Female,0,No,No,43,Yes,Yes,Fiber optic,Yes,No,Yes,No,No,No,One year,Yes,Electronic check,67.5,2936.79,No
2944-CZV,Male,0,No,Yes,37,Yes,Yes,Fiber optic,Yes,No,Yes,No,Yes,No,Month-to-month,Yes,Mailed check,93.94,3447.49,Yes
8055-UXS,Female,1,No,No,62,Yes,No,No,No internet service,No internet service,No internet service,No internet service,No internet service,No internet service,One year,No,Credit card (automatic),50.9,3180.01,No
3359-GMF,Male,0,Yes,Yes,25,Yes,No,Fiber optic,No,Yes,No,No,Yes,No,One year,No,Credit card (automatic),76.84,1969.12,No
5765-TGF,Male,0,Yes,Yes,7,Yes,No phone service,DSL,No,No,No,No,No,Yes,Month-to-month,No,Mailed check,61.73,474.44,No
2300-OEX,Female,0,No,Yes,54,Yes,Yes,Fiber optic,No,Yes,No,Yes,No,No,Month-to-month,No,Electronic check,61.4,3322.77,No
3868-UKW,Male,1,No,No,20,Yes,Yes,DSL,Yes,No,No,No,No,No,One year,Yes,Bank transfer (automatic),55.71,1112.3,No
1168-FMO,Male,0,Yes,No,71,Yes,No,Fiber optic,Yes,No,Yes,No,No,Yes,One year,No,Bank transfer (automatic),69.37,4876.14,No
5758-RMU,Male,0,No,No,30,Yes,No phone service,DSL,No,Yes,No,No,Yes,No,Month-to-month,No,Mailed check,65.31,1944.84,No
6331-XCS,Male,0,No,No,62,Yes,No,DSL,Yes,No,No,Yes,No,No,Two year,Yes,Mailed check,51.91,3166.13,No
8932-BGG,Male,0,Yes,No,3,Yes,No,No,No internet service,No internet service,No internet service,No internet service,No internet service,No internet service,Month-to-month,No,Mailed check,20.95,102.75,No
4938-NWJ,Female,0,Yes,No,48,Yes,No phone service,Fiber optic,Yes,No,No,Yes,No,No,Month-to-month,No,Electronic check,71.67,3430.93,No
7440-VSX,Female,0,No,No,32,Yes,Yes,Fiber optic,Yes,Yes,No,No,No,No,One year,No,Mailed check,59.81,1910.9,No
8204-JZY,Male,0,Yes,No,33,Yes,Yes,No,No internet service,No internet service,No internet service,No internet service,No internet service,No internet service,Month-to-month,Yes,Electronic check,39.9,1295.09,No
1370-ZZW,Female,0,Yes,Yes,19,Yes,Yes,No,No internet service,No internet service,No internet service,No internet service,No internet service,No internet service,Month-to-month,Yes,Bank transfer (automatic),43.04,768.4,No
9413-VDA,Male,0,Yes,No,70,Yes,No,Fiber optic,No,No,Yes,No,Yes,Yes,Month-to-month,No,Mailed check,85.22,5990.34,Yes
3652-ARW,Male,0,Yes,Yes,28,Yes,Yes,No,No internet service,No internet service,No internet service,No internet service,No internet service,No internet service,Month-to-month,No,Mailed check,54.18,1534.61,No
8923-CON,Male,0,No,No,62,No,No,Fiber optic,Yes,Yes,Yes,No,No,Yes,Month-to-month,Yes,Electronic check,65.46,4091.2,Yes
5616-XDB,Female,0,No,No,31,Yes,No,DSL,No,No,No,No,No,Yes,One year,Yes,Bank transfer (automatic),59.62,1786.89,No
7514-PME,Female,0,No,No,3,Yes,Yes,No,No internet service,No internet service,No internet service,No internet service,No internet service,No internet service,Month-to-month,Yes,Mailed check,25.08,121.4,No
1938-QXY,Male,0,No,No,64,Yes,No,Fiber optic,Yes,Yes,No,Yes,No,Yes,Two year,Yes,Electronic check,79.57,5088.08,No
3136-PNY,Male,0,No,No,13,Yes,No,No,No internet service,No internet service,No internet service,No internet service,No internet service,No internet service,One year,No,Mailed check,45.05,612.86,No
8505-DRV,Female,0,Yes,No,19,Yes,No,DSL,No,Yes,Yes,No,No,No,Month-to-month,Yes,Electronic check,68.11,1201.85,No
3111-JZJ,Male,0,Yes,No,62,Yes,No,DSL,No,No,No,No,No,Yes,Month-to-month,Yes,Mailed check,68.62,4268.8,No
1835-ZUB,Male,0,Yes,Yes,65,Yes,No,DSL,Yes,No,No,No,Yes,No,Two year,No,Mailed check,52.53,3411.88,No
5176-TBL,Female,0,Yes,No,66,Yes,Yes,Fiber optic,No,Yes,Yes,Yes,Yes,Yes,Month-to-month,Yes,Mailed check,55.02,3623.6,No
3183-DCO,Female,0,Yes,Yes,31,Yes,No,No,No internet service,No internet service,No internet service,No internet service,No internet service,No internet service,Month-to-month,No,Mailed check,29.47,910.13,No
2862-SXN,Female,0,No,No,55,Yes,No,Fiber optic,Yes,No,Yes,No,No,No,Two year,Yes,Electronic check,68.21,3730.69,No
3631-FPS,Male,0,No,No,23,Yes,Yes,DSL,No,No,No,No,No,No,One year,Yes,Mailed check,38.54,836.99,No
2795-IGU,Male,1,No,No,54,Yes,No,Fiber optic,No,Yes,No,Yes,Yes,Yes,One year,No,Electronic check,57.53,3062.37,No
4174-QYG,Male,0,Yes,Yes,36,Yes,Yes,Fiber optic,Yes,No,No,No,No,Yes,Month-to-month,Yes,Credit card (automatic),67.25,2421.94,No
2902-JRK,Male,0,Yes,No,3,Yes,No,Fiber optic,No,Yes,Yes,No,Yes,Yes,Month-to-month,Yes,Mailed check,85.35,301.95,Yes
4350-WDP,Female,0,Yes,No,30,Yes,Yes,Fiber optic,No,Yes,No,No,Yes,No,Month-to-month,Yes,Bank transfer (automatic),97.9,2975.74,Yes
5990-KJQ,Female,0,Yes,No,34,Yes,No,DSL,No,Yes,Yes,No,No,No,One year,No,Electronic check,60.36,2060.3,No
8853-BYA,Female,0,Yes,No,18,Yes,Yes,Fiber optic,No,No,Yes,Yes,Yes,No,Month-to-month,Yes,Credit card (automatic),75.46,1341.17,No
6130-KHU,Female,1,No,No,27,Yes,No,Fiber optic,No,Yes,No,No,Yes,Yes,Month-to-month,Yes,Bank transfer (automatic),100.29,2780.04,Yes
5786-FXI,Female,0,No,Yes,36,Yes,No phone service,DSL,No,Yes,No,No,Yes,Yes,Month-to-month,Yes,Mailed check,31.77,1167.55,No
7072-DCP,Female,0,No,No,3,Yes,No,Fiber optic,Yes,Yes,No,No,No,No,One year,No,Bank transfer (automatic),94.79,305.18,No
1579-YEN,Male,0,No,Yes,11,Yes,No,Fiber optic,No,Yes,No,Yes,Yes,Yes,One year,Yes,Electronic check,65.06,669.02,No
6095-WEY,Male,0,Yes,Yes,55,Yes,No,Fiber optic,Yes,No,No,No,No,No,Month-to-month,No,Credit card (automatic),81.0,4463.94,No
3286-ZNG,Male,0,Yes,Yes,25,Yes,No,DSL,Yes,No,No,No,Yes,No,Month-to-month,No,Electronic check,62.6,1521.68,No
6094-TVH,Male,0,Yes,No,44,Yes,No,DSL,No,No,Yes,No,No,No,Month-to-month,No,Credit card (automatic),47.28,2153.18,No
4930-NUR,Female,0,No,Yes,41,No,No,Fiber optic,Yes,No,Yes,No,No,No,Month-to-month,Yes,Credit card (automatic),77.16,3134.13,No
1715-BOU,Male,0,No,No,40,Yes,Yes,DSL,Yes,Yes,No,No,Yes,Yes,Month-to-month,Yes,Mailed check,47.85,1892.76,No
4865-HYG,Female,1,No,No,30,Yes,No phone service,No,No internet service,No internet service,No internet service,No internet service,No internet service,No internet service,Month-to-month,No,Credit card (automatic),27.7,808.28,No
7481-DRL,Male,0,No,No,35,Yes,No,Fiber optic,No,Yes,Yes,Yes,No,Yes,One year,No,Electronic check,67.28,2341.84,No
9142-OGN,Female,0,No,No,60,Yes,No,Fiber optic,Yes,No,No,Yes,No,Yes,Two year,No,Bank transfer (automatic),76.63,4621.26,No
7819-KWW,Male,0,Yes,No,70,Yes,No,Fiber optic,Yes,No,Yes,No,Yes,No,Two year,No,Mailed check,80.44,5630.91,No
9933-NLI,Male,0,No,No,18,Yes,Yes,Fiber optic,Yes,Yes,Yes,No,Yes,Yes,Two year,No,Mailed check,97.28,1752.52,No
6992-OEX,Male,0,No,No,48,Yes,No phone service,DSL,Yes,No,Yes,No,Yes,Yes,Month-to-month,Yes,Mailed check,60.88,2947.41,Yes
6030-LLI,Female,0,No,No,70,Yes,No,DSL,Yes,Yes,No,No,Yes,No,Month-to-month,No,Bank transfer (automatic),77.64,5381.69,No
2240-BXT,Male,0,No,No,0,Yes,Yes,Fiber optic,No,Yes,No,No,Yes,No,Month-to-month,Yes,Bank transfer (automatic),86.57,0.0,Yes
9116-SYX,Male,0,No,No,57,Yes,Yes,Fiber optic,Yes,No,Yes,No,No,No,One year,No,Electronic check,57.63,3289.62,No
2620-NAA,Male,0,Yes,No,36,Yes,Yes,No,No internet service,No internet service,No internet service,No internet service,No internet service,No internet service,Month-to-month,No,Mailed check,35.21,1242.96,No
7684-MHL,Female,0,No,Yes,70,Yes,No,Fiber optic,No,Yes,No,Yes,No,Yes,Month-to-month,Yes,Electronic check,80.25,5622.11,No
6657-VNM,Female,0,Yes,No,42,Yes,No,Fiber optic,Yes,No,No,No,No,No,Month-to-month,Yes,Bank transfer (automatic),61.4,2582.77,No
6204-DMH,Female,0,Yes,No,61,No,Yes,DSL,No,No,No,No,No,No,Month-to-month,No,Electronic check,38.81,2275.57,No
1092-RGQ,Female,0,No,Yes,12,Yes,No phone service,DSL,Yes,Yes,Yes,No,No,No,One year,No,Mailed check,45.81,597.84,Yes
9298-AKH,Male,0,Yes,No,10,Yes,No,No,No internet service,No internet service,No internet service,No internet service,No internet service,No internet service,One year,Yes,Credit card (automatic),22.47,267.01,No
3851-ZAO,Male,0,No,No,67,Yes,Yes,DSL,Yes,Yes,Yes,No,Yes,No,Month-to-month,Yes,Credit card (automatic),53.14,3514.67,Yes
4340-CFE,Male,0,No,No,38,Yes,No,No,No internet service,No internet service,No internet service,No internet service,No internet service,No internet service,Two year,No,Mailed check,48.72,1824.91,No
5686-FSE,Male,0,No,Yes,40,Yes,No phone service,DSL,No,Yes,No,Yes,Yes,No,Month-to-month,No,Electronic check,31.82,1320.18,No
1551-SSG,Female,0,No,No,12,Yes,Yes,Fiber optic,No,No,No,No,Yes,No,Month-to-month,No,Bank transfer (automatic),78.67,967.3,Yes
1203-KRB,Male,0,Yes,No,16,Yes,No,DSL,Yes,No,No,Yes,No,Yes,Month-to-month,No,Mailed check,69.59,1127.05,No
2391-PJX,Male,0,No,No,59,Yes,No,Fiber optic,Yes,Yes,Yes,No,Yes,Yes,One year,Yes,Electronic check,50.51,2995.35,No
2105-TOH,Male,1,No,No,22,No,Yes,DSL,Yes,Yes,No,No,Yes,Yes,One year,Yes,Credit card (automatic),61.27,1361.03,No
8124-GOL,Female,0,No,Yes,42,Yes,No,Fiber optic,Yes,No,Yes,No,No,No,Month-to-month,No,Electronic check,80.9,3360.53,No
9127-CAQ,Female,0,Yes,No,23,Yes,No,No,No internet service,No internet service,No internet service,No internet service,No internet service,No internet service,Two year,Yes,Mailed check,39.12,880.0,Yes
4214-ZJM,Male,0,Yes,No,19,Yes,No,Fiber optic,No,No,Yes,No,Yes,Yes,Month-to-month,Yes,Mailed check,86.94,1686.77,No
3872-OKB,Male,0,Yes,No,12,Yes,No,DSL,No,No,Yes,No,Yes,Yes,Month-to-month,Yes,Credit card (automatic),65.48,808.73,No
6143-MFL,Male,0,No,No,67,No,No,No,No internet service,No internet service,No internet service,No internet service,No internet service,No internet service,One year,Yes,Credit card (automatic),25.09,1690.97,No
2804-BDU,Female,0,Yes,No,68,Yes,No,Fiber optic,No,No,Yes,No,No,No,Two year,Yes,Electronic check,59.83,4045.76,No
3676-MQP,Female,0,Yes,No,8,Yes,Yes,DSL,Yes,No,Yes,No,Yes,No,One year,No,Bank transfer (automatic),63.05,539.02,No
5631-HHL,Female,0,No,No,25,Yes,No,Fiber optic,No,Yes,No,No,Yes,Yes,Two year,Yes,Credit card (automatic),56.26,1372.67,No
9637-KQI,Male,0,Yes,No,41,No,No,No,No internet service,No internet service,No internet service,No internet service,No internet service,No internet service,Month-to-month,No,Bank transfer (automatic),35.49,1506.92,No
3426-QBH,Female,0,Yes,No,27,No,Yes,Fiber optic,Yes,Yes,Yes,No,Yes,Yes,One year,Yes,Electronic check,79.07,2109.5,No
3117-DMF,Female,0,No,No,52,Yes,Yes,Fiber optic,Yes,No,No,Yes,No,Yes,Two year,No,Mailed check,75.61,3901.22,No
2855-QIS,Female,1,Yes,No,18,Yes,Yes,Fiber optic,No,No,Yes,Yes,No,Yes,Month-to-month,Yes,Credit card (automatic),70.47,1269.52,Yes
9893-LYH,Male,0,No,No,4,Yes,No,Fiber optic,No,No,No,No,Yes,No,Month-to-month,Yes,Electronic check,98.44,401.2,Yes
5586-MVH,Female,0,No,No,24,Yes,No,DSL,No,No,Yes,No,Yes,No,Two year,Yes,Mailed check,52.77,1269.88,No
3522-MTX,Female,0,Yes,No,43,No,No,Fiber optic,No,Yes,Yes,No,No,No,Month-to-month,No,Bank transfer (automatic),80.95,3434.55,No
9059-AVH,Female,0,No,Yes,13,Yes,No,Fiber optic,No,No,No,Yes,Yes,Yes,Month-to-month,No,Bank transfer (automatic),87.44,1151.47,Yes
6695-TVG,Female,0,Yes,Yes,59,Yes,No,DSL,No,No,No,No,No,No,Two year,No,Electronic check,51.73,3086.35,No
1063-WKT,Male,0,Yes,Yes,0,Yes,No,DSL,No,No,Yes,No,Yes,No,Two year,Yes,Electronic check,56.15,0.0,Yes
7917-QKC,Female,0,Yes,No,4,Yes,No,No,No internet service,No internet service,No internet service,No internet service,No internet service,No internet service,Two year,Yes,Mailed check,50.88,149.4,No
2681-QUM,Female,0,No,Yes,37,No,No,DSL,No,No,Yes,Yes,Yes,No,Two year,No,Electronic check,62.09,2289.93,No
6493-LNY,Female,0,No,No,37,Yes,No,DSL,Yes,No,Yes,No,Yes,No,Month-to-month,Yes,Electronic check,62.4,2269.15,Yes
4049-XCA,Female,0,No,No,21,Yes,Yes,DSL,Yes,Yes,Yes,No,Yes,Yes,Two year,No,Mailed check,33.26,630.85,No
8772-NFA,Female,0,Yes,No,18,Yes,Yes,DSL,No,Yes,No,Yes,No,Yes,Month-to-month,No,Electronic check,36.43,636.55,No
6708-KHZ,Female,0,Yes,No,5,Yes,Yes,No,No internet service,No internet service,No internet service,No internet service,No internet service,No internet service,One year,No,Mailed check,36.73,240.49,No
3069-WLF,Female,1,No,No,48,Yes,No,Fiber optic,Yes,No,Yes,No,Yes,Yes,Month-to-month,Yes,Credit card (automatic),67.45,3234.71,No
7589-VFO,Male,0,No,Yes,27,Yes,No,Fiber optic,No,Yes,No,Yes,No,No,Two year,Yes,Mailed check,82.1,2207.14,Yes
1834-QMV,Female,1,No,No,8,Yes,Yes,Fiber optic,No,No,Yes,Yes,No,No,One year,Yes,Electronic check,95.84,791.57,No
5932-GRJ,Male,0,No,No,29,Yes,Yes,Fiber optic,No,Yes,Yes,No,Yes,No,Two year,No,Electronic check,74.64,2185.95,No
5057-PKF,Male,0,No,Yes,68,Yes,No,No,No internet service,No internet service,No internet service,No internet service,No internet service,No internet service,Month-to-month,No,Mailed check,37.7,2512.3,No
2373-ZHV,Male,0,Yes,No,19,No,No phone service,No,No internet service,No internet service,No internet service,No internet service,No internet service,No internet service,Month-to-month,Yes,Mailed check,39.0,806.42,No
3235-SDG,Female,0,Yes,No,65,Yes,Yes,Fiber optic,No,Yes,Yes,No,No,No,Month-to-month,No,Credit card (automatic),65.54,4267.02,No
9592-XEM,Male,0,No,No,18,Yes,Yes,Fiber optic,Yes,Yes,Yes,Yes,Yes,Yes,Month-to-month,Yes,Bank transfer (automatic),79.23,1457.87,Yes
6148-WKW,Male,0,No,No,13,Yes,No,Fiber optic,No,Yes,No,No,No,Yes,One year,Yes,Mailed check,70.75,898.92,No
5931-HPC,Female,0,No,No,19,Yes,Yes,No,No internet service,No internet service,No internet service,No internet service,No internet service,No internet service,Month-to-month,Yes,Mailed check,32.07,540.9,No
5681-CIS,Female,0,No,Yes,23,Yes,No,DSL,No,No,No,No,Yes,Yes,Month-to-month,No,Mailed check,36.06,825.29,Yes
4065-ZEX,Male,0,Yes,Yes,8,Yes,Yes,Fiber optic,No,Yes,No,No,Yes,No,Month-to-month,Yes,Electronic check,56.51,413.5,Yes
4718-QJM,Male,0,No,No,42,Yes,No,Fiber optic,Yes,Yes,No,No,No,No,Month-to-month,Yes,Mailed check,101.0,4282.99,Yes
9931-FCO,Male,0,Yes,Yes,24,Yes,No phone service,Fiber optic,No,No,Yes,Yes,No,No,One year,Yes,Electronic check,62.42,1448.49,No
6198-WZP,Female,0,No,Yes,52,Yes,No phone service,No,No internet service,No internet service,No internet service,No internet service,No internet service,No internet service,Month-to-month,Yes,Mailed check,23.78,1237.49,No
9349-CSN,Female,1,No,No,35,Yes,Yes,Fiber optic,Yes,Yes,Yes,Yes,No,Yes,Month-to-month,Yes,Mailed check,67.74,2391.88,Yes
4572-WSB,Male,1,Yes,No,32,Yes,Yes,DSL,No,Yes,Yes,No,Yes,Yes,Month-to-month,Yes,Credit card (automatic),33.44,1084.96,Yes
9426-MOE,Female,0,Yes,No,34,Yes,No,Fiber optic,No,Yes,No,No,No,No,Month-to-month,No,Electronic check,79.43,2683.09,No
4087-SAK,Female,0,Yes,Yes,11,Yes,Yes,No,No internet service,No internet service,No internet service,No internet service,No internet service,No internet service,One year,No,Credit card (automatic),30.51,273.31,No
5555-XCW,Male,0,Yes,No,52,Yes,No,Fiber optic,Yes,No,No,No,Yes,Yes,Month-to-month,Yes,Mailed check,65.33,3344.41,No
3867-GQL,Female,0,Yes,No,7,Yes,No,No,No internet service,No internet service,No internet service,No internet service,No internet service,No internet service,Month-to-month,No,Bank transfer (automatic),32.35,199.95,No
3499-FFF,Female,0,Yes,No,52,Yes,No,No,No internet service,No internet service,No internet service,No internet service,No internet service,No internet service,One year,No,Bank transfer (automatic),29.31,1474.77,No
6298-LBG,Female,0,No,No,72,Yes,Yes,No,No internet service,No internet service,No internet service,No internet service,No internet service,No internet service,Month-to-month,No,Credit card (automatic),38.95,2801.76,No
9355-VZS,Female,0,No,No,55,Yes,Yes,Fiber optic,No,Yes,No,Yes,Yes,Yes,One year,Yes,Bank transfer (automatic),77.94,4260.01,No
9901-RAO,Male,0,Yes,No,33,Yes,No phone service,Fiber optic,No,No,No,Yes,Yes,Yes,Month-to-month,No,Electronic check,100.09,3257.72,Yes
1021-DCB,Female,1,Yes,Yes,22,Yes,No,No,No internet service,No internet service,No internet service,No internet service,No internet service,No internet service,Two year,Yes,Mailed check,28.3,572.81,No
9254-EWI,Male,0,Yes,Yes,63,No,No,No,No internet service,No internet service,No internet service,No internet service,No internet service,No internet service,Month-to-month,Yes,Credit card (automatic),33.0,2023.28,No
1159-IBI,Female,0,No,Yes,18,Yes,Yes,DSL,Yes,Yes,No,No,Yes,No,Month-to-month,No,Mailed check,42.44,761.95,Yes
3730-BHC,Female,0,No,No,35,Yes,No phone service,DSL,Yes,No,Yes,No,No,Yes,Two year,Yes,Credit card (automatic),67.41,2333.66,No
1013-QCS,Female,0,Yes,No,56,Yes,Yes,Fiber optic,No,No,Yes,No,Yes,No,One year,No,Credit card (automatic),60.12,3367.62,No
7102-VPL,Female,1,No,No,67,Yes,Yes,Fiber optic,Yes,No,Yes,No,Yes,No,One year,No,Electronic check,83.99,5624.62,No
4184-GGF,Male,0,No,Yes,67,Yes,No phone service,No,No internet service,No internet service,No internet service,No internet service,No internet service,No internet service,Two year,Yes,Credit card (automatic),32.65,2180.43,No
5270-QQS,Female,1,Yes,No,6,No,Yes,Fiber optic,No,No,No,No,No,No,Month-to-month,Yes,Mailed check,83.64,524.5,Yes
3741-YDS,Female,0,Yes,No,65,No,Yes,DSL,Yes,Yes,No,No,No,No,Two year,No,Electronic check,45.06,2877.33,No
9254-VDR,Female,0,Yes,No,8,Yes,No,DSL,No,No,Yes,Yes,No,No,One year,Yes,Bank transfer (automatic),54.7,460.44,No
8546-JOM,Male,0,Yes,No,42,No,No,No,No internet service,No internet service,No internet service,No internet service,No internet service,No internet service,Month-to-month,No,Credit card (automatic),35.31,1496.76,No
5224-RGI,Female,0,No,Yes,67,Yes,No,Fiber optic,Yes,No,No,Yes,No,Yes,Month-to-month,No,Mailed check,72.46,4847.9,No
7299-CMT,Male,1,Yes,No,47,Yes,No,DSL,No,No,Yes,No,No,No,Month-to-month,Yes,Electronic check,42.91,1988.49,No
1926-GVN,Female,0,Yes,Yes,69,Yes,No,DSL,Yes,Yes,Yes,No,No,Yes,Two year,Yes,Bank transfer (automatic),67.21,4638.87,No
7164-WUJ,Male,0,No,No,25,No,Yes,No,No internet service,No internet service,No internet service,No internet service,No internet service,No internet service,Month-to-month,No,Bank transfer (automatic),42.65,1081.95,No
3052-RIH,Female,0,Yes,Yes,22,Yes,Yes,Fiber optic,No,Yes,No,Yes,No,Yes,Month-to-month,No,Bank transfer (automatic),109.65,2363.3,No
3955-MEG,Male,0,No,No,23,Yes,No,DSL,No,Yes,Yes,No,Yes,No,One year,Yes,Mailed check,58.92,1376.5,No
8938-XJB,Female,1,No,No,25,Yes,Yes,DSL,Yes,No,No,No,No,Yes,One year,Yes,Mailed check,32.94,884.36,Yes
3767-KMJ,Female,0,Yes,Yes,49,Yes,No,No,No internet service,No internet service,No internet service,No internet service,No internet service,No internet service,Month-to-month,Yes,Mailed check,49.72,2434.01,No
9604-UJZ,Male,0,Yes,Yes,33,Yes,No phone service,Fiber optic,No,No,No,Yes,No,No,Two year,No,Electronic check,72.68,2444.05,Yes
9368-IYY,Female,0,No,No,53,Yes,Yes,Fiber optic,Yes,Yes,No,No,No,No,Month-to-month,Yes,Credit card (automatic),84.14,4476.04,Yes
3884-HPV,Female,0,Yes,Yes,30,Yes,No,DSL,No,No,No,Yes,Yes,No,Two year,Yes,Electronic check,49.97,1508.32,Yes
6780-PHS,Male,1,Yes,No,22,Yes,Yes,DSL,No,Yes,No,No,No,No,Month-to-month,Yes,Mailed check,29.85,632.17,Yes
9931-VPC,Female,0,No,No,13,Yes,Yes,No,No internet service,No internet service,No internet service,No internet service,No internet service,No internet service,Month-to-month,No,Credit card (automatic),44.65,568.51,No
7432-ORR,Male,1,Yes,Yes,40,Yes,No phone service,No,No internet service,No internet service,No internet service,No internet service,No internet service,No internet service,One year,Yes,Mailed check,28.5,1105.67,No
3011-OPN,Female,0,No,Yes,65,Yes,No,Fiber optic,No,No,Yes,No,No,Yes,Month-to-month,No,Bank transfer (automatic),59.57,3905.06,No
8775-QTR,Female,0,No,No,62,Yes,Yes,No,No internet service,No internet service,No internet service,No internet service,No internet service,No internet service,Month-to-month,Yes,Electronic check,50.64,3113.62,No
5119-ROP,Female,0,Yes,No,18,Yes,Yes,Fiber optic,No,No,No,No,Yes,Yes,Month-to-month,No,Mailed check,90.5,1690.67,Yes
6771-OJR,Female,0,Yes,No,34,Yes,Yes,No,No internet service,No internet service,No internet service,No internet service,No internet service,No internet service,Two year,Yes,Bank transfer (automatic),31.78,1095.86,No
3995-OLO,Male,0,No,No,51,No,No,DSL,No,No,No,Yes,No,No,Two year,No,Credit card (automatic),66.44,3402.23,No
9986-PSJ,Female,0,No,No,44,Yes,No phone service,Fiber optic,No,Yes,No,Yes,No,Yes,Two year,No,Bank transfer (automatic),64.11,2774.52,No
2199-YDQ,Female,0,No,No,4,Yes,Yes,No,No internet service,No internet service,No internet service,No internet service,No internet service,No internet service,Two year,Yes,Electronic check,33.89,158.85,No
2228-SWA,Female,0,Yes,No,43,Yes,No,No,No internet service,No internet service,No internet service,No internet service,No internet service,No internet service,Two year,Yes,Electronic check,47.89,2051.56,No
2306-MLD,Female,0,No,No,2,Yes,Yes,Fiber optic,Yes,Yes,Yes,Yes,No,No,Month-to-month,Yes,Credit card (automatic),85.93,152.12,No
6790-GVH,Female,1,Yes,No,8,Yes,No phone service,Fiber optic,No,Yes,No,Yes,No,Yes,Month-to-month,Yes,Mailed check,70.83,543.68,Yes
3904-RGH,Female,1,Yes,No,47,No,No phone service,No,No internet service,No internet service,No internet service,No internet service,No internet service,No internet service,Two year,No,Electronic check,34.99,1601.09,No
1930-FCD,Male,0,No,No,7,Yes,No,Fiber optic,No,Yes,Yes,Yes,No,Yes,Two year,Yes,Mailed check,67.06,469.77,No
2363-PRN,Male,0,No,No,24,Yes,Yes,DSL,No,Yes,Yes,No,No,Yes,Two year,No,Electronic check,36.21,863.2,No
1624-ZQW,Female,0,Yes,No,42,Yes,No,Fiber optic,No,No,No,Yes,Yes,Yes,One year,Yes,Electronic check,64.69,2671.0,No
8727-JNB,Female,0,No,No,47,Yes,No,Fiber optic,No,Yes,Yes,Yes,No,No,Month-to-month,No,Credit card (automatic),53.48,2531.58,No
9469-ZMS,Male,0,No,No,32,Yes,Yes,Fiber optic,Yes,No,Yes,No,Yes,No,Two year,No,Mailed check,71.06,2348.42,No
5231-FEX,Male,0,No,No,6,No,No phone service,No,No internet service,No internet service,No internet service,No internet service,No internet service,No internet service,Two year,No,Electronic check,68.78,362.84,Yes
6705-FTY,Male,0,No,No,58,Yes,No phone service,Fiber optic,Yes,No,No,No,Yes,Yes,One year,Yes,Credit card (automatic),50.6,2930.84,No
2812-GPE,Female,0,No,Yes,69,Yes,Yes,DSL,No,No,No,No,No,No,Two year,No,Credit card (automatic),75.15,5243.39,No
4736-QZX,Male,1,No,No,64,Yes,Yes,DSL,No,Yes,No,No,No,Yes,One year,No,Credit card (automatic),41.17,2607.67,No
1671-PKG,Male,0,No,No,54,Yes,No,No,No internet service,No internet service,No internet service,No internet service,No internet service,No internet service,Two year,Yes,Bank transfer (automatic),26.69,1456.65,No
4715-ZMP,Female,1,Yes,No,29,Yes,Yes,DSL,No,No,No,No,Yes,No,Month-to-month,No,Credit card (automatic),34.51,1014.53,No
3722-YHG,Male,0,Yes,No,63,No,No,No,No internet service,No internet service,No internet service,No internet service,No internet service,No internet service,Two year,No,Electronic check,21.88,1401.48,No
4173-HES,Male,0,No,No,35,Yes,No,DSL,No,No,Yes,Yes,No,Yes,Month-to-month,Yes,Credit card (automatic),68.88,2474.94,No
2169-EXD,Male,0,Yes,Yes,9,No,Yes,Fiber optic,No,No,Yes,No,Yes,No,Month-to-month,Yes,Mailed check,75.64,618.12,Yes
5545-YUW,Male,0,No,No,62,No,No,No,No internet service,No internet service,No internet service,No internet service,No internet service,No internet service,Month-to-month,Yes,Electronic check,30.25,1882.18,No
4083-ZYK,Female,0,Yes,No,23,Yes,Yes,Fiber optic,No,Yes,No,Yes,Yes,No,Month-to-month,Yes,Electronic check,102.22,2333.53,No
8307-BZI,Female,0,No,Yes,68,Yes,No phone service,No,No internet service,No internet service,No internet service,No internet service,No internet service,No internet service,Month-to-month,No,Electronic check,18.0,1222.61,No
7931-GSU,Male,0,No,Yes,26,Yes,Yes,DSL,No,No,No,Yes,Yes,Yes,Two year,No,Bank transfer (automatic),57.96,1508.54,No
6335-AUY,Male,0,Yes,No,63,Yes,No,Fiber optic,No,Yes,Yes,Yes,No,Yes,Month-to-month,Yes,Credit card (automatic),72.92,4583.67,No
3834-ZBK,Female,0,No,No,39,Yes,No phone service,Fiber optic,Yes,No,No,No,Yes,No,Two year,Yes,Electronic check,69.7,2680.24,No
4233-QUV,Female,0,Yes,No,34,Yes,No,No,No internet service,No internet service,No internet service,No internet service,No internet service,No internet service,Month-to-month,Yes,Credit card (automatic),38.74,1281.49,No
1955-XXJ,Male,0,Yes,No,21,Yes,No phone service,DSL,No,Yes,No,No,No,No,Month-to-month,Yes,Bank transfer (automatic),61.26,1360.86,Yes
5831-PUJ,Female,0,Yes,Yes,61,Yes,No,DSL,No,No,No,Yes,No,Yes,Two year,No,Electronic check,73.96,4463.2,No
5578-RVI,Male,1,Yes,No,4,Yes,Yes,Fiber optic,No,Yes,Yes,No,Yes,No,One year,No,Bank transfer (automatic),84.28,380.05,Yes
9952-WVP,Female,0,No,No,34,Yes,Yes,No,No internet service,No internet service,No internet service,No internet service,No internet service,No internet service,Month-to-month,Yes,Electronic check,28.54,934.13,No
8893-UVC,Male,0,Yes,No,26,No,No,No,No internet service,No internet service,No internet service,No internet service,No internet service,No internet service,Two year,Yes,Electronic check,42.22,1101.06,No
5051-WJJ,Male,0,Yes,No,39,Yes,No,No,No internet service,No internet service,No internet service,No internet service,No internet service,No internet service,Two year,No,Mailed check,42.66,1732.63,No
6086-TFQ,Male,0,No,Yes,18,Yes,No phone service,Fiber optic,Yes,Yes,Yes,No,No,No,One year,Yes,Credit card (automatic),79.1,1451.62,No
4968-YDB,Female,0,Yes,No,48,Yes,No,Fiber optic,No,Yes,No,Yes,Yes,Yes,Two year,Yes,Electronic check,65.78,3107.11,No
3700-YSK,Female,1,No,No,28,Yes,No,No,No internet service,No internet service,No internet service,No internet service,No internet service,No internet service,One year,No,Mailed check,21.82,599.16,No
1672-PXT,Male,1,No,Yes,13,Yes,Yes,No,No internet service,No internet service,No internet service,No internet service,No internet service,No internet service,One year,No,Bank transfer (automatic),40.86,530.27,No
1445-WGU,Male,0,Yes,Yes,14,Yes,No,No,No internet service,No internet service,No internet service,No internet service,No internet service,No internet service,Month-to-month,No,Bank transfer (automatic),31.96,483.51,No
9622-IWQ,Male,0,No,No,50,Yes,No,No,No internet service,No internet service,No internet service,No internet service,No internet service,No internet service,Month-to-month,Yes,Credit card (automatic),36.82,1842.65,No
1870-JWK,Female,0,No,No,19,Yes,Yes,No,No internet service,No internet service,No internet service,No internet service,No internet service,No internet service,Month-to-month,No,Mailed check,37.55,707.89,No
8624-LMZ,Male,1,Yes,No,22,Yes,No,DSL,Yes,Yes,No,No,No,Yes,One year,No,Credit card (automatic),64.76,1484.92,No
8821-WMQ,Female,0,No,No,45,Yes,No,DSL,No,No,Yes,Yes,No,Yes,One year,Yes,Bank transfer (automatic),43.6,2017.31,No
2317-WFA,Male,0,Yes,No,24,Yes,Yes,No,No internet service,No internet service,No internet service,No internet service,No internet service,No internet service,Month-to-month,Yes,Electronic check,26.16,652.29,No
3991-IIE,Female,0,Yes,No,28,Yes,Yes,Fiber optic,Yes,No,No,Yes,Yes,Yes,One year,Yes,Bank transfer (automatic),57.74,1594.81,No
7657-EFU,Female,0,No,No,17,Yes,No,DSL,Yes,No,No,Yes,Yes,Yes,Month-to-month,Yes,Electronic check,30.46,425.03,No
7727-ZOG,Male,0,No,Yes,25,Yes,Yes,Fiber optic,No,No,No,No,No,Yes,Month-to-month,No,Bank transfer (automatic),73.06,1781.73,Yes
6358-CSK,Male,0,No,Yes,50,Yes,No phone service,Fiber optic,No,Yes,Yes,No,No,No,Two year,No,Electronic check,70.37,3464.47,No
8099-HJJ,Male,0,Yes,Yes,38,Yes,Yes,No,No internet service,No internet service,No internet service,No internet service,No internet service,No internet service,Month-to-month,Yes,Electronic check,37.66,1428.94,No
7145-RBX,Male,0,No,No,72,Yes,No,No,No internet service,No internet service,No internet service,No internet service,No internet service,No internet service,Month-to-month,Yes,Credit card (automatic),40.83,2972.59,No
7934-UTJ,Female,0,Yes,No,56,Yes,Yes,DSL,Yes,No,No,No,Yes,Yes,Month-to-month,Yes,Credit card (automatic),55.56,3180.51,No
9743-TEH,Male,0,Yes,Yes,1,Yes,No phone service,Fiber optic,No,No,Yes,No,Yes,Yes,Month-to-month,Yes,Mailed check,67.28,111.86,No
2185-TXT,Female,0,No,No,27,Yes,No,DSL,No,Yes,Yes,No,Yes,No,One year,Yes,Bank transfer (automatic),63.51,1689.93,Yes
4001-WPK,Female,0,Yes,No,21,Yes,Yes,No,No internet service,No internet service,No internet service,No internet service,No internet service,No internet service,Two year,No,Credit card (automatic),55.25,1169.14,No
9587-NRP,Male,0,No,No,42,Yes,No,DSL,No,No,No,No,No,No,One year,No,Electronic check,65.09,2747.86,No
3384-SDL,Male,0,No,Yes,19,Yes,Yes,Fiber optic,No,No,Yes,No,No,Yes,One year,No,Bank transfer (automatic),68.58,1248.44,Yes
4088-WRJ,Male,1,No,No,70,Yes,No,Fiber optic,Yes,Yes,Yes,No,No,Yes,Month-to-month,Yes,Electronic check,66.03,4591.52,No
9548-WBQ,Male,0,Yes,No,21,Yes,Yes,Fiber optic,No,No,Yes,Yes,Yes,Yes,One year,No,Credit card (automatic),89.2,1858.12,No
4899-BUI,Male,0,Yes,Yes,38,Yes,Yes,Fiber optic,Yes,Yes,Yes,No,Yes,No,Month-to-month,No,Electronic check,79.94,3112.27,Yes
8864-LWR,Male,0,Yes,Yes,8,Yes,No,Fiber optic,Yes,No,No,No,Yes,Yes,Month-to-month,Yes,Bank transfer (automatic),62.95,517.13,Yes
7996-PEM,Male,1,Yes,Yes,66,Yes,Yes,Fiber optic,No,Yes,Yes,Yes,Yes,Yes,Two year,Yes,Electronic check,68.95,4504.69,No
4157-EPR,Male,1,No,No,66,Yes,No,DSL,Yes,No,No,No,Yes,Yes,Month-to-month,Yes,Mailed check,51.52,3385.45,No
2210-XKM,Female,0,Yes,Yes,57,Yes,No,Fiber optic,No,No,No,No,Yes,Yes,Month-to-month,Yes,Credit card (automatic),78.76,4505.03,No
2901-FHE,Male,0,Yes,Yes,25,Yes,Yes,Fiber optic,No,Yes,Yes,No,Yes,Yes,Month-to-month,No,Electronic check,110.31,2748.96,Yes
8146-FRG,Male,0,No,Yes,4,Yes,No,DSL,No,No,No,Yes,Yes,No,Two year,No,Credit card (automatic),33.52,121.61,No
1049-LYD,Male,0,No,No,51,Yes,Yes,Fiber optic,No,Yes,No,No,No,No,Month-to-month,No,Electronic check,64.12,3295.74,No
5730-NRL,Male,0,No,No,31,Yes,No,DSL,No,No,Yes,No,Yes,No,Month-to-month,Yes,Mailed check,60.88,1936.33,Yes
6579-DBE,Female,0,No,No,72,Yes,Yes,No,No internet service,No internet service,No internet service,No internet service,No internet service,No internet service,Two year,Yes,Bank transfer (automatic),35.88,2625.93,No
8997-IRY,Female,0,Yes,No,50,Yes,Yes,DSL,Yes,Yes,No,No,Yes,Yes,Month-to-month,Yes,Electronic check,44.96,2237.49,No
3316-DCS,Female,1,No,Yes,39,Yes,Yes,Fiber optic,No,No,No,No,Yes,No,Two year,Yes,Bank transfer (automatic),86.88,3382.54,Yes
9938-MYN,Male,0,Yes,Yes,72,Yes,No,DSL,Yes,No,Yes,No,No,No,Month-to-month,No,Mailed check,55.57,3990.22,No
7504-GND,Male,0,No,No,58,Yes,No,Fiber optic,No,No,Yes,No,No,No,One year,Yes,Bank transfer (automatic),77.66,4541.24,No
6328-GMH,Female,0,Yes,No,33,Yes,Yes,DSL,Yes,Yes,No,No,No,Yes,Two year,Yes,Bank transfer (automatic),71.76,2354.47,No
8749-UTS,Female,0,Yes,No,1,Yes,No,Fiber optic,No,Yes,Yes,No,No,No,Month-to-month,Yes,Mailed check,62.97,0.0,Yes
1625-JID,Male,0,No,No,6,Yes,No,DSL,Yes,No,No,No,Yes,Yes,One year,No,Electronic check,50.23,318.27,No
7523-RZZ,Male,1,Yes,No,32,Yes,Yes,No,No internet service,No internet service,No internet service,No internet service,No internet service,No internet service,Month-to-month,Yes,Electronic check,46.21,1497.25,No
7825-VME,Female,0,No,No,41,Yes,No,Fiber optic,No,No,Yes,No,No,No,One year,Yes,Credit card (automatic),94.9,3876.71,No
7919-KSS,Male,0,No,No,2,No,Yes,No,No internet service,No internet service,No internet service,No internet service,No internet service,No internet service,Two year,No,Mailed check,19.51,103.88,No
7407-IYX,Male,0,Yes,No,9,Yes,Yes,Fiber optic,Yes,Yes,No,No,No,Yes,One year,Yes,Electronic check,65.19,567.73,No
6553-ZNZ,Female,0,Yes,No,51,Yes,Yes,Fiber optic,Yes,Yes,No,No,Yes,Yes,Two year,No,Electronic check,80.24,4141.86,No
7686-KXY,Female,1,Yes,No,54,Yes,No phone service,No,No internet service,No internet service,No internet service,No internet service,No internet service,No internet service,One year,No,Bank transfer (automatic),45.05,2385.83,No
6626-HAE,Female,1,No,No,2,Yes,No,DSL,Yes,Yes,Yes,No,No,Yes,One year,Yes,Mailed check,46.11,101.89,No
1652-WVN,Male,0,No,No,37,Yes,No phone service,Fiber optic,No,No,Yes,No,No,No,Month-to-month,Yes,Electronic check,63.73,2329.71,Yes
5544-TZP,Female,1,No,No,5,Yes,No phone service,Fiber optic,No,No,No,Yes,Yes,No,One year,Yes,Credit card (automatic),72.36,359.24,Yes
2956-NSS,Female,0,No,Yes,52,Yes,Yes,Fiber optic,No,Yes,Yes,No,Yes,No,Two year,Yes,Credit card (automatic),85.74,4485.13,No
4761-DAR,Male,0,Yes,Yes,60,Yes,Yes,DSL,No,No,No,No,No,Yes,One year,No,Credit card (automatic),57.97,3458.26,Yes
4298-ZFM,Male,0,Yes,No,63,Yes,No,Fiber optic,No,No,No,Yes,Yes,No,Month-to-month,Yes,Mailed check,82.21,5154.8,No
5888-AWH,Male,0,No,Yes,43,Yes,No,Fiber optic,No,No,Yes,Yes,Yes,No,Month-to-month,Yes,Mailed check,79.42,3407.27,Yes
9929-FOV,Male,0,Yes,No,45,Yes,Yes,Fiber optic,No,Yes,Yes,No,Yes,No,One year,No,Electronic check,81.35,3792.34,No
9364-DWQ,Female,0,Yes,No,67,Yes,Yes,DSL,No,No,No,No,No,Yes,Two year,No,Mailed check,62.56,4198.6,No
2768-KAZ,Male,1,No,Yes,44,Yes,Yes,Fiber optic,Yes,No,Yes,No,Yes,Yes,Month-to-month,No,Bank transfer (automatic),81.91,3609.05,Yes
8735-GOP,Male,0,No,No,32,Yes,Yes,No,No internet service,No internet service,No internet service,No internet service,No internet service,No internet service,Month-to-month,No,Electronic check,32.41,1052.34,No
7990-LQO,Male,1,Yes,Yes,55,Yes,Yes,DSL,Yes,Yes,No,No,Yes,Yes,Month-to-month,Yes,Mailed check,50.11,2695.99,No
3041-ULG,Male,0,No,No,43,Yes,Yes,Fiber optic,Yes,Yes,No,No,Yes,No,Month-to-month,Yes,Bank transfer (automatic),69.08,3002.67,No
4161-USY,Male,0,No,Yes,61,Yes,No,No,No internet service,No internet service,No internet service,No internet service,No internet service,No internet service,Two year,Yes,Bank transfer (automatic),27.46,1699.96,No
1505-LLO,Male,0,Yes,No,38,Yes,Yes,No,No internet service,No internet service,No internet service,No internet service,No internet service,No internet service,Month-to-month,No,Electronic check,39.13,1424.5,No
3201-PSB,Female,0,No,No,63,Yes,No,DSL,No,No,Yes,No,No,Yes,Month-to-month,Yes,Credit card (automatic),54.72,3531.51,No
5181-WSL,Female,0,No,Yes,3,No,No phone service,Fiber optic,No,Yes,Yes,No,Yes,Yes,Month-to-month,No,Mailed check,70.59,211.88,No
8142-VTZ,Male,0,No,No,2,No,Yes,DSL,No,Yes,Yes,Yes,Yes,No,Month-to-month,No,Bank transfer (automatic),37.24,35.39,Yes
9312-ECF,Female,0,No,No,7,Yes,No phone service,No,No internet service,No internet service,No internet service,No internet service,No internet service,No internet service,Two year,Yes,Credit card (automatic),47.29,342.01,No
1744-PGP,Male,0,Yes,Yes,40,Yes,Yes,Fiber optic,No,No,Yes,No,No,No,Month-to-month,No,Electronic check,63.93,2525.39,Yes
5089-GMS,Female,0,Yes,No,51,Yes,Yes,Fiber optic,No,Yes,No,No,No,No,Month-to-month,Yes,Credit card (automatic),88.68,4466.32,Yes
9064-UZL,Female,0,No,Yes,15,Yes,No,DSL,No,No,Yes,No,No,No,Month-to-month,No,Credit card (automatic),38.28,564.66,No
4045-TYD,Female,0,Yes,Yes,11,Yes,Yes,Fiber optic,No,Yes,No,No,No,Yes,Two year,Yes,Credit card (automatic),53.88,584.72,No
3291-BEJ,Female,0,Yes,Yes,62,Yes,No,DSL,Yes,No,Yes,No,Yes,No,Two year,No,Mailed check,41.36,2509.21,No
7222-QJJ,Male,0,Yes,No,54,No,Yes,No,No internet service,No internet service,No internet service,No internet service,No internet service,No internet service,Month-to-month,No,Electronic check,41.26,2200.73,No
8188-VXO,Female,1,Yes,No,47,Yes,No,Fiber optic,Yes,Yes,Yes,No,Yes,No,One year,Yes,Electronic check,85.73,3993.15,No
6133-FWY,Male,1,Yes,No,35,Yes,No phone service,Fiber optic,No,Yes,No,Yes,No,Yes,Month-to-month,No,Credit card (automatic),47.16,1638.09,No
3840-HBT,Male,0,Yes,No,30,Yes,No phone service,No,No internet service,No internet service,No internet service,No internet service,No internet service,No internet service,One year,Yes,Electronic check,31.43,965.57,No
5933-IZF,Female,1,No,Yes,1,Yes,No,DSL,No,Yes,No,Yes,Yes,Yes,Month-to-month,Yes,Electronic check,48.44,53.39,Yes
6565-CSA,Female,0,No,Yes,13,No,No,DSL,No,Yes,Yes,Yes,No,Yes,Two year,Yes,Credit card (automatic),49.8,646.26,No
9200-MUE,Male,1,No,Yes,65,Yes,No,Fiber optic,No,Yes,Yes,No,No,No,Two year,No,Mailed check,88.96,5718.52,No
6420-CVA,Female,0,Yes,Yes,24,Yes,Yes,No,No internet service,No internet service,No internet service,No internet service,No internet service,No internet service,Month-to-month,No,Electronic check,50.15,1202.62,No
4006-YPK,Male,0,Yes,Yes,51,Yes,No,DSL,Yes,Yes,No,Yes,Yes,Yes,Month-to-month,Yes,Bank transfer (automatic),60.08,3026.0,No
8967-DKT,Female,0,No,No,51,No,Yes,No,No internet service,No internet service,No internet service,No internet service,No internet service,No internet service,Month-to-month,No,Electronic check,39.36,1947.23,No
8403-RSD,Female,0,Yes,No,22,Yes,No,Fiber optic,No,No,No,No,No,Yes,Month-to-month,No,Mailed check,87.97,1966.06,No
3981-TQY,Male,0,No,No,14,Yes,No,Fiber optic,Yes,Yes,No,No,Yes,No,Month-to-month,Yes,Electronic check,67.33,896.04,Yes
4969-ZJE,Male,0,No,No,50,Yes,Yes,Fiber optic,No,No,No,No,Yes,Yes,Month-to-month,No,Mailed check,72.57,3631.79,No
7272-WEX,Male,0,No,Yes,6,Yes,Yes,DSL,No,Yes,No,No,No,No,Two year,Yes,Electronic check,29.3,158.75,No
6927-MEF,Female,1,Yes,Yes,36,Yes,No,DSL,No,Yes,Yes,No,No,Yes,Month-to-month,No,Bank transfer (automatic),56.55,2002.43,Yes
5398-JTI,Female,0,Yes,No,64,Yes,No,Fiber optic,Yes,No,No,No,Yes,Yes,Two year,Yes,Mailed check,93.53,6028.62,No
6979-MJV,Female,0,Yes,Yes,51,Yes,No,Fiber optic,No,Yes,No,No,No,No,Month-to-month,No,Electronic check,101.5,5155.48,No
5051-MGQ,Male,0,Yes,Yes,55,Yes,Yes,Fiber optic,No,Yes,No,No,Yes,Yes,Month-to-month,Yes,Credit card (automatic),75.01,4106.91,No
4727-AXL,Male,1,No,No,6,Yes,Yes,No,No internet service,No internet service,No internet service,No internet service,No internet service,No internet service,Month-to-month,Yes,Credit card (automatic),44.31,240.13,No
8584-BCJ,Male,0,Yes,No,14,Yes,No,DSL,No,Yes,No,No,Yes,Yes,Two year,No,Mailed check,54.5,769.16,No
2645-AAR,Male,0,No,Yes,20,Yes,No,Fiber optic,No,No,Yes,No,Yes,Yes,Month-to-month,No,Credit card (automatic),84.78,1690.02,Yes
4741-EVK,Female,0,No,Yes,21,Yes,No,Fiber optic,Yes,No,Yes,Yes,Yes,No,Month-to-month,No,Electronic check,76.6,1584.04,No
6205-HGZ,Male,0,No,No,14,Yes,Yes,DSL,Yes,No,No,Yes,Yes,Yes,One year,No,Bank transfer (automatic),63.97,863.29,No
4544-VCG,Male,0,No,No,70,Yes,No,No,No internet service,No internet service,No internet service,No internet service,No internet service,No internet service,One year,No,Credit card (automatic),26.08,1824.15,No
4455-KJL,Male,0,Yes,No,12,Yes,Yes,No,No internet service,No internet service,No internet service,No internet service,No internet service,No internet service,One year,Yes,Mailed check,41.44,474.52,No
3406-SFT,Female,0,No,Yes,51,Yes,No,DSL,No,Yes,No,No,Yes,No,Month-to-month,Yes,Electronic check,47.7,2493.06,No
2941-ODP,Female,0,Yes,No,42,Yes,Yes,No,No internet service,No internet service,No internet service,No internet service,No internet service,No internet service,Month-to-month,Yes,Credit card (automatic),44.61,1855.23,No
2237-IZE,Female,0,Yes,No,44,Yes,Yes,DSL,No,Yes,No,No,No,No,Two year,Yes,Electronic check,62.37,2755.98,No
6875-ZQL,Female,0,No,Yes,15,Yes,No phone service,No,No internet service,No internet service,No internet service,No internet service,No internet service,No internet service,One year,No,Electronic check,24.17,359.37,Yes
4541-JEK,Male,1,No,No,22,Yes,No,No,No internet service,No internet service,No internet service,No internet service,No internet service,No internet service,One year,Yes,Bank transfer (automatic),52.56,1146.2,Yes
5390-LJZ,Female,0,Yes,No,44,Yes,No,DSL,No,No,Yes,No,Yes,No,Month-to-month,Yes,Electronic check,53.78,2397.8,No
3185-VTT,Female,0,No,No,21,Yes,No,Fiber optic,Yes,Yes,No,No,Yes,Yes,Month-to-month,Yes,Electronic check,82.81,1759.32,Yes
3102-YSA,Female,0,No,No,50,Yes,No,No,No internet service,No internet service,No internet service,No internet service,No internet service,No internet service,Two year,No,Mailed check,20.71,1055.13,No
2137-QMO,Male,0,No,Yes,2,Yes,No,DSL,No,Yes,Yes,Yes,Yes,Yes,One year,Yes,Mailed check,51.79,122.83,No
7103-NRD,Male,0,Yes,No,5,Yes,Yes,Fiber optic,No,Yes,Yes,Yes,No,No,Month-to-month,Yes,Mailed check,72.71,307.05,No
9816-MLZ,Female,1,Yes,Yes,53,Yes,Yes,Fiber optic,Yes,No,No,No,No,No,Two year,No,Bank transfer (automatic),94.73,5036.11,No
4399-QTO,Male,0,Yes,No,45,Yes,No,DSL,No,Yes,Yes,Yes,No,Yes,One year,Yes,Mailed check,68.11,3056.29,No
1578-GMR,Male,0,Yes,No,3,Yes,Yes,DSL,No,Yes,No,No,Yes,Yes,Month-to-month,No,Bank transfer (automatic),58.5,157.55,Yes
8838-DGO,Female,0,Yes,No,65,No,No phone service,DSL,No,Yes,Yes,No,Yes,Yes,Month-to-month,Yes,Electronic check,40.03,2723.06,No
5521-CEM,Female,0,Yes,No,0,Yes,No,Fiber optic,No,Yes,No,Yes,Yes,No,One year,No,Electronic check,90.31,0.0,No
9502-BWV,Male,0,No,Yes,69,Yes,Yes,Fiber optic,No,No,Yes,No,No,Yes,Month-to-month,Yes,Credit card (automatic),82.76,5707.27,Yes
7895-EDJ,Male,0,Yes,Yes,53,Yes,No,Fiber optic,No,Yes,Yes,Yes,No,No,One year,Yes,Mailed check,88.53,4686.1,No
5532-RFV,Female,0,No,No,72,No,Yes,DSL,No,Yes,No,No,No,No,One year,Yes,Electronic check,72.02,5182.57,No
9260-WYZ,Female,0,No,No,69,Yes,No,DSL,No,Yes,Yes,No,Yes,No,Month-to-month,No,Credit card (automatic),59.76,4087.95,No
7570-CRS,Female,0,Yes,No,22,Yes,Yes,Fiber optic,No,Yes,No,No,Yes,Yes,Two year,No,Mailed check,105.74,2334.16,No
3192-ABU,Female,1,No,No,55,Yes,No,DSL,No,No,Yes,No,No,No,Month-to-month,Yes,Mailed check,75.7,4124.17,Yes
8543-BGP,Female,0,Yes,Yes,15,No,No,Fiber optic,No,Yes,Yes,No,Yes,No,Month-to-month,No,Electronic check,80.86,1222.82,No
3404-OGN,Female,0,No,No,34,Yes,Yes,Fiber optic,Yes,Yes,No,Yes,Yes,No,One year,Yes,Bank transfer (automatic),62.41,2127.42,No
4132-BIS,Female,0,No,No,17,Yes,Yes,Fiber optic,Yes,No,Yes,No,Yes,Yes,One year,No,Electronic check,91.48,1546.61,No
3305-HDD,Male,0,Yes,No,35,Yes,No phone service,Fiber optic,No,No,No,No,No,Yes,Month-to-month,No,Bank transfer (automatic),56.87,1987.91,No
7984-AYZ,Male,0,No,No,63,Yes,No,No,No internet service,No internet service,No internet service,No internet service,No internet service,No internet service,One year,Yes,Bank transfer (automatic),33.2,2147.04,No
2362-TOW,Male,0,No,Yes,31,Yes,No,DSL,No,Yes,No,No,No,No,Two year,Yes,Bank transfer (automatic),45.48,1430.11,No
4956-CLB,Male,0,No,No,6,No,No,No,No internet service,No internet service,No internet service,No internet service,No internet service,No internet service,Two year,No,Electronic check,34.15,210.96,No
7798-ITS,Female,0,No,No,23,Yes,No,DSL,Yes,Yes,Yes,No,No,No,Two year,No,Electronic check,41.6,971.66,No
1564-PXS,Male,0,Yes,No,57,Yes,No,DSL,No,No,Yes,No,Yes,No,Month-to-month,No,Credit card (automatic),68.95,3931.56,No
1122-MLB,Male,0,No,No,38,Yes,No,Fiber optic,Yes,Yes,Yes,No,Yes,Yes,Month-to-month,Yes,Credit card (automatic),90.59,3461.75,Yes
1843-RRN,Male,0,No,No,40,Yes,No,DSL,Yes,Yes,No,No,No,Yes,Month-to-month,No,Electronic check,65.81,2611.19,No
4744-GDT,Male,0,No,Yes,31,Yes,Yes,Fiber optic,No,Yes,No,Yes,No,No,Month-to-month,Yes,Mailed check,70.0,2247.37,Yes
4042-RGL,Female,0,No,No,21,Yes,No,No,No internet service,No internet service,No internet service,No internet service,No internet service,No internet service,One year,No,Bank transfer (automatic),48.2,1018.78,Yes
6883-SRQ,Male,0,No,Yes,43,Yes,No,No,No internet service,No internet service,No internet service,No internet service,No internet service,No internet service,Month-to-month,No,Credit card (automatic),31.56,1456.0,No
5944-WUA,Female,0,No,Yes,46,Yes,No,Fiber optic,Yes,Yes,No,Yes,Yes,No,Month-to-month,No,Credit card (automatic),100.44,4697.83,No
1200-URE,Female,0,Yes,Yes,65,Yes,No,No,No internet service,No internet service,No internet service,No internet service,No internet service,No internet service,Month-to-month,No,Bank transfer (automatic),43.59,2815.72,No
6877-FMC,Male,0,Yes,Yes,45,Yes,No,Fiber optic,No,Yes,Yes,No,No,Yes,Month-to-month,No,Electronic check,81.82,3690.28,Yes
8543-ABZ,Male,1,No,Yes,72,Yes,Yes,DSL,No,No,Yes,Yes,Yes,No,Month-to-month,Yes,Bank transfer (automatic),66.38,4792.16,No
7847-HID,Female,0,Yes,No,60,Yes,Yes,No,No internet service,No internet service,No internet service,No internet service,No internet service,No internet service,One year,No,Credit card (automatic),22.03,1354.48,No
1284-BAU,Male,0,Yes,No,5,Yes,Yes,DSL,No,No,Yes,Yes,Yes,Yes,One year,Yes,Mailed check,41.6,212.59,No
3202-MPR,Female,1,Yes,No,28,Yes,Yes,DSL,Yes,No,Yes,Yes,No,No,Month-to-month,Yes,Mailed check,42.28,1226.08,No
6545-MCL,Female,0,Yes,Yes,28,Yes,No,DSL,No,Yes,No,No,No,Yes,Month-to-month,Yes,Electronic check,66.35,1796.23,Yes
3609-HCF,Male,0,No,No,0,Yes,No,DSL,Yes,No,Yes,No,Yes,Yes,Two year,Yes,Electronic check,54.21,0.0,No
8526-OWU,Male,0,No,No,13,Yes,No phone service,DSL,No,Yes,Yes,Yes,No,No,Month-to-month,Yes,Credit card (automatic),39.96,512.8,Yes
2837-ZXR,Male,0,Yes,No,55,Yes,Yes,DSL,No,No,No,No,Yes,Yes,Month-to-month,Yes,Electronic check,67.61,3695.22,No
1740-TNX,Female,0,No,No,25,No,No phone service,Fiber optic,No,No,Yes,Yes,No,Yes,Month-to-month,Yes,Bank transfer (automatic),71.14,1717.88,Yes
7455-AKB,Male,0,No,No,10,No,Yes,Fiber optic,No,No,No,No,No,No,One year,Yes,Electronic check,75.85,789.44,No
1859-ATG,Female,0,No,No,20,Yes,No,No,No internet service,No internet service,No internet service,No internet service,No internet service,No internet service,Two year,Yes,Electronic check,18.0,321.26,No
8083-TIQ,Male,0,No,No,20,Yes,No phone service,DSL,No,No,Yes,No,No,Yes,One year,No,Bank transfer (automatic),51.29,1002.2,No
1198-FXA,Female,0,Yes,No,12,Yes,No,DSL,Yes,Yes,Yes,No,No,No,Two year,Yes,Electronic check,61.9,769.22,No
1732-QGH,Male,0,No,No,7,Yes,Yes,Fiber optic,Yes,No,No,Yes,No,Yes,Two year,No,Bank transfer (automatic),72.26,548.67,Yes
4919-YLK,Female,0,Yes,Yes,55,Yes,No,DSL,Yes,No,Yes,Yes,Yes,Yes,Month-to-month,No,Electronic check,60.44,3304.41,No
5699-OFB,Female,0,No,No,60,No,No,Fiber optic,No,No,Yes,No,Yes,No,Month-to-month,No,Bank transfer (automatic),66.35,3944.71,Yes
4493-NYH,Female,0,No,No,36,Yes,No,Fiber optic,No,No,Yes,No,Yes,Yes,Month-to-month,Yes,Credit card (automatic),85.09,3034.78,No
8973-KCA,Male,0,Yes,No,44,Yes,Yes,No,No internet service,No internet service,No internet service,No internet service,No internet service,No internet service,Month-to-month,Yes,Mailed check,28.1,1275.41,No
8029-NOU,Female,0,Yes,No,67,Yes,No phone service,DSL,Yes,No,No,No,Yes,No,Month-to-month,Yes,Electronic check,48.41,3284.47,No
1301-CUK,Male,1,No,Yes,61,Yes,No,Fiber optic,Yes,Yes,Yes,No,No,No,Month-to-month,Yes,Credit card (automatic),57.62,3526.6,Yes
2395-TGN,Male,0,Yes,No,2,Yes,No,Fiber optic,No,Yes,Yes,No,Yes,Yes,Month-to-month,No,Electronic check,76.24,161.13,Yes
1679-HTA,Male,0,Yes,Yes,69,Yes,No,No,No internet service,No internet service,No internet service,No internet service,No internet service,No internet service,Month-to-month,Yes,Electronic check,31.45,2123.9,No
7355-AVW,Female,1,No,No,4,Yes,Yes,DSL,Yes,No,No,Yes,No,No,One year,No,Credit card (automatic),71.54,302.44,No
5560-VLR,Female,0,No,No,1,No,Yes,Fiber optic,No,No,No,No,No,No,One year,Yes,Electronic check,75.21,102.71,No
5959-OAP,Male,0,Yes,No,29,Yes,No phone service,Fiber optic,Yes,Yes,No,No,Yes,Yes,Two year,No,Bank transfer (automatic),54.69,1591.8,No
7997-ZVJ,Female,0,No,No,54,Yes,No,DSL,No,No,No,No,Yes,Yes,Month-to-month,Yes,Electronic check,37.54,2034.23,No
1533-BXS,Male,1,Yes,No,5,Yes,Yes,Fiber optic,Yes,No,Yes,No,No,Yes,Month-to-month,No,Bank transfer (automatic),59.47,261.24,Yes
4702-CGF,Male,0,Yes,No,21,No,No,Fiber optic,No,No,Yes,Yes,No,Yes,Two year,No,Bank transfer (automatic),95.96,2056.06,No
1349-GZX,Female,0,Yes,No,19,Yes,Yes,DSL,No,No,Yes,No,Yes,Yes,One year,Yes,Mailed check,18.0,294.43,No
6977-HQF,Female,0,Yes,No,29,Yes,No,Fiber optic,No,No,No,No,No,Yes,One year,Yes,Mailed check,76.53,2218.79,No
2320-GUV,Female,0,No,No,71,Yes,No,Fiber optic,No,No,Yes,No,No,No,Month-to-month,No,Electronic check,94.82,6748.23,No
6305-WJA,Male,0,Yes,Yes,24,Yes,No,Fiber optic,Yes,No,No,No,No,No,Month-to-month,Yes,Electronic check,70.04,1720.9,Yes
6632-TDC,Female,1,Yes,No,15,Yes,Yes,DSL,Yes,No,No,No,No,No,Two year,Yes,Credit card (automatic),56.58,885.58,No
4822-QER,Male,0,Yes,No,8,Yes,Yes,Fiber optic,No,No,No,No,No,Yes,One year,No,Credit card (automatic),88.92,751.23,Yes
2032-IZB,Male,0,No,Yes,14,Yes,No,DSL,Yes,Yes,No,No,Yes,Yes,One year,No,Bank transfer (automatic),48.5,668.43,Yes
3571-IAR,Male,0,Yes,No,9,Yes,No,Fiber optic,Yes,Yes,Yes,No,Yes,Yes,Month-to-month,Yes,Bank transfer (automatic),58.48,607.66,Yes
2967-JJV,Female,1,Yes,Yes,41,Yes,Yes,Fiber optic,No,Yes,No,No,Yes,Yes,Month-to-month,Yes,Mailed check,92.99,3850.66,Yes
1118-LQW,Female,0,No,No,30,Yes,Yes,Fiber optic,Yes,No,No,No,Yes,Yes,Month-to-month,Yes,Bank transfer (automatic),84.42,2520.25,Yes
5697-DIH,Female,0,Yes,No,36,No,Yes,Fiber optic,Yes,Yes,Yes,Yes,Yes,No,One year,No,Bank transfer (automatic),85.46,3066.47,No
8993-RGR,Female,0,Yes,No,60,Yes,No,DSL,Yes,Yes,Yes,No,Yes,Yes,Month-to-month,Yes,Electronic check,53.06,3210.21,No
1822-UCB,Female,0,Yes,No,42,Yes,No,DSL,Yes,No,No,Yes,Yes,No,Month-to-month,Yes,Mailed check,54.26,2262.56,Yes
8127-OIF,Male,0,Yes,No,11,Yes,Yes,Fiber optic,No,Yes,Yes,No,Yes,No,Month-to-month,Yes,Electronic check,68.87,712.86,Yes
9121-RCG,Female,0,Yes,No,27,Yes,No phone service,DSL,Yes,No,No,No,No,No,Two year,No,Mailed check,61.15,1653.94,No
5861-QHC,Male,0,No,No,22,Yes,No,Fiber optic,Yes,No,Yes,Yes,Yes,Yes,Month-to-month,Yes,Bank transfer (automatic),87.76,1851.19,No
9470-XMH,Male,0,No,Yes,60,Yes,Yes,Fiber optic,No,No,Yes,No,No,Yes,Month-to-month,No,Mailed check,72.92,4387.74,No
3448-FAZ,Female,0,Yes,No,22,Yes,Yes,No,No internet service,No internet service,No internet service,No internet service,No internet service,No internet service,One year,Yes,Bank transfer (automatic),52.07,1167.87,No
5398-FEM,Female,1,Yes,No,10,Yes,No,DSL,Yes,Yes,No,Yes,Yes,No,Two year,No,Credit card (automatic),49.64,487.09,No
1673-VDY,Female,0,No,No,53,Yes,No phone service,Fiber optic,No,Yes,No,Yes,No,Yes,One year,Yes,Credit card (automatic),71.34,3821.27,No
5703-LGP,Male,0,No,Yes,31,Yes,Yes,DSL,No,No,Yes,Yes,No,Yes,Two year,No,Credit card (automatic),70.84,2225.86,No
4805-HNB,Female,0,Yes,No,6,Yes,No,No,No internet service,No internet service,No internet service,No internet service,No internet service,No internet service,Month-to-month,No,Credit card (automatic),40.27,205.96,No
1441-ZOW,Female,1,Yes,No,50,No,No,Fiber optic,No,No,No,No,No,Yes,Two year,Yes,Mailed check,78.15,3909.05,Yes
5044-XOQ,Female,0,No,No,15,No,Yes,Fiber optic,No,Yes,No,Yes,Yes,No,Two year,Yes,Bank transfer (automatic),76.31,1126.47,No
7293-GSB,Male,1,No,Yes,63,Yes,No,Fiber optic,No,Yes,No,Yes,Yes,Yes,Month-to-month,No,Bank transfer (automatic),80.85,5082.24,No
7262-MBG,Female,0,No,Yes,60,No,Yes,DSL,Yes,Yes,Yes,No,Yes,Yes,One year,Yes,Credit card (automatic),54.98,3338.92,Yes
9141-MVT,Male,0,No,No,26,Yes,Yes,Fiber optic,No,Yes,Yes,Yes,No,No,Month-to-month,No,Bank transfer (automatic),76.96,2022.85,No
8909-TEP,Male,0,No,Yes,40,Yes,Yes,No,No internet service,No internet service,No internet service,No internet service,No internet service,No internet service,Month-to-month,No,Mailed check,28.75,1124.89,Yes
6279-ZYO,Male,0,No,Yes,41,Yes,Yes,DSL,Yes,Yes,No,No,Yes,No,Month-to-month,Yes,Credit card (automatic),52.49,2159.94,No
9394-YJI,Male,0,No,No,47,Yes,No,No,No internet service,No internet service,No internet service,No internet service,No internet service,No internet service,Month-to-month,Yes,Bank transfer (automatic),67.63,3152.16,No
8674-RMX,Female,0,No,Yes,5,Yes,Yes,No,No internet service,No internet service,No internet service,No internet service,No internet service,No internet service,Two year,Yes,Electronic check,40.5,185.53,No
1740-PZV,Female,0,Yes,Yes,23,Yes,No,No,No internet service,No internet service,No internet service,No internet service,No internet service,No internet service,Month-to-month,No,Bank transfer (automatic),41.86,1016.65,Yes
3778-WHA,Female,1,No,No,12,Yes,Yes,No,No internet service,No internet service,No internet service,No internet service,No internet service,No internet service,One year,Yes,Bank transfer (automatic),26.79,410.62,No
9098-WTX,Male,0,No,Yes,50,Yes,No,DSL,No,No,Yes,No,No,Yes,Month-to-month,No,Bank transfer (automatic),57.55,2939.77,No
4272-DUK,Male,0,Yes,No,5,Yes,No,Fiber optic,No,No,No,No,No,Yes,Month-to-month,Yes,Credit card (automatic),76.73,393.36,Yes
1180-JPQ,Male,0,No,No,37,Yes,Yes,DSL,No,Yes,No,No,Yes,Yes,Month-to-month,No,Bank transfer (automatic),46.16,1714.36,No
3435-JOV,Male,0,Yes,Yes,53,Yes,Yes,Fiber optic,Yes,No,No,No,Yes,No,Month-to-month,Yes,Credit card (automatic),61.45,3292.53,Yes
3967-KSE,Male,0,No,Yes,69,Yes,No,DSL,Yes,Yes,Yes,No,No,No,One year,Yes,Mailed check,49.38,3410.77,No
6718-DSY,Male,0,No,Yes,21,Yes,No,No,No internet service,No internet service,No internet service,No internet service,No internet service,No internet service,Two year,Yes,Electronic check,40.55,801.64,No
7384-OTO,Male,0,No,Yes,0,Yes,Yes,DSL,No,No,No,Yes,Yes,Yes,Month-to-month,Yes,Mailed check,60.31,0.0,Yes
9853-CLP,Female,1,No,No,52,Yes,Yes,DSL,Yes,Yes,No,No,No,Yes,Two year,Yes,Mailed check,34.26,1739.95,No
7804-IFH,Female,0,Yes,Yes,0,Yes,Yes,DSL,Yes,Yes,Yes,No,No,Yes,One year,No,Credit card (automatic),36.37,0.0,No
9655-QWS,Male,0,Yes,No,4,No,Yes,Fiber optic,Yes,No,No,Yes,Yes,No,One year,Yes,Bank transfer (automatic),75.49,328.55,No
1870-SUY,Male,0,No,Yes,72,Yes,No,DSL,No,Yes,Yes,Yes,No,Yes,Month-to-month,Yes,Mailed check,48.72,3572.93,No
6256-IKS,Male,0,No,No,62,Yes,Yes,DSL,No,No,Yes,Yes,Yes,Yes,Month-to-month,No,Mailed check,34.46,2166.71,No
1996-UQL,Female,0,No,No,51,Yes,No,DSL,No,Yes,No,No,No,No,Two year,No,Credit card (automatic),49.13,2485.06,No
5707-AVY,Female,0,No,No,60,Yes,No,DSL,No,No,Yes,No,Yes,No,One year,Yes,Electronic check,43.51,2648.59,No
4568-RND,Male,0,No,No,5,No,No,No,No internet service,No internet service,No internet service,No internet service,No internet service,No internet service,Month-to-month,Yes,Electronic check,19.51,84.83,No
4879-UCO,Male,0,No,No,6,Yes,Yes,Fiber optic,No,No,No,No,No,No,Two year,Yes,Bank transfer (automatic),71.69,395.93,No
5157-MYK,Female,0,Yes,Yes,21,Yes,Yes,DSL,Yes,Yes,No,Yes,Yes,Yes,Month-to-month,Yes,Bank transfer (automatic),41.52,807.82,No
1148-OTV,Male,1,No,No,1,Yes,No,DSL,No,Yes,Yes,No,No,No,Two year,Yes,Mailed check,66.33,62.0,No
4809-JEG,Male,1,Yes,No,64,Yes,No,DSL,No,Yes,No,No,No,No,Month-to-month,Yes,Electronic check,75.1,4747.3,No
7135-PJX,Female,0,Yes,Yes,4,Yes,No,Fiber optic,Yes,Yes,No,Yes,Yes,No,Two year,No,Mailed check,74.56,348.52,No
9923-RNS,Male,0,No,No,39,Yes,Yes,DSL,Yes,Yes,No,No,Yes,Yes,Month-to-month,No,Electronic check,43.79,1652.83,Yes
4718-FZV,Female,1,No,No,62,Yes,Yes,DSL,Yes,Yes,No,No,Yes,Yes,Month-to-month,Yes,Electronic check,40.43,2493.36,Yes
3566-BZZ,Male,0,No,No,53,No,Yes,DSL,No,No,Yes,No,Yes,No,One year,Yes,Mailed check,55.57,2933.4,No
7970-POB,Female,0,Yes,No,17,Yes,No,DSL,No,Yes,Yes,No,Yes,No,Month-to-month,No,Electronic check,51.08,874.37,Yes
4341-HBC,Female,0,No,No,34,Yes,No,Fiber optic,No,No,Yes,Yes,No,No,Two year,Yes,Mailed check,85.64,2881.4,No
9481-CQY,Male,0,No,No,40,Yes,Yes,DSL,No,No,No,Yes,No,No,One year,No,Bank transfer (automatic),76.27,3090.52,No
5726-GQD,Male,0,No,No,56,No,No,Fiber optic,Yes,Yes,No,No,No,No,Month-to-month,No,Electronic check,53.01,2974.27,Yes
8988-HHO,Female,0,No,No,31,Yes,No,Fiber optic,No,Yes,Yes,No,Yes,Yes,Month-to-month,No,Mailed check,100.64,3119.22,No
5666-XVG,Male,0,No,No,20,Yes,No,No,No internet service,No internet service,No internet service,No internet service,No internet service,No internet service,Two year,No,Mailed check,22.5,427.24,No
8959-GSV,Female,0,No,Yes,58,Yes,Yes,DSL,No,No,Yes,No,No,No,One year,Yes,Electronic check,49.94,2915.76,No
6291-GKW,Male,0,Yes,Yes,64,Yes,No,No,No internet service,No internet service,No internet service,No internet service,No internet service,No internet service,Two year,No,Bank transfer (automatic),32.02,2098.19,No
3193-EQV,Male,0,Yes,Yes,35,Yes,No,No,No internet service,No internet service,No internet service,No internet service,No internet service,No internet service,Month-to-month,No,Electronic check,56.67,2077.77,Yes
7425-IMK,Female,0,Yes,No,2,No,No,No,No internet service,No internet service,No internet service,No internet service,No internet service,No internet service,Two year,Yes,Credit card (automatic),48.36,63.78,No
9513-PEB,Male,0,No,Yes,36,Yes,No,No,No internet service,No internet service,No internet service,No internet service,No internet service,No internet service,Month-to-month,No,Bank transfer (automatic),28.01,1003.58,No
5660-LRN,Female,0,Yes,No,64,Yes,No phone service,DSL,No,No,No,Yes,Yes,No,One year,Yes,Electronic check,68.97,4347.33,No
9481-TGW,Male,1,Yes,No,72,Yes,No phone service,No,No internet service,No internet service,No internet service,No internet service,No internet service,No internet service,Month-to-month,Yes,Credit card (automatic),60.54,4382.67,No
3199-SMM,Male,1,Yes,Yes,29,Yes,Yes,No,No internet service,No internet service,No internet service,No internet service,No internet service,No internet service,Month-to-month,Yes,Mailed check,44.53,1243.59,Yes
7327-IIA,Female,1,No,No,10,Yes,No phone service,DSL,Yes,Yes,No,No,No,Yes,Two year,No,Electronic check,61.47,624.34,No
5577-ZDT,Female,0,No,No,41,Yes,No,DSL,Yes,No,No,No,No,Yes,Two year,Yes,Mailed check,48.16,2017.78,No
9375-RFH,Male,0,No,No,60,Yes,No,No,No internet service,No internet service,No internet service,No internet service,No internet service,No internet service,Month-to-month,Yes,Bank transfer (automatic),18.0,1065.58,No
3278-ALO,Female,0,Yes,Yes,68,Yes,Yes,DSL,Yes,No,Yes,Yes,Yes,Yes,Two year,No,Bank transfer (automatic),88.83,6007.82,No
2246-XYC,Male,0,No,No,3,Yes,Yes,Fiber optic,Yes,No,Yes,Yes,No,Yes,Month-to-month,Yes,Bank transfer (automatic),70.43,257.42,Yes
6893-SRS,Male,0,Yes,Yes,21,Yes,Yes,Fiber optic,No,Yes,No,No,Yes,Yes,Month-to-month,Yes,Credit card (automatic),76.43,1629.9,Yes
2809-CIU,Female,0,Yes,Yes,34,Yes,Yes,Fiber optic,No,Yes,No,Yes,Yes,No,Month-to-month,Yes,Credit card (automatic),87.44,2933.42,Yes
2735-RCC,Male,0,Yes,No,7,No,No,DSL,No,Yes,Yes,No,No,No,Month-to-month,Yes,Electronic check,58.87,416.98,Yes
4862-GLF,Female,0,No,No,64,Yes,Yes,Fiber optic,Yes,Yes,Yes,No,No,Yes,Month-to-month,No,Credit card (automatic),67.16,4268.36,No
7075-CLQ,Male,0,Yes,Yes,8,Yes,Yes,Fiber optic,No,No,Yes,Yes,Yes,Yes,Month-to-month,Yes,Electronic check,81.28,687.36,Yes
9901-SMT,Male,0,No,Yes,48,Yes,No,No,No internet service,No internet service,No internet service,No internet service,No internet service,No internet service,Month-to-month,No,Credit card (automatic),59.73,2871.34,Yes
5040-DGC,Female,0,Yes,No,67,Yes,Yes,DSL,No,No,Yes,Yes,No,Yes,One year,No,Electronic check,56.64,3848.35,No
6530-DVB,Female,0,Yes,No,50,Yes,No,DSL,Yes,No,No,No,Yes,No,Two year,No,Electronic check,59.93,2963.9,No
9698-VDK,Female,0,No,No,55,Yes,No,DSL,No,Yes,No,No,Yes,No,One year,Yes,Mailed check,43.33,2391.1,No
1243-VZN,Male,1,No,No,19,Yes,No,DSL,No,No,Yes,No,Yes,Yes,Month-to-month,Yes,Electronic check,37.67,715.3,No
4748-RRL,Female,0,Yes,No,60,Yes,Yes,No,No internet service,No internet service,No internet service,No internet service,No internet service,No internet service,One year,No,Credit card (automatic),44.15,2657.91,No
9548-ZAV,Female,0,No,No,30,Yes,No,DSL,No,No,Yes,No,Yes,No,Month-to-month,Yes,Electronic check,43.24,1277.38,No
2546-YUK,Female,0,Yes,Yes,4,Yes,No,DSL,No,Yes,No,No,Yes,No,One year,Yes,Mailed check,44.67,99.9,No
7135-ILI,Female,1,Yes,No,26,Yes,No,No,No internet service,No internet service,No internet service,No internet service,No internet service,No internet service,One year,Yes,Credit card (automatic),52.51,1389.03,No
9631-YRI,Female,0,Yes,No,25,Yes,No,DSL,Yes,No,No,Yes,Yes,No,Month-to-month,Yes,Bank transfer (automatic),54.71,1369.63,No
1262-ECH,Male,1,No,No,38,Yes,Yes,DSL,Yes,Yes,Yes,No,Yes,Yes,Month-to-month,Yes,Bank transfer (automatic),56.52,2118.67,No
8961-QYH,Male,1,Yes,No,19,Yes,No,Fiber optic,No,Yes,Yes,Yes,No,Yes,Two year,No,Credit card (automatic),71.6,1342.84,Yes
3207-MFX,Female,0,Yes,No,33,Yes,No phone service,Fiber optic,No,Yes,Yes,Yes,Yes,Yes,Two year,No,Electronic check,89.62,2916.54,No
1391-QDR,Male,0,Yes,No,31,Yes,No,No,No internet service,No internet service,No internet service,No internet service,No internet service,No internet service,One year,No,Electronic check,42.41,1249.67,No
3179-TXG,Male,0,No,No,23,Yes,No,Fiber optic,No,No,Yes,No,Yes,Yes,Two year,No,Electronic check,92.23,2157.65,No
2214-MBV,Female,0,Yes,No,50,Yes,No,DSL,No,No,Yes,Yes,No,No,Two year,No,Electronic check,39.21,1980.51,No
9813-ZCZ,Female,1,Yes,Yes,22,Yes,No,Fiber optic,No,No,Yes,Yes,Yes,Yes,Month-to-month,No,Electronic check,85.07,1824.24,No
2538-DNO,Female,1,Yes,No,55,Yes,No,No,No internet service,No internet service,No internet service,No internet service,No internet service,No internet service,One year,No,Bank transfer (automatic),27.38,1594.27,No
3442-RKV,Female,0,Yes,No,18,No,Yes,Fiber optic,Yes,No,No,Yes,Yes,No,Month-to-month,No,Electronic check,64.26,1117.24,Yes
4751-POV,Female,0,Yes,No,63,Yes,No,Fiber optic,Yes,Yes,Yes,No,No,Yes,Month-to-month,Yes,Bank transfer (automatic),83.44,5281.73,No
1175-EVF,Female,0,Yes,Yes,26,Yes,Yes,Fiber optic,Yes,No,Yes,No,Yes,Yes,Month-to-month,Yes,Bank transfer (automatic),88.45,2299.83,No
4201-NZW,Male,0,Yes,Yes,2,Yes,Yes,Fiber optic,Yes,Yes,Yes,No,No,Yes,Two year,Yes,Mailed check,79.87,115.54,No
8698-PAF,Male,0,Yes,No,10,Yes,Yes,Fiber optic,No,No,Yes,No,No,Yes,One year,No,Mailed check,57.15,583.74,No
8553-JFE,Male,0,Yes,No,58,Yes,No,DSL,No,Yes,No,Yes,Yes,Yes,Month-to-month,No,Electronic check,55.97,3239.8,Yes
1001-LBF,Male,1,Yes,Yes,63,Yes,Yes,Fiber optic,Yes,No,No,Yes,No,No,Month-to-month,No,Bank transfer (automatic),84.25,5285.46,No
8735-PJN,Male,0,Yes,No,15,Yes,Yes,DSL,No,No,Yes,No,No,No,Month-to-month,No,Mailed check,48.57,774.72,No
3967-TUN,Female,0,No,No,43,Yes,No,Fiber optic,Yes,No,No,No,Yes,No,One year,No,Credit card (automatic),76.63,3316.93,No
9935-BXP,Male,0,No,Yes,41,Yes,No,Fiber optic,No,Yes,No,Yes,Yes,Yes,Two year,Yes,Mailed check,69.13,2859.5,No
9664-NCQ,Female,0,Yes,No,9,Yes,No,DSL,No,Yes,No,No,Yes,Yes,Month-to-month,Yes,Bank transfer (automatic),71.24,633.63,Yes
4674-XGA,Female,0,No,No,32,Yes,No,DSL,Yes,Yes,No,No,No,No,Month-to-month,No,Mailed check,34.99,1132.01,No
6560-MZO,Female,0,Yes,No,50,Yes,Yes,No,No internet service,No internet service,No internet service,No internet service,No internet service,No internet service,One year,Yes,Mailed check,39.83,1990.56,No
9695-VRW,Female,0,Yes,No,70,Yes,No,DSL,Yes,Yes,No,No,No,Yes,Month-to-month,No,Mailed check,36.11,2545.17,Yes
7975-PWK,Male,1,No,No,61,Yes,No,DSL,Yes,Yes,No,No,Yes,Yes,Month-to-month,No,Bank transfer (automatic),57.9,3497.9,No
4968-HOP,Female,0,No,No,7,Yes,Yes,DSL,Yes,Yes,No,No,No,Yes,Month-to-month,Yes,Mailed check,48.08,253.46,Yes
8875-AKH,Male,0,No,No,17,No,No phone service,Fiber optic,No,Yes,No,No,No,No,Month-to-month,No,Credit card (automatic),80.9,1422.76,No
4377-NVH,Male,0,No,No,31,Yes,No,DSL,Yes,No,Yes,Yes,Yes,No,Month-to-month,No,Electronic check,57.83,1792.21,No
8856-YTA,Female,0,Yes,Yes,10,No,Yes,No,No internet service,No internet service,No internet service,No internet service,No internet service,No internet service,Two year,No,Credit card (automatic),18.0,200.01,No
5208-MKX,Male,0,Yes,No,41,Yes,No phone service,Fiber optic,Yes,No,Yes,No,No,Yes,Month-to-month,No,Credit card (automatic),94.35,3844.39,No
2062-CIF,Male,0,No,No,0,Yes,No,DSL,No,Yes,No,No,No,Yes,Month-to-month,Yes,Electronic check,60.21,0.0,Yes
3089-XEB,Male,0,No,No,8,Yes,No,Fiber optic,Yes,Yes,No,No,No,Yes,One year,No,Electronic check,70.51,617.29,Yes
7755-RRP,Male,1,No,No,3,No,No,DSL,Yes,Yes,No,No,Yes,No,Two year,Yes,Bank transfer (automatic),51.67,167.75,No
1615-ZEE,Female,0,No,No,21,Yes,No,DSL,No,No,Yes,No,Yes,Yes,Month-to-month,Yes,Electronic check,53.66,1204.02,Yes
4233-ELK,Female,0,No,No,55,Yes,No,Fiber optic,No,No,Yes,No,Yes,No,Month-to-month,Yes,Electronic check,67.23,3728.86,No
8649-ABM,Female,0,No,No,12,Yes,No,DSL,Yes,No,No,No,Yes,No,One year,No,Mailed check,71.2,831.01,No
3014-QXE,Female,0,No,No,72,Yes,Yes,No,No internet service,No internet service,No internet service,No internet service,No internet service,No internet service,Month-to-month,No,Bank transfer (automatic),27.2,1973.86,No
4329-CFX,Male,0,Yes,No,19,Yes,Yes,Fiber optic,Yes,No,Yes,No,No,Yes,One year,Yes,Electronic check,119.0,2319.88,No
6245-BYS,Female,0,No,No,3,Yes,No,DSL,No,No,No,No,Yes,No,Month-to-month,No,Credit card (automatic),71.31,221.64,Yes
9406-MNA,Female,1,No,No,24,Yes,Yes,No,No internet service,No internet service,No internet service,No internet service,No internet service,No internet service,Month-to-month,No,Electronic check,46.77,1145.07,Yes
1934-JDC,Female,0,Yes,Yes,54,Yes,No,Fiber optic,No,Yes,No,Yes,No,Yes,Month-to-month,No,Electronic check,86.5,4720.45,Yes
3822-QWF,Female,0,Yes,No,7,Yes,Yes,DSL,No,Yes,Yes,Yes,Yes,Yes,One year,Yes,Electronic check,56.14,310.89,Yes
8191-AZM,Female,0,No,No,5,Yes,Yes,Fiber optic,Yes,Yes,No,No,No,No,Month-to-month,Yes,Credit card (automatic),81.57,432.4,Yes
5555-FPT,Male,0,No,Yes,62,Yes,No,No,No internet service,No internet service,No internet service,No internet service,No internet service,No internet service,Month-to-month,Yes,Credit card (automatic),42.76,2698.26,No
3845-ANV,Male,0,Yes,No,43,Yes,Yes,Fiber optic,No,No,Yes,Yes,Yes,No,Month-to-month,No,Electronic check,71.14,3032.16,Yes
7511-PBF,Female,0,Yes,No,25,Yes,No,Fiber optic,No,No,No,No,No,No,One year,Yes,Bank transfer (automatic),98.05,2487.84,No
8984-WPZ,Male,1,Yes,Yes,55,Yes,No,Fiber optic,No,Yes,Yes,No,No,Yes,Month-to-month,Yes,Electronic check,73.42,4037.92,No
3816-WIA,Female,0,No,No,61,Yes,No,DSL,No,Yes,Yes,No,No,Yes,One year,No,Electronic check,46.09,2752.27,No
9921-OHO,Female,0,No,No,26,Yes,No,DSL,Yes,No,No,Yes,Yes,Yes,One year,Yes,Electronic check,27.58,744.75,No
6029-XJV,Male,0,Yes,No,40,Yes,Yes,Fiber optic,No,No,Yes,Yes,No,Yes,Month-to-month,No,Credit card (automatic),69.63,2784.87,No
5985-VLB,Male,0,Yes,No,0,Yes,No,No,No internet service,No internet service,No internet service,No internet service,No internet service,No internet service,Two year,No,Mailed check,19.14,0.0,No
5392-HCN,Male,0,Yes,No,22,Yes,No,Fiber optic,No,No,Yes,No,No,Yes,Two year,Yes,Mailed check,56.56,1266.93,Yes
1572-NWQ,Male,0,Yes,Yes,43,Yes,No,DSL,No,No,No,No,No,Yes,Month-to-month,Yes,Electronic check,59.65,2531.73,No
8645-ZZV,Male,0,Yes,Yes,14,Yes,No,Fiber optic,No,No,No,No,Yes,No,Month-to-month,Yes,Credit card (automatic),83.66,1198.25,No
6522-RHW,Male,0,Yes,Yes,72,Yes,No phone service,DSL,No,No,No,Yes,No,No,Month-to-month,No,Credit card (automatic),76.1,5447.27,No
8879-OYY,Male,0,No,Yes,70,Yes,Yes,DSL,No,No,No,No,Yes,Yes,Month-to-month,Yes,Electronic check,57.08,4048.55,No
3637-SKW,Female,0,Yes,No,18,Yes,Yes,Fiber optic,No,No,Yes,No,Yes,Yes,Month-to-month,Yes,Bank transfer (automatic),60.59,1130.49,No
5551-VLP,Male,0,No,No,28,Yes,Yes,DSL,No,Yes,No,No,No,Yes,Two year,Yes,Bank transfer (automatic),59.87,1730.18,No
6255-RXO,Female,0,No,No,13,Yes,Yes,No,No internet service,No internet service,No internet service,No internet service,No internet service,No internet service,Two year,Yes,Credit card (automatic),43.77,585.26,No
9236-DCQ,Male,0,Yes,No,36,Yes,No,Fiber optic,No,Yes,No,No,No,Yes,Month-to-month,No,Mailed check,84.05,3010.97,Yes
7448-MDW,Female,0,Yes,Yes,9,Yes,Yes,Fiber optic,No,Yes,Yes,Yes,No,No,Month-to-month,Yes,Electronic check,82.45,716.82,No
3934-MKF,Female,0,Yes,No,28,Yes,Yes,No,No internet service,No internet service,No internet service,No internet service,No internet service,No internet service,Month-to-month,No,Mailed check,38.11,1039.76,No
9180-EJU,Female,0,No,No,40,Yes,No,Fiber optic,No,No,Yes,No,No,No,Month-to-month,No,Bank transfer (automatic),73.39,2929.56,Yes
6412-AQU,Female,0,Yes,Yes,44,Yes,No,No,No internet service,No internet service,No internet service,No internet service,No internet service,No internet service,Month-to-month,No,Mailed check,49.13,2137.7,No
4245-USN,Male,0,No,No,43,Yes,No,No,No internet service,No internet service,No internet service,No internet service,No internet service,No internet service,Two year,No,Electronic check,19.72,859.33,No
5743-QIE,Male,0,No,No,16,Yes,Yes,Fiber optic,No,No,No,No,Yes,No,Two year,Yes,Credit card (automatic),45.68,702.69,No
5106-AFK,Male,0,No,No,57,Yes,Yes,DSL,Yes,Yes,No,Yes,No,No,Month-to-month,Yes,Credit card (automatic),83.55,4740.57,No
1304-WJJ,Female,0,No,Yes,50,Yes,No,DSL,No,Yes,No,No,No,No,One year,Yes,Mailed check,53.52,2662.67,No
9251-UJG,Male,1,Yes,No,54,Yes,Yes,No,No internet service,No internet service,No internet service,No internet service,No internet service,No internet service,One year,Yes,Mailed check,49.25,2632.33,Yes
8971-KCL,Female,0,Yes,Yes,34,Yes,Yes,DSL,No,No,Yes,No,Yes,Yes,Two year,No,Mailed check,22.64,757.78,No
5239-PHV,Male,0,No,No,65,Yes,Yes,No,No internet service,No internet service,No internet service,No internet service,No internet service,No internet service,Month-to-month,Yes,Mailed check,50.99,3334.78,No
4753-NSU,Female,1,No,No,28,Yes,Yes,DSL,No,No,Yes,No,Yes,No,Month-to-month,Yes,Electronic check,55.51,1523.34,No
3786-ADO,Male,0,No,Yes,58,No,No,Fiber optic,No,Yes,No,No,Yes,Yes,One year,No,Mailed check,50.87,2908.33,No
1368-LHH,Female,0,No,Yes,14,Yes,No,DSL,No,Yes,No,No,Yes,No,Month-to-month,No,Mailed check,45.4,629.36,No
7451-QMA,Female,0,Yes,Yes,18,Yes,No,No,No internet service,No internet service,No internet service,No internet service,No internet service,No internet service,One year,No,Credit card (automatic),42.9,732.33,Yes
9880-ZFR,Female,0,Yes,No,38,Yes,No,DSL,No,Yes,No,No,Yes,Yes,Month-to-month,Yes,Electronic check,40.34,1579.7,No
9207-PVG,Female,0,No,No,40,Yes,No,Fiber optic,No,No,Yes,Yes,Yes,No,One year,Yes,Electronic check,74.2,2943.55,Yes
7976-KSG,Female,0,Yes,No,54,Yes,Yes,No,No internet service,No internet service,No internet service,No internet service,No internet service,No internet service,Two year,Yes,Mailed check,30.04,1623.84,No
1186-BUZ,Male,0,No,No,21,Yes,Yes,DSL,No,Yes,Yes,Yes,No,Yes,Month-to-month,No,Credit card (automatic),61.8,1313.69,No
2871-AHV,Female,0,Yes,No,63,Yes,No,DSL,No,Yes,No,No,No,Yes,Month-to-month,No,Mailed check,43.91,2722.16,No
2983-LLX,Male,1,Yes,No,24,Yes,No,No,No internet service,No internet service,No internet service,No internet service,No internet service,No internet service,One year,No,Electronic check,33.35,770.83,No
2928-WWB,Female,0,No,No,38,Yes,No,No,No internet service,No internet service,No internet service,No internet service,No internet service,No internet service,Month-to-month,Yes,Mailed check,29.88,1113.39,No
7118-EQB,Male,1,Yes,No,68,Yes,No,DSL,No,No,Yes,No,Yes,Yes,One year,No,Electronic check,59.44,4069.31,No
7665-BIS,Male,0,No,No,39,Yes,No,Fiber optic,Yes,Yes,Yes,No,Yes,Yes,One year,Yes,Mailed check,77.44,3084.26,Yes
5973-EQX,Male,0,No,No,49,Yes,Yes,DSL,No,No,No,No,Yes,No,Month-to-month,Yes,Bank transfer (automatic),56.02,2809.94,No
6069-BPB,Male,0,No,Yes,66,Yes,Yes,DSL,No,No,Yes,No,No,Yes,Two year,No,Mailed check,30.89,2083.31,No
1554-ELC,Female,1,Yes,Yes,71,Yes,Yes,Fiber optic,No,Yes,Yes,No,Yes,No,Month-to-month,Yes,Bank transfer (automatic),83.93,5915.63,Yes
6206-GCQ,Female,1,Yes,No,36,Yes,Yes,DSL,No,No,Yes,No,Yes,No,One year,Yes,Electronic check,74.72,2659.24,Yes
2640-EOO,Female,0,Yes,No,30,No,Yes,Fiber optic,Yes,No,Yes,No,No,Yes,Month-to-month,Yes,Bank transfer (automatic),93.49,2853.26,No
2569-MNG,Male,0,No,Yes,14,No,No,DSL,Yes,Yes,Yes,No,Yes,Yes,Month-to-month,Yes,Credit card (automatic),59.39,884.85,No
2986-YEZ,Male,0,Yes,Yes,39,Yes,Yes,No,No internet service,No internet service,No internet service,No internet service,No internet service,No internet service,Month-to-month,Yes,Mailed check,36.22,1440.43,No
8134-BVK,Male,0,No,No,67,Yes,No,Fiber optic,No,No,No,No,Yes,Yes,Two year,No,Credit card (automatic),53.96,3643.52,No
3969-OIN,Male,0,Yes,No,35,Yes,No phone service,DSL,No,Yes,No,No,Yes,No,Two year,Yes,Mailed check,52.23,1813.03,No
4715-OFW,Female,0,No,No,25,Yes,Yes,No,No internet service,No internet service,No internet service,No internet service,No internet service,No internet service,Two year,No,Bank transfer (automatic),60.19,1564.81,No
5947-UZR,Female,0,Yes,No,7,Yes,Yes,No,No internet service,No internet service,No internet service,No internet service,No internet service,No internet service,Month-to-month,No,Electronic check,40.19,255.74,Yes
7856-XHU,Male,0,Yes,No,28,Yes,No,DSL,No,No,No,No,Yes,Yes,Month-to-month,No,Credit card (automatic),32.52,854.19,Yes
4162-DFU,Female,1,Yes,No,17,No,No,No,No internet service,No internet service,No internet service,No internet service,No internet service,No internet service,Two year,No,Electronic check,38.14,676.43,No
7296-UIW,Female,0,Yes,Yes,71,Yes,No,DSL,No,No,No,Yes,No,No,One year,No,Electronic check,42.33,2985.03,No
8879-ASZ,Male,1,Yes,Yes,38,Yes,No,DSL,No,No,No,No,Yes,Yes,Month-to-month,Yes,Electronic check,60.26,2244.43,No
4232-TKV,Male,0,No,No,10,Yes,Yes,Fiber optic,Yes,No,Yes,No,No,No,Two year,No,Mailed check,95.99,990.63,No
2200-TMY,Male,0,Yes,No,4,Yes,Yes,DSL,No,No,Yes,No,No,Yes,Month-to-month,Yes,Bank transfer (automatic),54.72,154.89,Yes
9397-TQI,Male,0,No,Yes,62,Yes,No,Fiber optic,No,Yes,Yes,No,Yes,No,Month-to-month,Yes,Bank transfer (automatic),59.23,3688.16,No
5343-RKX,Female,1,No,No,67,Yes,No,Fiber optic,No,Yes,No,No,Yes,Yes,Two year,No,Electronic check,79.31,5298.14,No
6512-MXD,Female,0,No,No,55,Yes,Yes,No,No internet service,No internet service,No internet service,No internet service,No internet service,No internet service,Month-to-month,Yes,Bank transfer (automatic),32.12,1822.65,No
4561-BPZ,Male,0,No,Yes,9,Yes,Yes,DSL,Yes,No,Yes,No,No,Yes,Month-to-month,No,Electronic check,39.65,372.86,No
9831-UPA,Male,0,Yes,No,7,Yes,Yes,DSL,No,No,Yes,Yes,No,No,Month-to-month,No,Bank transfer (automatic),76.32,571.82,Yes
7228-LWX,Male,0,No,No,14,Yes,No,Fiber optic,Yes,Yes,No,No,No,Yes,Two year,No,Electronic check,77.68,1049.57,No
5104-ZBT,Female,0,Yes,Yes,54,Yes,Yes,DSL,Yes,Yes,Yes,Yes,Yes,Yes,Month-to-month,Yes,Mailed check,38.17,2001.89,No
4940-PDK,Male,0,Yes,Yes,55,Yes,No phone service,No,No internet service,No internet service,No internet service,No internet service,No internet service,No internet service,One year,Yes,Mailed check,56.22,3079.42,Yes
8996-VUI,Male,0,Yes,Yes,61,Yes,No phone service,Fiber optic,No,Yes,Yes,No,No,No,Month-to-month,Yes,Mailed check,96.62,5915.23,No
7872-EKI,Male,1,Yes,No,7,Yes,No,No,No internet service,No internet service,No internet service,No internet service,No internet service,No internet service,Month-to-month,Yes,Bank transfer (automatic),44.22,312.03,Yes
7774-MPD,Female,0,Yes,Yes,11,Yes,No,Fiber optic,No,No,No,No,No,Yes,Month-to-month,Yes,Credit card (automatic),53.61,629.99,No
1952-YEB,Female,0,No,Yes,65,Yes,Yes,DSL,No,No,Yes,Yes,Yes,No,Month-to-month,No,Mailed check,49.33,3225.57,No
8437-IWJ,Female,0,No,No,67,Yes,No,DSL,No,No,Yes,No,Yes,No,Month-to-month,No,Mailed check,41.84,2766.55,No
6791-IGU,Male,1,Yes,Yes,52,Yes,Yes,Fiber optic,No,Yes,No,Yes,Yes,Yes,Month-to-month,No,Electronic check,85.17,4445.1,Yes
9138-BWG,Male,0,Yes,No,7,Yes,Yes,No,No internet service,No internet service,No internet service,No internet service,No internet service,No internet service,One year,Yes,Bank transfer (automatic),43.1,307.72,No
7367-QTG,Female,0,Yes,Yes,5,Yes,No,DSL,No,No,Yes,Yes,Yes,Yes,One year,Yes,Mailed check,52.48,306.88,No
1982-ITC,Female,0,Yes,No,4,Yes,No,DSL,No,Yes,No,No,No,No,One year,No,Bank transfer (automatic),52.0,175.59,Yes
8883-BRU,Female,1,Yes,No,50,Yes,Yes,Fiber optic,No,Yes,No,No,Yes,No,Two year,Yes,Bank transfer (automatic),65.42,3247.79,No
9395-SCD,Male,0,Yes,No,61,Yes,Yes,DSL,No,Yes,No,No,Yes,No,Month-to-month,Yes,Mailed check,39.07,2397.16,No
2416-KZI,Female,0,No,Yes,46,Yes,Yes,Fiber optic,No,Yes,No,Yes,No,Yes,Month-to-month,No,Credit card (automatic),61.62,2884.0,No
8909-CGV,Female,0,Yes,No,19,Yes,No,DSL,No,Yes,No,No,Yes,Yes,Month-to-month,Yes,Electronic check,58.79,1110.03,Yes
9368-SBN,Male,0,Yes,No,55,Yes,No,Fiber optic,No,No,Yes,No,No,No,One year,Yes,Bank transfer (automatic),74.4,4112.88,No
5076-VFZ,Female,0,Yes,Yes,4,Yes,No,Fiber optic,No,No,Yes,No,Yes,No,Month-to-month,Yes,Mailed check,89.57,359.51,Yes
9316-WZR,Female,0,No,No,60,Yes,Yes,No,No internet service,No internet service,No internet service,No internet service,No internet service,No internet service,Month-to-month,Yes,Electronic check,47.64,2856.91,No
1997-DWW,Male,0,No,No,65,Yes,No,Fiber optic,No,Yes,No,No,No,No,Month-to-month,No,Electronic check,62.46,4100.22,No
1591-PYK,Male,0,No,No,52,Yes,Yes,DSL,No,Yes,Yes,No,No,Yes,Month-to-month,Yes,Bank transfer (automatic),60.0,3123.85,No
9287-HUK,Female,0,Yes,No,64,Yes,No,No,No internet service,No internet service,No internet service,No internet service,No internet service,No internet service,Two year,No,Electronic check,35.54,2259.07,No
1240-IGN,Male,0,Yes,No,42,No,No,No,No internet service,No internet service,No internet service,No internet service,No internet service,No internet service,One year,Yes,Credit card (automatic),45.91,1910.66,Yes
5818-ZLB,Female,0,Yes,Yes,34,Yes,No phone service,Fiber optic,No,Yes,No,No,Yes,Yes,Month-to-month,Yes,Electronic check,84.15,2850.35,Yes
4969-VRX,Male,0,No,No,23,Yes,No phone service,No,No internet service,No internet service,No internet service,No internet service,No internet service,No internet service,One year,Yes,Mailed check,32.65,726.73,No
2314-ZQO,Male,0,Yes,Yes,67,Yes,Yes,No,No internet service,No internet service,No internet service,No internet service,No internet service,No internet service,One year,No,Bank transfer (automatic),36.77,2455.26,No
2343-DGT,Male,0,No,No,50,Yes,No,DSL,No,No,No,No,Yes,Yes,Month-to-month,Yes,Electronic check,52.18,2611.06,No
6322-QRS,Male,0,Yes,No,13,Yes,No,Fiber optic,Yes,Yes,No,No,No,Yes,Month-to-month,No,Electronic check,52.3,689.94,Yes
3074-VIX,Male,0,Yes,No,69,Yes,Yes,Fiber optic,Yes,Yes,Yes,Yes,No,Yes,One year,No,Mailed check,74.45,5102.57,No
7859-BPP,Female,1,No,Yes,4,Yes,Yes,Fiber optic,No,Yes,No,No,No,No,Month-to-month,Yes,Mailed check,70.21,266.12,Yes
3797-OOR,Female,0,No,No,42,Yes,Yes,No,No internet service,No internet service,No internet service,No internet service,No internet service,No internet service,Month-to-month,Yes,Mailed check,44.92,1873.63,No
2172-HKM,Female,0,Yes,No,13,Yes,No,Fiber optic,Yes,No,No,No,No,No,Month-to-month,No,Mailed check,68.81,867.81,Yes
8088-UWG,Male,0,Yes,Yes,48,Yes,No phone service,DSL,Yes,No,Yes,No,Yes,No,One year,No,Bank transfer (automatic),44.13,2097.96,No
1066-JST,Female,0,Yes,No,30,Yes,Yes,No,No internet service,No internet service,No internet service,No internet service,No internet service,No internet service,Two year,Yes,Credit card (automatic),18.0,571.53,No
1098-UTV,Male,0,No,No,31,Yes,No,Fiber optic,No,No,Yes,No,Yes,No,Two year,No,Mailed check,76.94,2432.88,No
8645-RXD,Female,0,No,Yes,49,Yes,Yes,DSL,Yes,Yes,Yes,Yes,Yes,Yes,Month-to-month,No,Credit card (automatic),64.59,3153.95,No
1843-LAP,Male,0,Yes,No,55,Yes,No,No,No internet service,No internet service,No internet service,No internet service,No internet service,No internet service,Month-to-month,No,Electronic check,51.01,2780.66,No
4316-IGZ,Female,0,Yes,No,27,Yes,No,Fiber optic,Yes,No,Yes,No,No,No,One year,Yes,Mailed check,60.25,1623.91,No
4702-WEC,Female,0,No,Yes,72,Yes,Yes,Fiber optic,No,No,No,No,No,Yes,Two year,Yes,Mailed check,100.68,7251.91,No
7934-TRJ,Female,0,Yes,No,36,Yes,No phone service,Fiber optic,No,No,Yes,No,No,No,Two year,Yes,Mailed check,74.43,2703.7,Yes
4551-ASX,Male,0,No,No,11,Yes,Yes,No,No internet service,No internet service,No internet service,No internet service,No internet service,No internet service,Two year,No,Electronic check,45.57,487.4,No
4096-ROG,Female,0,Yes,Yes,0,Yes,Yes,DSL,No,No,No,No,No,Yes,Month-to-month,Yes,Electronic check,56.45,0.0,No
5069-FII,Male,0,Yes,Yes,14,Yes,Yes,DSL,No,Yes,Yes,Yes,Yes,Yes,One year,No,Electronic check,51.8,811.01,No
1523-SIO,Male,1,No,No,50,Yes,No phone service,Fiber optic,Yes,Yes,No,No,No,No,Two year,Yes,Electronic check,71.31,3520.22,No
5198-LHV,Female,0,No,Yes,39,Yes,No,No,No internet service,No internet service,No internet service,No internet service,No internet service,No internet service,One year,Yes,Mailed check,55.2,2184.34,No
9741-EEX,Male,0,Yes,No,24,Yes,Yes,DSL,Yes,Yes,No,No,No,No,One year,Yes,Mailed check,46.57,1169.82,Yes
4483-URY,Male,0,Yes,No,35,Yes,No,DSL,No,Yes,Yes,Yes,No,No,Month-to-month,No,Electronic check,42.76,1487.72,No
3425-SNO,Male,0,No,Yes,61,Yes,No phone service,No,No internet service,No internet service,No internet service,No internet service,No internet service,No internet service,One year,Yes,Bank transfer (automatic),44.88,2753.08,No
7471-TYF,Female,0,No,No,41,Yes,No,Fiber optic,No,No,No,No,No,Yes,Month-to-month,No,Mailed check,47.89,1904.8,Yes
5873-KST,Female,0,No,Yes,4,Yes,Yes,Fiber optic,Yes,No,No,Yes,No,No,Month-to-month,No,Electronic check,72.81,292.11,Yes
8271-RJL,Male,0,No,No,3,Yes,No,Fiber optic,Yes,Yes,Yes,No,Yes,No,Two year,No,Electronic check,97.79,333.95,No
5124-MWI,Male,0,No,Yes,35,Yes,No,Fiber optic,No,No,No,No,Yes,No,Two year,No,Mailed check,71.5,2506.72,No
6750-PAH,Male,0,No,No,29,No,No,Fiber optic,No,Yes,Yes,No,Yes,Yes,Two year,No,Bank transfer (automatic),70.84,2055.7,No
9078-NKL,Female,0,Yes,Yes,62,Yes,No,Fiber optic,Yes,Yes,Yes,No,No,No,Month-to-month,No,Credit card (automatic),93.29,5844.68,No
7460-PIO,Male,0,No,No,42,Yes,No,Fiber optic,No,Yes,No,No,No,No,Month-to-month,Yes,Electronic check,87.1,3686.87,Yes
5740-DMF,Female,0,Yes,No,55,No,No,DSL,No,No,No,Yes,No,Yes,Month-to-month,Yes,Mailed check,35.79,1993.24,No
1612-XKU,Male,0,No,No,42,Yes,No,No,No internet service,No internet service,No internet service,No internet service,No internet service,No internet service,Two year,No,Mailed check,59.0,2449.63,No
3235-EPF,Male,0,Yes,No,25,Yes,No,DSL,No,Yes,Yes,No,Yes,No,One year,Yes,Credit card (automatic),57.47,1351.18,No
9632-FUF,Male,0,Yes,No,47,Yes,Yes,No,No internet service,No internet service,No internet service,No internet service,No internet service,No internet service,Two year,Yes,Bank transfer (automatic),34.83,1650.07,No
9214-RMH,Male,0,Yes,No,45,Yes,No,DSL,No,No,No,Yes,Yes,No,Month-to-month,No,Electronic check,34.38,1547.29,Yes
1455-NGK,Female,1,Yes,No,52,Yes,Yes,DSL,No,Yes,Yes,Yes,No,No,Month-to-month,No,Credit card (automatic),56.1,2943.89,No
5329-DJE,Female,0,Yes,Yes,13,No,No,DSL,No,No,Yes,No,Yes,Yes,Two year,Yes,Mailed check,55.68,728.2,No
5141-PWF,Male,0,Yes,No,46,Yes,Yes,DSL,No,No,No,No,No,Yes,Month-to-month,No,Credit card (automatic),38.83,1787.73,No
1116-PFN,Female,0,Yes,Yes,20,Yes,Yes,Fiber optic,No,Yes,No,No,Yes,Yes,Two year,Yes,Electronic check,68.25,1366.07,No
9711-KPX,Male,0,No,No,57,No,No,Fiber optic,No,Yes,No,No,No,No,One year,Yes,Mailed check,62.0,3495.16,No
4310-DFA,Female,0,No,No,58,Yes,Yes,No,No internet service,No internet service,No internet service,No internet service,No internet service,No internet service,Month-to-month,No,Mailed check,23.58,1303.06,No
4860-VVF,Male,0,No,No,45,No,Yes,Fiber optic,Yes,No,No,No,Yes,Yes,Month-to-month,Yes,Electronic check,69.6,3101.0,Yes
9823-LGD,Female,0,No,No,69,Yes,No,Fiber optic,No,No,Yes,Yes,Yes,Yes,Two year,No,Bank transfer (automatic),72.3,4950.11,No
8249-WBQ,Male,0,Yes,Yes,39,Yes,Yes,DSL,Yes,No,Yes,No,Yes,No,One year,No,Electronic check,69.81,2720.99,No
7762-ZVM,Male,0,No,No,1,Yes,No phone service,No,No internet service,No internet service,No internet service,No internet service,No internet service,No internet service,One year,Yes,Electronic check,36.26,0.0,No
3747-ZSG,Male,1,Yes,Yes,44,Yes,No,DSL,Yes,No,Yes,Yes,Yes,Yes,Two year,Yes,Electronic check,42.53,1854.66,No
9662-MRM,Female,0,No,No,56,Yes,Yes,DSL,Yes,No,No,No,Yes,Yes,Month-to-month,No,Credit card (automatic),53.45,3060.73,No
6334-MCP,Female,0,No,No,7,No,No,DSL,Yes,Yes,No,No,No,Yes,Two year,Yes,Credit card (automatic),48.97,340.18,No
2955-BHW,Male,0,No,Yes,7,Yes,No,DSL,No,No,Yes,No,No,Yes,Two year,No,Mailed check,70.9,497.98,No
2492-SCO,Female,0,No,No,19,Yes,Yes,Fiber optic,No,No,Yes,Yes,No,Yes,Month-to-month,No,Mailed check,74.69,1419.65,No
8924-KFI,Male,0,Yes,No,61,Yes,Yes,DSL,No,Yes,No,Yes,Yes,Yes,One year,No,Electronic check,53.17,3250.79,No
8769-XYE,Male,0,Yes,No,38,Yes,No phone service,DSL,No,Yes,No,No,Yes,Yes,Month-to-month,Yes,Mailed check,78.6,2968.37,Yes
4740-JHG,Male,0,No,Yes,71,Yes,No,No,No internet service,No internet service,No internet service,No internet service,No internet service,No internet service,Month-to-month,Yes,Credit card (automatic),25.28,1789.1,No
8194-BZU,Male,0,No,No,63,No,Yes,DSL,No,Yes,Yes,No,No,No,Month-to-month,Yes,Credit card (automatic),69.69,4371.5,No
2319-OIF,Male,0,Yes,No,40,Yes,No phone service,Fiber optic,Yes,No,Yes,No,Yes,Yes,Two year,Yes,Bank transfer (automatic),66.7,2615.75,No
7924-KAJ,Female,0,No,Yes,49,Yes,No,Fiber optic,Yes,No,No,Yes,Yes,No,Month-to-month,No,Electronic check,79.18,3920.87,No
4409-IDS,Female,0,Yes,Yes,24,Yes,No,No,No internet service,No internet service,No internet service,No internet service,No internet service,No internet service,Month-to-month,No,Bank transfer (automatic),24.48,556.64,No
8331-XGN,Female,0,No,No,6,No,Yes,Fiber optic,Yes,No,Yes,Yes,Yes,No,One year,No,Credit card (automatic),79.49,532.96,No
6568-EOJ,Male,0,No,No,29,Yes,Yes,DSL,No,Yes,No,No,Yes,Yes,Month-to-month,No,Credit card (automatic),54.6,1556.63,No
9360-TCH,Female,0,No,No,43,Yes,No,No,No internet service,No internet service,No internet service,No internet service,No internet service,No internet service,Two year,Yes,Bank transfer (automatic),42.17,1765.76,No
5326-BXX,Male,0,No,No,13,Yes,Yes,Fiber optic,No,No,No,No,Yes,No,Two year,Yes,Electronic check,80.64,1116.08,Yes
5763-IYD,Female,0,No,No,16,Yes,No,DSL,No,No,Yes,No,No,No,Month-to-month,Yes,Credit card (automatic),52.0,780.21,No
3169-PME,Female,0,No,No,1,Yes,Yes,Fiber optic,Yes,Yes,Yes,Yes,No,Yes,Month-to-month,No,Mailed check,71.4,0.0,No
8226-MLG,Male,1,Yes,No,53,Yes,No,Fiber optic,No,Yes,Yes,No,No,Yes,Two year,No,Electronic check,52.62,2738.24,No
3254-XCJ,Male,0,No,No,65,Yes,No,DSL,Yes,Yes,No,Yes,No,No,Month-to-month,No,Electronic check,56.13,3643.62,No
8629-WDN,Female,0,No,No,60,Yes,No,Fiber optic,Yes,Yes,No,Yes,Yes,No,Month-to-month,No,Bank transfer (automatic),75.84,4503.58,No
2204-YKU,Female,0,Yes,No,27,Yes,No phone service,DSL,No,Yes,No,Yes,Yes,No,Two year,Yes,Credit card (automatic),70.19,1875.44,No
9362-VPF,Female,0,No,No,43,No,Yes,Fiber optic,No,Yes,Yes,No,No,No,Two year,Yes,Credit card (automatic),88.4,3730.03,No
4270-XXI,Male,0,Yes,No,70,Yes,No,No,No internet service,No internet service,No internet service,No internet service,No internet service,No internet service,One year,Yes,Credit card (automatic),19.99,1437.36,No
3544-OAQ,Male,0,No,Yes,43,Yes,No,Fiber optic,No,Yes,Yes,No,No,No,Month-to-month,Yes,Bank transfer (automatic),45.42,1967.76,Yes
4223-XQH,Male,0,No,Yes,21,Yes,No,No,No internet service,No internet service,No internet service,No internet service,No internet service,No internet service,Two year,Yes,Credit card (automatic),28.88,562.18,No
9035-TQO,Female,0,Yes,No,24,Yes,Yes,DSL,No,No,No,No,Yes,No,One year,No,Electronic check,46.64,1038.32,No
6262-ESH,Female,1,Yes,Yes,53,Yes,No,No,No internet service,No internet service,No internet service,No internet service,No internet service,No internet service,One year,Yes,Electronic check,32.13,1671.26,No
2879-XXB,Female,0,Yes,Yes,32,Yes,Yes,No,No internet service,No internet service,No internet service,No internet service,No internet service,No internet service,Two year,No,Electronic check,55.85,1809.96,No
6305-INW,Female,0,No,No,61,No,No phone service,Fiber optic,No,Yes,Yes,Yes,Yes,No,One year,No,Bank transfer (automatic),87.3,5362.99,No
6763-MCF,Male,0,No,No,63,Yes,No,DSL,Yes,Yes,No,Yes,No,Yes,Month-to-month,Yes,Credit card (automatic),30.23,1896.24,No
6678-LDC,Female,0,Yes,No,2,Yes,Yes,DSL,No,Yes,Yes,No,No,No,Month-to-month,No,Credit card (automatic),78.37,139.19,Yes
5507-RVV,Female,0,No,No,52,Yes,No,DSL,Yes,No,No,No,Yes,No,Month-to-month,No,Credit card (automatic),46.53,2399.31,No
2318-AKD,Female,0,No,No,27,Yes,No,Fiber optic,Yes,Yes,No,No,Yes,Yes,Month-to-month,No,Mailed check,97.39,2640.18,No
6679-QQL,Female,0,No,Yes,37,Yes,No,No,No internet service,No internet service,No internet service,No internet service,No internet service,No internet service,Month-to-month,Yes,Bank transfer (automatic),46.87,1765.04,No
2467-MIV,Female,0,Yes,Yes,19,Yes,No,Fiber optic,Yes,No,No,No,No,No,Month-to-month,No,Electronic check,81.72,1547.67,Yes
1152-QUQ,Male,1,No,No,26,Yes,No,DSL,No,No,Yes,No,No,Yes,Two year,Yes,Bank transfer (automatic),52.01,1339.17,No
8319-WNF,Male,0,Yes,Yes,24,Yes,No,DSL,Yes,Yes,Yes,No,No,Yes,Month-to-month,Yes,Bank transfer (automatic),50.16,1231.17,No
9799-BCP,Female,1,Yes,Yes,3,Yes,Yes,Fiber optic,No,No,Yes,Yes,No,No,Month-to-month,Yes,Mailed check,63.89,243.97,No
6746-CFH,Female,0,No,No,57,Yes,Yes,Fiber optic,No,Yes,Yes,Yes,Yes,Yes,Month-to-month,Yes,Electronic check,70.51,4009.04,No
4138-ZBT,Female,0,Yes,Yes,10,Yes,Yes,DSL,No,Yes,No,No,No,No,Month-to-month,Yes,Electronic check,44.95,452.47,No
2243-BJA,Female,0,Yes,No,27,Yes,No,Fiber optic,Yes,Yes,Yes,No,No,Yes,Two year,No,Credit card (automatic),88.0,2349.7,No
6137-FMH,Male,0,Yes,No,14,Yes,No phone service,DSL,No,No,No,No,No,Yes,Month-to-month,Yes,Bank transfer (automatic),66.87,938.99,No
9788-WUY,Female,0,Yes,No,11,Yes,No,Fiber optic,Yes,No,No,No,Yes,Yes,Month-to-month,Yes,Mailed check,106.08,1134.45,No
1474-EAF,Male,0,Yes,Yes,27,Yes,No,Fiber optic,No,No,Yes,No,No,Yes,Two year,No,Credit card (automatic),69.16,1917.09,No
9160-VNP,Female,0,No,No,67,Yes,Yes,DSL,Yes,Yes,No,No,No,No,Month-to-month,Yes,Mailed check,47.21,3194.08,No
9875-JAK,Male,0,No,No,68,Yes,No phone service,Fiber optic,No,Yes,No,No,Yes,No,Month-to-month,Yes,Electronic check,83.43,5734.04,Yes
9269-NRO,Female,1,Yes,No,27,Yes,No,Fiber optic,Yes,No,Yes,No,Yes,No,Two year,Yes,Bank transfer (automatic),71.94,1922.78,No
5301-JGN,Female,0,No,Yes,36,Yes,Yes,Fiber optic,No,Yes,Yes,No,Yes,No,Month-to-month,Yes,Mailed check,95.94,3526.3,No
5592-SSP,Male,0,No,No,71,Yes,No,No,No internet service,No internet service,No internet service,No internet service,No internet service,No internet service,Two year,Yes,Mailed check,50.05,3562.11,No
3015-KVJ,Female,0,No,No,17,No,No,Fiber optic,No,No,No,Yes,Yes,Yes,Two year,No,Bank transfer (automatic),77.57,1314.01,No
8660-OQO,Female,0,No,No,68,No,Yes,DSL,No,Yes,Yes,Yes,No,No,Two year,No,Mailed check,68.2,4681.63,No
5628-IXL,Male,0,No,Yes,7,Yes,No,No,No internet service,No internet service,No internet service,No internet service,No internet service,No internet service,Month-to-month,Yes,Electronic check,52.26,330.1,Yes
4248-HQA,Female,0,Yes,Yes,16,Yes,Yes,No,No internet service,No internet service,No internet service,No internet service,No internet service,No internet service,Two year,Yes,Electronic check,39.06,626.13,No
5010-ZIB,Female,0,No,No,24,Yes,No,DSL,No,No,No,Yes,No,No,One year,No,Credit card (automatic),68.34,1634.69,Yes
9337-WGU,Male,0,Yes,Yes,2,Yes,Yes,No,No internet service,No internet service,No internet service,No internet service,No internet service,No internet service,Month-to-month,Yes,Mailed check,41.24,97.09,Yes
6731-IHV,Female,0,Yes,No,59,No,No,Fiber optic,No,No,No,No,No,No,Two year,Yes,Credit card (automatic),68.9,4049.57,No
6433-UTA,Male,0,No,No,62,Yes,No,DSL,No,Yes,Yes,No,Yes,Yes,Month-to-month,Yes,Bank transfer (automatic),45.01,2771.74,No
5065-WLH,Female,0,No,No,27,No,No,Fiber optic,Yes,No,No,No,Yes,No,Two year,No,Electronic check,58.85,1575.62,No
5430-ZNQ,Male,0,No,No,61,Yes,No,DSL,Yes,Yes,Yes,No,No,No,One year,No,Mailed check,61.26,3726.69,No
5600-AEZ,Female,1,No,No,56,Yes,No,Fiber optic,Yes,No,Yes,Yes,Yes,Yes,Month-to-month,Yes,Mailed check,80.86,4530.91,No
6381-DTH,Female,1,No,Yes,58,Yes,Yes,No,No internet service,No internet service,No internet service,No internet service,No internet service,No internet service,Month-to-month,Yes,Bank transfer (automatic),36.04,2135.4,No
7589-YRW,Male,0,No,No,58,Yes,No,Fiber optic,No,Yes,No,Yes,No,No,Two year,No,Mailed check,72.09,4105.74,No
4548-XNW,Male,0,No,No,41,Yes,No,Fiber optic,Yes,No,Yes,No,No,No,Month-to-month,Yes,Bank transfer (automatic),79.86,3301.08,Yes
8095-YDM,Male,0,No,No,8,No,Yes,DSL,No,Yes,No,No,No,No,Month-to-month,Yes,Bank transfer (automatic),35.45,267.07,No
5320-KMJ,Female,0,Yes,No,67,No,Yes,Fiber optic,No,Yes,Yes,Yes,Yes,No,Month-to-month,No,Electronic check,78.68,5265.3,No
6689-LSB,Female,0,Yes,No,44,Yes,No phone service,No,No internet service,No internet service,No internet service,No internet service,No internet service,No internet service,Two year,Yes,Credit card (automatic),29.13,1243.68,No
2959-WET,Female,0,Yes,No,65,Yes,No phone service,DSL,Yes,No,No,No,Yes,No,Month-to-month,Yes,Mailed check,50.76,3301.02,No
2367-MQS,Female,0,No,No,70,Yes,Yes,Fiber optic,Yes,Yes,No,No,No,Yes,One year,No,Bank transfer (automatic),66.48,4639.9,No
6376-VED,Male,0,No,No,13,Yes,No,Fiber optic,No,No,Yes,No,No,No,One year,No,Electronic check,95.27,1230.64,No
6392-PUI,Female,0,Yes,No,29,No,Yes,Fiber optic,Yes,Yes,Yes,Yes,Yes,Yes,Month-to-month,Yes,Electronic check,64.73,1897.58,Yes
2343-HFL,Male,0,Yes,No,14,Yes,No phone service,Fiber optic,No,No,Yes,No,No,No,One year,Yes,Bank transfer (automatic),59.8,859.44,Yes
2988-DRC,Male,0,Yes,No,3,Yes,No phone service,Fiber optic,Yes,No,Yes,No,No,No,Month-to-month,Yes,Mailed check,89.95,319.55,Yes
9061-QBD,Female,0,Yes,No,70,Yes,Yes,Fiber optic,Yes,No,No,No,No,No,Two year,Yes,Credit card (automatic),66.57,4639.17,Yes
8730-YKX,Male,0,No,Yes,67,Yes,Yes,Fiber optic,Yes,No,No,No,Yes,No,Two year,Yes,Bank transfer (automatic),68.09,4585.91,No
8498-RVX,Female,0,No,No,68,Yes,Yes,Fiber optic,Yes,Yes,No,No,Yes,No,Month-to-month,Yes,Bank transfer (automatic),102.5,6992.17,No
6801-GGG,Female,1,No,Yes,64,Yes,No,Fiber optic,No,Yes,No,No,No,Yes,Month-to-month,Yes,Mailed check,62.41,3997.31,No
1262-TEN,Female,0,No,Yes,47,Yes,No,Fiber optic,No,No,No,Yes,Yes,Yes,Month-to-month,Yes,Credit card (automatic),73.14,3496.57,No
3892-VUL,Male,0,No,Yes,38,No,No phone service,No,No internet service,No internet service,No internet service,No internet service,No internet service,No internet service,Two year,Yes,Credit card (automatic),36.31,1357.44,No
7419-CND,Male,0,No,Yes,72,Yes,Yes,DSL,No,Yes,No,No,No,No,Month-to-month,Yes,Electronic check,71.58,5159.04,No
1290-HDH,Male,0,Yes,Yes,40,No,Yes,DSL,Yes,No,Yes,No,Yes,No,One year,No,Mailed check,51.38,2065.87,No
9351-USN,Male,0,Yes,No,46,Yes,No phone service,No,No internet service,No internet service,No internet service,No internet service,No internet service,No internet service,Two year,No,Credit card (automatic),41.69,1875.81,No
9228-SOF,Male,0,Yes,No,15,Yes,No phone service,DSL,No,Yes,Yes,No,Yes,No,Month-to-month,No,Electronic check,51.66,819.17,No
1498-XUC,Male,0,No,No,54,Yes,No,No,No internet service,No internet service,No internet service,No internet service,No internet service,No internet service,Month-to-month,No,Electronic check,66.63,3594.29,No
9906-PNI,Female,0,No,No,59,Yes,Yes,Fiber optic,Yes,No,No,No,No,Yes,Month-to-month,Yes,Credit card (automatic),94.6,5596.7,Yes
1787-SQE,Female,0,No,Yes,49,No,No phone service,No,No internet service,No internet service,No internet service,No internet service,No internet service,No internet service,One year,No,Mailed check,38.82,1957.47,No
7815-PVV,Male,1,Yes,No,36,No,Yes,Fiber optic,Yes,Yes,Yes,No,No,No,Month-to-month,Yes,Credit card (automatic),70.05,2529.33,Yes
7763-QZH,Male,0,No,No,14,Yes,No,No,No internet service,No internet service,No internet service,No internet service,No internet service,No internet service,Two year,No,Mailed check,23.02,323.69,No
4450-XTT,Male,0,No,No,2,Yes,Yes,Fiber optic,No,Yes,Yes,Yes,No,No,Month-to-month,No,Mailed check,70.32,142.96,No
7496-HJA,Female,0,Yes,No,45,Yes,No,Fiber optic,No,Yes,Yes,Yes,No,Yes,Month-to-month,Yes,Mailed check,82.72,3687.23,No
9031-JGP,Male,0,No,No,49,Yes,No,Fiber optic,No,Yes,No,No,No,No,Two year,No,Mailed check,72.35,3531.83,No
7105-MKG,Female,0,Yes,Yes,56,No,No,DSL,No,Yes,No,Yes,Yes,No,Two year,No,Credit card (automatic),66.62,3725.42,No
3517-XCO,Female,1,Yes,Yes,69,Yes,No,DSL,Yes,No,No,No,No,No,One year,No,Bank transfer (automatic),37.76,2608.88,No
1067-MFX,Male,0,Yes,No,36,Yes,No,No,No internet service,No internet service,No internet service,No internet service,No internet service,No internet service,One year,Yes,Credit card (automatic),39.76,1479.61,No
7466-XML,Male,0,No,No,60,Yes,Yes,DSL,Yes,No,Yes,No,Yes,Yes,Month-to-month,Yes,Electronic check,55.43,3358.32,No
7879-HZO,Male,0,No,No,52,Yes,No phone service,Fiber optic,Yes,No,No,No,No,Yes,One year,No,Credit card (automatic),71.77,3711.47,No
2369-OJV,Male,0,No,Yes,20,No,No phone service,Fiber optic,No,No,Yes,No,Yes,No,Month-to-month,Yes,Bank transfer (automatic),75.09,1500.98,No
2857-RPD,Male,0,Yes,No,61,Yes,Yes,DSL,No,No,No,No,Yes,No,Month-to-month,Yes,Electronic check,55.82,3454.05,Yes
7895-CFI,Male,0,Yes,No,3,Yes,No,No,No internet service,No internet service,No internet service,No internet service,No internet service,No internet service,Two year,Yes,Mailed check,61.84,125.18,No
8191-EBD,Male,0,No,No,43,Yes,Yes,DSL,No,No,No,No,No,No,One year,Yes,Electronic check,73.65,3158.99,No
6836-OWA,Male,0,Yes,No,68,Yes,Yes,Fiber optic,No,Yes,Yes,No,Yes,No,Month-to-month,No,Electronic check,67.01,4510.96,No
9259-SJO,Male,0,Yes,No,48,Yes,No,Fiber optic,No,No,Yes,Yes,No,Yes,Month-to-month,No,Credit card (automatic),86.9,4256.72,Yes
1966-PNW,Male,0,Yes,No,68,Yes,No,DSL,No,Yes,Yes,No,Yes,Yes,Two year,No,Credit card (automatic),69.56,4757.11,No
5189-VQX,Male,0,No,No,4,Yes,No,DSL,Yes,No,No,No,Yes,Yes,Month-to-month,No,Electronic check,65.19,243.39,Yes
6223-AFA,Female,0,No,No,38,No,Yes,Fiber optic,No,No,No,No,Yes,No,Month-to-month,No,Electronic check,72.05,2736.65,Yes
1409-DZD,Male,0,No,Yes,56,Yes,Yes,DSL,No,No,Yes,No,No,No,Month-to-month,No,Electronic check,56.84,3154.28,No
4709-ZOL,Female,0,Yes,Yes,46,Yes,No,No,No internet service,No internet service,No internet service,No internet service,No internet service,No internet service,Month-to-month,Yes,Credit card (automatic),31.5,1518.7,No
1330-EEQ,Male,0,Yes,No,64,Yes,Yes,Fiber optic,No,No,No,Yes,No,Yes,Month-to-month,No,Bank transfer (automatic),93.24,5887.1,No
5430-QLO,Female,0,Yes,No,33,Yes,No,DSL,No,No,No,No,Yes,Yes,Two year,No,Mailed check,52.93,1758.15,Yes
3227-AUK,Female,0,Yes,Yes,49,Yes,No,DSL,No,No,No,Yes,Yes,No,Month-to-month,No,Bank transfer (automatic),56.26,2754.25,No
9160-FHK,Female,0,Yes,No,30,Yes,Yes,DSL,No,Yes,Yes,No,Yes,Yes,Month-to-month,No,Credit card (automatic),31.46,907.79,Yes
7216-CEE,Female,0,Yes,No,63,Yes,No,No,No internet service,No internet service,No internet service,No internet service,No internet service,No internet service,One year,Yes,Electronic check,25.71,1610.93,No
1937-JES,Female,0,Yes,No,8,Yes,Yes,Fiber optic,No,No,No,No,No,Yes,Month-to-month,Yes,Electronic check,68.22,489.03,Yes
2332-AME,Male,0,Yes,No,18,Yes,Yes,DSL,Yes,Yes,No,No,No,Yes,One year,No,Bank transfer (automatic),55.57,1055.2,No
2884-NGC,Female,0,No,No,7,Yes,Yes,Fiber optic,No,Yes,Yes,Yes,No,No,One year,No,Credit card (automatic),70.15,491.95,Yes
3006-XQJ,Male,0,No,No,51,Yes,No phone service,Fiber optic,Yes,Yes,No,Yes,No,No,One year,Yes,Bank transfer (automatic),77.3,3974.33,No
9297-PHD,Male,0,Yes,Yes,16,Yes,Yes,Fiber optic,No,No,Yes,No,Yes,Yes,One year,Yes,Credit card (automatic),58.44,918.08,No
3200-ZDQ,Male,0,No,Yes,23,Yes,No,DSL,No,Yes,No,Yes,No,No,Two year,Yes,Credit card (automatic),82.81,1951.69,No
9863-PVM,Male,0,No,No,61,Yes,No phone service,DSL,No,No,Yes,Yes,Yes,No,One year,Yes,Electronic check,62.32,3802.74,No
4288-FAO,Male,1,No,Yes,26,Yes,Yes,Fiber optic,Yes,Yes,Yes,No,Yes,No,Two year,Yes,Bank transfer (automatic),80.35,2126.65,No
5763-VFG,Male,0,No,No,10,Yes,No phone service,Fiber optic,No,Yes,No,No,No,No,Month-to-month,Yes,Credit card (automatic),60.67,626.56,Yes
1125-MKB,Female,0,Yes,No,1,Yes,No,Fiber optic,Yes,Yes,Yes,Yes,Yes,No,One year,Yes,Electronic check,86.01,84.83,Yes
6951-FUR,Female,1,Yes,Yes,16,No,No,DSL,No,Yes,Yes,Yes,No,No,One year,Yes,Bank transfer (automatic),74.2,1222.19,No
3325-FMV,Female,0,No,Yes,66,Yes,No,DSL,Yes,No,No,No,No,No,Month-to-month,No,Electronic check,53.13,3653.07,No
7549-GZE,Male,1,Yes,Yes,40,Yes,No,Fiber optic,Yes,Yes,No,No,No,No,Two year,Yes,Credit card (automatic),60.11,2364.81,No
9293-EIO,Male,0,No,No,72,Yes,Yes,DSL,Yes,Yes,Yes,Yes,Yes,No,Month-to-month,No,Electronic check,58.41,4201.29,No
4713-CYL,Female,0,No,No,15,Yes,No phone service,Fiber optic,No,No,No,No,No,Yes,Month-to-month,Yes,Mailed check,91.28,1323.92,Yes
6069-XAM,Female,0,No,No,25,Yes,Yes,Fiber optic,Yes,Yes,No,Yes,Yes,No,Two year,Yes,Bank transfer (automatic),67.56,1703.51,Yes
7447-UMP,Male,0,Yes,No,11,Yes,No,DSL,No,No,Yes,Yes,No,Yes,Month-to-month,Yes,Mailed check,72.12,801.22,No
7842-FXS,Male,0,Yes,No,29,Yes,Yes,Fiber optic,No,Yes,Yes,No,Yes,Yes,Month-to-month,Yes,Electronic check,90.62,2695.97,Yes
4335-DMM,Female,0,No,No,41,No,Yes,DSL,Yes,No,Yes,No,No,No,Month-to-month,Yes,Electronic check,45.74,1866.36,No
4954-OKP,Female,0,No,Yes,58,Yes,No,Fiber optic,No,Yes,No,No,No,Yes,Two year,Yes,Credit card (automatic),88.04,5139.63,No
5346-WQP,Male,0,Yes,No,26,Yes,No,DSL,No,No,Yes,No,Yes,Yes,Month-to-month,Yes,Credit card (automatic),56.74,1402.45,Yes
1074-HWI,Male,0,Yes,Yes,56,Yes,No,Fiber optic,No,Yes,Yes,No,No,No,One year,No,Bank transfer (automatic),48.62,2728.03,No
8835-DEB,Female,0,No,No,45,Yes,No,Fiber optic,No,Yes,No,Yes,No,Yes,Two year,Yes,Electronic check,77.55,3459.31,No
2072-BSR,Female,0,Yes,Yes,21,Yes,No,DSL,Yes,No,Yes,No,Yes,No,One year,Yes,Bank transfer (automatic),54.86,1172.79,No
9568-CDP,Male,0,Yes,No,66,Yes,Yes,Fiber optic,No,No,No,No,Yes,No,Two year,No,Bank transfer (automatic),79.88,5312.38,No
8388-QYS,Female,0,Yes,Yes,31,Yes,No,Fiber optic,No,Yes,No,No,Yes,Yes,Two year,Yes,Mailed check,77.44,2379.64,No
8375-FOI,Female,0,Yes,No,11,Yes,Yes,No,No internet service,No internet service,No internet service,No internet service,No internet service,No internet service,Month-to-month,Yes,Electronic check,39.44,452.76,Yes
9294-UAG,Female,0,No,No,70,Yes,No,DSL,Yes,No,Yes,Yes,No,No,Two year,Yes,Electronic check,62.81,4384.21,No
8761-ZST,Male,0,Yes,No,66,Yes,No,DSL,No,Yes,Yes,No,Yes,Yes,Month-to-month,No,Electronic check,52.34,3456.1,No
4505-XWS,Male,0,Yes,No,3,Yes,Yes,DSL,Yes,No,Yes,No,Yes,No,Month-to-month,Yes,Bank transfer (automatic),30.2,105.0,No
7636-DUX,Female,0,No,No,65,Yes,Yes,No,No internet service,No internet service,No internet service,No internet service,No internet service,No internet service,Month-to-month,No,Electronic check,36.75,2353.61,No
3565-WOZ,Female,0,Yes,No,69,Yes,Yes,Fiber optic,No,Yes,Yes,No,Yes,Yes,One year,Yes,Mailed check,74.6,5112.43,No
4229-WRL,Female,1,No,No,60,Yes,No,DSL,No,No,Yes,Yes,Yes,No,Month-to-month,Yes,Mailed check,34.16,2079.95,No
7658-KQM,Male,0,No,No,18,Yes,No,Fiber optic,Yes,Yes,No,No,No,Yes,One year,No,Bank transfer (automatic),73.51,1299.47,No
8909-ODR,Male,0,No,No,46,Yes,Yes,DSL,No,Yes,Yes,No,No,No,Month-to-month,No,Bank transfer (automatic),44.0,2068.79,No
5969-QNU,Female,0,Yes,No,39,Yes,Yes,Fiber optic,No,Yes,No,No,Yes,No,Month-to-month,No,Mailed check,67.2,2558.67,No
7739-SMH,Female,0,Yes,No,45,Yes,Yes,Fiber optic,No,Yes,No,No,Yes,No,Month-to-month,No,Electronic check,94.74,4296.04,No
3284-HGT,Male,0,No,No,45,Yes,No,Fiber optic,Yes,No,Yes,No,No,No,Two year,Yes,Electronic check,90.13,4056.14,Yes
4013-XKU,Male,0,No,Yes,46,Yes,Yes,Fiber optic,Yes,Yes,No,Yes,Yes,No,Month-to-month,No,Bank transfer (automatic),75.87,3486.75,No
7164-ZKC,Female,0,No,No,37,Yes,Yes,DSL,No,Yes,Yes,No,No,No,Month-to-month,Yes,Mailed check,82.08,3042.12,No
2980-DDV,Male,0,Yes,No,50,Yes,No,Fiber optic,Yes,Yes,No,Yes,No,No,Month-to-month,Yes,Mailed check,82.52,4075.39,No
7339-JCX,Male,0,Yes,No,38,Yes,No,Fiber optic,No,Yes,Yes,Yes,Yes,No,Month-to-month,Yes,Mailed check,67.86,2617.95,No
3670-OFR,Female,0,Yes,Yes,1,Yes,Yes,DSL,Yes,No,No,No,Yes,Yes,One year,Yes,Electronic check,27.5,12.44,No
1758-IWA,Female,0,Yes,Yes,2,Yes,No phone service,No,No internet service,No internet service,No internet service,No internet service,No internet service,No internet service,Month-to-month,No,Electronic check,35.44,41.68,Yes
1646-PGI,Female,0,Yes,Yes,69,Yes,No,Fiber optic,No,No,No,No,Yes,No,Month-to-month,No,Bank transfer (automatic),50.3,3546.46,No
2533-DWR,Female,0,No,No,66,Yes,No,No,No internet service,No internet service,No internet service,No internet service,No internet service,No internet service,Two year,No,Mailed check,45.15,2967.69,No
9056-YOB,Female,0,Yes,No,42,Yes,No phone service,Fiber optic,No,Yes,Yes,No,Yes,Yes,Month-to-month,Yes,Bank transfer (automatic),64.78,2690.53,Yes
7307-VVT,Male,0,Yes,Yes,12,Yes,No,DSL,No,No,No,Yes,Yes,No,Month-to-month,Yes,Electronic check,56.97,712.09,Yes
3776-ANT,Female,0,Yes,No,57,Yes,No,Fiber optic,Yes,Yes,Yes,No,Yes,Yes,Two year,Yes,Credit card (automatic),70.82,4045.96,Yes
1066-SGC,Male,0,No,No,10,Yes,Yes,Fiber optic,No,No,No,No,No,No,One year,Yes,Mailed check,76.0,795.35,No
5710-YIN,Female,0,Yes,No,27,No,Yes,DSL,Yes,No,No,Yes,No,Yes,One year,Yes,Bank transfer (automatic),55.82,1510.06,No
2282-OCY,Male,0,No,No,24,No,Yes,Fiber optic,No,No,Yes,No,No,No,Month-to-month,Yes,Mailed check,77.34,1889.59,Yes
8655-ITO,Female,1,Yes,Yes,0,Yes,No,Fiber optic,No,No,Yes,No,No,No,Month-to-month,No,Mailed check,72.78,0.0,Yes
8072-FRY,Male,0,Yes,No,58,Yes,No,DSL,Yes,No,Yes,Yes,Yes,No,Month-to-month,Yes,Bank transfer (automatic),82.8,4775.87,No
2570-OTT,Male,1,No,No,37,No,No,No,No internet service,No internet service,No internet service,No internet service,No internet service,No internet service,Month-to-month,No,Electronic check,39.11,1431.01,Yes
6006-OAP,Male,0,No,No,23,Yes,No,DSL,No,Yes,Yes,Yes,Yes,No,Month-to-month,Yes,Electronic check,46.52,1013.87,No
1454-FFO,Female,0,Yes,No,37,Yes,No,Fiber optic,Yes,No,Yes,No,Yes,Yes,Two year,Yes,Electronic check,75.48,2806.06,No
8090-JPL,Male,0,Yes,No,0,Yes,Yes,No,No internet service,No internet service,No internet service,No internet service,No internet service,No internet service,One year,No,Credit card (automatic),44.99,0.0,No
6379-CZI,Male,0,Yes,No,31,Yes,No phone service,Fiber optic,No,No,No,Yes,Yes,Yes,Month-to-month,Yes,Credit card (automatic),82.39,2598.29,No
5460-OLL,Male,0,No,Yes,37,Yes,No,DSL,No,Yes,No,No,Yes,Yes,Month-to-month,Yes,Bank transfer (automatic),38.84,1436.08,No
5161-WIL,Female,0,Yes,Yes,24,Yes,No,Fiber optic,No,No,Yes,Yes,No,No,One year,No,Mailed check,83.44,1999.61,No
2969-SBO,Female,0,Yes,Yes,60,Yes,No,Fiber optic,No,Yes,Yes,No,Yes,Yes,Month-to-month,Yes,Electronic check,85.11,5113.45,No
3815-LDK,Female,0,Yes,No,18,Yes,No,No,No internet service,No internet service,No internet service,No internet service,No internet service,No internet service,Month-to-month,Yes,Credit card (automatic),40.45,719.9,No
2341-WPX,Female,0,No,No,10,Yes,No,DSL,No,No,Yes,No,No,Yes,Month-to-month,Yes,Electronic check,50.2,514.88,No
3008-JEL,Female,0,Yes,Yes,38,Yes,Yes,DSL,No,Yes,Yes,No,No,Yes,One year,No,Electronic check,37.33,1426.47,No
5738-CAA,Male,0,Yes,No,64,Yes,Yes,Fiber optic,No,No,No,Yes,No,Yes,One year,No,Credit card (automatic),72.7,4671.66,No
6173-PKA,Male,1,No,No,27,Yes,Yes,DSL,No,No,No,No,Yes,No,Month-to-month,No,Electronic check,59.68,1603.38,No
3580-DBF,Male,0,No,No,3,Yes,No,No,No internet service,No internet service,No internet service,No internet service,No internet service,No internet service,Month-to-month,No,Credit card (automatic),20.53,80.84,No
3156-DTY,Female,0,Yes,Yes,70,Yes,No,Fiber optic,No,No,Yes,No,No,Yes,One year,Yes,Bank transfer (automatic),79.29,5571.9,No
4799-HQK,Female,0,No,No,32,Yes,Yes,Fiber optic,Yes,Yes,Yes,No,No,Yes,One year,Yes,Credit card (automatic),85.04,2709.86,No
8613-UVF,Male,0,Yes,Yes,12,Yes,Yes,No,No internet service,No internet service,No internet service,No internet service,No internet service,No internet service,One year,No,Bank transfer (automatic),28.42,338.18,No
8290-JDN,Male,0,Yes,Yes,44,Yes,Yes,Fiber optic,Yes,Yes,No,No,Yes,Yes,Month-to-month,Yes,Mailed check,70.89,3113.0,Yes
7291-UES,Female,1,Yes,No,23,Yes,No,No,No internet service,No internet service,No internet service,No internet service,No internet service,No internet service,One year,No,Bank transfer (automatic),46.4,1024.25,No
6795-YLS,Male,0,No,No,68,Yes,No,Fiber optic,No,No,Yes,Yes,No,Yes,Two year,No,Credit card (automatic),75.43,5112.24,No
9421-RJX,Female,0,No,Yes,21,Yes,Yes,DSL,Yes,Yes,Yes,Yes,No,Yes,One year,No,Bank transfer (automatic),53.04,1140.46,No
8325-AFP,Female,0,No,No,40,Yes,Yes,No,No internet service,No internet service,No internet service,No internet service,No internet service,No internet service,Month-to-month,Yes,Credit card (automatic),38.46,1568.02,No
1225-FTL,Male,0,Yes,No,39,Yes,No,Fiber optic,No,No,Yes,No,No,No,One year,Yes,Credit card (automatic),75.43,2953.62,Yes
7364-MEZ,Female,0,No,Yes,17,Yes,No phone service,No,No internet service,No internet service,No internet service,No internet service,No internet service,No internet service,Month-to-month,No,Bank transfer (automatic),25.82,403.48,No
2910-IXI,Male,1,No,Yes,36,Yes,No phone service,DSL,No,No,No,Yes,No,No,Month-to-month,Yes,Credit card (automatic),47.81,1755.42,Yes
4909-LOT,Male,0,Yes,No,7,Yes,No,DSL,Yes,No,Yes,No,Yes,No,Month-to-month,No,Electronic check,57.9,470.12,No
2020-KCO,Male,0,No,Yes,46,Yes,No phone service,No,No internet service,No internet service,No internet service,No internet service,No internet service,No internet service,Two year,Yes,Credit card (automatic),69.08,3198.45,No
7795-LII,Female,0,Yes,No,55,Yes,Yes,DSL,Yes,Yes,Yes,No,No,No,Month-to-month,Yes,Credit card (automatic),64.8,3563.9,No
7601-YCI,Female,0,Yes,Yes,69,Yes,No,Fiber optic,No,Yes,No,Yes,No,Yes,Two year,No,Electronic check,83.77,5749.89,No
1124-YKT,Male,0,No,Yes,23,Yes,No phone service,Fiber optic,No,Yes,No,No,Yes,No,Month-to-month,No,Bank transfer (automatic),78.73,1810.3,Yes
4525-MZC,Female,0,No,No,20,Yes,No,DSL,No,Yes,Yes,Yes,No,No,Month-to-month,Yes,Mailed check,57.48,1132.28,No
1275-WQW,Female,0,Yes,Yes,40,Yes,No,DSL,No,Yes,Yes,No,Yes,Yes,Month-to-month,Yes,Credit card (automatic),24.51,973.43,No
8385-PJJ,Female,0,No,Yes,50,Yes,No,No,No internet service,No internet service,No internet service,No internet service,No internet service,No internet service,One year,Yes,Electronic check,29.02,1496.12,No
7172-BUP,Female,0,No,No,72,Yes,No phone service,DSL,Yes,Yes,Yes,No,Yes,No,Month-to-month,Yes,Mailed check,72.63,5260.27,No
3614-LUA,Male,0,No,No,1,Yes,Yes,Fiber optic,No,Yes,Yes,Yes,No,No,Month-to-month,No,Mailed check,101.65,89.65,Yes
9721-KIG,Female,0,Yes,No,17,Yes,Yes,Fiber optic,No,Yes,Yes,Yes,No,No,Month-to-month,No,Mailed check,86.0,1465.07,No
2751-JXZ,Male,0,No,No,19,Yes,Yes,Fiber optic,No,No,No,No,Yes,No,Month-to-month,Yes,Credit card (automatic),94.31,1791.72,Yes
1187-EDS,Male,1,Yes,Yes,18,Yes,Yes,Fiber optic,Yes,Yes,No,No,Yes,No,Month-to-month,No,Mailed check,96.04,1713.55,Yes
4490-PRZ,Female,0,Yes,No,33,Yes,No phone service,DSL,Yes,Yes,Yes,No,No,Yes,Month-to-month,Yes,Mailed check,60.93,1963.67,No
9369-WNH,Male,0,Yes,No,63,Yes,Yes,No,No internet service,No internet service,No internet service,No internet service,No internet service,No internet service,Month-to-month,Yes,Credit card (automatic),35.01,2234.61,No
8041-YHJ,Female,1,No,Yes,2,Yes,Yes,DSL,Yes,No,Yes,Yes,No,No,Two year,No,Electronic check,63.08,167.53,No
7190-RGB,Female,0,No,No,59,Yes,Yes,DSL,No,No,Yes,No,Yes,Yes,Month-to-month,Yes,Electronic check,41.85,2447.89,No
8741-TJD,Male,0,Yes,No,45,Yes,No phone service,No,No internet service,No internet service,No internet service,No internet service,No internet service,No internet service,Month-to-month,Yes,Electronic check,36.86,1635.84,No
7542-DKI,Female,0,Yes,No,44,Yes,No phone service,DSL,Yes,No,Yes,No,Yes,No,Month-to-month,No,Credit card (automatic),72.43,3218.69,No
6203-QQW,Female,1,No,No,49,No,Yes,DSL,Yes,No,No,No,Yes,Yes,Month-to-month,Yes,Credit card (automatic),59.2,2877.49,No
3084-JHR,Male,0,Yes,Yes,8,Yes,No phone service,No,No internet service,No internet service,No internet service,No internet service,No internet service,No internet service,One year,Yes,Bank transfer (automatic),18.0,95.47,No
3335-SLQ,Male,0,Yes,No,54,Yes,Yes,DSL,No,No,Yes,No,No,Yes,Month-to-month,No,Electronic check,63.48,3412.38,No
1436-PZU,Male,1,Yes,No,18,Yes,No,DSL,Yes,Yes,Yes,Yes,No,No,Month-to-month,Yes,Mailed check,63.63,1192.8,No
3611-KLD,Male,0,No,Yes,37,Yes,No,Fiber optic,No,Yes,No,Yes,Yes,Yes,One year,Yes,Bank transfer (automatic),91.78,3377.54,Yes
3466-CKT,Male,0,Yes,No,49,Yes,Yes,No,No internet service,No internet service,No internet service,No internet service,No internet service,No internet service,Month-to-month,Yes,Mailed check,41.68,2019.63,Yes
9146-OSW,Female,0,No,Yes,44,Yes,Yes,No,No internet service,No internet service,No internet service,No internet service,No internet service,No internet service,Two year,No,Electronic check,54.61,2386.36,No
5480-ORD,Male,0,Yes,Yes,23,Yes,Yes,Fiber optic,No,No,No,No,Yes,No,Two year,Yes,Electronic check,93.83,2117.81,No
5464-NFM,Male,0,Yes,No,28,Yes,No,No,No internet service,No internet service,No internet service,No internet service,No internet service,No internet service,Month-to-month,No,Credit card (automatic),36.07,963.85,No
3656-RMI,Female,0,No,No,34,Yes,No,DSL,No,No,Yes,Yes,No,Yes,Month-to-month,Yes,Bank transfer (automatic),49.79,1683.68,No
7632-TBQ,Male,0,Yes,No,3,No,No phone service,Fiber optic,No,No,Yes,Yes,No,No,Month-to-month,No,Electronic check,55.23,116.59,Yes
4328-BDG,Female,1,Yes,Yes,53,Yes,Yes,DSL,No,No,No,Yes,No,No,Month-to-month,No,Credit card (automatic),51.05,2691.71,No
6909-LFW,Male,0,No,Yes,7,Yes,No,No,No internet service,No internet service,No internet service,No internet service,No internet service,No internet service,Month-to-month,No,Mailed check,51.77,371.61,No
4141-YKP,Female,1,No,Yes,33,Yes,Yes,No,No internet service,No internet service,No internet service,No internet service,No internet service,No internet service,One year,No,Bank transfer (automatic),40.62,1353.65,No
4808-JOO,Female,0,No,No,47,Yes,No,DSL,No,Yes,Yes,No,No,No,Month-to-month,Yes,Electronic check,59.2,2777.48,No
1976-ZVL,Female,0,No,Yes,5,Yes,Yes,No,No internet service,No internet service,No internet service,No internet service,No internet service,No internet service,Month-to-month,Yes,Credit card (automatic),39.07,153.41,No
5916-PNK,Male,0,Yes,No,72,Yes,Yes,Fiber optic,No,Yes,No,No,Yes,No,Month-to-month,Yes,Electronic check,99.41,7143.12,No
3523-EAC,Male,0,No,Yes,27,Yes,No,DSL,Yes,Yes,Yes,Yes,Yes,No,Two year,Yes,Credit card (automatic),47.28,1288.64,No
6480-MMT,Male,0,Yes,Yes,1,Yes,No,Fiber optic,Yes,No,No,No,No,No,Two year,Yes,Bank transfer (automatic),80.46,102.18,No
4591-JON,Female,0,Yes,No,48,Yes,No,No,No internet service,No internet service,No internet service,No internet service,No internet service,No internet service,Month-to-month,No,Electronic check,21.6,1027.25,No
7371-ZOB,Male,0,Yes,No,40,Yes,Yes,DSL,No,No,No,No,Yes,No,One year,Yes,Electronic check,71.55,2837.36,No
4883-EZM,Male,0,Yes,No,46,Yes,Yes,DSL,No,No,Yes,Yes,Yes,No,Month-to-month,No,Credit card (automatic),61.57,2835.13,No
6290-NHF,Male,0,No,No,54,Yes,Yes,No,No internet service,No internet service,No internet service,No internet service,No internet service,No internet service,One year,No,Electronic check,25.1,1343.02,No
3027-NMJ,Male,0,Yes,Yes,34,Yes,No,Fiber optic,Yes,Yes,Yes,No,Yes,No,One year,Yes,Electronic check,87.93,2953.97,Yes
2193-BAB,Male,0,Yes,Yes,60,Yes,No phone service,Fiber optic,No,Yes,Yes,No,Yes,No,Two year,Yes,Bank transfer (automatic),91.8,5518.74,No
6031-GKJ,Male,0,Yes,Yes,27,Yes,No,Fiber optic,No,No,Yes,No,Yes,Yes,Month-to-month,Yes,Electronic check,80.84,2183.33,Yes
8295-CAP,Male,1,No,No,39,Yes,Yes,Fiber optic,No,No,No,No,Yes,No,Month-to-month,Yes,Mailed check,61.69,2367.15,No
7433-ISB,Male,0,No,Yes,11,Yes,Yes,DSL,Yes,No,No,No,No,Yes,Two year,Yes,Bank transfer (automatic),61.3,652.21,No
8523-KVV,Male,0,Yes,No,45,Yes,Yes,DSL,No,No,Yes,No,Yes,No,Month-to-month,Yes,Electronic check,54.59,2449.91,No
9746-MDR,Female,0,Yes,Yes,19,Yes,Yes,No,No internet service,No internet service,No internet service,No internet service,No internet service,No internet service,Month-to-month,No,Mailed check,40.1,708.56,Yes
4026-TYA,Female,1,Yes,No,50,Yes,No,Fiber optic,Yes,No,Yes,Yes,No,No,One year,Yes,Electronic check,78.78,3913.56,Yes
8473-AVY,Female,0,No,No,58,Yes,Yes,Fiber optic,No,Yes,No,No,Yes,Yes,Two year,Yes,Credit card (automatic),64.13,3741.65,No
6122-AYF,Male,0,Yes,No,62,Yes,No,No,No internet service,No internet service,No internet service,No internet service,No internet service,No internet service,One year,Yes,Electronic check,29.65,1821.15,No
4897-XIC,Female,0,No,Yes,67,Yes,No,DSL,No,Yes,No,Yes,No,No,Two year,Yes,Bank transfer (automatic),35.8,2370.65,No
9886-WIH,Male,0,No,No,8,Yes,No,No,No internet service,No internet service,No internet service,No internet service,No internet service,No internet service,One year,Yes,Bank transfer (automatic),18.0,181.89,No
9137-ZKG,Male,0,Yes,No,10,Yes,No phone service,Fiber optic,Yes,No,Yes,Yes,Yes,Yes,Month-to-month,No,Bank transfer (automatic),76.68,779.03,Yes
7542-OMC,Male,1,Yes,No,67,Yes,No,No,No internet service,No internet service,No internet service,No internet service,No internet service,No internet service,One year,No,Electronic check,19.43,1326.15,No
6336-BXH,Female,0,Yes,Yes,27,No,Yes,DSL,No,Yes,Yes,No,Yes,Yes,Two year,Yes,Electronic check,68.65,1826.07,No
7498-DUL,Male,0,Yes,No,1,Yes,Yes,DSL,No,No,Yes,No,Yes,No,Two year,No,Mailed check,61.25,51.3,Yes
5069-CCV,Male,0,No,Yes,20,Yes,No,Fiber optic,Yes,Yes,No,Yes,Yes,Yes,Month-to-month,No,Bank transfer (automatic),66.39,1327.42,No
9287-OZJ,Male,0,Yes,No,61,Yes,Yes,No,No internet service,No internet service,No internet service,No internet service,No internet service,No internet service,Month-to-month,Yes,Bank transfer (automatic),39.77,2433.91,No
3569-UWB,Male,0,No,No,25,Yes,Yes,No,No internet service,No internet service,No internet service,No internet service,No internet service,No internet service,Two year,No,Electronic check,28.55,793.75,No
6026-UJK,Male,0,No,No,5,No,No,Fiber optic,No,Yes,Yes,No,No,No,Month-to-month,No,Bank transfer (automatic),80.69,406.39,Yes
1232-HUZ,Female,0,No,No,52,Yes,No,Fiber optic,No,Yes,Yes,No,No,Yes,Month-to-month,Yes,Electronic check,54.69,2881.81,No
9850-MFZ,Female,0,No,No,14,Yes,Yes,DSL,No,Yes,Yes,No,Yes,No,Two year,Yes,Mailed check,25.78,441.01,No
1063-TIH,Male,0,Yes,No,25,Yes,Yes,Fiber optic,No,Yes,No,No,Yes,No,Month-to-month,No,Mailed check,79.56,2049.06,No
9214-XWS,Female,0,No,Yes,0,Yes,No,No,No internet service,No internet service,No internet service,No internet service,No internet service,No internet service,Month-to-month,Yes,Electronic check,45.34,0.0,Yes
4946-MVY,Female,0,No,Yes,43,Yes,No phone service,No,No internet service,No internet service,No internet service,No internet service,No internet service,No internet service,Month-to-month,Yes,Credit card (automatic),29.89,1325.44,No
3634-POD,Female,0,Yes,No,32,Yes,Yes,Fiber optic,Yes,No,Yes,No,Yes,Yes,Month-to-month,No,Bank transfer (automatic),74.81,2398.38,No
7043-FCP,Male,0,Yes,No,63,Yes,Yes,No,No internet service,No internet service,No internet service,No internet service,No internet service,No internet service,Two year,No,Electronic check,46.0,2896.64,No
2402-XCY,Female,0,No,Yes,24,Yes,No,DSL,No,Yes,No,No,Yes,No,Month-to-month,No,Electronic check,65.07,1591.12,No
9962-ZKM,Female,1,No,No,14,Yes,No,Fiber optic,No,No,Yes,No,No,Yes,Month-to-month,Yes,Bank transfer (automatic),78.67,1132.31,Yes
3844-YIP,Female,0,Yes,No,12,No,Yes,Fiber optic,No,Yes,No,No,Yes,No,Month-to-month,Yes,Credit card (automatic),80.62,985.19,Yes
9711-CAJ,Female,0,Yes,No,14,Yes,No,Fiber optic,No,Yes,Yes,No,Yes,Yes,Month-to-month,No,Electronic check,63.13,877.96,Yes
9346-DOR,Female,0,No,Yes,32,Yes,Yes,Fiber optic,No,No,Yes,No,Yes,No,Month-to-month,No,Electronic check,57.47,1822.14,No
5843-JJH,Male,0,Yes,No,6,Yes,Yes,Fiber optic,No,Yes,No,No,Yes,No,Month-to-month,No,Bank transfer (automatic),71.42,386.28,Yes
1258-XWV,Female,0,No,No,29,Yes,No,DSL,No,No,No,No,No,No,Month-to-month,Yes,Mailed check,59.47,1730.31,Yes
5738-IAS,Female,0,No,No,62,Yes,No,DSL,Yes,No,No,No,Yes,No,Month-to-month,No,Mailed check,54.83,3407.74,Yes
7331-WLR,Female,0,No,Yes,56,Yes,Yes,Fiber optic,Yes,Yes,No,No,No,No,Month-to-month,Yes,Mailed check,93.12,5243.78,Yes
4547-YBO,Female,0,Yes,Yes,46,Yes,No,Fiber optic,No,No,No,Yes,No,Yes,Month-to-month,Yes,Mailed check,60.99,2754.47,Yes
7053-BQY,Female,1,Yes,No,65,Yes,Yes,Fiber optic,No,Yes,No,No,No,Yes,Month-to-month,No,Electronic check,61.41,3995.29,Yes
9717-CCM,Male,0,No,No,56,Yes,Yes,Fiber optic,Yes,Yes,No,No,No,Yes,Month-to-month,Yes,Mailed check,69.25,3870.91,No
9507-LMS,Male,0,No,No,47,Yes,No,DSL,Yes,Yes,No,Yes,Yes,No,Month-to-month,No,Electronic check,50.49,2371.02,Yes
1483-WTZ,Male,0,Yes,No,63,No,Yes,No,No internet service,No internet service,No internet service,No internet service,No internet service,No internet service,Month-to-month,Yes,Electronic check,36.64,2351.9,No
4719-TCH,Male,0,Yes,Yes,9,Yes,No,Fiber optic,No,Yes,No,No,No,Yes,Month-to-month,No,Credit card (automatic),50.17,496.39,No
2139-PZU,Female,1,Yes,No,59,Yes,No,Fiber optic,No,No,No,Yes,Yes,Yes,One year,Yes,Electronic check,88.7,5268.85,Yes
6886-SYS,Male,0,No,No,21,No,No,Fiber optic,Yes,No,Yes,Yes,Yes,Yes,Month-to-month,Yes,Electronic check,70.72,1488.4,Yes
7984-GQR,Female,0,Yes,No,53,Yes,Yes,DSL,No,No,Yes,Yes,No,No,Two year,No,Credit card (automatic),30.67,1618.88,No
2068-SLZ,Male,0,Yes,No,66,Yes,Yes,DSL,No,Yes,No,Yes,Yes,Yes,One year,No,Credit card (automatic),71.68,4773.02,Yes
3165-MEB,Male,0,Yes,No,36,Yes,No,DSL,Yes,Yes,No,Yes,Yes,Yes,Month-to-month,No,Credit card (automatic),57.9,2144.26,No
5443-ZIW,Male,0,No,No,6,Yes,No,Fiber optic,No,Yes,Yes,No,Yes,Yes,Month-to-month,Yes,Electronic check,72.18,489.04,No
9578-VAS,Male,0,Yes,Yes,27,Yes,Yes,DSL,Yes,Yes,Yes,No,Yes,No,Month-to-month,No,Bank transfer (automatic),47.39,1296.65,No
1255-GQY,Male,1,Yes,Yes,29,Yes,Yes,DSL,Yes,No,No,No,No,No,Month-to-month,Yes,Bank transfer (automatic),73.47,2132.03,Yes
1837-YOT,Male,0,No,No,68,Yes,No,No,No internet service,No internet service,No internet service,No internet service,No internet service,No internet service,Month-to-month,Yes,Bank transfer (automatic),47.89,3280.73,No
8341-NDU,Female,0,Yes,Yes,68,Yes,Yes,Fiber optic,Yes,No,No,Yes,No,No,Month-to-month,Yes,Electronic check,92.24,6298.75,No
1633-DYX,Female,1,Yes,Yes,41,Yes,Yes,Fiber optic,No,Yes,Yes,No,Yes,Yes,Two year,Yes,Mailed check,94.15,3846.15,No
8737-YGZ,Female,1,No,No,69,Yes,Yes,Fiber optic,No,Yes,Yes,No,Yes,No,Month-to-month,Yes,Electronic check,62.9,4333.37,Yes
5341-CES,Female,0,Yes,No,31,Yes,Yes,DSL,Yes,No,No,No,No,No,One year,Yes,Bank transfer (automatic),75.94,2460.8,No
8545-KEF,Male,0,No,Yes,30,Yes,No,DSL,Yes,No,No,Yes,No,No,One year,Yes,Mailed check,61.92,1843.59,No
8469-VGB,Female,1,No,No,61,Yes,No,No,No internet service,No internet service,No internet service,No internet service,No internet service,No internet service,Month-to-month,No,Mailed check,18.23,1141.85,No
1991-KFL,Female,0,No,Yes,48,Yes,Yes,Fiber optic,Yes,Yes,No,No,No,Yes,Two year,Yes,Bank transfer (automatic),59.25,2826.0,No
5864-CXU,Male,0,No,No,38,Yes,No,Fiber optic,Yes,Yes,Yes,No,No,No,Two year,No,Credit card (automatic),80.79,3065.67,No
1347-LDV,Male,0,No,Yes,33,Yes,No,No,No internet service,No internet service,No internet service,No internet service,No internet service,No internet service,Month-to-month,No,Credit card (automatic),26.31,835.96,Yes
5977-ECI,Female,1,No,No,51,Yes,No,DSL,No,Yes,No,Yes,No,Yes,Month-to-month,Yes,Bank transfer (automatic),57.88,2919.7,No
4127-HJD,Female,0,Yes,No,55,Yes,No,Fiber optic,No,Yes,No,No,No,Yes,Month-to-month,No,Electronic check,76.01,4202.16,Yes
5390-HSU,Male,0,No,No,35,No,No,DSL,No,Yes,Yes,Yes,No,Yes,Month-to-month,Yes,Credit card (automatic),59.94,2115.34,Yes
3215-DID,Female,0,Yes,No,2,Yes,No,Fiber optic,Yes,Yes,No,Yes,No,Yes,Month-to-month,Yes,Electronic check,91.8,248.01,Yes
4894-YKW,Male,0,Yes,Yes,7,Yes,No,No,No internet service,No internet service,No internet service,No internet service,No internet service,No internet service,Month-to-month,No,Electronic check,35.82,251.65,Yes
7446-WBS,Female,0,Yes,No,10,Yes,Yes,DSL,Yes,Yes,No,No,No,No,Month-to-month,No,Mailed check,35.46,360.04,No
2331-PDW,Male,0,No,No,33,Yes,Yes,No,No internet service,No internet service,No internet service,No internet service,No internet service,No internet service,One year,Yes,Bank transfer (automatic),24.46,805.68,Yes
5819-PCI,Female,0,Yes,No,44,Yes,No,Fiber optic,Yes,Yes,No,No,No,Yes,Month-to-month,No,Electronic check,75.17,3273.44,No
1673-WUQ,Female,0,Yes,Yes,58,Yes,Yes,Fiber optic,Yes,Yes,Yes,No,Yes,No,Month-to-month,No,Electronic check,71.58,4172.27,No
9822-WAW,Female,1,Yes,Yes,16,Yes,Yes,DSL,No,Yes,No,No,Yes,No,Month-to-month,Yes,Electronic check,60.51,962.24,Yes
2546-DNQ,Male,0,No,No,57,Yes,Yes,Fiber optic,No,No,Yes,Yes,No,Yes,Two year,Yes,Bank transfer (automatic),49.55,2774.1,No
9099-NNC,Male,0,No,Yes,48,Yes,No,Fiber optic,No,No,No,Yes,Yes,No,One year,No,Bank transfer (automatic),57.28,2788.2,Yes
4415-FVJ,Male,0,Yes,No,3,Yes,No,DSL,No,No,Yes,Yes,Yes,Yes,Month-to-month,No,Mailed check,53.4,140.09,No
7934-BUQ,Female,0,No,No,25,Yes,Yes,Fiber optic,No,No,No,No,Yes,No,One year,No,Mailed check,59.36,1495.57,Yes
3106-UQQ,Male,0,Yes,No,22,Yes,Yes,DSL,Yes,No,Yes,Yes,Yes,No,Month-to-month,No,Credit card (automatic),54.08,1202.57,No
2648-MLF,Male,0,Yes,No,64,Yes,Yes,No,No internet service,No internet service,No internet service,No internet service,No internet service,No internet service,One year,Yes,Mailed check,27.04,1737.92,No
8550-PUY,Male,0,Yes,No,67,Yes,Yes,DSL,No,No,No,No,Yes,Yes,One year,Yes,Mailed check,50.39,3340.98,No
5995-HUO,Male,0,No,No,59,Yes,Yes,Fiber optic,No,No,No,Yes,No,Yes,Month-to-month,No,Bank transfer (automatic),69.68,4159.99,No
1606-JVO,Male,0,No,No,38,Yes,No,No,No internet service,No internet service,No internet service,No internet service,No internet service,No internet service,One year,No,Bank transfer (automatic),39.2,1464.1,No
8147-ZTH,Female,0,Yes,No,35,Yes,No,Fiber optic,Yes,Yes,Yes,No,No,No,Two year,Yes,Bank transfer (automatic),86.22,2931.73,No
2297-FFL,Male,1,No,Yes,22,Yes,Yes,No,No internet service,No internet service,No internet service,No internet service,No internet service,No internet service,Two year,No,Electronic check,22.08,515.46,Yes
2973-TRC,Male,0,No,Yes,56,Yes,Yes,No,No internet service,No internet service,No internet service,No internet service,No internet service,No internet service,Month-to-month,Yes,Credit card (automatic),18.66,1073.51,No
3523-CDQ,Female,1,No,No,6,Yes,No,DSL,No,Yes,Yes,No,Yes,No,One year,Yes,Mailed check,55.49,291.12,No
6064-FJX,Female,0,No,No,19,Yes,No,Fiber optic,Yes,No,Yes,No,No,No,Month-to-month,No,Credit card (automatic),74.62,1417.58,Yes
5325-VSH,Female,0,No,Yes,9,Yes,Yes,Fiber optic,No,No,No,No,No,No,Two year,Yes,Mailed check,91.88,864.72,Yes
3086-XXE,Female,0,Yes,No,36,Yes,No,DSL,No,Yes,Yes,Yes,No,No,Two year,Yes,Mailed check,45.26,1678.78,No
7466-EVA,Male,0,Yes,No,21,No,No,Fiber optic,No,Yes,No,No,No,No,Month-to-month,Yes,Electronic check,84.17,1789.01,No
4716-JPU,Male,1,No,Yes,14,Yes,Yes,DSL,No,Yes,Yes,No,No,No,Month-to-month,Yes,Mailed check,18.0,280.94,No
8061-JBY,Male,0,Yes,No,27,Yes,No,No,No internet service,No internet service,No internet service,No internet service,No internet service,No internet service,Month-to-month,No,Mailed check,53.28,1463.65,No
4297-YCT,Female,0,No,Yes,62,Yes,Yes,Fiber optic,Yes,Yes,No,Yes,No,Yes,Month-to-month,Yes,Credit card (automatic),63.37,3924.14,No
8207-FZC,Female,0,No,No,40,Yes,No phone service,Fiber optic,Yes,No,Yes,No,Yes,Yes,Month-to-month,Yes,Credit card (automatic),59.51,2342.29,No
9128-GXI,Female,0,Yes,Yes,60,Yes,No,Fiber optic,No,Yes,No,No,No,No,Month-to-month,No,Mailed check,64.86,3882.46,No
4374-PNX,Female,0,No,Yes,66,Yes,Yes,No,No internet service,No internet service,No internet service,No internet service,No internet service,No internet service,One year,No,Credit card (automatic),23.48,1589.03,No
4504-JJO,Male,0,No,Yes,65,Yes,No,Fiber optic,No,No,Yes,No,Yes,No,Month-to-month,No,Credit card (automatic),96.81,6331.67,No
1132-NPJ,Male,0,No,Yes,25,No,Yes,No,No internet service,No internet service,No internet service,No internet service,No internet service,No internet service,Month-to-month,No,Credit card (automatic),35.32,890.12,No
8317-AKI,Female,0,Yes,No,64,Yes,No,No,No internet service,No internet service,No internet service,No internet service,No internet service,No internet service,One year,No,Mailed check,29.13,1852.65,No
8655-SLI,Female,0,No,No,66,No,Yes,DSL,Yes,No,Yes,No,Yes,No,Month-to-month,No,Electronic check,75.03,5012.69,No
6754-TAZ,Female,0,No,Yes,70,Yes,No,DSL,No,Yes,Yes,No,Yes,Yes,Month-to-month,Yes,Credit card (automatic),51.29,3594.64,No
6585-KHQ,Male,0,No,No,25,Yes,Yes,DSL,No,Yes,No,Yes,No,No,Two year,Yes,Bank transfer (automatic),40.09,1024.56,No
8213-WAP,Female,0,Yes,Yes,16,Yes,No,Fiber optic,Yes,No,Yes,Yes,No,Yes,Two year,Yes,Mailed check,74.23,1145.45,Yes
1984-GVD,Female,0,No,No,42,Yes,Yes,Fiber optic,No,Yes,No,Yes,Yes,Yes,One year,No,Mailed check,70.43,2956.1,No
5014-AGO,Female,0,No,No,68,No,Yes,DSL,Yes,Yes,No,No,No,Yes,Month-to-month,No,Electronic check,52.31,3595.1,No
1171-XJB,Male,0,No,No,65,Yes,Yes,No,No internet service,No internet service,No internet service,No internet service,No internet service,No internet service,Month-to-month,No,Electronic check,43.77,2797.12,No
8147-ANI,Male,0,No,No,41,Yes,No,DSL,Yes,No,Yes,No,Yes,No,Two year,No,Electronic check,41.56,1702.61,No
2058-IJJ,Male,0,No,No,10,Yes,Yes,Fiber optic,Yes,Yes,No,Yes,No,Yes,One year,No,Mailed check,83.64,850.71,No
4105-DCZ,Female,0,Yes,No,30,Yes,No,Fiber optic,Yes,No,No,No,No,Yes,One year,Yes,Mailed check,100.58,3067.4,No
4318-ZDT,Male,1,Yes,No,52,Yes,No,Fiber optic,Yes,No,Yes,No,No,Yes,One year,Yes,Mailed check,78.8,4131.76,No
7406-OFF,Female,1,Yes,No,40,Yes,Yes,DSL,No,No,No,No,Yes,Yes,Month-to-month,Yes,Electronic check,50.38,2074.46,Yes
3595-SDE,Female,1,Yes,Yes,25,Yes,No,Fiber optic,No,Yes,No,Yes,No,Yes,Month-to-month,Yes,Electronic check,104.17,2633.36,Yes
8152-AYU,Male,0,No,No,25,Yes,Yes,Fiber optic,No,No,No,Yes,Yes,Yes,Two year,No,Mailed check,77.82,1976.64,No
2737-ENL,Male,0,Yes,Yes,4,Yes,Yes,DSL,Yes,No,No,Yes,Yes,Yes,Two year,Yes,Electronic check,37.97,118.44,No
9189-IYO,Male,0,No,Yes,21,Yes,No,Fiber optic,Yes,No,Yes,No,Yes,No,Month-to-month,Yes,Credit card (automatic),64.25,1314.81,No
2246-KPH,Female,0,No,Yes,48,Yes,No,Fiber optic,No,No,No,Yes,No,No,One year,No,Mailed check,94.32,4586.18,No
5544-QKU,Male,0,Yes,No,17,Yes,No,Fiber optic,Yes,No,No,No,Yes,Yes,Month-to-month,Yes,Mailed check,44.8,745.73,No
8332-ZAE,Female,0,No,No,72,Yes,Yes,Fiber optic,Yes,No,No,No,Yes,Yes,Two year,Yes,Mailed check,97.55,7004.64,No
8575-VGZ,Male,0,Yes,Yes,6,Yes,No phone service,Fiber optic,Yes,Yes,Yes,Yes,Yes,Yes,Month-to-month,Yes,Bank transfer (automatic),54.81,248.09,Yes
2295-XQX,Male,1,No,No,42,Yes,Yes,No,No internet service,No internet service,No internet service,No internet service,No internet service,No internet service,One year,Yes,Electronic check,29.72,1285.35,No
9472-DNJ,Male,0,Yes,No,36,Yes,No,Fiber optic,Yes,No,No,No,No,Yes,Month-to-month,No,Bank transfer (automatic),59.42,2099.95,Yes
9673-ZPH,Female,1,Yes,No,60,Yes,No,DSL,No,Yes,Yes,Yes,No,No,One year,Yes,Electronic check,43.07,2555.49,No
6364-PES,Male,0,Yes,No,64,Yes,No,No,No internet service,No internet service,No internet service,No internet service,No internet service,No internet service,One year,Yes,Mailed check,35.73,2325.02,No
2334-BQV,Female,0,Yes,No,39,Yes,Yes,DSL,No,Yes,Yes,Yes,Yes,Yes,Month-to-month,Yes,Mailed check,56.98,2144.91,No
1561-PZZ,Male,0,Yes,No,46,Yes,No,No,No internet service,No internet service,No internet service,No internet service,No internet service,No internet service,Two year,Yes,Mailed check,60.65,2837.46,No
3503-ZMC,Female,0,No,No,51,Yes,No phone service,Fiber optic,No,Yes,No,Yes,Yes,Yes,Two year,Yes,Bank transfer (automatic),100.62,5102.6,No
2640-NLD,Male,0,Yes,Yes,38,Yes,No phone service,DSL,Yes,Yes,No,No,No,No,Two year,Yes,Credit card (automatic),54.91,2081.44,No
3079-QVK,Male,1,No,No,13,Yes,No,Fiber optic,Yes,No,Yes,No,Yes,No,Month-to-month,No,Mailed check,74.52,941.61,Yes
1569-NKO,Female,0,Yes,No,31,Yes,No,DSL,No,No,Yes,No,No,Yes,One year,Yes,Electronic check,61.46,1858.71,No
7906-SWU,Male,0,No,No,17,No,Yes,No,No internet service,No internet service,No internet service,No internet service,No internet service,No internet service,Month-to-month,No,Bank transfer (automatic),18.0,279.44,No
9705-LBO,Male,1,No,No,33,Yes,Yes,No,No internet service,No internet service,No internet service,No internet service,No internet service,No internet service,One year,No,Mailed check,20.44,645.56,No
2182-CGD,Male,0,Yes,No,44,Yes,No,Fiber optic,Yes,No,No,Yes,Yes,No,Month-to-month,Yes,Bank transfer (automatic),70.7,3067.72,No
9595-OZO,Female,0,No,No,15,Yes,Yes,Fiber optic,Yes,Yes,No,No,Yes,Yes,One year,Yes,Mailed check,73.16,1151.39,No
6178-BTM,Female,0,Yes,Yes,18,Yes,No,Fiber optic,No,No,No,No,Yes,No,Month-to-month,No,Mailed check,57.8,1006.47,No
5221-YXN,Male,0,Yes,No,60,Yes,Yes,Fiber optic,No,Yes,Yes,No,Yes,Yes,Month-to-month,Yes,Bank transfer (automatic),91.66,5433.55,No
1982-UUB,Female,0,No,Yes,27,Yes,No,DSL,No,No,Yes,No,No,No,Month-to-month,No,Mailed check,53.72,1378.18,No
5298-HLU,Female,0,No,No,14,No,Yes,No,No internet service,No internet service,No internet service,No internet service,No internet service,No internet service,Month-to-month,Yes,Credit card (automatic),40.08,576.37,Yes
6116-EMR,Male,0,Yes,Yes,52,Yes,Yes,DSL,No,Yes,Yes,Yes,No,Yes,Month-to-month,Yes,Bank transfer (automatic),43.01,2175.83,No
8682-DGH,Male,0,Yes,Yes,52,Yes,No,DSL,No,Yes,No,No,Yes,No,Month-to-month,No,Mailed check,49.01,2542.28,No
2139-KQP,Female,0,No,Yes,60,Yes,No,DSL,No,Yes,No,No,No,No,Two year,No,Electronic check,42.78,2635.73,No
7760-IMX,Female,0,Yes,No,55,Yes,No,No,No internet service,No internet service,No internet service,No internet service,No internet service,No internet service,Month-to-month,Yes,Electronic check,27.78,1534.27,No
6859-LMG,Male,0,No,No,72,Yes,No,No,No internet service,No internet service,No internet service,No internet service,No internet service,No internet service,Month-to-month,No,Electronic check,32.9,2380.14,No
8492-KSO,Male,0,Yes,Yes,41,Yes,No,Fiber optic,No,No,Yes,No,No,No,Two year,Yes,Electronic check,88.31,3602.17,No
9640-HPS,Male,0,Yes,No,20,Yes,No phone service,DSL,Yes,Yes,No,No,No,Yes,Two year,Yes,Electronic check,67.89,1357.33,No
7072-XNK,Female,0,Yes,No,62,No,Yes,No,No internet service,No internet service,No internet service,No internet service,No internet service,No internet service,Two year,No,Bank transfer (automatic),28.36,1750.77,No
5896-HCX,Female,0,Yes,No,19,Yes,No,Fiber optic,No,Yes,Yes,No,Yes,Yes,Two year,Yes,Electronic check,94.23,1801.18,No
5013-SGE,Female,0,No,No,21,Yes,No,No,No internet service,No internet service,No internet service,No internet service,No internet service,No internet service,Two year,Yes,Electronic check,50.18,1111.78,No
9709-EXQ,Male,0,No,Yes,60,Yes,Yes,No,No internet service,No internet service,No internet service,No internet service,No internet service,No internet service,One year,Yes,Mailed check,25.42,1510.25,No
4685-JCI,Female,0,Yes,No,64,Yes,No,Fiber optic,No,Yes,No,No,Yes,No,Two year,No,Bank transfer (automatic),49.7,3153.22,No
4462-DZX,Male,0,No,No,24,No,Yes,DSL,No,Yes,Yes,No,No,Yes,Two year,Yes,Electronic check,53.14,1272.72,No
1613-PXC,Male,0,Yes,Yes,53,Yes,No phone service,Fiber optic,No,Yes,No,No,No,Yes,Month-to-month,No,Credit card (automatic),80.4,4294.81,No
1956-HOP,Male,0,Yes,No,67,Yes,Yes,No,No internet service,No internet service,No internet service,No internet service,No internet service,No internet service,Two year,No,Credit card (automatic),34.35,2289.61,No
8812-XQB,Male,0,No,Yes,58,Yes,No,Fiber optic,No,Yes,Yes,No,No,Yes,Two year,No,Credit card (automatic),71.16,4136.61,No
2567-UZC,Female,0,Yes,Yes,0,No,Yes,No,No internet service,No internet service,No internet service,No internet service,No internet service,No internet service,Two year,Yes,Bank transfer (automatic),43.08,0.0,No
8748-KDT,Male,0,No,Yes,48,Yes,Yes,Fiber optic,No,Yes,No,Yes,Yes,No,Two year,Yes,Credit card (automatic),56.42,2783.5,No
5656-FQE,Female,0,Yes,Yes,12,Yes,No,No,No internet service,No internet service,No internet service,No internet service,No internet service,No internet service,Month-to-month,No,Mailed check,40.99,524.17,No
6310-UJE,Male,0,Yes,No,61,Yes,No,Fiber optic,Yes,Yes,Yes,No,No,Yes,Month-to-month,Yes,Bank transfer (automatic),70.73,4283.98,No
8358-DHB,Female,0,No,Yes,4,Yes,Yes,DSL,No,Yes,No,No,Yes,Yes,One year,Yes,Electronic check,40.86,86.75,No
3731-BOD,Male,0,Yes,Yes,72,Yes,Yes,Fiber optic,No,Yes,No,Yes,No,No,One year,Yes,Electronic check,87.14,6279.34,No
1569-VCJ,Female,0,Yes,No,12,Yes,No,DSL,Yes,Yes,No,No,Yes,No,Two year,No,Credit card (automatic),62.16,721.24,No
9697-KLR,Male,0,Yes,Yes,30,Yes,No,Fiber optic,Yes,Yes,No,Yes,Yes,No,Two year,No,Mailed check,62.92,1870.6,No
6075-UZP,Male,0,Yes,No,17,Yes,Yes,No,No internet service,No internet service,No internet service,No internet service,No internet service,No internet service,One year,Yes,Electronic check,35.79,573.57,No
9777-DUN,Male,1,No,No,59,Yes,Yes,DSL,Yes,Yes,No,Yes,No,Yes,Two year,Yes,Electronic check,72.51,4260.41,No
6271-VGP,Male,0,Yes,No,28,Yes,No,No,No internet service,No internet service,No internet service,No internet service,No internet service,No internet service,Month-to-month,No,Mailed check,44.32,1222.58,Yes
2636-VDE,Female,0,No,No,54,Yes,No,DSL,No,Yes,No,No,Yes,Yes,Two year,Yes,Credit card (automatic),52.75,2844.45,No
4365-NGO,Male,1,No,Yes,4,Yes,Yes,Fiber optic,Yes,No,Yes,No,Yes,No,Month-to-month,No,Credit card (automatic),71.26,261.49,No
8598-DXR,Female,0,No,No,33,Yes,No,No,No internet service,No internet service,No internet service,No internet service,No internet service,No internet service,Month-to-month,Yes,Electronic check,54.07,1759.21,No
6443-PQJ,Female,0,No,No,66,Yes,No,Fiber optic,No,Yes,No,No,No,Yes,Month-to-month,Yes,Electronic check,82.6,5470.15,Yes
5815-BCO,Male,0,No,No,67,Yes,No,No,No internet service,No internet service,No internet service,No internet service,No internet service,No internet service,One year,Yes,Electronic check,18.0,1205.91,No
8714-ABM,Female,1,Yes,Yes,15,Yes,No,No,No internet service,No internet service,No internet service,No internet service,No internet service,No internet service,Month-to-month,Yes,Bank transfer (automatic),18.0,270.16,No
7073-VEY,Male,0,No,No,28,Yes,Yes,Fiber optic,No,Yes,No,No,No,No,Month-to-month,Yes,Mailed check,57.49,1607.99,Yes
8020-SQZ,Male,0,Yes,No,29,Yes,No,No,No internet service,No internet service,No internet service,No internet service,No internet service,No internet service,One year,No,Bank transfer (automatic),34.84,979.03,No
3216-YUT,Female,0,No,No,41,Yes,No,DSL,Yes,Yes,No,No,No,No,One year,Yes,Bank transfer (automatic),47.26,1987.95,No
8056-AMQ,Female,0,No,No,39,Yes,Yes,Fiber optic,No,Yes,No,No,Yes,Yes,Month-to-month,No,Electronic check,69.17,2768.76,Yes
5943-YCY,Male,0,No,No,7,Yes,No,DSL,No,Yes,No,No,Yes,No,One year,Yes,Electronic check,54.97,428.14,No
4841-LRU,Female,0,No,No,55,Yes,No,No,No internet service,No internet service,No internet service,No internet service,No internet service,No internet service,Month-to-month,Yes,Electronic check,37.93,2024.4,No
1619-TJR,Female,0,No,No,16,Yes,No,Fiber optic,No,No,No,No,Yes,No,Month-to-month,Yes,Bank transfer (automatic),71.64,1123.08,No
5055-ESS,Female,0,No,Yes,22,Yes,No,Fiber optic,No,No,Yes,Yes,Yes,Yes,Month-to-month,Yes,Bank transfer (automatic),83.39,1859.36,No
4324-DYI,Female,0,No,Yes,61,No,No,No,No internet service,No internet service,No internet service,No internet service,No internet service,No internet service,One year,Yes,Credit card (automatic),25.11,1505.46,No
8228-JNV,Male,0,No,No,50,Yes,No,DSL,No,No,Yes,No,Yes,Yes,Two year,No,Electronic check,67.11,3330.96,No
7406-QIC,Female,0,Yes,No,28,Yes,No,No,No internet service,No internet service,No internet service,No internet service,No internet service,No internet service,One year,Yes,Credit card (automatic),57.48,1561.44,No
5434-KOM,Female,0,No,No,66,No,Yes,DSL,Yes,No,No,No,No,Yes,Two year,Yes,Electronic check,44.32,2912.44,No
3548-BVC,Female,0,No,No,28,Yes,Yes,Fiber optic,Yes,Yes,Yes,No,Yes,No,One year,Yes,Mailed check,82.69,2286.57,No
5971-OMC,Female,0,No,No,41,Yes,No,Fiber optic,No,No,No,Yes,Yes,No,Two year,No,Electronic check,86.41,3459.13,No
3838-MXZ,Female,0,Yes,Yes,17,Yes,No,Fiber optic,No,No,Yes,No,Yes,No,Two year,Yes,Electronic check,69.17,1216.19,No
3777-RDM,Male,0,Yes,No,13,Yes,No phone service,Fiber optic,No,No,No,No,No,No,Month-to-month,Yes,Electronic check,53.9,715.28,No
1778-KWC,Female,0,Yes,Yes,35,No,No,Fiber optic,Yes,Yes,Yes,No,Yes,Yes,Month-to-month,Yes,Electronic check,93.87,3238.7,Yes
3873-LQR,Female,0,No,No,41,Yes,Yes,No,No internet service,No internet service,No internet service,No internet service,No internet service,No internet service,Month-to-month,Yes,Bank transfer (automatic),47.66,1984.44,No
9942-QGU,Male,0,No,Yes,58,Yes,No,DSL,No,No,No,No,No,Yes,One year,Yes,Bank transfer (automatic),71.11,4128.82,No
6692-MOM,Female,0,Yes,Yes,28,Yes,Yes,DSL,No,No,Yes,No,No,Yes,Month-to-month,No,Bank transfer (automatic),18.0,544.57,No
1605-AIR,Male,0,Yes,No,65,Yes,No phone service,DSL,No,No,No,No,Yes,No,Month-to-month,No,Credit card (automatic),45.71,2996.85,No
2146-LGT,Male,0,No,Yes,44,Yes,No,Fiber optic,No,No,Yes,No,No,No,Two year,Yes,Bank transfer (automatic),58.72,2556.54,No
8730-WIU,Male,0,No,No,5,Yes,No,DSL,No,Yes,No,No,Yes,No,Two year,Yes,Credit card (automatic),61.42,330.51,No
1248-HXN,Female,0,No,No,53,Yes,No,DSL,No,Yes,Yes,No,Yes,No,Month-to-month,Yes,Electronic check,46.61,2495.22,Yes
9303-ROI,Female,0,Yes,Yes,41,Yes,Yes,No,No internet service,No internet service,No internet service,No internet service,No internet service,No internet service,Month-to-month,No,Credit card (automatic),59.0,2455.94,No
4178-BVI,Female,0,No,No,28,Yes,Yes,No,No internet service,No internet service,No internet service,No internet service,No internet service,No internet service,Month-to-month,No,Mailed check,52.41,1502.39,No
1890-RPY,Male,0,No,No,34,Yes,No,No,No internet service,No internet service,No internet service,No internet service,No internet service,No internet service,Month-to-month,Yes,Mailed check,41.48,1483.06,No
2327-UWE,Female,0,No,No,22,Yes,No phone service,DSL,No,No,Yes,No,No,Yes,Two year,No,Bank transfer (automatic),74.53,1673.0,No
7904-NXD,Male,1,No,No,44,Yes,Yes,Fiber optic,Yes,Yes,Yes,No,Yes,Yes,One year,Yes,Electronic check,69.64,3036.7,No
9701-PUK,Male,0,No,No,41,Yes,No,DSL,Yes,Yes,No,Yes,No,No,Month-to-month,Yes,Electronic check,42.36,1742.97,No
3405-RQV,Male,0,Yes,Yes,32,Yes,Yes,Fiber optic,No,Yes,Yes,No,Yes,No,Month-to-month,No,Mailed check,65.5,2059.28,Yes
9428-KEV,Female,1,Yes,No,20,Yes,Yes,Fiber optic,No,Yes,Yes,Yes,No,No,Month-to-month,No,Bank transfer (automatic),63.35,1309.33,Yes
2721-XTW,Female,1,No,No,29,Yes,No phone service,No,No internet service,No internet service,No internet service,No internet service,No internet service,No internet service,Month-to-month,Yes,Credit card (automatic),23.69,657.04,No
6655-ILT,Female,0,Yes,No,36,Yes,Yes,Fiber optic,No,No,Yes,No,Yes,Yes,Month-to-month,No,Electronic check,72.8,2698.89,Yes
1814-BTS,Female,0,No,Yes,34,No,No phone service,DSL,No,Yes,Yes,Yes,No,No,One year,No,Electronic check,44.04,1487.13,No
4045-QXN,Female,0,No,No,22,Yes,No,Fiber optic,No,Yes,No,No,Yes,Yes,Month-to-month,Yes,Bank transfer (automatic),92.76,2039.18,Yes
6358-WTH,Female,0,No,No,42,Yes,No,No,No internet service,No internet service,No internet service,No internet service,No internet service,No internet service,Two year,Yes,Mailed check,40.6,1688.94,No
2629-ARX,Female,0,No,No,16,Yes,No phone service,DSL,Yes,No,No,Yes,No,Yes,Month-to-month,Yes,Electronic check,41.43,637.79,No
9712-HFW,Male,1,No,No,36,Yes,No,No,No internet service,No internet service,No internet service,No internet service,No internet service,No internet service,Two year,No,Mailed check,30.03,1062.52,No
7667-HKE,Female,0,Yes,Yes,8,Yes,No,DSL,No,No,Yes,Yes,No,No,Month-to-month,Yes,Bank transfer (automatic),66.34,538.83,Yes
1903-HXO,Female,0,Yes,No,34,Yes,No,DSL,No,No,Yes,No,Yes,No,Month-to-month,Yes,Electronic check,59.3,2016.82,No
4912-TJF,Female,0,No,No,57,Yes,No phone service,No,No internet service,No internet service,No internet service,No internet service,No internet service,No internet service,Two year,Yes,Electronic check,40.77,2308.95,No
8125-IAB,Female,0,Yes,No,59,Yes,No phone service,DSL,No,Yes,No,No,Yes,No,One year,Yes,Electronic check,50.06,2964.27,Yes
6308-ABG,Male,0,Yes,No,50,Yes,Yes,Fiber optic,Yes,Yes,Yes,No,No,No,Month-to-month,No,Mailed check,58.87,2924.5,Yes
9475-HXM,Female,0,No,No,54,Yes,No,DSL,No,No,No,No,Yes,No,Month-to-month,Yes,Electronic check,55.85,3015.73,No
6831-HNH,Male,0,No,Yes,4,Yes,No phone service,Fiber optic,Yes,No,Yes,Yes,No,Yes,One year,No,Mailed check,87.02,409.88,Yes
8014-XSC,Male,0,No,Yes,24,Yes,No,Fiber optic,No,No,Yes,No,Yes,No,Two year,No,Credit card (automatic),73.59,1746.1,No
4852-EEA,Male,0,No,No,47,Yes,No,No,No internet service,No internet service,No internet service,No internet service,No internet service,No internet service,One year,Yes,Electronic check,45.62,2133.52,No
8579-QRH,Female,0,Yes,No,58,Yes,Yes,No,No internet service,No internet service,No internet service,No internet service,No internet service,No internet service,Month-to-month,No,Electronic check,53.0,3033.58,No
3825-QLF,Male,0,No,No,42,No,No,Fiber optic,No,No,Yes,No,No,No,Month-to-month,Yes,Electronic check,76.74,3211.24,No
7563-SQF,Female,0,No,No,62,Yes,Yes,Fiber optic,Yes,No,No,Yes,No,Yes,Month-to-month,Yes,Credit card (automatic),79.71,4955.13,No
9270-WAQ,Female,0,No,Yes,19,Yes,No,DSL,No,Yes,No,Yes,No,Yes,Month-to-month,No,Mailed check,43.32,804.58,No
6653-SJI,Male,0,No,No,11,No,No phone service,Fiber optic,No,No,Yes,No,Yes,No,One year,Yes,Credit card (automatic),68.41,712.81,Yes
3600-WXJ,Male,1,Yes,No,6,Yes,Yes,Fiber optic,Yes,Yes,Yes,Yes,No,No,Two year,Yes,Credit card (automatic),62.99,390.59,Yes
4862-SLP,Female,0,No,Yes,42,Yes,No,DSL,No,No,Yes,No,Yes,No,Month-to-month,Yes,Credit card (automatic),56.61,2393.97,Yes
3500-QTJ,Female,0,Yes,No,48,Yes,Yes,No,No internet service,No internet service,No internet service,No internet service,No internet service,No internet service,Two year,Yes,Credit card (automatic),25.46,1243.57,No
4972-XKF,Male,0,Yes,Yes,20,Yes,No,DSL,No,Yes,No,No,Yes,Yes,One year,No,Electronic check,57.28,1102.23,No
7228-NQV,Female,0,Yes,No,57,Yes,No,DSL,Yes,No,No,No,No,Yes,One year,Yes,Mailed check,39.38,2292.63,No
9944-JIE,Male,0,No,No,53,Yes,Yes,No,No internet service,No internet service,No internet service,No internet service,No internet service,No internet service,Month-to-month,Yes,Credit card (automatic),43.91,2310.15,No
9403-RNW,Male,1,Yes,No,26,Yes,Yes,Fiber optic,No,No,No,Yes,Yes,Yes,Month-to-month,No,Bank transfer (automatic),50.48,1277.21,Yes
1249-ZSI,Female,0,Yes,No,17,No,No,Fiber optic,Yes,No,No,No,Yes,Yes,Month-to-month,Yes,Bank transfer (automatic),78.12,1363.9,Yes
4467-VWD,Female,0,Yes,No,54,Yes,No,DSL,No,No,Yes,No,No,No,Month-to-month,No,Credit card (automatic),45.6,2509.13,No
4702-NDI,Female,0,Yes,No,49,Yes,No,Fiber optic,No,Yes,Yes,Yes,No,No,Month-to-month,No,Bank transfer (automatic),63.1,3080.86,No
7080-HID,Male,1,Yes,No,12,Yes,No,Fiber optic,No,Yes,No,No,No,Yes,Month-to-month,No,Bank transfer (automatic),79.35,923.05,Yes
6578-AHY,Female,1,No,No,18,No,Yes,DSL,Yes,No,Yes,No,No,No,Month-to-month,Yes,Bank transfer (automatic),70.57,1285.74,Yes
4031-TNE,Male,0,Yes,Yes,35,Yes,Yes,Fiber optic,Yes,No,No,No,No,No,Month-to-month,No,Electronic check,51.65,1761.11,No
5622-MZY,Male,0,No,No,37,Yes,No,DSL,Yes,No,Yes,No,Yes,No,Two year,No,Electronic check,43.83,1711.02,No
5854-YPC,Male,0,Yes,Yes,12,Yes,Yes,DSL,Yes,No,Yes,Yes,Yes,Yes,Two year,No,Bank transfer (automatic),46.35,520.08,No
8702-TAA,Male,0,Yes,No,69,Yes,Yes,DSL,No,Yes,Yes,No,No,No,Month-to-month,No,Credit card (automatic),46.78,3240.29,Yes
9473-IIO,Male,0,Yes,No,28,Yes,No,DSL,Yes,No,Yes,No,No,Yes,Two year,Yes,Credit card (automatic),72.27,2017.93,No
8430-OPB,Male,0,No,No,27,Yes,Yes,DSL,No,No,No,Yes,No,No,Month-to-month,Yes,Electronic check,44.68,1174.17,Yes
8679-EJP,Female,0,No,Yes,4,Yes,No,Fiber optic,No,Yes,Yes,No,Yes,Yes,Month-to-month,No,Credit card (automatic),69.24,244.21,Yes
8681-NYF,Female,0,Yes,Yes,63,No,Yes,Fiber optic,No,Yes,No,No,No,No,Two year,Yes,Electronic check,79.0,5016.47,No
3684-TQG,Male,0,Yes,No,17,Yes,Yes,DSL,Yes,Yes,Yes,No,No,No,Month-to-month,Yes,Bank transfer (automatic),67.52,1160.69,No
2877-JRT,Female,0,Yes,Yes,72,Yes,No,Fiber optic,No,Yes,Yes,No,No,No,Month-to-month,Yes,Credit card (automatic),67.02,4801.08,Yes
9360-RQI,Female,0,No,Yes,36,Yes,No,DSL,No,No,No,No,Yes,No,Month-to-month,No,Credit card (automatic),53.47,1905.32,No
7613-PWC,Female,1,Yes,No,63,Yes,Yes,Fiber optic,Yes,Yes,Yes,Yes,No,No,Month-to-month,No,Bank transfer (automatic),79.9,5005.22,No
7110-GGA,Female,0,No,No,13,Yes,Yes,No,No internet service,No internet service,No internet service,No internet service,No internet service,No internet service,One year,No,Bank transfer (automatic),53.29,723.61,No
6957-GYM,Male,0,No,Yes,12,Yes,No phone service,Fiber optic,No,No,Yes,No,No,Yes,Month-to-month,Yes,Mailed check,76.02,944.52,No
7507-MGR,Male,1,No,No,58,Yes,No,Fiber optic,No,No,Yes,No,No,Yes,Month-to-month,Yes,Bank transfer (automatic),99.74,5803.38,No
9096-QYH,Male,0,Yes,Yes,59,Yes,No,DSL,No,Yes,No,No,No,Yes,Month-to-month,Yes,Electronic check,73.16,4325.32,No
3131-DJY,Male,0,No,No,39,Yes,No,DSL,No,Yes,No,No,Yes,Yes,Month-to-month,No,Electronic check,69.85,2746.08,No
2009-PYO,Male,0,Yes,No,2,Yes,Yes,Fiber optic,No,No,Yes,Yes,No,No,Month-to-month,Yes,Credit card (automatic),74.14,90.57,Yes
6200-TIQ,Male,0,Yes,No,68,Yes,Yes,Fiber optic,Yes,Yes,Yes,No,Yes,Yes,Two year,No,Electronic check,58.19,3966.55,No
3451-XOK,Male,1,No,Yes,28,Yes,No,Fiber optic,Yes,No,No,No,No,No,One year,Yes,Bank transfer (automatic),81.48,2318.84,Yes
9720-MMG,Female,0,Yes,No,68,Yes,Yes,No,No internet service,No internet service,No internet service,No internet service,No internet service,No internet service,Month-to-month,No,Mailed check,23.78,1625.12,No
9825-RTX,Male,0,No,Yes,63,Yes,No,Fiber optic,No,No,No,No,No,Yes,One year,Yes,Electronic check,70.4,4437.05,No
7339-YDM,Male,0,Yes,No,62,Yes,Yes,No,No internet service,No internet service,No internet service,No internet service,No internet service,No internet service,Month-to-month,No,Electronic check,31.11,1906.56,Yes
2755-ITO,Female,1,No,Yes,50,Yes,No,Fiber optic,No,Yes,Yes,No,Yes,Yes,Month-to-month,No,Electronic check,83.65,4162.57,Yes
2488-SOJ,Male,0,No,Yes,49,Yes,No phone service,DSL,No,Yes,No,No,No,Yes,Month-to-month,No,Electronic check,50.02,2432.66,Yes
5614-USE,Female,0,No,Yes,38,Yes,Yes,DSL,Yes,Yes,Yes,No,Yes,No,Month-to-month,No,Bank transfer (automatic),41.02,1566.57,No
5955-JFY,Female,0,No,Yes,1,Yes,No,Fiber optic,No,Yes,No,No,No,No,One year,Yes,Bank transfer (automatic),65.33,48.35,No
8027-WUU,Female,0,No,Yes,28,No,Yes,DSL,No,No,No,No,No,Yes,Two year,No,Mailed check,77.32,2101.14,No
1355-ZOI,Female,0,No,No,53,Yes,No,Fiber optic,No,No,No,Yes,Yes,Yes,Month-to-month,No,Credit card (automatic),86.89,4633.09,Yes
1736-ADI,Female,0,Yes,No,59,Yes,No,Fiber optic,No,Yes,No,No,No,Yes,Month-to-month,Yes,Bank transfer (automatic),55.67,3302.81,No
1510-GTI,Male,0,Yes,Yes,40,Yes,No phone service,Fiber optic,No,No,No,No,Yes,Yes,One year,Yes,Bank transfer (automatic),89.86,3606.83,Yes
6103-SNM,Male,0,No,No,51,Yes,Yes,Fiber optic,No,Yes,No,Yes,Yes,No,Month-to-month,Yes,Bank transfer (automatic),70.43,3559.14,Yes
2916-FAA,Male,0,Yes,No,1,No,Yes,Fiber optic,Yes,No,No,No,Yes,Yes,Month-to-month,No,Bank transfer (automatic),102.42,85.19,Yes
3006-BIA,Female,0,No,No,34,Yes,No,Fiber optic,Yes,Yes,No,No,Yes,Yes,Two year,No,Electronic check,75.97,2601.14,No
8777-RDE,Male,0,No,Yes,37,Yes,No,No,No internet service,No internet service,No internet service,No internet service,No internet service,No internet service,Two year,Yes,Electronic check,53.15,1967.48,No
2888-EDF,Female,0,Yes,No,65,Yes,No phone service,DSL,Yes,Yes,No,No,No,Yes,Two year,No,Electronic check,63.73,4118.02,No
8042-ODE,Female,0,Yes,No,22,Yes,No,No,No internet service,No internet service,No internet service,No internet service,No internet service,No internet service,Month-to-month,Yes,Bank transfer (automatic),61.25,1392.99,Yes
1908-VNL,Female,0,No,Yes,16,Yes,No phone service,DSL,Yes,Yes,No,No,Yes,Yes,Month-to-month,Yes,Mailed check,43.51,666.51,No
5556-MLK,Male,0,No,No,25,Yes,Yes,DSL,No,Yes,Yes,No,Yes,Yes,Month-to-month,No,Credit card (automatic),68.43,1606.27,Yes
8695-VOV,Male,0,Yes,No,12,Yes,No,Fiber optic,No,Yes,No,Yes,Yes,No,Two year,Yes,Electronic check,64.84,781.14,Yes
1213-SIC,Female,0,Yes,No,40,Yes,Yes,DSL,No,Yes,Yes,No,Yes,No,Month-to-month,Yes,Mailed check,53.78,2155.75,No
7976-VDP,Female,0,No,No,46,Yes,Yes,DSL,Yes,No,Yes,No,No,Yes,Month-to-month,Yes,Electronic check,46.8,2154.83,No
8613-RNG,Female,0,Yes,Yes,58,Yes,No,DSL,No,Yes,Yes,Yes,Yes,Yes,Month-to-month,Yes,Credit card (automatic),53.16,3097.34,Yes
3966-WFC,Female,0,No,No,70,Yes,No,Fiber optic,Yes,Yes,Yes,No,Yes,No,One year,Yes,Mailed check,67.99,4739.81,No
3899-JBN,Female,1,Yes,No,5,Yes,Yes,Fiber optic,No,No,No,No,No,No,Two year,Yes,Bank transfer (automatic),98.09,526.36,No
6027-XGH,Female,0,No,No,18,Yes,Yes,DSL,Yes,Yes,No,No,No,No,One year,Yes,Bank transfer (automatic),63.92,1102.74,No
8872-LDP,Female,0,Yes,No,21,Yes,No,Fiber optic,No,No,Yes,No,Yes,No,Month-to-month,No,Electronic check,78.29,1643.34,Yes
5175-OSX,Male,0,Yes,Yes,18,Yes,Yes,DSL,No,Yes,No,No,No,Yes,One year,Yes,Bank transfer (automatic),39.84,695.22,No
7772-UFW,Female,0,No,No,60,Yes,Yes,No,No internet service,No internet service,No internet service,No internet service,No internet service,No internet service,Month-to-month,No,Credit card (automatic),36.74,2239.64,No
9566-CYK,Male,0,No,No,10,Yes,No,DSL,Yes,No,Yes,No,No,Yes,Month-to-month,No,Bank transfer (automatic),37.91,351.29,Yes
4739-QLM,Female,1,No,No,2,Yes,No,Fiber optic,No,Yes,Yes,Yes,Yes,Yes,Month-to-month,Yes,Electronic check,88.7,179.88,Yes
4007-IKP,Female,0,No,No,62,No,No,Fiber optic,Yes,No,No,No,Yes,Yes,Month-to-month,Yes,Bank transfer (automatic),66.66,4135.9,No
8117-DNM,Male,0,No,No,70,Yes,Yes,Fiber optic,No,Yes,No,Yes,Yes,Yes,Month-to-month,Yes,Bank transfer (automatic),90.12,6315.25,No
9049-DKH,Male,0,Yes,No,16,Yes,Yes,No,No internet service,No internet service,No internet service,No internet service,No internet service,No internet service,Two year,No,Credit card (automatic),21.3,315.25,No
7240-CTZ,Female,0,No,Yes,24,Yes,Yes,Fiber optic,No,Yes,No,No,No,Yes,Month-to-month,No,Electronic check,61.49,1488.56,Yes
4009-IXG,Female,0,No,No,36,No,Yes,Fiber optic,Yes,No,Yes,No,Yes,No,Month-to-month,Yes,Credit card (automatic),89.96,3239.56,No
5581-DNV,Female,0,Yes,No,38,Yes,No,Fiber optic,No,Yes,Yes,No,No,No,One year,Yes,Credit card (automatic),81.91,3124.6,Yes
1447-TWD,Female,0,Yes,No,72,Yes,No,Fiber optic,Yes,No,No,No,Yes,Yes,One year,Yes,Electronic check,71.64,5213.18,No
6491-PFB,Male,0,No,No,29,Yes,Yes,Fiber optic,No,No,Yes,No,No,No,Month-to-month,No,Bank transfer (automatic),68.85,2000.71,Yes
3832-OJB,Female,1,No,Yes,0,Yes,Yes,DSL,Yes,No,No,No,No,No,One year,Yes,Electronic check,68.58,0.0,Yes
8508-TUW,Male,0,Yes,No,30,Yes,No,DSL,No,Yes,Yes,Yes,Yes,Yes,Month-to-month,Yes,Electronic check,74.09,2291.34,Yes
5864-LUX,Male,0,Yes,Yes,40,Yes,No phone service,DSL,Yes,Yes,Yes,No,No,No,Month-to-month,No,Bank transfer (automatic),52.3,2126.27,Yes
6106-EDU,Female,0,Yes,Yes,37,Yes,No,No,No internet service,No internet service,No internet service,No internet service,No internet service,No internet service,One year,No,Electronic check,33.85,1275.34,No
2994-MIU,Female,0,Yes,No,37,Yes,No,No,No internet service,No internet service,No internet service,No internet service,No internet service,No internet service,Month-to-month,Yes,Electronic check,29.09,1069.94,No
3047-MXM,Female,0,Yes,No,67,Yes,Yes,DSL,No,No,Yes,No,No,No,Month-to-month,Yes,Bank transfer (automatic),62.74,4229.47,No
2757-ICV,Female,1,No,No,58,Yes,No,Fiber optic,Yes,Yes,No,Yes,Yes,No,Month-to-month,Yes,Credit card (automatic),92.25,5278.49,Yes
8515-ZDG,Male,0,No,No,18,Yes,Yes,Fiber optic,No,No,Yes,No,Yes,Yes,Month-to-month,No,Electronic check,79.91,1492.5,No
1040-MRH,Male,1,No,No,25,Yes,No,Fiber optic,Yes,Yes,Yes,No,No,No,Month-to-month,Yes,Electronic check,68.07,1733.12,No
2353-CKU,Female,0,Yes,No,48,Yes,No,Fiber optic,No,No,No,No,Yes,Yes,Two year,Yes,Electronic check,97.33,4665.64,No
3923-RZB,Female,0,Yes,Yes,29,Yes,Yes,Fiber optic,No,No,Yes,Yes,No,No,Month-to-month,Yes,Electronic check,58.92,1739.16,No
1887-TBM,Male,0,No,No,31,Yes,No phone service,DSL,Yes,No,No,No,No,Yes,Two year,No,Credit card (automatic),61.64,1932.5,No
7998-UIC,Male,0,No,Yes,12,Yes,No,Fiber optic,No,Yes,No,No,No,Yes,Month-to-month,No,Mailed check,82.1,949.87,Yes
6065-JAW,Male,0,No,No,18,Yes,Yes,DSL,No,No,Yes,Yes,Yes,No,Two year,No,Bank transfer (automatic),76.24,1378.58,Yes
9902-AQG,Male,1,No,Yes,54,Yes,No,DSL,No,Yes,Yes,No,Yes,Yes,Month-to-month,No,Mailed check,48.86,2651.57,No
6900-CTC,Female,0,Yes,No,61,Yes,No,Fiber optic,Yes,Yes,No,No,Yes,Yes,Month-to-month,No,Credit card (automatic),65.94,4017.66,No
4269-IKM,Female,0,Yes,No,57,Yes,No,Fiber optic,No,Yes,No,No,No,No,Month-to-month,No,Mailed check,77.2,4392.73,No
4938-EUY,Female,1,No,No,22,Yes,No,No,No internet service,No internet service,No internet service,No internet service,No internet service,No internet service,Month-to-month,Yes,Credit card (automatic),41.4,942.34,Yes
1754-PHY,Male,0,Yes,No,9,Yes,No,DSL,No,No,Yes,No,No,Yes,Two year,Yes,Bank transfer (automatic),30.57,281.29,No
8028-QBU,Male,0,Yes,No,11,Yes,Yes,Fiber optic,Yes,No,Yes,Yes,No,No,One year,No,Credit card (automatic),87.99,1033.61,No
9532-YOQ,Male,0,Yes,Yes,28,Yes,No,No,No internet service,No internet service,No internet service,No internet service,No internet service,No internet service,One year,No,Mailed check,35.5,971.14,No
2097-BFI,Female,0,No,No,37,Yes,No,Fiber optic,Yes,No,Yes,No,No,No,Month-to-month,No,Credit card (automatic),74.92,2786.37,No
2851-MEV,Female,0,Yes,Yes,65,Yes,No,No,No internet service,No internet service,No internet service,No internet service,No internet service,No internet service,One year,Yes,Electronic check,50.37,3241.83,No
5670-CVA,Female,0,Yes,Yes,65,Yes,No,No,No internet service,No internet service,No internet service,No internet service,No internet service,No internet service,One year,No,Bank transfer (automatic),52.8,3455.71,No
2464-RBG,Female,0,No,No,0,Yes,Yes,No,No internet service,No internet service,No internet service,No internet service,No internet service,No internet service,Two year,Yes,Bank transfer (automatic),35.96,0.0,No
1307-BDD,Female,0,No,No,51,Yes,Yes,No,No internet service,No internet service,No internet service,No internet service,No internet service,No internet service,One year,No,Mailed check,25.4,1305.49,No
2813-WKA,Male,1,No,No,21,Yes,No phone service,Fiber optic,No,Yes,Yes,Yes,No,Yes,One year,Yes,Mailed check,82.64,1776.76,No
7680-BAR,Male,0,Yes,Yes,14,No,No phone service,Fiber optic,Yes,Yes,No,No,No,No,Month-to-month,Yes,Electronic check,84.71,1187.76,Yes
3545-YAG,Female,0,Yes,Yes,40,Yes,No,No,No internet service,No internet service,No internet service,No internet service,No internet service,No internet service,Two year,Yes,Credit card (automatic),18.0,685.33,No
9923-TSC,Female,0,No,Yes,2,Yes,No,No,No internet service,No internet service,No internet service,No internet service,No internet service,No internet service,Month-to-month,Yes,Mailed check,61.66,156.4,Yes
2790-PCS,Male,1,Yes,No,24,Yes,Yes,DSL,No,Yes,No,No,No,Yes,Month-to-month,Yes,Electronic check,62.01,1500.85,No
3546-MTB,Male,1,No,Yes,40,Yes,No,DSL,No,No,Yes,No,Yes,Yes,Two year,No,Bank transfer (automatic),52.48,2096.22,No
9975-WGH,Female,1,No,Yes,19,Yes,No,DSL,Yes,No,Yes,No,No,Yes,Month-to-month,No,Bank transfer (automatic),58.59,1079.34,Yes
8306-RVN,Female,0,Yes,No,43,Yes,No,No,No internet service,No internet service,No internet service,No internet service,No internet service,No internet service,Month-to-month,No,Electronic check,45.22,1888.1,No
7088-ZNK,Male,0,No,No,33,Yes,Yes,DSL,No,Yes,Yes,No,No,Yes,Month-to-month,No,Electronic check,60.56,2077.29,Yes
9354-VRK,Female,0,Yes,Yes,58,Yes,No phone service,DSL,No,No,No,No,No,No,Month-to-month,No,Bank transfer (automatic),58.59,3378.16,No
5684-SPL,Male,0,Yes,Yes,13,Yes,No phone service,Fiber optic,No,Yes,No,No,Yes,Yes,Two year,No,Credit card (automatic),76.78,963.39,Yes
7953-PDD,Female,0,Yes,Yes,4,Yes,No phone service,DSL,No,Yes,No,No,No,No,Two year,Yes,Electronic check,58.45,244.81,Yes
8495-NWL,Female,0,No,Yes,38,Yes,No,No,No internet service,No internet service,No internet service,No internet service,No internet service,No internet service,Month-to-month,Yes,Electronic check,36.22,1340.73,Yes
4169-GBR,Male,0,No,Yes,18,Yes,No,Fiber optic,Yes,Yes,No,No,Yes,Yes,Two year,No,Bank transfer (automatic),74.61,1360.42,No
8010-TWV,Female,0,No,No,51,Yes,Yes,DSL,No,Yes,Yes,No,Yes,Yes,One year,Yes,Electronic check,56.49,2928.28,No
6206-CTP,Male,1,No,No,6,No,No,DSL,Yes,No,Yes,Yes,No,Yes,Two year,No,Credit card (automatic),64.67,350.99,No
7874-OHF,Male,0,Yes,Yes,41,Yes,No phone service,No,No internet service,No internet service,No internet service,No internet service,No internet service,No internet service,Month-to-month,Yes,Credit card (automatic),49.68,2026.42,No
2018-JWE,Male,0,No,No,72,Yes,No,Fiber optic,No,Yes,Yes,Yes,Yes,Yes,Month-to-month,Yes,Credit card (automatic),69.18,4996.04,No
3254-ELD,Male,0,No,No,6,Yes,No,Fiber optic,Yes,No,Yes,Yes,Yes,Yes,Month-to-month,Yes,Mailed check,72.43,391.95,Yes
8875-XIC,Female,0,No,No,22,Yes,Yes,DSL,No,Yes,No,Yes,No,No,Month-to-month,No,Electronic check,79.9,1725.92,No
4747-AAM,Male,0,No,No,61,Yes,No phone service,No,No internet service,No internet service,No internet service,No internet service,No internet service,No internet service,One year,Yes,Bank transfer (automatic),50.1,3052.01,No
1688-MRJ,Female,0,Yes,Yes,38,Yes,No phone service,Fiber optic,No,No,No,No,No,No,Month-to-month,Yes,Electronic check,69.09,2694.05,No
9505-RDZ,Female,0,No,No,12,Yes,Yes,Fiber optic,No,Yes,No,No,Yes,Yes,Month-to-month,No,Electronic check,79.23,920.91,No
9186-GCL,Male,0,Yes,No,15,Yes,Yes,Fiber optic,No,Yes,No,No,Yes,No,One year,Yes,Mailed check,62.27,924.15,No
8941-QXV,Female,1,No,Yes,55,Yes,Yes,No,No internet service,No internet service,No internet service,No internet service,No internet service,No internet service,Month-to-month,Yes,Mailed check,41.4,2363.79,No
1275-SJZ,Female,1,No,Yes,62,Yes,No,Fiber optic,No,Yes,Yes,No,No,Yes,Month-to-month,No,Electronic check,104.88,6530.39,No
2935-QZT,Female,0,No,No,26,Yes,No,Fiber optic,No,Yes,Yes,Yes,No,No,One year,Yes,Electronic check,93.32,2367.02,Yes
3658-ZOV,Male,0,Yes,No,34,Yes,No,No,No internet service,No internet service,No internet service,No internet service,No internet service,No internet service,Two year,No,Electronic check,61.08,2068.55,No
4813-QNQ,Male,0,No,No,57,Yes,No,No,No internet service,No internet service,No internet service,No internet service,No internet service,No internet service,Month-to-month,Yes,Bank transfer (automatic),50.47,2897.26,Yes
7073-VJQ,Male,0,Yes,Yes,12,Yes,No,Fiber optic,No,Yes,Yes,Yes,Yes,No,Two year,No,Electronic check,72.17,916.67,No
9064-VGH,Female,0,No,No,15,Yes,No,Fiber optic,Yes,Yes,No,Yes,No,Yes,Two year,No,Bank transfer (automatic),96.53,1496.7,No
8773-YOK,Male,0,No,No,56,Yes,No,Fiber optic,No,Yes,No,No,No,Yes,One year,No,Bank transfer (automatic),51.89,2925.44,Yes
9330-CVZ,Female,0,Yes,Yes,13,Yes,Yes,Fiber optic,No,Yes,Yes,Yes,No,Yes,Month-to-month,No,Bank transfer (automatic),67.09,897.26,Yes
7798-JIJ,Male,0,No,Yes,56,Yes,Yes,DSL,No,No,Yes,No,No,Yes,One year,No,Credit card (automatic),64.18,3548.61,No
2970-HXP,Male,0,Yes,No,36,No,Yes,Fiber optic,No,Yes,Yes,No,Yes,No,Two year,Yes,Credit card (automatic),81.31,2902.92,No
2336-FAU,Female,0,No,Yes,72,Yes,Yes,Fiber optic,Yes,Yes,No,No,Yes,Yes,Month-to-month,Yes,Electronic check,70.97,5064.44,No
8540-RVI,Female,0,No,No,2,Yes,Yes,Fiber optic,No,Yes,Yes,No,No,Yes,Two year,Yes,Electronic check,61.19,158.45,No
9255-XTE,Female,0,Yes,No,69,Yes,Yes,No,No internet service,No internet service,No internet service,No internet service,No internet service,No internet service,Two year,Yes,Bank transfer (automatic),29.62,2056.96,No
8543-JDX,Male,0,Yes,Yes,16,Yes,No,DSL,No,No,No,Yes,Yes,No,Month-to-month,Yes,Bank transfer (automatic),66.98,1075.4,Yes
6474-NXD,Male,0,Yes,No,2,Yes,Yes,No,No internet service,No internet service,No internet service,No internet service,No internet service,No internet service,One year,No,Electronic check,38.34,130.7,Yes
9139-JXA,Male,0,No,No,52,Yes,Yes,DSL,No,Yes,Yes,No,No,Yes,Month-to-month,Yes,Credit card (automatic),55.94,2927.72,Yes
7406-IJZ,Male,0,No,No,38,Yes,No,DSL,No,Yes,No,Yes,No,Yes,One year,Yes,Credit card (automatic),69.17,2668.29,No
2742-ECS,Male,0,Yes,No,61,Yes,Yes,DSL,No,Yes,No,No,Yes,Yes,Two year,Yes,Credit card (automatic),53.28,3276.55,No
1870-ZEP,Female,0,Yes,Yes,7,No,Yes,Fiber optic,Yes,Yes,No,No,No,Yes,Month-to-month,Yes,Electronic check,85.21,626.35,Yes
6064-KAS,Male,1,Yes,No,5,No,Yes,Fiber optic,No,Yes,Yes,No,No,Yes,Month-to-month,Yes,Mailed check,89.8,412.51,Yes
2583-GJO,Male,1,Yes,Yes,41,Yes,Yes,DSL,Yes,Yes,No,Yes,Yes,Yes,Month-to-month,No,Mailed check,50.35,2098.45,No
6789-YWO,Male,0,No,No,64,No,Yes,Fiber optic,No,Yes,No,Yes,No,No,Two year,Yes,Mailed check,95.27,6113.84,No
4671-XJN,Male,0,Yes,No,29,Yes,No phone service,Fiber optic,No,No,No,No,Yes,Yes,Month-to-month,No,Electronic check,64.01,1841.98,Yes
5668-HPR,Male,0,No,No,58,Yes,No phone service,DSL,Yes,Yes,No,No,Yes,Yes,Two year,Yes,Electronic check,65.92,3847.32,No
4224-AQE,Female,1,Yes,No,66,Yes,No,Fiber optic,No,Yes,Yes,No,No,No,Month-to-month,Yes,Credit card (automatic),83.04,5525.64,No
4598-XFB,Male,0,No,No,63,No,No,DSL,No,Yes,No,No,No,No,Month-to-month,Yes,Mailed check,47.25,2973.31,No
8622-WFF,Male,0,No,No,37,Yes,Yes,DSL,No,No,No,Yes,No,No,Two year,Yes,Bank transfer (automatic),57.73,2109.78,Yes
8113-PPV,Female,0,No,No,50,Yes,Yes,DSL,No,Yes,Yes,No,Yes,Yes,One year,Yes,Electronic check,86.19,4284.88,Yes
7798-IAH,Male,0,Yes,No,38,Yes,No,Fiber optic,No,Yes,Yes,No,No,No,Month-to-month,Yes,Credit card (automatic),72.2,2694.77,No
2948-RLB,Male,0,Yes,No,49,Yes,No,Fiber optic,No,Yes,No,No,No,Yes,Month-to-month,No,Credit card (automatic),92.72,4537.38,No
8804-CCY,Female,0,No,No,41,Yes,No,No,No internet service,No internet service,No internet service,No internet service,No internet service,No internet service,Month-to-month,No,Bank transfer (automatic),45.57,1889.03,No
6096-VVD,Female,0,No,Yes,38,Yes,No,Fiber optic,Yes,Yes,Yes,No,No,Yes,Month-to-month,Yes,Electronic check,78.68,3050.52,Yes
1143-KAH,Female,0,No,Yes,31,No,No,Fiber optic,No,Yes,No,No,Yes,Yes,Month-to-month,No,Electronic check,82.23,2520.93,No
4568-LCF,Male,0,No,Yes,47,Yes,Yes,DSL,Yes,No,No,No,Yes,No,One year,No,Bank transfer (automatic),64.09,3024.8,No
1770-QFP,Male,0,No,No,54,Yes,No,DSL,No,No,No,No,Yes,Yes,Month-to-month,Yes,Credit card (automatic),77.31,4175.53,No
5297-SIA,Female,0,Yes,No,67,Yes,Yes,Fiber optic,Yes,Yes,Yes,No,No,No,Month-to-month,Yes,Credit card (automatic),52.31,3504.47,Yes
9750-YLB,Male,0,No,Yes,44,Yes,No,DSL,Yes,No,Yes,No,No,No,Month-to-month,Yes,Electronic check,76.62,3317.74,No
6181-PJG,Female,0,Yes,No,7,Yes,Yes,DSL,No,Yes,Yes,No,Yes,No,Month-to-month,No,Electronic check,42.15,259.67,Yes
1935-MKO,Male,0,Yes,Yes,42,Yes,No,No,No internet service,No internet service,No internet service,No internet service,No internet service,No internet service,Two year,Yes,Mailed check,42.4,1844.31,No
5056-ZYZ,Female,0,No,Yes,23,Yes,No,DSL,Yes,Yes,Yes,No,No,Yes,Month-to-month,Yes,Mailed check,56.84,1342.64,No
9040-XAX,Female,0,Yes,Yes,1,Yes,No phone service,DSL,Yes,Yes,No,No,No,No,Month-to-month,Yes,Bank transfer (automatic),74.73,84.63,No
3489-GOO,Female,0,No,No,5,Yes,Yes,No,No internet service,No internet service,No internet service,No internet service,No internet service,No internet service,One year,Yes,Mailed check,29.6,164.17,No
7358-WLV,Male,0,Yes,No,43,Yes,Yes,DSL,No,Yes,No,No,Yes,Yes,Two year,Yes,Credit card (automatic),57.82,2512.28,No
7407-SSM,Female,0,Yes,No,68,Yes,No,Fiber optic,Yes,Yes,No,Yes,No,No,Two year,No,Electronic check,83.57,5667.07,No
7396-PGR,Male,0,Yes,Yes,36,Yes,Yes,DSL,No,No,Yes,No,Yes,Yes,Two year,No,Mailed check,62.85,2248.35,No
1081-WFV,Female,0,Yes,No,32,No,Yes,Fiber optic,No,Yes,No,No,Yes,Yes,Two year,Yes,Mailed check,69.01,2186.77,No
4163-TLS,Male,0,No,No,6,Yes,No,No,No internet service,No internet service,No internet service,No internet service,No internet service,No internet service,One year,Yes,Credit card (automatic),18.0,113.91,No
1805-TSX,Male,0,No,No,49,Yes,Yes,Fiber optic,Yes,Yes,No,Yes,Yes,Yes,Two year,Yes,Credit card (automatic),64.84,3136.89,No
2291-LHZ,Female,0,No,No,4,Yes,No,Fiber optic,No,No,Yes,No,No,No,Month-to-month,Yes,Credit card (automatic),105.24,397.72,Yes
3904-QPN,Male,0,Yes,No,61,No,No,DSL,No,Yes,Yes,No,No,Yes,Two year,No,Mailed check,61.85,3790.56,No
7604-CIR,Female,0,No,No,59,Yes,No,Fiber optic,Yes,Yes,No,No,Yes,No,Two year,No,Electronic check,98.65,5808.0,No
8540-OJQ,Male,0,Yes,Yes,72,Yes,No,Fiber optic,No,No,Yes,No,No,Yes,Two year,No,Bank transfer (automatic),80.34,5723.21,No
8258-HEW,Male,0,Yes,Yes,20,Yes,No,DSL,No,No,Yes,No,Yes,Yes,Month-to-month,Yes,Credit card (automatic),35.11,688.93,No
4228-ZPU,Male,0,Yes,No,11,No,Yes,DSL,Yes,Yes,Yes,Yes,Yes,No,Two year,No,Electronic check,50.7,576.79,No
5535-EJA,Male,0,No,No,21,Yes,Yes,Fiber optic,No,No,Yes,No,No,No,Month-to-month,No,Electronic check,73.14,1540.0,No
2907-SNY,Female,1,Yes,No,58,Yes,No,No,No internet service,No internet service,No internet service,No internet service,No internet service,No internet service,One year,Yes,Electronic check,51.39,2921.48,No
1832-CKW,Female,0,Yes,No,15,Yes,Yes,No,No internet service,No internet service,No internet service,No internet service,No internet service,No internet service,Month-to-month,No,Bank transfer (automatic),32.41,522.28,No
1635-NLU,Male,1,Yes,No,64,Yes,Yes,No,No internet service,No internet service,No internet service,No internet service,No internet service,No internet service,One year,No,Mailed check,43.72,2789.45,No
9664-NMH,Male,0,No,Yes,11,No,No,Fiber optic,No,No,Yes,No,Yes,No,One year,No,Electronic check,95.8,1065.67,Yes
6284-DNB,Female,1,Yes,No,3,Yes,No,No,No internet service,No internet service,No internet service,No internet service,No internet service,No internet service,Month-to-month,Yes,Electronic check,23.4,106.77,Yes
2960-ECB,Female,0,No,Yes,16,No,Yes,No,No internet service,No internet service,No internet service,No internet service,No internet service,No internet service,Month-to-month,Yes,Bank transfer (automatic),47.14,749.91,No
4002-HNK,Female,0,No,No,55,Yes,No,DSL,Yes,No,No,No,No,Yes,Month-to-month,No,Mailed check,45.39,2429.63,No
7272-RQY,Female,0,No,No,43,No,Yes,Fiber optic,Yes,Yes,No,Yes,No,No,One year,Yes,Electronic check,75.82,3321.7,Yes
5749-NJN,Female,0,Yes,No,25,Yes,No,DSL,Yes,Yes,No,No,No,Yes,One year,No,Bank transfer (automatic),31.47,709.48,No
3336-ZTL,Female,0,No,No,47,Yes,No,No,No internet service,No internet service,No internet service,No internet service,No internet service,No internet service,One year,Yes,Electronic check,49.55,2317.21,No
9015-VQH,Female,0,No,No,47,Yes,No,No,No internet service,No internet service,No internet service,No internet service,No internet service,No internet service,Month-to-month,Yes,Electronic check,32.23,1560.16,No
1902-CUD,Female,0,No,No,40,No,Yes,No,No internet service,No internet service,No internet service,No internet service,No internet service,No internet service,Two year,No,Electronic check,39.57,1558.4,Yes
6311-MQB,Female,0,Yes,Yes,37,Yes,No,DSL,Yes,Yes,No,No,No,Yes,One year,Yes,Electronic check,91.6,3366.87,No
7225-CML,Male,0,Yes,Yes,7,Yes,Yes,No,No internet service,No internet service,No internet service,No internet service,No internet service,No internet service,Month-to-month,Yes,Electronic check,35.7,242.31,No
5591-BIK,Female,0,Yes,No,18,Yes,No,DSL,No,No,Yes,Yes,No,No,Month-to-month,No,Electronic check,58.35,1043.98,Yes
6632-GMN,Male,0,No,No,38,Yes,No,DSL,No,Yes,No,No,No,Yes,Month-to-month,No,Electronic check,56.98,2135.13,No
4083-BFK,Male,0,No,Yes,9,No,Yes,Fiber optic,No,No,Yes,Yes,Yes,No,Month-to-month,Yes,Bank transfer (automatic),79.91,696.93,Yes
6650-CLJ,Male,0,Yes,Yes,34,Yes,No,No,No internet service,No internet service,No internet service,No internet service,No internet service,No internet service,Month-to-month,Yes,Credit card (automatic),45.87,1597.2,No
2832-RUO,Female,0,No,No,8,Yes,No,No,No internet service,No internet service,No internet service,No internet service,No internet service,No internet service,Month-to-month,No,Electronic check,46.56,353.89,No
5860-OQT,Female,0,No,Yes,57,Yes,No,DSL,No,No,Yes,No,No,Yes,Month-to-month,Yes,Bank transfer (automatic),44.65,2562.64,No
6063-WQM,Female,0,Yes,Yes,7,Yes,Yes,Fiber optic,No,No,Yes,Yes,No,No,Month-to-month,No,Electronic check,70.65,462.6,Yes
1800-FHN,Female,0,Yes,Yes,6,Yes,No,Fiber optic,No,No,No,Yes,Yes,Yes,Month-to-month,No,Credit card (automatic),82.36,542.62,No
7960-NUW,Female,0,Yes,Yes,46,Yes,No,DSL,Yes,No,Yes,Yes,Yes,No,Two year,Yes,Electronic check,29.59,1393.96,No
1457-PTY,Male,0,No,No,16,Yes,No,No,No internet service,No internet service,No internet service,No internet service,No internet service,No internet service,Month-to-month,Yes,Electronic check,21.79,345.5,Yes
3043-RVM,Male,1,Yes,No,25,Yes,Yes,DSL,Yes,Yes,Yes,Yes,No,No,Month-to-month,Yes,Mailed check,56.42,1432.95,No
4484-IHP,Male,0,Yes,Yes,22,Yes,Yes,DSL,No,No,Yes,No,Yes,Yes,One year,Yes,Electronic check,47.64,1101.35,Yes
3620-ZRL,Female,0,No,No,15,Yes,Yes,Fiber optic,No,Yes,No,No,No,No,Month-to-month,No,Electronic check,104.91,1538.59,Yes
7125-LPM,Female,1,Yes,No,55,Yes,No,Fiber optic,Yes,No,Yes,No,Yes,No,Month-to-month,No,Electronic check,78.9,4302.54,Yes
9559-FIS,Male,0,Yes,Yes,50,Yes,Yes,No,No internet service,No internet service,No internet service,No internet service,No internet service,No internet service,Month-to-month,No,Bank transfer (automatic),41.11,2068.59,No
6522-GLR,Female,0,No,No,17,Yes,Yes,DSL,No,No,Yes,Yes,No,No,Month-to-month,No,Electronic check,72.75,1191.5,Yes
6104-YDH,Female,0,No,No,50,Yes,Yes,DSL,No,No,No,No,No,No,One year,No,Electronic check,52.51,2571.17,No
9234-RWH,Male,0,No,No,52,Yes,Yes,No,No internet service,No internet service,No internet service,No internet service,No internet service,No internet service,Month-to-month,No,Credit card (automatic),34.71,1748.81,No
9604-LTK,Male,1,No,No,39,Yes,No,Fiber optic,Yes,No,No,No,No,Yes,Month-to-month,Yes,Electronic check,73.08,2855.32,Yes
7325-XBY,Male,0,No,Yes,42,Yes,Yes,Fiber optic,No,No,No,Yes,Yes,No,Month-to-month,No,Electronic check,78.36,3219.88,No
4974-NAB,Male,0,Yes,No,68,Yes,Yes,DSL,Yes,No,Yes,No,No,No,Two year,Yes,Mailed check,75.32,5107.64,No
9350-YPQ,Female,0,Yes,Yes,33,Yes,No,No,No internet service,No internet service,No internet service,No internet service,No internet service,No internet service,Month-to-month,Yes,Electronic check,27.93,801.63,No
1549-RPY,Female,0,No,No,28,Yes,Yes,Fiber optic,No,Yes,No,No,Yes,No,Month-to-month,No,Credit card (automatic),57.31,1620.01,No
6811-WZY,Female,0,No,Yes,39,Yes,Yes,DSL,Yes,Yes,Yes,No,Yes,No,Month-to-month,Yes,Electronic check,37.66,1486.41,No
6910-XVE,Male,1,Yes,No,61,Yes,No,DSL,No,Yes,No,Yes,Yes,Yes,One year,Yes,Electronic check,61.04,3716.0,No
7979-NSP,Female,0,No,No,51,Yes,No,DSL,No,Yes,No,No,No,No,One year,Yes,Credit card (automatic),52.8,2734.16,No
1973-PIU,Male,0,Yes,No,5,Yes,Yes,DSL,No,No,Yes,No,No,No,One year,No,Credit card (automatic),74.15,398.59,No
7779-XXW,Male,0,No,Yes,33,Yes,Yes,DSL,No,Yes,No,No,Yes,Yes,Month-to-month,Yes,Bank transfer (automatic),59.96,1950.98,No
2470-OAI,Male,0,No,No,54,Yes,No,DSL,No,No,No,No,No,No,Month-to-month,No,Electronic check,50.54,2698.45,Yes
8655-RGV,Male,0,No,No,16,Yes,Yes,DSL,Yes,Yes,Yes,No,No,No,Two year,No,Mailed check,73.04,1199.57,No
5736-UZM,Female,0,No,No,72,Yes,Yes,Fiber optic,Yes,No,No,Yes,No,No,Month-to-month,Yes,Credit card (automatic),78.35,5665.17,No
7716-NER,Male,0,No,Yes,58,Yes,Yes,Fiber optic,Yes,No,No,No,Yes,No,Two year,Yes,Mailed check,68.21,3946.76,No
9340-WFW,Female,0,No,Yes,61,Yes,Yes,Fiber optic,No,Yes,No,Yes,No,Yes,Month-to-month,Yes,Credit card (automatic),76.44,4601.26,No
8432-FAX,Male,0,Yes,No,5,Yes,No,No,No internet service,No internet service,No internet service,No internet service,No internet service,No internet service,Month-to-month,Yes,Bank transfer (automatic),27.95,172.27,No
3116-ACZ,Female,0,No,No,42,Yes,No,DSL,No,No,No,Yes,Yes,Yes,Month-to-month,Yes,Credit card (automatic),60.6,2547.54,No
6016-KPG,Male,0,No,No,38,Yes,No,No,No internet service,No internet service,No internet service,No internet service,No internet service,No internet service,Month-to-month,No,Electronic check,40.84,1549.89,Yes
7360-BHI,Female,0,Yes,No,45,Yes,No,No,No internet service,No internet service,No internet service,No internet service,No internet service,No internet service,Two year,No,Credit card (automatic),45.39,1943.18,No
9539-QAG,Female,0,No,No,62,Yes,No,No,No internet service,No internet service,No internet service,No internet service,No internet service,No internet service,Month-to-month,Yes,Credit card (automatic),21.75,1367.15,No
3873-UBX,Male,0,Yes,Yes,25,Yes,No,DSL,Yes,Yes,No,No,Yes,No,One year,Yes,Bank transfer (automatic),33.49,835.11,No
4303-JYD,Male,1,Yes,No,38,Yes,No,DSL,No,Yes,Yes,No,No,No,One year,Yes,Credit card (automatic),40.24,1510.21,No
3713-OHP,Female,0,No,No,49,Yes,Yes,Fiber optic,Yes,No,Yes,No,No,Yes,Two year,Yes,Bank transfer (automatic),70.81,3440.41,No
3636-FVW,Male,0,No,Yes,54,Yes,No phone service,DSL,No,No,No,Yes,No,No,One year,Yes,Bank transfer (automatic),60.34,3262.24,No
6303-TKS,Male,0,Yes,No,56,Yes,Yes,DSL,No,Yes,Yes,No,Yes,Yes,Two year,No,Bank transfer (automatic),38.83,2190.86,No
4304-IRR,Female,1,Yes,Yes,24,Yes,No,DSL,Yes,No,Yes,No,No,Yes,Two year,Yes,Credit card (automatic),42.33,1002.55,No
9839-BLI,Female,0,Yes,No,72,Yes,No phone service,Fiber optic,Yes,No,Yes,Yes,Yes,Yes,Month-to-month,Yes,Bank transfer (automatic),63.02,4557.02,No
3022-IKU,Male,0,No,No,0,Yes,No,No,No internet service,No internet service,No internet service,No internet service,No internet service,No internet service,Two year,No,Bank transfer (automatic),47.82,0.0,No
2616-VRZ,Male,0,Yes,No,35,Yes,Yes,DSL,No,No,No,No,No,No,Two year,Yes,Bank transfer (automatic),58.04,2008.57,No
1197-WLD,Female,0,Yes,No,44,Yes,Yes,No,No internet service,No internet service,No internet service,No internet service,No internet service,No internet service,Month-to-month,No,Credit card (automatic),36.56,1632.66,No
1261-CAP,Female,0,Yes,No,4,Yes,Yes,No,No internet service,No internet service,No internet service,No internet service,No internet service,No internet service,One year,No,Electronic check,39.65,144.44,No
4411-MTS,Male,0,Yes,Yes,32,Yes,Yes,DSL,No,Yes,No,Yes,No,No,Month-to-month,Yes,Bank transfer (automatic),62.24,2051.77,Yes
7008-MXP,Male,0,No,No,43,Yes,No,Fiber optic,No,Yes,No,No,Yes,Yes,One year,Yes,Mailed check,92.51,3987.62,No
4855-UEY,Male,0,Yes,No,44,Yes,No phone service,DSL,No,No,Yes,Yes,Yes,No,Month-to-month,No,Credit card (automatic),71.49,3104.68,Yes
1682-NGT,Male,1,Yes,Yes,8,Yes,No,No,No internet service,No internet service,No internet service,No internet service,No internet service,No internet service,One year,Yes,Electronic check,48.61,333.96,No
5522-UHU,Female,1,No,No,20,Yes,No,Fiber optic,Yes,No,No,Yes,Yes,No,Month-to-month,Yes,Mailed check,84.51,1717.65,No
7829-VRU,Female,0,Yes,No,17,Yes,Yes,Fiber optic,No,No,No,No,Yes,No,One year,No,Electronic check,76.24,1274.83,No
4853-QST,Male,0,No,Yes,46,Yes,No,Fiber optic,No,Yes,No,No,No,No,Month-to-month,Yes,Bank transfer (automatic),80.64,3741.53,No
5147-SBC,Male,1,Yes,No,24,Yes,Yes,DSL,No,No,No,No,No,No,One year,Yes,Bank transfer (automatic),49.94,1179.65,Yes
7635-ARS,Male,0,No,Yes,41,Yes,Yes,No,No internet service,No internet service,No internet service,No internet service,No internet service,No internet service,Month-to-month,Yes,Bank transfer (automatic),49.52,2038.79,No
5691-ODI,Female,0,No,Yes,53,No,Yes,No,No internet service,No internet service,No internet service,No internet service,No internet service,No internet service,One year,Yes,Mailed check,49.32,2602.22,No
5631-VGX,Male,0,No,No,58,Yes,No,Fiber optic,No,No,No,Yes,Yes,No,Month-to-month,No,Mailed check,71.78,4172.18,Yes
9744-PMU,Male,0,No,No,13,Yes,No,Fiber optic,Yes,No,Yes,Yes,No,No,Month-to-month,No,Bank transfer (automatic),57.58,774.07,No
8063-QOR,Female,0,Yes,No,65,Yes,No,DSL,No,Yes,No,No,No,Yes,Month-to-month,No,Credit card (automatic),87.45,5684.92,No
8384-JMO,Male,0,No,No,12,Yes,Yes,DSL,No,No,Yes,No,No,No,Two year,Yes,Bank transfer (automatic),62.56,773.86,No
6194-FMS,Male,1,Yes,No,1,No,Yes,DSL,Yes,No,No,No,Yes,Yes,Month-to-month,No,Electronic check,47.9,0.0,Yes
9488-ADL,Female,0,Yes,Yes,3,Yes,Yes,Fiber optic,Yes,Yes,No,Yes,Yes,No,One year,Yes,Mailed check,64.19,207.12,No
4142-VOL,Male,0,No,No,14,Yes,No,No,No internet service,No internet service,No internet service,No internet service,No internet service,No internet service,Month-to-month,Yes,Bank transfer (automatic),36.25,508.31,Yes
1806-AVO,Female,0,No,Yes,63,Yes,Yes,No,No internet service,No internet service,No internet service,No internet service,No internet service,No internet service,One year,Yes,Mailed check,34.14,2141.65,No
8842-LFP,Male,1,No,No,15,Yes,No phone service,DSL,Yes,Yes,No,No,No,Yes,Month-to-month,Yes,Bank transfer (automatic),42.08,547.51,No
9462-CPH,Female,0,No,No,50,Yes,No,DSL,No,No,No,No,Yes,No,Month-to-month,Yes,Credit card (automatic),79.4,3911.6,No
6336-NJH,Female,0,No,Yes,30,Yes,No,DSL,No,No,No,Yes,No,Yes,Month-to-month,Yes,Credit card (automatic),45.53,1373.86,Yes
6126-OGI,Male,0,No,Yes,2,Yes,Yes,No,No internet service,No internet service,No internet service,No internet service,No internet service,No internet service,Month-to-month,Yes,Electronic check,55.19,122.75,Yes
1312-JTV,Male,0,No,No,32,Yes,Yes,No,No internet service,No internet service,No internet service,No internet service,No internet service,No internet service,Month-to-month,Yes,Mailed check,50.38,1626.49,No
9619-PCC,Male,0,No,No,2,Yes,No,Fiber optic,No,Yes,Yes,No,No,Yes,Month-to-month,No,Bank transfer (automatic),80.38,160.51,Yes
6362-EGJ,Female,1,No,No,34,Yes,Yes,Fiber optic,No,No,Yes,Yes,No,No,Month-to-month,Yes,Credit card (automatic),68.23,2277.87,Yes
4373-QHQ,Female,0,Yes,Yes,40,Yes,No,Fiber optic,No,No,Yes,Yes,Yes,No,Two year,No,Electronic check,74.81,2956.42,No
1610-UZD,Male,1,Yes,Yes,38,Yes,No,DSL,No,Yes,No,No,No,Yes,Month-to-month,Yes,Electronic check,65.25,2405.68,No
6164-WOX,Female,0,No,No,20,No,Yes,DSL,No,No,No,No,Yes,Yes,Two year,Yes,Bank transfer (automatic),56.65,1137.36,No
6198-BCT,Female,0,No,Yes,55,Yes,Yes,DSL,No,Yes,Yes,No,No,Yes,Month-to-month,Yes,Mailed check,49.04,2763.9,No
4560-WYE,Female,0,Yes,No,43,Yes,No,DSL,No,Yes,Yes,Yes,Yes,No,Month-to-month,Yes,Electronic check,68.09,2924.65,No
5956-SKW,Female,0,No,No,18,Yes,No,Fiber optic,No,No,No,No,No,No,Month-to-month,Yes,Credit card (automatic),61.58,1081.83,Yes
2915-HGE,Male,1,No,Yes,31,Yes,Yes,DSL,No,Yes,No,No,Yes,Yes,Month-to-month,Yes,Electronic check,43.68,1354.98,Yes
8241-VQF,Male,0,No,No,7,Yes,No,Fiber optic,Yes,No,No,Yes,Yes,Yes,Month-to-month,Yes,Electronic check,75.32,522.49,No
3955-DXN,Male,1,No,Yes,67,No,No,Fiber optic,No,Yes,Yes,Yes,Yes,No,Two year,Yes,Electronic check,75.58,5003.09,No
1179-YTR,Female,0,Yes,No,54,Yes,No phone service,Fiber optic,No,No,Yes,No,No,No,One year,Yes,Electronic check,62.62,3390.38,No
5770-BXC,Female,1,No,Yes,21,Yes,Yes,No,No internet service,No internet service,No internet service,No internet service,No internet service,No internet service,One year,No,Electronic check,51.36,1074.76,No
8880-CIZ,Male,0,Yes,Yes,49,Yes,No,DSL,No,Yes,Yes,Yes,Yes,No,Month-to-month,Yes,Mailed check,59.18,2893.85,No
1312-KWA,Male,1,Yes,Yes,49,Yes,No,Fiber optic,No,Yes,Yes,No,Yes,No,Month-to-month,No,Electronic check,75.47,3767.62,No
8438-HEZ,Female,0,Yes,No,44,Yes,No,DSL,Yes,No,Yes,Yes,Yes,Yes,One year,Yes,Mailed check,26.75,1173.46,Yes
5798-NJX,Male,0,No,No,3,Yes,No phone service,Fiber optic,Yes,No,Yes,No,Yes,Yes,Month-to-month,Yes,Mailed check,85.97,321.7,No
7543-SWJ,Female,0,No,No,64,Yes,No,Fiber optic,Yes,Yes,Yes,No,Yes,No,Month-to-month,Yes,Bank transfer (automatic),89.58,5704.17,No
6620-CYK,Male,0,Yes,No,69,Yes,No,DSL,No,Yes,Yes,Yes,Yes,Yes,Month-to-month,No,Credit card (automatic),59.53,4054.72,No
1464-GKB,Male,0,No,No,71,Yes,No,DSL,No,Yes,Yes,Yes,No,No,Month-to-month,Yes,Credit card (automatic),62.05,4377.21,No
4141-MGU,Female,1,No,Yes,71,Yes,Yes,Fiber optic,No,No,No,Yes,No,Yes,One year,No,Mailed check,65.84,4715.7,No
4255-XDU,Male,1,No,Yes,67,Yes,No,Fiber optic,No,Yes,Yes,No,No,Yes,Month-to-month,No,Mailed check,88.42,5897.59,No
5516-UIV,Male,0,No,No,53,Yes,Yes,Fiber optic,No,No,Yes,Yes,Yes,No,Month-to-month,Yes,Bank transfer (automatic),63.95,3339.44,No
6305-GLE,Female,0,Yes,No,4,Yes,No,Fiber optic,Yes,No,Yes,No,No,No,Two year,Yes,Mailed check,76.14,316.47,No
1041-KNS,Male,0,No,No,33,Yes,No,Fiber optic,Yes,Yes,No,No,Yes,Yes,Two year,Yes,Bank transfer (automatic),63.28,2074.82,No
5961-HVZ,Male,0,Yes,No,17,Yes,No phone service,Fiber optic,No,Yes,Yes,Yes,No,No,Month-to-month,Yes,Bank transfer (automatic),94.2,1621.51,No
3599-QTA,Female,0,No,No,16,Yes,No,DSL,No,Yes,Yes,Yes,No,Yes,Month-to-month,No,Electronic check,50.95,791.69,Yes
8883-URD,Female,0,No,No,60,Yes,No,Fiber optic,No,Yes,No,No,Yes,No,Two year,No,Mailed check,81.25,4842.68,No
2001-OKB,Female,0,No,No,59,Yes,No phone service,Fiber optic,No,No,No,No,Yes,No,Month-to-month,Yes,Credit card (automatic),62.63,3753.25,Yes
4601-DGP,Male,0,Yes,No,38,Yes,Yes,No,No internet service,No internet service,No internet service,No internet service,No internet service,No internet service,Month-to-month,Yes,Mailed check,26.08,961.9,No
4053-BSA,Female,0,No,No,53,Yes,Yes,Fiber optic,Yes,No,No,Yes,No,No,Month-to-month,Yes,Bank transfer (automatic),60.73,3189.45,No
4399-BFV,Female,0,Yes,No,9,No,Yes,Fiber optic,No,Yes,Yes,No,No,Yes,Month-to-month,No,Bank transfer (automatic),95.88,879.08,No
8180-PKJ,Female,1,Yes,No,16,Yes,Yes,No,No internet service,No internet service,No internet service,No internet service,No internet service,No internet service,Two year,Yes,Mailed check,41.9,572.87,No
4832-OCK,Female,0,Yes,No,62,Yes,Yes,No,No internet service,No internet service,No internet service,No internet service,No internet service,No internet service,One year,No,Electronic check,18.0,1141.65,No
8087-MCL,Female,1,No,Yes,32,Yes,No,DSL,No,Yes,Yes,Yes,Yes,No,Two year,Yes,Bank transfer (automatic),62.46,2061.32,No
6145-QTE,Male,0,Yes,No,39,No,Yes,No,No internet service,No internet service,No internet service,No internet service,No internet service,No internet service,One year,No,Electronic check,62.79,2479.09,No
2124-OHZ,Male,0,Yes,Yes,33,Yes,No,DSL,No,Yes,Yes,Yes,No,Yes,One year,Yes,Bank transfer (automatic),44.87,1444.27,No
9899-OLN,Female,0,Yes,No,14,No,Yes,No,No internet service,No internet service,No internet service,No internet service,No internet service,No internet service,One year,Yes,Electronic check,34.33,455.3,Yes
6208-XWA,Female,0,Yes,No,60,Yes,Yes,DSL,Yes,Yes,No,No,Yes,Yes,One year,No,Credit card (automatic),78.12,4689.45,No
9098-FIM,Male,1,No,Yes,55,Yes,Yes,Fiber optic,No,Yes,Yes,No,No,Yes,Month-to-month,No,Bank transfer (automatic),76.46,4218.08,Yes
8580-YIQ,Female,0,Yes,No,49,Yes,No,No,No internet service,No internet service,No internet service,No internet service,No internet service,No internet service,Month-to-month,Yes,Electronic check,53.69,2687.3,No
8269-ZUZ,Male,0,No,No,25,Yes,No,DSL,No,No,No,Yes,No,No,Month-to-month,No,Bank transfer (automatic),57.61,1495.16,No
6222-BQR,Male,0,Yes,Yes,46,Yes,No,No,No internet service,No internet service,No internet service,No internet service,No internet service,No internet service,Month-to-month,Yes,Bank transfer (automatic),32.09,1468.61,No
6125-GCB,Female,0,Yes,Yes,69,Yes,Yes,Fiber optic,No,No,No,No,Yes,No,Month-to-month,Yes,Bank transfer (automatic),72.78,5003.22,No
4948-LDK,Male,0,Yes,No,47,Yes,No,DSL,Yes,Yes,Yes,No,No,No,Month-to-month,Yes,Electronic check,57.08,2655.4,No
1484-GMF,Male,0,No,No,36,Yes,No,No,No internet service,No internet service,No internet service,No internet service,No internet service,No internet service,One year,Yes,Mailed check,26.55,978.36,No
3381-BJX,Female,0,Yes,No,19,Yes,No,Fiber optic,No,Yes,No,No,Yes,Yes,Month-to-month,No,Bank transfer (automatic),77.57,1511.63,No
6642-DMX,Female,0,Yes,No,38,Yes,No,No,No internet service,No internet service,No internet service,No internet service,No internet service,No internet service,Month-to-month,Yes,Mailed check,37.86,1441.07,No
6100-NRY,Male,0,Yes,No,27,Yes,No,No,No internet service,No internet service,No internet service,No internet service,No internet service,No internet service,Month-to-month,Yes,Mailed check,41.31,1115.33,No
7023-RRV,Female,0,No,Yes,44,No,No,DSL,No,Yes,No,No,Yes,No,Month-to-month,No,Electronic check,44.68,2039.88,No
5096-CSM,Male,0,No,No,3,Yes,No,DSL,No,No,Yes,Yes,Yes,No,Two year,Yes,Credit card (automatic),36.89,134.47,No
3407-QTE,Female,0,Yes,No,13,No,No,DSL,Yes,No,Yes,Yes,Yes,Yes,Month-to-month,Yes,Credit card (automatic),43.56,494.43,No
8148-NXU,Female,0,No,No,57,Yes,Yes,Fiber optic,No,No,No,No,Yes,No,Month-to-month,Yes,Electronic check,69.84,3979.68,Yes
9490-WNK,Female,0,No,No,27,Yes,No,DSL,Yes,No,Yes,Yes,No,Yes,Month-to-month,No,Mailed check,50.86,1380.27,Yes
5794-HJX,Male,0,No,No,31,Yes,No,Fiber optic,Yes,No,No,No,Yes,Yes,Two year,Yes,Electronic check,75.63,2335.1,No
7995-AHP,Male,0,No,No,39,Yes,Yes,No,No internet service,No internet service,No internet service,No internet service,No internet service,No internet service,One year,No,Credit card (automatic),37.78,1517.58,No
6754-AOQ,Female,0,No,Yes,31,Yes,Yes,DSL,No,No,Yes,Yes,No,Yes,Month-to-month,No,Electronic check,70.05,2160.01,Yes
3519-LGI,Female,0,No,Yes,55,Yes,Yes,Fiber optic,No,Yes,Yes,Yes,No,No,Month-to-month,No,Credit card (automatic),89.6,4893.54,No
2447-XTC,Female,0,Yes,No,17,Yes,No,Fiber optic,Yes,No,Yes,No,Yes,Yes,One year,No,Credit card (automatic),72.6,1209.34,Yes
8402-QED,Female,0,Yes,Yes,55,Yes,No,DSL,No,Yes,No,No,No,Yes,Two year,Yes,Electronic check,47.52,2637.21,No
9170-HFG,Male,0,No,No,15,Yes,No,DSL,Yes,No,Yes,No,Yes,Yes,Month-to-month,No,Bank transfer (automatic),72.5,1040.08,No
1961-NWO,Female,0,No,No,27,Yes,Yes,DSL,Yes,Yes,Yes,No,No,Yes,Month-to-month,Yes,Mailed check,49.42,1317.09,Yes
9306-XEM,Female,1,No,Yes,42,Yes,No phone service,Fiber optic,No,Yes,No,No,Yes,No,Month-to-month,Yes,Mailed check,69.25,2938.15,No
2603-QHB,Female,0,No,No,64,Yes,Yes,DSL,Yes,No,No,No,No,No,Month-to-month,Yes,Credit card (automatic),68.36,4327.43,No
1543-NKV,Female,1,Yes,No,16,Yes,Yes,No,No internet service,No internet service,No internet service,No internet service,No internet service,No internet service,One year,No,Mailed check,43.72,663.22,No
7466-ZCT,Male,0,Yes,Yes,42,Yes,No,No,No internet service,No internet service,No internet service,No internet service,No internet service,No internet service,Two year,Yes,Electronic check,50.19,2048.65,No
3708-SJU,Female,0,Yes,No,4,Yes,No,DSL,Yes,No,No,Yes,Yes,No,Two year,No,Bank transfer (automatic),59.14,205.22,No
9474-ETD,Female,0,No,No,5,Yes,Yes,No,No internet service,No internet service,No internet service,No internet service,No internet service,No internet service,Two year,No,Bank transfer (automatic),26.93,116.36,No
4319-QFW,Female,0,No,Yes,56,Yes,Yes,No,No internet service,No internet service,No internet service,No internet service,No internet service,No internet service,Month-to-month,Yes,Bank transfer (automatic),34.27,1910.82,No
8821-THW,Female,0,Yes,Yes,52,Yes,No,DSL,No,No,Yes,No,Yes,Yes,Two year,Yes,Mailed check,51.64,2653.19,No
6622-SRC,Female,0,No,No,27,Yes,No,No,No internet service,No internet service,No internet service,No internet service,No internet service,No internet service,Month-to-month,Yes,Bank transfer (automatic),52.02,1391.16,No
8102-XQJ,Male,1,No,No,45,Yes,No phone service,DSL,No,No,No,No,Yes,Yes,Month-to-month,Yes,Electronic check,76.84,3492.09,Yes
4615-UDU,Female,0,No,Yes,27,Yes,No,Fiber optic,Yes,No,Yes,No,Yes,Yes,One year,No,Mailed check,85.39,2317.22,No
2797-NPY,Male,0,Yes,Yes,20,Yes,Yes,DSL,No,No,Yes,No,Yes,No,Month-to-month,Yes,Electronic check,65.32,1381.1,Yes
5369-PJV,Male,0,No,Yes,31,Yes,No,No,No internet service,No internet service,No internet service,No internet service,No internet service,No internet service,Two year,Yes,Bank transfer (automatic),46.98,1432.82,No
5790-DWZ,Female,0,No,Yes,22,Yes,No,No,No internet service,No internet service,No internet service,No internet service,No internet service,No internet service,Two year,Yes,Credit card (automatic),18.0,380.28,No
1381-KDN,Female,0,Yes,No,59,Yes,No,No,No internet service,No internet service,No internet service,No internet service,No internet service,No internet service,Two year,Yes,Electronic check,40.36,2386.64,No
1011-FIB,Female,1,Yes,No,30,Yes,Yes,No,No internet service,No internet service,No internet service,No internet service,No internet service,No internet service,Two year,Yes,Electronic check,29.02,852.59,No
2499-PHO,Male,0,Yes,Yes,23,Yes,No,DSL,No,Yes,Yes,No,No,No,Month-to-month,Yes,Bank transfer (automatic),79.82,1834.93,No
1678-WID,Male,0,No,Yes,39,Yes,Yes,Fiber optic,No,Yes,No,No,Yes,No,Month-to-month,No,Electronic check,75.53,2878.55,Yes
4598-JYF,Female,0,Yes,Yes,55,No,Yes,DSL,Yes,No,No,No,Yes,No,Two year,Yes,Electronic check,54.95,3009.28,No
6139-DVW,Female,0,Yes,No,19,Yes,Yes,DSL,No,Yes,No,No,No,Yes,One year,Yes,Mailed check,58.94,1150.58,No
6615-NLZ,Female,0,No,Yes,68,Yes,No phone service,DSL,Yes,Yes,No,No,No,No,Two year,Yes,Mailed check,51.29,3554.35,No
9021-QUQ,Male,0,No,Yes,33,No,Yes,No,No internet service,No internet service,No internet service,No internet service,No internet service,No internet service,Month-to-month,No,Electronic check,42.85,1464.76,Yes
1246-OFP,Female,0,Yes,No,48,Yes,No phone service,Fiber optic,No,No,Yes,Yes,Yes,Yes,Month-to-month,No,Bank transfer (automatic),72.69,3493.53,No
9988-KUZ,Male,0,No,Yes,69,Yes,No,DSL,No,Yes,No,No,No,No,Month-to-month,Yes,Electronic check,77.68,5376.76,No
4714-SPG,Male,0,No,No,31,Yes,Yes,No,No internet service,No internet service,No internet service,No internet service,No internet service,No internet service,One year,Yes,Credit card (automatic),43.98,1374.95,No
7943-JKC,Male,0,Yes,No,14,Yes,No,No,No internet service,No internet service,No internet service,No internet service,No internet service,No internet service,Two year,No,Bank transfer (automatic),36.28,488.52,No
1400-HQY,Male,0,No,No,54,Yes,No,DSL,No,Yes,Yes,No,No,No,Two year,No,Electronic check,65.91,3525.57,No
2047-JGN,Female,1,No,No,0,No,No,Fiber optic,Yes,Yes,No,No,No,No,Month-to-month,No,Bank transfer (automatic),85.72,0.0,Yes
5672-WUM,Female,0,No,Yes,33,Yes,No phone service,Fiber optic,Yes,No,Yes,No,No,Yes,Month-to-month,No,Bank transfer (automatic),64.43,2122.34,No
3021-PFZ,Male,0,No,Yes,71,Yes,No,Fiber optic,No,No,Yes,No,Yes,No,Month-to-month,Yes,Credit card (automatic),112.17,7993.45,Yes
4822-LDR,Female,1,Yes,No,30,No,No,Fiber optic,No,Yes,No,Yes,Yes,Yes,Month-to-month,Yes,Bank transfer (automatic),79.92,2314.28,Yes
3249-HHG,Female,0,No,No,49,Yes,Yes,Fiber optic,Yes,No,No,No,Yes,No,Month-to-month,No,Mailed check,66.73,3263.7,No
8024-WRY,Female,1,No,No,38,Yes,No,DSL,Yes,Yes,Yes,Yes,Yes,Yes,One year,Yes,Bank transfer (automatic),60.99,2359.94,No
4258-XYC,Female,0,Yes,Yes,15,Yes,No,Fiber optic,No,No,No,Yes,No,Yes,Month-to-month,Yes,Bank transfer (automatic),88.78,1351.87,No
3484-NNP,Female,0,No,Yes,23,Yes,No phone service,Fiber optic,No,Yes,No,Yes,No,No,Month-to-month,No,Bank transfer (automatic),77.69,1752.46,Yes
6571-DYA,Female,0,No,Yes,38,Yes,Yes,DSL,No,No,Yes,No,Yes,Yes,One year,No,Mailed check,63.9,2382.38,No
8695-NJL,Male,0,No,No,7,No,No,DSL,Yes,No,No,No,No,No,Two year,Yes,Credit card (automatic),18.1,125.08,No
5512-ALZ,Male,0,No,Yes,30,Yes,Yes,Fiber optic,Yes,Yes,Yes,Yes,No,No,Month-to-month,No,Electronic check,65.5,1992.48,Yes
3745-IMY,Female,0,Yes,Yes,30,Yes,No,Fiber optic,Yes,No,No,No,Yes,No,Month-to-month,Yes,Credit card (automatic),87.37,2639.17,No
1800-HBC,Male,0,No,No,60,No,No,Fiber optic,Yes,No,Yes,No,Yes,No,One year,No,Electronic check,59.2,3556.04,No
1621-IDU,Female,0,Yes,No,9,No,No,DSL,Yes,No,Yes,No,Yes,No,Two year,No,Electronic check,56.56,531.51,No
3555-LQI,Male,0,No,No,61,Yes,No,No,No internet service,No internet service,No internet service,No internet service,No internet service,No internet service,Two year,No,Electronic check,47.58,2911.39,No
8570-RUR,Female,0,Yes,No,29,Yes,No,DSL,No,Yes,Yes,No,No,No,Month-to-month,No,Credit card (automatic),60.27,1768.81,No
3937-PBE,Female,0,No,No,47,Yes,No,Fiber optic,Yes,Yes,No,No,Yes,Yes,Month-to-month,No,Credit card (automatic),54.88,2612.17,No
1488-BUF,Female,0,No,No,40,Yes,No,DSL,No,No,Yes,No,Yes,No,Two year,No,Mailed check,44.68,1771.63,No
8844-YYP,Female,0,Yes,Yes,21,Yes,No,Fiber optic,No,No,No,Yes,No,Yes,Month-to-month,Yes,Credit card (automatic),68.77,1413.17,No
9697-CWC,Male,1,Yes,No,67,Yes,No,Fiber optic,Yes,Yes,Yes,No,Yes,Yes,Month-to-month,Yes,Electronic check,84.97,5718.5,No
4194-IMR,Male,0,Yes,Yes,16,Yes,Yes,Fiber optic,No,Yes,No,No,Yes,No,Two year,Yes,Electronic check,41.55,646.92,No
8490-PXP,Female,1,Yes,No,2,Yes,Yes,No,No internet service,No internet service,No internet service,No internet service,No internet service,No internet service,Month-to-month,Yes,Electronic check,29.08,0.0,Yes
4248-OQM,Male,0,No,No,54,Yes,No,Fiber optic,No,Yes,No,Yes,No,Yes,One year,No,Mailed check,62.42,3420.64,No
2609-HAP,Male,0,Yes,No,45,Yes,No phone service,Fiber optic,No,Yes,Yes,No,No,No,Two year,Yes,Mailed check,100.23,4519.24,Yes
4198-UXZ,Male,0,No,No,65,Yes,Yes,Fiber optic,No,Yes,Yes,Yes,Yes,Yes,Month-to-month,No,Electronic check,75.63,4923.28,No
6900-YXY,Male,0,No,Yes,33,Yes,Yes,No,No internet service,No internet service,No internet service,No internet service,No internet service,No internet service,One year,Yes,Electronic check,66.29,2181.1,No
4229-HBO,Female,0,No,No,1,Yes,Yes,No,No internet service,No internet service,No internet service,No internet service,No internet service,No internet service,Month-to-month,Yes,Mailed check,26.75,56.05,No
4230-VLF,Male,0,No,Yes,1,No,Yes,Fiber optic,No,No,No,No,No,No,Two year,Yes,Electronic check,80.2,35.29,No
7045-GZO,Male,0,Yes,Yes,31,No,Yes,Fiber optic,No,Yes,Yes,No,No,No,Two year,Yes,Bank transfer (automatic),101.49,3146.31,No
3794-PTJ,Female,0,No,Yes,18,Yes,Yes,No,No internet service,No internet service,No internet service,No internet service,No internet service,No internet service,Two year,Yes,Mailed check,30.22,553.84,No
8978-CGE,Female,0,No,No,67,No,Yes,No,No internet service,No internet service,No internet service,No internet service,No internet service,No internet service,Month-to-month,Yes,Electronic check,25.31,1715.06,No
8024-LYG,Male,0,Yes,Yes,8,Yes,No,DSL,No,No,No,No,Yes,No,One year,Yes,Electronic check,56.72,393.96,No
7995-RKX,Female,0,No,No,64,Yes,Yes,No,No internet service,No internet service,No internet service,No internet service,No internet service,No internet service,Two year,No,Bank transfer (automatic),26.81,1736.62,No
6247-LTX,Male,0,No,No,15,Yes,Yes,Fiber optic,Yes,No,No,No,No,Yes,One year,Yes,Bank transfer (automatic),71.04,1050.95,No
8270-DSO,Female,0,Yes,No,8,Yes,No phone service,Fiber optic,No,Yes,Yes,No,Yes,No,One year,No,Mailed check,82.47,636.96,No
9798-XWD,Male,1,No,No,20,Yes,No,Fiber optic,No,Yes,Yes,Yes,Yes,Yes,Month-to-month,No,Bank transfer (automatic),66.06,1266.55,No
2935-XZT,Male,0,Yes,No,10,Yes,Yes,DSL,Yes,No,No,Yes,Yes,Yes,Two year,Yes,Credit card (automatic),51.08,588.94,No
7338-NXC,Female,1,Yes,No,29,Yes,No,No,No internet service,No internet service,No internet service,No internet service,No internet service,No internet service,Month-to-month,Yes,Bank transfer (automatic),40.47,1169.14,No
5475-CXK,Female,0,Yes,Yes,24,Yes,No phone service,Fiber optic,Yes,No,Yes,Yes,No,Yes,Month-to-month,No,Electronic check,96.71,2329.64,Yes
9861-BVF,Female,0,No,Yes,38,Yes,Yes,DSL,No,No,Yes,Yes,Yes,No,Two year,No,Credit card (automatic),75.83,2844.73,No
8179-UFK,Male,1,Yes,No,39,Yes,No phone service,Fiber optic,No,No,Yes,No,No,Yes,Two year,Yes,Mailed check,71.63,2740.04,Yes
2216-QUB,Male,0,Yes,No,0,Yes,No,DSL,No,No,No,No,No,No,Two year,No,Mailed check,53.19,0.0,No
7357-HQY,Female,1,Yes,Yes,9,Yes,Yes,Fiber optic,Yes,No,No,No,No,Yes,Month-to-month,Yes,Bank transfer (automatic),93.18,791.37,Yes
5017-SBB,Male,0,Yes,No,11,Yes,No,Fiber optic,No,No,No,Yes,Yes,No,Month-to-month,Yes,Mailed check,89.55,1030.68,Yes
6136-QNS,Female,0,No,Yes,14,Yes,No,Fiber optic,No,No,Yes,No,No,No,Month-to-month,Yes,Credit card (automatic),70.19,1045.68,Yes
7455-ZCK,Female,0,No,No,6,Yes,Yes,DSL,No,No,No,Yes,Yes,Yes,Month-to-month,No,Electronic check,40.71,217.12,Yes
4622-OKT,Male,0,Yes,Yes,22,No,Yes,DSL,No,Yes,Yes,Yes,No,No,Two year,Yes,Mailed check,50.78,1101.02,No
5179-JAJ,Male,0,No,No,40,Yes,Yes,DSL,No,Yes,No,No,Yes,No,One year,Yes,Electronic check,45.02,1711.79,No
6266-ZFT,Male,0,Yes,No,22,Yes,No,Fiber optic,No,Yes,Yes,No,Yes,No,Month-to-month,Yes,Bank transfer (automatic),94.86,2025.91,No
9208-NQF,Male,0,No,Yes,24,Yes,No,No,No internet service,No internet service,No internet service,No internet service,No internet service,No internet service,Month-to-month,Yes,Electronic check,55.37,1351.0,No
8478-RMR,Male,1,No,Yes,34,Yes,No,Fiber optic,No,Yes,No,No,Yes,No,Month-to-month,Yes,Mailed check,73.19,2532.37,Yes
4337-FGA,Male,0,No,Yes,40,Yes,No,Fiber optic,No,No,Yes,Yes,No,No,Two year,Yes,Credit card (automatic),93.75,3722.64,No
4565-LXL,Female,0,No,Yes,24,No,Yes,DSL,No,Yes,No,Yes,No,Yes,One year,No,Electronic check,47.22,1111.21,No
9325-DYK,Female,0,No,No,16,Yes,Yes,DSL,Yes,No,No,Yes,No,Yes,Month-to-month,No,Electronic check,73.82,1125.78,Yes
7893-GEO,Male,0,No,No,29,No,Yes,No,No internet service,No internet service,No internet service,No internet service,No internet service,No internet service,Month-to-month,Yes,Bank transfer (automatic),51.36,1449.88,No
7458-GIL,Male,0,Yes,No,1,Yes,Yes,Fiber optic,Yes,No,Yes,Yes,Yes,No,Month-to-month,Yes,Mailed check,78.55,125.05,Yes
4826-ZLT,Female,0,No,No,35,Yes,No phone service,DSL,No,Yes,Yes,Yes,No,Yes,Month-to-month,Yes,Electronic check,78.94,2773.75,No
3303-RFS,Male,0,Yes,No,68,Yes,No,Fiber optic,No,Yes,Yes,Yes,No,No,Two year,No,Electronic check,64.84,4346.29,No
1932-HLY,Female,1,Yes,No,29,Yes,Yes,Fiber optic,Yes,No,Yes,No,Yes,No,One year,Yes,Electronic check,65.98,1933.25,Yes
6326-FWU,Male,0,No,No,7,Yes,Yes,DSL,No,No,Yes,Yes,No,No,Month-to-month,No,Electronic check,70.93,579.5,No
1158-DBG,Female,0,No,No,51,Yes,Yes,DSL,No,Yes,Yes,Yes,No,No,Two year,Yes,Bank transfer (automatic),50.92,2583.13,No
7690-EUK,Female,0,No,Yes,9,Yes,No phone service,Fiber optic,No,Yes,No,No,No,Yes,Month-to-month,No,Electronic check,68.11,589.67,No
1309-OTJ,Female,0,No,Yes,14,Yes,No,DSL,Yes,Yes,No,No,Yes,Yes,Month-to-month,No,Mailed check,67.89,970.82,No
6032-VIJ,Female,0,Yes,No,10,No,Yes,Fiber optic,No,Yes,Yes,No,No,Yes,One year,No,Electronic check,86.06,895.82,No
6874-YHF,Male,0,No,Yes,64,Yes,No,No,No internet service,No internet service,No internet service,No internet service,No internet service,No internet service,Month-to-month,Yes,Credit card (automatic),51.14,3301.72,No
4962-BMI,Female,0,No,No,71,Yes,No,No,No internet service,No internet service,No internet service,No internet service,No internet service,No internet service,Month-to-month,Yes,Bank transfer (automatic),19.64,1383.34,No
3644-HII,Female,0,Yes,No,41,Yes,No phone service,Fiber optic,No,Yes,Yes,No,Yes,No,Two year,Yes,Mailed check,78.2,3191.48,No
9017-DKJ,Male,0,Yes,No,45,Yes,Yes,DSL,No,Yes,No,No,No,Yes,Two year,No,Bank transfer (automatic),62.68,2760.25,No
3493-ENN,Male,0,No,No,47,Yes,Yes,Fiber optic,No,No,No,No,No,No,Month-to-month,Yes,Electronic check,84.9,3947.26,No
2205-ZOT,Male,0,No,No,44,Yes,No,DSL,No,Yes,Yes,Yes,No,Yes,One year,No,Electronic check,41.17,1824.1,No
8565-GMU,Male,0,No,No,39,Yes,No,No,No internet service,No internet service,No internet service,No internet service,No internet service,No internet service,Month-to-month,No,Mailed check,52.03,2010.46,No
1140-HXR,Female,0,Yes,No,72,Yes,Yes,Fiber optic,No,No,Yes,No,No,No,One year,Yes,Mailed check,86.25,6218.62,No
7757-MZR,Female,0,Yes,No,53,Yes,No,Fiber optic,No,No,No,Yes,Yes,No,Month-to-month,Yes,Mailed check,76.65,4054.1,No
8250-OWS,Male,0,Yes,Yes,6,Yes,No,Fiber optic,Yes,No,No,No,No,No,One year,Yes,Mailed check,87.26,525.72,Yes
9235-BGK,Female,0,Yes,No,28,Yes,No,Fiber optic,No,Yes,No,Yes,Yes,No,Month-to-month,No,Bank transfer (automatic),104.26,2919.96,No
9867-HGP,Female,1,Yes,No,71,Yes,No,Fiber optic,No,No,Yes,No,No,No,Two year,No,Credit card (automatic),96.42,6871.93,No
9785-ZUU,Male,0,No,Yes,29,Yes,No,No,No internet service,No internet service,No internet service,No internet service,No internet service,No internet service,Two year,No,Credit card (automatic),22.13,671.47,No
7593-KFQ,Female,1,No,Yes,14,Yes,No,DSL,Yes,No,No,No,No,Yes,Month-to-month,Yes,Bank transfer (automatic),38.48,538.12,Yes
3759-XEW,Male,0,No,No,63,Yes,No,DSL,No,No,No,Yes,No,Yes,Two year,No,Bank transfer (automatic),58.11,3653.78,No
3658-PXF,Female,0,Yes,Yes,45,Yes,No,No,No internet service,No internet service,No internet service,No internet service,No internet service,No internet service,Month-to-month,Yes,Mailed check,67.08,3017.34,Yes
5130-OYA,Male,0,Yes,No,41,Yes,Yes,Fiber optic,Yes,Yes,No,No,Yes,Yes,One year,No,Mailed check,96.49,3928.65,No
6324-ZAJ,Female,0,No,Yes,30,Yes,Yes,DSL,No,Yes,Yes,Yes,No,Yes,Month-to-month,Yes,Bank transfer (automatic),58.77,1801.12,No
4038-BIM,Female,0,No,Yes,9,Yes,Yes,DSL,No,No,Yes,No,Yes,Yes,Month-to-month,Yes,Electronic check,67.25,585.58,No
4831-ORL,Female,1,Yes,No,28,Yes,Yes,Fiber optic,No,No,No,Yes,Yes,Yes,One year,No,Credit card (automatic),95.28,2662.25,No
3413-XKY,Female,1,Yes,Yes,31,Yes,No,Fiber optic,Yes,No,No,No,No,No,Month-to-month,Yes,Electronic check,49.44,1538.81,No
9978-QJZ,Male,0,No,No,67,Yes,Yes,Fiber optic,No,No,No,No,Yes,No,Month-to-month,No,Electronic check,96.52,6477.69,No
5542-JNS,Male,0,No,No,22,Yes,No phone service,DSL,No,Yes,No,Yes,No,No,Month-to-month,Yes,Electronic check,65.62,1453.05,No
2755-FMQ,Female,0,No,No,10,Yes,Yes,Fiber optic,No,No,No,No,Yes,No,Month-to-month,No,Credit card (automatic),66.4,659.22,Yes
2990-CCB,Female,0,Yes,No,31,Yes,Yes,Fiber optic,No,Yes,No,Yes,Yes,No,Month-to-month,Yes,Electronic check,72.47,2304.14,Yes
8271-PSN,Male,0,No,No,72,Yes,No phone service,No,No internet service,No internet service,No internet service,No internet service,No internet service,No internet service,One year,Yes,Bank transfer (automatic),37.68,2715.59,No
3432-KDJ,Female,0,Yes,No,35,Yes,Yes,Fiber optic,Yes,Yes,Yes,Yes,No,No,One year,Yes,Mailed check,59.61,2077.56,No
9846-YXS,Female,0,Yes,No,27,Yes,No,Fiber optic,No,Yes,No,No,No,No,Month-to-month,No,Bank transfer (automatic),68.22,1904.85,No
4256-TQT,Male,0,No,No,48,Yes,Yes,No,No internet service,No internet service,No internet service,No internet service,No internet service,No internet service,Month-to-month,No,Bank transfer (automatic),33.1,1561.58,No
3585-VJQ,Female,0,Yes,No,47,Yes,No,DSL,No,No,No,Yes,No,Yes,One year,Yes,Credit card (automatic),59.83,2874.83,No
5849-HGL,Female,0,Yes,Yes,21,Yes,No,DSL,No,Yes,No,No,No,Yes,One year,Yes,Electronic check,40.42,778.98,No
1779-ASX,Female,0,No,No,70,Yes,Yes,DSL,Yes,Yes,No,No,Yes,Yes,Two year,Yes,Mailed check,32.92,2290.34,No
2720-AHT,Male,0,Yes,Yes,43,Yes,No,Fiber optic,No,No,No,No,No,No,Month-to-month,No,Electronic check,71.73,3025.95,No
9599-JPZ,Female,0,No,No,4,Yes,Yes,No,No internet service,No internet service,No internet service,No internet service,No internet service,No internet service,Month-to-month,No,Mailed check,25.22,53.21,No
3050-EHT,Male,1,Yes,Yes,29,Yes,Yes,DSL,No,Yes,No,No,No,Yes,One year,No,Credit card (automatic),34.5,1016.35,No
3013-BWU,Female,0,Yes,Yes,67,Yes,No,No,No internet service,No internet service,No internet service,No internet service,No internet service,No internet service,Month-to-month,Yes,Electronic check,34.25,2304.74,No
8203-QOF,Male,0,Yes,No,28,Yes,No,DSL,No,Yes,No,No,No,No,Month-to-month,Yes,Credit card (automatic),71.86,1990.79,No
2160-QTV,Male,0,No,No,41,Yes,No phone service,Fiber optic,No,No,No,No,No,No,Month-to-month,Yes,Electronic check,65.09,2725.87,Yes
8638-SNL,Male,0,No,No,44,Yes,No phone service,Fiber optic,No,Yes,Yes,No,Yes,Yes,Two year,No,Credit card (automatic),64.28,2868.02,No
2899-HSP,Female,0,Yes,No,51,Yes,No phone service,DSL,No,Yes,Yes,No,Yes,Yes,Month-to-month,Yes,Bank transfer (automatic),55.14,2810.33,Yes
3939-JXK,Female,0,No,Yes,63,Yes,No,Fiber optic,No,No,No,No,Yes,No,One year,Yes,Credit card (automatic),64.92,4026.66,No
8471-LKP,Female,0,No,No,10,Yes,No,Fiber optic,No,No,No,No,Yes,No,One year,No,Mailed check,75.02,783.76,No
1361-IYU,Male,1,Yes,Yes,37,Yes,No,Fiber optic,Yes,No,Yes,No,No,Yes,Month-to-month,Yes,Bank transfer (automatic),77.47,2849.5,Yes
9590-VMX,Male,0,No,No,38,Yes,No,No,No internet service,No internet service,No internet service,No internet service,No internet service,No internet service,Two year,Yes,Electronic check,46.69,1784.45,No
1055-GSE,Female,0,Yes,No,11,Yes,No phone service,No,No internet service,No internet service,No internet service,No internet service,No internet service,No internet service,One year,Yes,Mailed check,48.59,562.41,No
3526-FTU,Female,0,No,No,49,Yes,No phone service,Fiber optic,Yes,Yes,No,No,Yes,Yes,Month-to-month,No,Bank transfer (automatic),77.09,3763.37,Yes
1262-FQX,Female,0,Yes,No,8,Yes,No,No,No internet service,No internet service,No internet service,No internet service,No internet service,No internet service,Two year,No,Electronic check,32.95,308.36,No
9453-VNB,Male,0,Yes,Yes,33,No,No,DSL,No,No,Yes,No,No,Yes,Month-to-month,Yes,Bank transfer (automatic),70.83,2324.11,Yes
9513-TSW,Male,0,No,No,24,Yes,No,DSL,No,Yes,Yes,Yes,Yes,No,Month-to-month,Yes,Electronic check,20.69,515.42,No
6367-TVV,Female,0,No,Yes,11,Yes,No,Fiber optic,No,Yes,Yes,No,No,No,One year,Yes,Mailed check,76.21,864.74,No
9282-EWM,Male,0,Yes,No,60,Yes,No phone service,Fiber optic,No,No,No,Yes,No,Yes,One year,No,Bank transfer (automatic),61.66,3731.53,No
9262-ZBW,Female,0,No,No,17,No,No,Fiber optic,No,No,No,No,Yes,Yes,Month-to-month,Yes,Electronic check,96.63,1703.76,Yes
2912-XGR,Female,1,No,No,18,Yes,No,Fiber optic,No,Yes,Yes,No,Yes,Yes,Two year,Yes,Bank transfer (automatic),84.16,1486.1,Yes
9639-CXV,Female,0,Yes,No,62,Yes,No phone service,No,No internet service,No internet service,No internet service,No internet service,No internet service,No internet service,One year,Yes,Credit card (automatic),51.35,3144.05,No
8294-XUH,Male,0,Yes,No,64,Yes,Yes,DSL,Yes,Yes,Yes,Yes,No,No,One year,No,Electronic check,43.2,2753.55,No
5012-OCW,Male,0,No,Yes,2,Yes,Yes,No,No internet service,No internet service,No internet service,No internet service,No internet service,No internet service,Month-to-month,Yes,Electronic check,36.86,180.25,No
6993-YNA,Female,0,Yes,No,20,Yes,No,Fiber optic,Yes,No,No,No,No,No,Month-to-month,Yes,Electronic check,74.51,1537.47,Yes
4634-FJO,Male,0,No,Yes,51,Yes,Yes,Fiber optic,No,No,Yes,No,No,Yes,Month-to-month,Yes,Mailed check,54.75,2773.0,Yes
2452-QKV,Female,0,No,Yes,56,Yes,No,DSL,No,Yes,Yes,Yes,No,No,One year,No,Bank transfer (automatic),53.96,3009.59,No
9310-JFA,Female,0,Yes,No,72,Yes,No,DSL,Yes,Yes,No,Yes,No,Yes,Month-to-month,No,Credit card (automatic),44.76,3222.19,No
6389-LQG,Male,0,No,No,40,Yes,No,Fiber optic,No,Yes,Yes,No,Yes,Yes,One year,No,Mailed check,64.9,2605.55,No
4437-YHO,Female,0,No,No,0,Yes,No,Fiber optic,No,No,Yes,Yes,No,No,Month-to-month,Yes,Electronic check,76.12,0.0,Yes
2402-CKC,Female,0,No,No,63,Yes,Yes,Fiber optic,No,No,Yes,Yes,Yes,Yes,One year,Yes,Electronic check,78.45,4966.25,Yes
5530-DAQ,Male,0,Yes,No,11,Yes,No phone service,DSL,No,Yes,No,No,Yes,No,Two year,Yes,Electronic check,62.29,727.07,No
9314-ZAP,Male,0,Yes,No,8,Yes,No,Fiber optic,No,No,No,Yes,No,No,One year,No,Mailed check,71.56,642.58,No
1433-QRD,Female,0,Yes,Yes,49,Yes,No,Fiber optic,No,No,Yes,No,No,Yes,Two year,No,Credit card (automatic),57.86,2830.47,No
8092-WLN,Male,0,Yes,No,44,No,Yes,No,No internet service,No internet service,No internet service,No internet service,No internet service,No internet service,Two year,Yes,Electronic check,41.52,1819.4,No
3900-ZSL,Male,0,Yes,Yes,4,Yes,No,Fiber optic,No,Yes,No,Yes,Yes,No,Month-to-month,Yes,Bank transfer (automatic),38.99,143.21,Yes
8833-VIZ,Male,0,No,Yes,12,Yes,Yes,Fiber optic,No,No,Yes,Yes,No,Yes,One year,Yes,Mailed check,63.23,749.07,No
6532-BXH,Male,1,No,No,43,Yes,No,Fiber optic,No,Yes,No,No,No,No,Two year,No,Credit card (automatic),82.3,3551.81,No
6970-UCV,Male,0,No,No,18,Yes,No phone service,Fiber optic,No,Yes,No,No,No,No,One year,Yes,Credit card (automatic),49.25,908.75,No
2441-EUN,Male,1,No,No,49,Yes,No,Fiber optic,No,No,Yes,No,No,No,Month-to-month,Yes,Credit card (automatic),81.71,4064.21,Yes
5293-OGZ,Female,0,Yes,No,30,No,Yes,DSL,No,No,Yes,No,Yes,Yes,Two year,Yes,Mailed check,50.87,1501.29,No
1752-ECA,Female,0,No,No,42,Yes,Yes,No,No internet service,No internet service,No internet service,No internet service,No internet service,No internet service,Month-to-month,Yes,Mailed check,45.14,1908.43,No
5629-CTZ,Male,0,No,No,34,Yes,No,Fiber optic,No,No,No,No,Yes,Yes,Month-to-month,Yes,Electronic check,80.89,2720.84,Yes
4738-EKK,Male,0,No,Yes,26,Yes,Yes,Fiber optic,No,Yes,No,Yes,Yes,Yes,Month-to-month,No,Electronic check,81.89,2143.31,No
1025-SJT,Male,0,No,No,24,Yes,No,Fiber optic,No,Yes,Yes,Yes,Yes,No,Month-to-month,No,Bank transfer (automatic),85.08,2135.46,No
2684-AKM,Female,1,Yes,No,50,Yes,Yes,Fiber optic,No,No,No,Yes,Yes,No,Month-to-month,Yes,Credit card (automatic),95.49,4769.71,Yes
1396-OOZ,Female,0,No,Yes,37,Yes,No,DSL,No,No,Yes,No,No,Yes,Month-to-month,Yes,Bank transfer (automatic),62.39,2394.27,No
6207-EVY,Male,0,Yes,Yes,43,No,No,DSL,No,Yes,Yes,Yes,Yes,No,Two year,No,Mailed check,30.47,1280.92,No
2496-IPB,Female,0,No,No,42,Yes,Yes,DSL,No,No,No,Yes,Yes,Yes,Month-to-month,No,Electronic check,55.93,2332.95,Yes
8603-SXT,Male,0,No,No,15,Yes,Yes,DSL,No,No,No,Yes,No,Yes,Month-to-month,No,Bank transfer (automatic),54.28,802.21,Yes
2578-SQH,Female,1,No,No,66,Yes,Yes,DSL,No,No,No,No,No,Yes,Two year,No,Electronic check,70.77,4676.94,No
2370-XFD,Male,1,Yes,No,41,Yes,Yes,Fiber optic,No,No,Yes,Yes,No,No,Two year,No,Electronic check,72.15,2952.76,No
7446-UVN,Female,0,No,Yes,52,Yes,No,DSL,No,No,Yes,No,No,Yes,Month-to-month,No,Electronic check,42.54,2238.82,No
4264-SUE,Female,0,No,Yes,64,Yes,Yes,No,No internet service,No internet service,No internet service,No internet service,No internet service,No internet service,Month-to-month,Yes,Credit card (automatic),38.88,2392.15,No
7154-FJX,Female,0,No,No,67,Yes,No,No,No internet service,No internet service,No internet service,No internet service,No internet service,No internet service,One year,Yes,Mailed check,51.58,3421.57,No
3517-TSF,Female,0,Yes,No,48,Yes,No,DSL,No,Yes,No,No,No,No,Two year,Yes,Credit card (automatic),53.81,2649.19,No
8574-RCV,Male,0,Yes,No,57,Yes,Yes,Fiber optic,Yes,Yes,Yes,No,No,No,Month-to-month,No,Mailed check,88.49,4994.66,No
5238-NHE,Female,0,No,No,34,Yes,Yes,Fiber optic,No,No,No,Yes,Yes,No,Month-to-month,No,Bank transfer (automatic),100.4,3401.12,No
2023-AEG,Male,0,No,No,53,Yes,No,No,No internet service,No internet service,No internet service,No internet service,No internet service,No internet service,One year,No,Credit card (automatic),31.14,1671.86,Yes
8310-ERR,Male,1,Yes,No,23,Yes,No,Fiber optic,Yes,Yes,No,No,No,Yes,One year,Yes,Credit card (automatic),70.19,1612.78,Yes
9708-YIG,Female,1,No,No,51,Yes,No,Fiber optic,No,Yes,No,No,Yes,No,One year,Yes,Electronic check,76.25,3859.0,Yes
9211-ICZ,Male,0,Yes,No,6,Yes,No,DSL,No,No,Yes,No,Yes,Yes,Two year,No,Electronic check,46.41,294.04,No
8859-WBG,Female,0,Yes,No,66,No,No,No,No internet service,No internet service,No internet service,No internet service,No internet service,No internet service,Two year,No,Electronic check,18.0,1217.25,No
2597-LUT,Male,0,No,No,17,Yes,Yes,DSL,No,No,No,Yes,No,No,One year,No,Mailed check,58.05,965.96,No
9416-NPV,Female,0,Yes,No,47,Yes,No,No,No internet service,No internet service,No internet service,No internet service,No internet service,No internet service,One year,Yes,Electronic check,44.65,2112.81,No
8743-YDB,Male,0,Yes,Yes,0,Yes,No,DSL,No,No,No,No,Yes,No,One year,No,Bank transfer (automatic),35.73,0.0,Yes
8775-SHX,Female,0,No,No,11,Yes,Yes,Fiber optic,No,No,Yes,No,Yes,Yes,Month-to-month,No,Mailed check,56.9,663.72,No
9456-YLS,Male,0,Yes,No,72,Yes,Yes,Fiber optic,No,Yes,No,Yes,Yes,No,Month-to-month,No,Credit card (automatic),78.7,5679.35,Yes
8022-DSG,Male,1,Yes,Yes,60,Yes,No,DSL,No,Yes,Yes,No,Yes,Yes,One year,No,Credit card (automatic),87.09,5285.23,No
1150-XFM,Male,0,No,No,16,Yes,Yes,DSL,No,No,Yes,No,No,Yes,One year,No,Bank transfer (automatic),36.69,588.7,No
6107-SFJ,Female,0,No,No,9,Yes,Yes,DSL,No,No,Yes,No,Yes,No,Month-to-month,Yes,Bank transfer (automatic),40.07,326.22,No
8108-UVN,Female,1,Yes,No,59,Yes,Yes,Fiber optic,No,No,Yes,No,No,Yes,Month-to-month,Yes,Electronic check,81.49,4800.26,No
1190-XPK,Female,0,Yes,Yes,72,No,No,Fiber optic,Yes,Yes,No,No,Yes,No,One year,Yes,Electronic check,67.89,4930.5,No
9926-XNR,Female,0,Yes,No,12,Yes,No,DSL,No,No,No,No,No,No,One year,Yes,Mailed check,45.28,512.09,No
8617-CCD,Female,0,No,No,48,Yes,No,Fiber optic,Yes,No,No,No,Yes,Yes,Month-to-month,No,Credit card (automatic),62.65,2928.73,Yes
7562-QFQ,Female,0,No,No,20,Yes,Yes,DSL,No,No,Yes,No,Yes,No,Month-to-month,No,Electronic check,79.82,1612.49,No
3540-RMM,Male,0,Yes,Yes,54,Yes,No phone service,Fiber optic,No,No,Yes,Yes,Yes,Yes,Month-to-month,Yes,Mailed check,76.22,4100.34,Yes
9454-URU,Male,0,Yes,No,30,Yes,No phone service,No,No internet service,No internet service,No internet service,No internet service,No internet service,No internet service,Two year,No,Credit card (automatic),32.07,1040.78,No
9307-KTP,Male,0,Yes,No,9,Yes,No,No,No internet service,No internet service,No internet service,No internet service,No internet service,No internet service,Two year,Yes,Electronic check,50.12,460.41,No
7776-WWO,Female,0,Yes,No,23,Yes,No,No,No internet service,No internet service,No internet service,No internet service,No internet service,No internet service,One year,Yes,Credit card (automatic),41.44,996.42,Yes
3948-GUO,Male,0,Yes,No,39,Yes,Yes,DSL,No,No,Yes,No,Yes,No,Month-to-month,No,Credit card (automatic),49.07,1896.56,No
8587-MTH,Male,0,No,No,58,Yes,No,DSL,No,Yes,Yes,Yes,No,No,One year,Yes,Electronic check,56.55,3300.69,No
7138-EEW,Female,1,Yes,Yes,1,Yes,Yes,No,No internet service,No internet service,No internet service,No internet service,No internet service,No internet service,Month-to-month,No,Bank transfer (automatic),24.27,37.27,No
9622-LHW,Female,0,Yes,No,69,No,No,DSL,No,Yes,No,No,No,Yes,Two year,No,Electronic check,40.12,2816.56,No
4742-RBV,Female,0,No,No,47,Yes,Yes,DSL,No,Yes,Yes,No,No,Yes,Month-to-month,Yes,Mailed check,61.21,2883.57,No
1194-TEX,Female,0,Yes,No,63,Yes,Yes,DSL,No,No,Yes,No,Yes,No,Month-to-month,Yes,Credit card (automatic),38.67,2417.88,No
6592-NHG,Female,0,No,No,67,Yes,No,Fiber optic,No,Yes,Yes,No,Yes,Yes,One year,Yes,Electronic check,67.3,4545.45,No
8912-JAC,Female,1,Yes,Yes,11,Yes,Yes,Fiber optic,No,Yes,No,No,No,Yes,Month-to-month,No,Credit card (automatic),93.78,1006.58,No
2762-YCS,Female,1,Yes,No,6,Yes,No,No,No internet service,No internet service,No internet service,No internet service,No internet service,No internet service,One year,Yes,Credit card (automatic),39.87,210.61,No
1921-AGC,Female,0,Yes,No,56,Yes,No,Fiber optic,No,Yes,Yes,Yes,Yes,No,Two year,No,Bank transfer (automatic),99.02,5543.58,No
8784-YWO,Female,0,Yes,No,13,Yes,Yes,DSL,Yes,No,Yes,Yes,Yes,Yes,Month-to-month,No,Mailed check,39.25,498.84,No
3944-ZBI,Female,0,No,No,10,Yes,No,Fiber optic,No,Yes,No,Yes,No,No,Month-to-month,Yes,Electronic check,65.38,654.39,No
7144-ISW,Male,0,Yes,No,34,Yes,Yes,No,No internet service,No internet service,No internet service,No internet service,No internet service,No internet service,One year,Yes,Mailed check,34.0,1132.62,No
9317-DXZ,Female,0,No,No,66,Yes,No,DSL,No,No,No,Yes,No,Yes,Two year,Yes,Electronic check,40.38,2704.28,No
3327-AXX,Female,0,Yes,No,58,No,No,No,No internet service,No internet service,No internet service,No internet service,No internet service,No internet service,Month-to-month,Yes,Electronic check,35.84,2117.41,No
5780-HXU,Male,0,No,No,37,Yes,Yes,Fiber optic,Yes,No,Yes,No,No,Yes,Month-to-month,Yes,Electronic check,85.36,3187.39,Yes
7078-MMX,Male,0,No,No,14,Yes,No phone service,No,No internet service,No internet service,No internet service,No internet service,No internet service,No internet service,One year,No,Bank transfer (automatic),48.19,700.27,No
6202-JGO,Female,0,Yes,No,24,Yes,No,No,No internet service,No internet service,No internet service,No internet service,No internet service,No internet service,Month-to-month,No,Electronic check,31.2,684.12,Yes
6120-THV,Female,0,Yes,Yes,50,Yes,Yes,Fiber optic,Yes,Yes,Yes,Yes,No,No,Two year,Yes,Electronic check,81.26,4067.07,No
4975-RHM,Male,0,No,No,11,Yes,No,Fiber optic,No,No,No,Yes,No,Yes,Month-to-month,Yes,Bank transfer (automatic),85.45,969.97,No
4989-SWM,Male,0,No,No,38,Yes,No,Fiber optic,No,No,Yes,Yes,Yes,No,Month-to-month,Yes,Electronic check,74.53,2879.06,No
6102-SBP,Female,0,No,No,0,Yes,Yes,No,No internet service,No internet service,No internet service,No internet service,No internet service,No internet service,One year,No,Electronic check,46.53,0.0,No
7277-HRC,Male,1,No,No,23,Yes,No,No,No internet service,No internet service,No internet service,No internet service,No internet service,No internet service,Month-to-month,No,Electronic check,29.81,731.25,No
1805-FIU,Male,0,Yes,No,18,Yes,No,Fiber optic,Yes,Yes,Yes,No,No,Yes,Month-to-month,No,Electronic check,61.68,1121.0,No
3281-OLC,Female,1,No,No,49,Yes,No,DSL,No,Yes,Yes,No,Yes,No,One year,Yes,Electronic check,71.59,3417.51,No
4437-SVO,Male,0,Yes,Yes,66,No,No phone service,No,No internet service,No internet service,No internet service,No internet service,No internet service,No internet service,Two year,No,Electronic check,18.0,1184.53,No
4516-HDA,Male,0,Yes,No,10,Yes,Yes,No,No internet service,No internet service,No internet service,No internet service,No internet service,No internet service,One year,No,Mailed check,48.55,456.09,No
3555-RDM,Female,0,No,No,58,Yes,No phone service,Fiber optic,Yes,No,Yes,No,Yes,Yes,Month-to-month,Yes,Electronic check,72.52,4184.74,No
3927-JWI,Male,0,Yes,No,47,Yes,Yes,No,No internet service,No internet service,No internet service,No internet service,No internet service,No internet service,One year,Yes,Electronic check,53.73,2562.13,No
5795-NJQ,Female,1,Yes,Yes,70,Yes,No,Fiber optic,Yes,No,Yes,Yes,Yes,No,Month-to-month,Yes,Bank transfer (automatic),72.07,5055.31,No
9067-LLW,Female,0,No,No,66,Yes,Yes,Fiber optic,Yes,Yes,No,Yes,Yes,No,Month-to-month,No,Bank transfer (automatic),95.7,6298.06,No
7587-LFT,Male,0,No,No,7,Yes,No,Fiber optic,No,Yes,Yes,No,Yes,No,Month-to-month,Yes,Mailed check,71.08,473.88,No
4316-QNO,Female,1,Yes,Yes,54,Yes,No,DSL,No,Yes,Yes,No,Yes,Yes,Month-to-month,Yes,Credit card (automatic),38.94,2118.09,No
5612-RUU,Female,0,Yes,Yes,43,No,Yes,Fiber optic,Yes,Yes,No,No,Yes,Yes,Month-to-month,Yes,Bank transfer (automatic),83.78,3596.09,No
6214-EXO,Male,0,No,No,8,Yes,Yes,Fiber optic,Yes,No,Yes,Yes,No,No,Two year,Yes,Bank transfer (automatic),90.74,750.3,No
9252-YLK,Female,0,No,No,18,Yes,Yes,DSL,No,No,No,No,No,No,Month-to-month,No,Mailed check,58.25,1019.58,No
7148-DUV,Male,1,No,No,67,No,Yes,DSL,Yes,Yes,Yes,No,Yes,No,Two year,Yes,Electronic check,51.09,3409.71,No
4279-JHG,Female,0,No,No,39,Yes,Yes,Fiber optic,Yes,Yes,No,No,Yes,Yes,One year,Yes,Mailed check,76.95,2961.87,Yes
8906-XPK,Female,1,Yes,No,24,Yes,Yes,No,No internet service,No internet service,No internet service,No internet service,No internet service,No internet service,Month-to-month,No,Mailed check,62.92,1490.71,No
2700-CPM,Female,0,Yes,No,23,Yes,No,No,No internet service,No internet service,No internet service,No internet service,No internet service,No internet service,Month-to-month,No,Credit card (automatic),19.78,531.16,No
2999-BMG,Male,0,Yes,Yes,61,Yes,No,DSL,No,Yes,Yes,No,No,No,Month-to-month,Yes,Credit card (automatic),38.75,2337.97,No
7117-AVN,Female,0,Yes,Yes,20,Yes,No,No,No internet service,No internet service,No internet service,No internet service,No internet service,No internet service,Month-to-month,Yes,Electronic check,54.29,1069.23,No
4626-TCC,Male,1,Yes,No,11,Yes,Yes,DSL,No,No,No,Yes,Yes,Yes,One year,Yes,Credit card (automatic),63.37,668.23,No
7975-JRU,Female,0,No,No,41,No,No,DSL,No,No,No,Yes,Yes,No,Two year,Yes,Bank transfer (automatic),42.65,1742.24,No
6592-DID,Male,0,No,Yes,72,Yes,No,Fiber optic,No,No,No,No,No,Yes,Two year,No,Bank transfer (automatic),62.88,4524.83,No
1399-YPF,Male,0,No,Yes,13,Yes,No,Fiber optic,No,No,Yes,No,Yes,No,Month-to-month,No,Credit card (automatic),88.64,1194.96,Yes
7994-CHI,Male,0,No,No,18,Yes,No,No,No internet service,No internet service,No internet service,No internet service,No internet service,No internet service,Month-to-month,Yes,Electronic check,30.44,533.72,Yes
7156-SDE,Female,0,No,No,34,Yes,Yes,DSL,No,No,Yes,No,No,Yes,Month-to-month,Yes,Mailed check,54.13,1844.42,No
7570-XWN,Male,0,Yes,No,14,Yes,Yes,DSL,Yes,No,No,Yes,Yes,Yes,Two year,Yes,Credit card (automatic),55.52,711.69,No
4503-KDQ,Male,1,Yes,No,47,No,No,Fiber optic,Yes,No,Yes,Yes,No,No,Month-to-month,No,Electronic check,61.75,2871.98,No
5369-EPU,Female,0,Yes,Yes,18,Yes,No,DSL,No,No,Yes,No,Yes,Yes,Month-to-month,Yes,Bank transfer (automatic),55.93,1044.74,No
2041-KFW,Female,0,Yes,No,9,Yes,Yes,DSL,No,Yes,No,No,No,Yes,One year,Yes,Credit card (automatic),47.56,398.09,No
1580-BWN,Female,0,Yes,Yes,19,No,No,DSL,Yes,No,No,Yes,No,No,Month-to-month,Yes,Credit card (automatic),49.56,968.51,No
4419-TOS,Female,1,No,No,67,Yes,No,DSL,No,Yes,Yes,Yes,No,Yes,Month-to-month,No,Electronic check,50.4,3344.4,No
7222-GGV,Female,0,No,Yes,68,Yes,No,Fiber optic,No,No,Yes,No,No,Yes,One year,No,Bank transfer (automatic),83.34,5661.07,No
7890-UEI,Female,0,No,No,36,Yes,No,DSL,No,Yes,Yes,No,No,No,Month-to-month,Yes,Electronic check,54.71,2029.58,No
9899-JMX,Female,0,Yes,No,29,Yes,No,Fiber optic,No,No,Yes,Yes,No,No,Month-to-month,No,Credit card (automatic),84.27,2469.91,No
5448-XOY,Female,0,No,No,59,Yes,Yes,Fiber optic,No,Yes,No,Yes,No,No,Month-to-month,No,Mailed check,82.44,4795.63,No
3616-YLG,Female,0,No,Yes,14,Yes,No phone service,Fiber optic,No,No,No,No,Yes,Yes,Month-to-month,Yes,Bank transfer (automatic),71.86,1118.79,Yes
1362-WVI,Female,0,Yes,No,47,Yes,No,Fiber optic,No,Yes,No,No,Yes,Yes,Two year,No,Credit card (automatic),88.24,4110.93,No
9472-DJY,Female,0,Yes,No,49,Yes,No,Fiber optic,Yes,Yes,Yes,No,Yes,Yes,Month-to-month,No,Mailed check,82.98,4131.34,Yes
8598-QQI,Female,0,Yes,No,51,Yes,No phone service,No,No internet service,No internet service,No internet service,No internet service,No internet service,No internet service,One year,Yes,Mailed check,63.47,3221.35,No
3710-YFH,Female,1,No,No,15,Yes,No,DSL,No,No,Yes,No,Yes,No,Month-to-month,No,Mailed check,26.8,358.99,No
6113-TGF,Female,0,No,Yes,52,Yes,Yes,No,No internet service,No internet service,No internet service,No internet service,No internet service,No internet service,One year,Yes,Bank transfer (automatic),18.81,962.33,No
7153-DGO,Female,0,No,No,44,Yes,Yes,DSL,Yes,Yes,Yes,Yes,Yes,Yes,Two year,Yes,Bank transfer (automatic),53.45,2328.93,No
8707-NWL,Male,0,No,No,63,Yes,No,Fiber optic,No,Yes,Yes,Yes,Yes,No,Month-to-month,Yes,Credit card (automatic),72.48,4547.05,Yes
5425-QPK,Male,0,Yes,Yes,12,Yes,No,Fiber optic,Yes,Yes,No,Yes,No,No,Two year,No,Electronic check,60.28,725.45,No
4235-PWU,Female,0,Yes,Yes,44,Yes,No,DSL,No,Yes,Yes,Yes,Yes,No,One year,No,Mailed check,53.29,2361.49,No
8993-WQB,Male,1,No,No,60,Yes,No,DSL,Yes,No,No,No,Yes,No,One year,Yes,Mailed check,46.72,2852.91,No
2081-TND,Female,1,Yes,No,20,Yes,Yes,DSL,No,Yes,Yes,No,No,No,Month-to-month,Yes,Electronic check,50.49,1017.3,No
7198-AYX,Female,0,Yes,No,54,Yes,Yes,DSL,Yes,No,Yes,No,No,Yes,One year,Yes,Bank transfer (automatic),58.05,3137.41,No
9404-IUI,Female,0,Yes,No,7,Yes,No,Fiber optic,No,Yes,Yes,No,Yes,Yes,Month-to-month,No,Mailed check,81.17,542.9,Yes
1114-LKH,Female,0,No,Yes,52,Yes,No,DSL,No,No,No,No,No,Yes,Two year,Yes,Electronic check,69.05,3580.79,No
9399-JJX,Female,0,No,No,44,Yes,Yes,No,No internet service,No internet service,No internet service,No internet service,No internet service,No internet service,Two year,No,Bank transfer (automatic),39.18,1706.28,No
6447-YVD,Female,0,Yes,No,14,Yes,Yes,No,No internet service,No internet service,No internet service,No internet service,No internet service,No internet service,Month-to-month,Yes,Electronic check,48.02,624.22,Yes
2817-NFO,Female,0,No,No,4,No,Yes,DSL,No,No,No,Yes,Yes,Yes,Two year,Yes,Bank transfer (automatic),27.01,197.32,No
9324-OVB,Female,0,No,No,54,Yes,Yes,DSL,No,Yes,No,No,No,Yes,Two year,Yes,Electronic check,45.43,2461.7,No
4923-HXU,Female,0,No,No,17,Yes,Yes,Fiber optic,No,No,Yes,Yes,No,No,One year,Yes,Electronic check,83.61,1430.3,No
6064-ZFG,Male,0,Yes,Yes,36,Yes,No phone service,No,No internet service,No internet service,No internet service,No internet service,No internet service,No internet service,Month-to-month,Yes,Electronic check,36.0,1338.62,No
4178-YVC,Male,0,No,No,4,Yes,Yes,Fiber optic,Yes,No,Yes,Yes,Yes,No,Month-to-month,No,Mailed check,81.9,237.25,Yes
5927-PAH,Male,0,Yes,No,70,Yes,Yes,DSL,Yes,No,No,No,Yes,No,Month-to-month,Yes,Bank transfer (automatic),41.85,3007.86,No
5591-KAS,Female,0,No,No,40,Yes,No,No,No internet service,No internet service,No internet service,No internet service,No internet service,No internet service,Month-to-month,Yes,Bank transfer (automatic),39.5,1549.94,Yes
2488-RQL,Female,0,Yes,No,68,Yes,Yes,Fiber optic,Yes,No,No,Yes,Yes,Yes,Two year,No,Electronic check,84.34,5704.2,Yes
6605-HOZ,Male,0,No,No,11,Yes,Yes,Fiber optic,Yes,Yes,No,No,No,No,Month-to-month,Yes,Bank transfer (automatic),98.74,1067.14,Yes
6579-BKP,Male,0,No,No,15,Yes,No,No,No internet service,No internet service,No internet service,No internet service,No internet service,No internet service,One year,No,Mailed check,57.94,903.55,No
1056-PRM,Male,0,No,Yes,44,Yes,No phone service,No,No internet service,No internet service,No internet service,No internet service,No internet service,No internet service,One year,No,Credit card (automatic),20.64,983.21,No
7493-ZOX,Male,0,No,Yes,44,Yes,Yes,Fiber optic,No,No,Yes,No,No,Yes,One year,No,Electronic check,60.48,2718.5,Yes
6465-UEY,Male,0,No,Yes,57,Yes,Yes,DSL,Yes,Yes,Yes,No,No,No,Month-to-month,Yes,Bank transfer (automatic),59.86,3395.15,Yes
3274-AOZ,Female,0,Yes,No,67,Yes,No phone service,Fiber optic,Yes,Yes,Yes,No,Yes,No,One year,Yes,Bank transfer (automatic),82.52,5465.9,No
3595-BFO,Female,0,No,No,59,Yes,No,DSL,No,Yes,No,No,No,No,One year,Yes,Bank transfer (automatic),46.92,2753.78,No
8025-ZQS,Male,0,No,No,10,Yes,Yes,Fiber optic,No,No,No,Yes,Yes,No,One year,Yes,Mailed check,58.35,561.12,No
1920-VVE,Female,0,Yes,Yes,22,Yes,No,DSL,No,Yes,No,No,No,No,Month-to-month,Yes,Electronic check,38.48,788.99,Yes
5798-VTL,Female,0,Yes,No,66,No,No,Fiber optic,No,Yes,No,No,No,Yes,One year,Yes,Electronic check,85.37,5654.82,No
5930-IMH,Female,0,No,Yes,40,Yes,Yes,Fiber optic,No,Yes,Yes,Yes,Yes,Yes,Month-to-month,Yes,Credit card (automatic),75.08,3003.35,Yes
7398-TME,Male,0,No,No,63,Yes,Yes,No,No internet service,No internet service,No internet service,No internet service,No internet service,No internet service,One year,No,Bank transfer (automatic),28.73,1827.51,No
6774-EOE,Male,0,No,No,41,Yes,No,No,No internet service,No internet service,No internet service,No internet service,No internet service,No internet service,Month-to-month,No,Bank transfer (automatic),28.75,1204.36,No
7446-MUR,Female,1,Yes,No,3,Yes,Yes,DSL,No,Yes,Yes,No,Yes,No,Month-to-month,Yes,Mailed check,29.04,111.09,Yes
7365-IXN,Female,0,Yes,Yes,34,Yes,No,DSL,Yes,Yes,No,No,No,Yes,Two year,No,Electronic check,86.43,2936.37,No
9454-RCH,Female,1,No,No,60,Yes,No,Fiber optic,Yes,Yes,No,Yes,Yes,No,Month-to-month,No,Mailed check,82.12,4984.6,Yes
6491-BPV,Male,0,No,No,47,Yes,Yes,DSL,No,Yes,No,No,Yes,Yes,Two year,Yes,Bank transfer (automatic),71.66,3350.87,No
1422-BJY,Female,0,Yes,No,9,Yes,No,DSL,No,Yes,Yes,Yes,Yes,No,Two year,No,Electronic check,81.59,711.96,No
3388-HKF,Female,0,Yes,Yes,15,Yes,No,Fiber optic,No,No,No,No,Yes,No,Month-to-month,No,Credit card (automatic),59.81,889.04,No
7943-QHO,Male,0,Yes,No,62,Yes,No,Fiber optic,Yes,Yes,No,Yes,Yes,No,Month-to-month,No,Electronic check,83.22,5178.47,Yes
9319-YWM,Female,0,Yes,No,71,Yes,No,DSL,No,Yes,No,No,Yes,No,Month-to-month,No,Bank transfer (automatic),48.3,3453.18,No
6694-FZR,Female,0,No,Yes,54,Yes,No,Fiber optic,No,No,No,No,Yes,Yes,Two year,Yes,Electronic check,78.98,4253.01,Yes
1129-YJG,Female,0,No,No,7,Yes,No,No,No internet service,No internet service,No internet service,No internet service,No internet service,No internet service,One year,Yes,Credit card (automatic),22.89,149.05,No
3233-EDJ,Male,0,No,Yes,45,Yes,No,Fiber optic,No,No,Yes,Yes,Yes,Yes,Month-to-month,No,Credit card (automatic),54.08,2479.27,No
7908-ONM,Male,0,Yes,Yes,60,Yes,No,DSL,No,No,No,No,No,Yes,Month-to-month,Yes,Electronic check,37.82,2223.43,Yes
9306-VKY,Female,1,No,No,46,Yes,No,Fiber optic,Yes,Yes,Yes,No,Yes,No,Month-to-month,Yes,Mailed check,68.02,3225.07,No
9631-XQL,Female,0,No,No,43,Yes,Yes,No,No internet service,No internet service,No internet service,No internet service,No internet service,No internet service,One year,No,Credit card (automatic),41.75,1784.73,Yes
4308-SQA,Female,1,No,Yes,34,Yes,No,DSL,Yes,Yes,No,No,Yes,No,Month-to-month,No,Bank transfer (automatic),34.6,1169.24,Yes
8993-EBT,Female,1,No,No,17,No,No phone service,Fiber optic,No,Yes,No,No,No,No,Month-to-month,No,Electronic check,81.72,1402.18,Yes
4922-UBY,Female,1,Yes,No,20,Yes,Yes,Fiber optic,No,No,No,No,No,No,Two year,Yes,Bank transfer (automatic),91.11,1840.82,Yes
6618-BAL,Male,0,No,No,54,Yes,No,Fiber optic,Yes,No,No,No,Yes,No,Month-to-month,Yes,Mailed check,77.74,4175.04,Yes
5623-EFA,Male,0,No,No,5,Yes,Yes,DSL,Yes,No,No,No,No,No,Month-to-month,Yes,Electronic check,54.69,285.29,Yes
2770-JTR,Male,1,No,No,6,Yes,Yes,No,No internet service,No internet service,No internet service,No internet service,No internet service,No internet service,One year,No,Credit card (automatic),42.21,220.58,No
2534-IBY,Male,0,Yes,No,28,Yes,Yes,DSL,Yes,Yes,No,Yes,No,No,Two year,Yes,Credit card (automatic),42.31,1163.72,No
4485-TLG,Male,0,No,No,56,Yes,Yes,DSL,Yes,No,No,Yes,No,No,Month-to-month,No,Electronic check,70.7,3903.03,No
4153-YNS,Female,0,Yes,No,47,Yes,Yes,DSL,No,Yes,Yes,No,No,Yes,Two year,No,Mailed check,61.93,2915.64,No
4282-DHR,Male,0,Yes,No,43,Yes,Yes,Fiber optic,No,Yes,No,Yes,No,Yes,Month-to-month,Yes,Electronic check,94.25,4046.58,Yes
5550-TAI,Male,0,No,No,38,Yes,No,DSL,No,No,Yes,Yes,Yes,No,Two year,No,Credit card (automatic),58.97,2170.38,No
1190-FWH,Male,0,No,Yes,8,No,No phone service,Fiber optic,Yes,Yes,Yes,No,No,No,Month-to-month,Yes,Credit card (automatic),68.78,526.41,Yes
6978-AII,Male,0,No,No,24,Yes,No,No,No internet service,No internet service,No internet service,No internet service,No internet service,No internet service,One year,Yes,Credit card (automatic),34.75,832.99,No
4164-QJA,Female,1,Yes,No,5,Yes,No phone service,DSL,No,Yes,No,Yes,No,No,Month-to-month,Yes,Electronic check,49.68,278.48,No
8784-RZT,Female,0,Yes,No,55,Yes,No,No,No internet service,No internet service,No internet service,No internet service,No internet service,No internet service,Two year,Yes,Electronic check,34.18,1835.03,Yes
3701-WSH,Female,0,No,No,54,Yes,Yes,No,No internet service,No internet service,No internet service,No internet service,No internet service,No internet service,Two year,No,Mailed check,24.88,1332.99,No
3238-ATC,Female,0,Yes,No,18,Yes,No,DSL,Yes,No,No,No,Yes,Yes,Month-to-month,Yes,Electronic check,77.11,1349.47,No
9556-GAW,Male,0,No,No,21,Yes,No,Fiber optic,No,No,Yes,No,Yes,Yes,Month-to-month,No,Electronic check,72.01,1537.59,Yes
1575-JUJ,Male,0,Yes,No,23,Yes,Yes,No,No internet service,No internet service,No internet service,No internet service,No internet service,No internet service,One year,Yes,Electronic check,28.92,641.77,No
5072-SOF,Female,0,Yes,Yes,64,Yes,No,No,No internet service,No internet service,No internet service,No internet service,No internet service,No internet service,Month-to-month,Yes,Bank transfer (automatic),49.79,3204.72,No
4506-JBV,Female,1,Yes,No,35,Yes,No,Fiber optic,Yes,No,No,No,No,Yes,One year,No,Bank transfer (automatic),76.96,2681.06,No
4622-IDM,Female,0,Yes,Yes,55,Yes,No,No,No internet service,No internet service,No internet service,No internet service,No internet service,No internet service,One year,No,Bank transfer (automatic),37.42,1998.46,No
3920-EEY,Female,0,No,No,32,Yes,Yes,Fiber optic,No,Yes,Yes,Yes,No,Yes,Month-to-month,No,Electronic check,63.04,2014.83,Yes
8703-QGC,Female,0,No,No,50,Yes,No,DSL,Yes,No,Yes,No,Yes,Yes,Month-to-month,No,Bank transfer (automatic),54.47,2682.05,No
6259-CZP,Male,0,Yes,Yes,38,Yes,Yes,DSL,No,No,No,Yes,Yes,No,Two year,Yes,Mailed check,69.28,2671.82,No
9909-ORM,Male,0,Yes,Yes,20,Yes,Yes,Fiber optic,No,Yes,No,No,Yes,Yes,Month-to-month,Yes,Electronic check,82.44,1712.44,Yes
3776-ANX,Male,0,No,No,63,Yes,Yes,Fiber optic,Yes,Yes,No,Yes,No,Yes,One year,Yes,Bank transfer (automatic),80.94,5121.54,No
5563-SWJ,Female,1,Yes,No,51,No,No,DSL,No,No,No,No,No,Yes,Month-to-month,No,Credit card (automatic),53.08,2684.66,No
7461-OWR,Female,0,No,Yes,56,Yes,Yes,DSL,No,Yes,Yes,No,No,No,Month-to-month,Yes,Electronic check,58.54,3279.02,No
1143-AZK,Male,1,Yes,No,69,No,Yes,No,No internet service,No internet service,No internet service,No internet service,No internet service,No internet service,Month-to-month,Yes,Credit card (automatic),29.79,2065.66,No
7145-XYT,Female,1,No,Yes,18,Yes,Yes,Fiber optic,No,No,No,No,Yes,No,Month-to-month,Yes,Mailed check,60.01,1118.14,Yes
8120-USZ,Female,0,No,No,6,Yes,Yes,DSL,No,No,Yes,No,No,No,One year,Yes,Bank transfer (automatic),69.8,412.21,No
1655-HDU,Female,0,No,Yes,42,Yes,Yes,DSL,No,Yes,Yes,No,Yes,No,Month-to-month,No,Credit card (automatic),42.7,1807.69,No
2885-EME,Male,0,No,No,23,Yes,No,DSL,No,Yes,Yes,No,No,No,One year,Yes,Bank transfer (automatic),35.02,746.69,No
7963-LGO,Male,0,Yes,Yes,31,Yes,No phone service,DSL,Yes,Yes,Yes,Yes,Yes,No,One year,No,Bank transfer (automatic),64.35,2003.31,Yes
9823-TRS,Male,1,No,No,17,Yes,No phone service,Fiber optic,No,Yes,Yes,Yes,No,No,Month-to-month,Yes,Electronic check,49.62,813.43,Yes
7654-QXG,Female,0,Yes,Yes,29,No,Yes,DSL,No,No,Yes,Yes,Yes,No,Month-to-month,No,Mailed check,44.35,1287.65,Yes
5621-SDM,Female,0,Yes,No,28,Yes,Yes,No,No internet service,No internet service,No internet service,No internet service,No internet service,No internet service,One year,Yes,Credit card (automatic),28.86,771.74,No
4849-HNS,Female,0,Yes,No,25,Yes,Yes,DSL,Yes,No,No,No,Yes,Yes,One year,Yes,Credit card (automatic),46.74,1182.9,No
9738-LBZ,Male,0,Yes,No,54,Yes,Yes,DSL,Yes,No,Yes,Yes,Yes,No,Month-to-month,Yes,Bank transfer (automatic),76.01,4126.87,No
3958-KTI,Female,1,No,Yes,43,No,Yes,No,No internet service,No internet service,No internet service,No internet service,No internet service,No internet service,Month-to-month,Yes,Credit card (automatic),41.53,1777.64,No
7348-AVN,Female,0,No,No,34,Yes,No,Fiber optic,No,Yes,No,Yes,Yes,No,Two year,No,Bank transfer (automatic),90.16,3035.13,No
9616-POM,Female,0,Yes,Yes,8,Yes,No,Fiber optic,No,Yes,Yes,No,Yes,Yes,Month-to-month,No,Bank transfer (automatic),81.23,669.93,No
8690-EZJ,Male,0,No,No,41,Yes,No,DSL,Yes,No,Yes,No,Yes,No,One year,Yes,Electronic check,40.3,1706.8,Yes
2169-DPX,Male,0,No,No,12,Yes,No,Fiber optic,No,No,Yes,Yes,Yes,Yes,Month-to-month,Yes,Mailed check,94.44,1200.54,No
5086-EUH,Female,0,Yes,Yes,22,Yes,No,Fiber optic,No,Yes,Yes,Yes,Yes,No,One year,Yes,Mailed check,80.24,1779.14,No
2795-QWY,Female,0,No,Yes,30,Yes,No,No,No internet service,No internet service,No internet service,No internet service,No internet service,No internet service,Month-to-month,No,Mailed check,45.01,1360.04,No
5023-YJM,Female,0,No,No,10,Yes,No phone service,Fiber optic,Yes,Yes,No,Yes,Yes,Yes,One year,Yes,Bank transfer (automatic),75.15,705.47,Yes
7448-XIG,Male,1,Yes,No,28,Yes,Yes,No,No internet service,No internet service,No internet service,No internet service,No internet service,No internet service,Month-to-month,Yes,Credit card (automatic),41.05,1195.39,No
9010-DWM,Male,0,No,No,19,Yes,No,Fiber optic,Yes,Yes,No,No,No,Yes,Month-to-month,Yes,Credit card (automatic),78.68,1413.62,Yes
1291-TEL,Female,0,Yes,No,62,Yes,Yes,Fiber optic,Yes,Yes,Yes,No,No,No,Month-to-month,No,Credit card (automatic),89.55,5593.81,No
7624-LOF,Male,0,No,No,62,No,No,Fiber optic,No,Yes,No,No,No,Yes,One year,Yes,Credit card (automatic),92.77,5752.67,No
1736-FKH,Female,0,Yes,Yes,0,No,Yes,Fiber optic,Yes,No,Yes,Yes,Yes,No,Month-to-month,No,Credit card (automatic),97.41,0.0,Yes
1320-LGV,Male,0,Yes,No,43,Yes,No,Fiber optic,No,No,No,Yes,No,Yes,Month-to-month,No,Bank transfer (automatic),86.28,3721.82,No
2584-PVM,Female,0,No,No,46,Yes,No,Fiber optic,No,Yes,Yes,Yes,No,Yes,One year,Yes,Electronic check,72.87,3346.54,No
8710-TVI,Female,0,Yes,Yes,27,Yes,No,DSL,Yes,No,No,No,No,Yes,Month-to-month,Yes,Credit card (automatic),55.49,1482.52,No
1240-TTX,Male,0,Yes,No,34,No,Yes,Fiber optic,No,Yes,Yes,Yes,No,No,Month-to-month,Yes,Electronic check,74.55,2525.25,Yes
6447-ORT,Male,0,Yes,Yes,57,Yes,No phone service,DSL,Yes,No,No,No,Yes,No,Two year,No,Bank transfer (automatic),53.65,3057.39,No
1431-SFO,Female,0,No,No,27,Yes,No,Fiber optic,No,Yes,Yes,No,No,Yes,Two year,Yes,Electronic check,82.66,2231.05,No
2880-LEW,Male,0,No,No,4,Yes,No,DSL,No,No,Yes,No,Yes,No,Two year,Yes,Mailed check,58.39,181.91,No
6157-AIC,Female,0,No,Yes,27,Yes,Yes,DSL,No,Yes,Yes,No,Yes,No,Month-to-month,Yes,Electronic check,71.09,1933.53,No
5119-GSY,Male,1,No,Yes,18,Yes,No,DSL,No,Yes,Yes,No,No,No,Month-to-month,No,Bank transfer (automatic),44.66,790.59,No
5903-ALY,Male,0,Yes,No,27,Yes,Yes,DSL,No,No,No,No,No,Yes,Two year,No,Credit card (automatic),40.5,1149.04,No
9178-NQJ,Male,0,No,No,16,No,Yes,DSL,Yes,Yes,No,No,Yes,Yes,Month-to-month,Yes,Electronic check,52.78,874.58,No
7178-WEY,Male,0,Yes,Yes,10,Yes,Yes,DSL,No,Yes,Yes,Yes,No,Yes,One year,No,Electronic check,71.02,744.24,No
6425-BND,Female,0,No,No,71,Yes,No phone service,Fiber optic,No,Yes,Yes,Yes,No,No,Month-to-month,Yes,Credit card (automatic),75.47,5423.53,No
9488-YTE,Male,0,No,No,9,Yes,Yes,Fiber optic,No,No,No,No,No,Yes,Two year,Yes,Electronic check,73.72,689.24,No
8547-ZRN,Female,0,No,No,51,Yes,No phone service,No,No internet service,No internet service,No internet service,No internet service,No internet service,No internet service,One year,Yes,Bank transfer (automatic),50.17,2553.55,No
3939-ORF,Male,1,No,No,52,Yes,No,No,No internet service,No internet service,No internet service,No internet service,No internet service,No internet service,Month-to-month,No,Credit card (automatic),33.6,1657.65,No
9719-PIB,Female,0,No,No,45,Yes,No,DSL,No,Yes,Yes,No,No,Yes,Month-to-month,No,Bank transfer (automatic),82.35,3714.18,Yes
2537-SIE,Male,0,Yes,No,66,Yes,No,Fiber optic,Yes,Yes,Yes,No,No,Yes,Month-to-month,Yes,Electronic check,60.61,4060.84,No
8016-UCI,Female,0,Yes,No,0,Yes,No,Fiber optic,No,No,Yes,No,No,Yes,Month-to-month,Yes,Bank transfer (automatic),75.43,0.0,Yes
9366-DSJ,Female,0,Yes,No,22,Yes,Yes,Fiber optic,Yes,Yes,No,No,No,No,One year,Yes,Credit card (automatic),102.47,2236.58,Yes
6470-PES,Female,0,No,No,13,Yes,Yes,Fiber optic,No,No,No,No,Yes,Yes,Month-to-month,Yes,Mailed check,87.87,1144.41,No
5896-IAZ,Male,1,Yes,No,42,Yes,No,Fiber optic,Yes,No,No,No,Yes,No,Month-to-month,Yes,Bank transfer (automatic),68.94,2876.03,No
6111-IHI,Female,0,No,No,46,Yes,No,Fiber optic,No,No,No,Yes,Yes,No,Month-to-month,Yes,Electronic check,72.31,3336.96,No
5827-YJV,Female,1,No,No,65,Yes,No phone service,Fiber optic,No,No,Yes,No,No,No,One year,Yes,Credit card (automatic),71.18,4608.84,No
4975-NOX,Female,0,Yes,No,27,Yes,Yes,Fiber optic,No,No,No,No,Yes,Yes,Month-to-month,Yes,Electronic check,85.36,2355.1,Yes
9582-PZL,Female,0,No,No,17,Yes,Yes,DSL,Yes,No,No,No,Yes,Yes,Month-to-month,Yes,Electronic check,62.31,1063.48,Yes
6514-WDU,Male,0,No,No,67,No,No,No,No internet service,No internet service,No internet service,No internet service,No internet service,No internet service,Two year,Yes,Electronic check,18.0,1215.02,No
1411-BZC,Female,0,Yes,Yes,49,Yes,Yes,No,No internet service,No internet service,No internet service,No internet service,No internet service,No internet service,Month-to-month,No,Credit card (automatic),26.39,1264.12,No
6681-QPC,Male,0,No,No,55,Yes,Yes,DSL,No,No,Yes,Yes,Yes,Yes,Month-to-month,Yes,Bank transfer (automatic),57.11,3126.43,No
1375-AYT,Male,0,Yes,No,32,Yes,No,No,No internet service,No internet service,No internet service,No internet service,No internet service,No internet service,Two year,No,Electronic check,42.81,1329.48,No
2429-MOK,Female,0,Yes,No,32,Yes,No phone service,No,No internet service,No internet service,No internet service,No internet service,No internet service,No internet service,Month-to-month,Yes,Electronic check,33.04,1106.88,No
3717-DJA,Male,0,Yes,Yes,28,Yes,Yes,Fiber optic,No,Yes,No,Yes,Yes,Yes,Two year,Yes,Credit card (automatic),61.74,1710.75,No
3968-SGZ,Male,0,No,No,54,Yes,Yes,DSL,Yes,No,No,No,No,No,One year,Yes,Electronic check,53.43,2890.81,No
3341-WCO,Male,0,Yes,No,15,Yes,Yes,No,No internet service,No internet service,No internet service,No internet service,No internet service,No internet service,One year,Yes,Bank transfer (automatic),47.97,665.34,Yes
1195-LKC,Male,0,No,No,71,Yes,Yes,Fiber optic,No,Yes,Yes,No,Yes,Yes,Month-to-month,No,Bank transfer (automatic),78.49,5529.67,No
1738-SIG,Male,0,Yes,No,12,Yes,No,DSL,Yes,Yes,No,Yes,Yes,Yes,Month-to-month,Yes,Bank transfer (automatic),59.75,708.24,Yes
3165-MMU,Female,0,No,No,33,Yes,Yes,Fiber optic,Yes,No,Yes,Yes,Yes,Yes,Month-to-month,Yes,Bank transfer (automatic),74.34,2442.32,Yes
6675-RKY,Female,0,No,No,22,Yes,Yes,Fiber optic,No,No,Yes,No,Yes,No,Month-to-month,Yes,Credit card (automatic),75.02,1659.01,Yes
5125-VZT,Male,0,No,No,46,Yes,No phone service,DSL,No,Yes,Yes,Yes,Yes,No,Month-to-month,Yes,Electronic check,42.92,2044.71,No
4945-YKB,Female,0,No,No,49,Yes,No,No,No internet service,No internet service,No internet service,No internet service,No internet service,No internet service,One year,No,Mailed check,50.62,2409.78,No
6112-OAW,Female,0,Yes,Yes,67,Yes,Yes,DSL,No,Yes,No,Yes,No,Yes,One year,No,Electronic check,24.35,1665.7,No
5420-VBG,Female,0,Yes,No,57,Yes,Yes,Fiber optic,Yes,No,Yes,No,Yes,Yes,Month-to-month,Yes,Mailed check,79.23,4533.55,No
3491-UUB,Male,0,No,No,18,No,Yes,Fiber optic,No,No,Yes,No,Yes,Yes,One year,Yes,Mailed check,78.33,1388.31,Yes
2863-EMT,Female,1,Yes,No,15,Yes,No,DSL,No,Yes,No,No,No,No,Two year,Yes,Bank transfer (automatic),58.4,860.82,No
7242-BZX,Male,0,No,No,64,Yes,No,Fiber optic,Yes,Yes,No,Yes,Yes,No,One year,Yes,Credit card (automatic),48.87,3166.88,No
6774-XWX,Male,0,Yes,No,35,Yes,No,Fiber optic,No,No,Yes,No,No,No,Two year,Yes,Credit card (automatic),63.75,2229.07,No
2839-QBA,Male,0,No,Yes,7,Yes,No,Fiber optic,No,No,No,No,No,No,One year,Yes,Electronic check,75.41,516.6,Yes
5431-YOY,Male,0,Yes,No,60,Yes,No,Fiber optic,No,No,Yes,No,No,No,Month-to-month,Yes,Bank transfer (automatic),59.94,3559.7,No
3892-RSB,Female,1,No,No,47,Yes,Yes,No,No internet service,No internet service,No internet service,No internet service,No internet service,No internet service,Month-to-month,Yes,Bank transfer (automatic),19.28,876.9,No
5954-VPW,Female,0,Yes,No,1,Yes,Yes,No,No internet service,No internet service,No internet service,No internet service,No internet service,No internet service,Two year,Yes,Credit card (automatic),30.21,0.0,No
9074-ZEQ,Female,0,No,No,57,Yes,Yes,DSL,Yes,No,Yes,Yes,No,Yes,One year,Yes,Electronic check,36.09,2088.09,No
3932-ETZ,Female,0,No,Yes,44,Yes,Yes,Fiber optic,No,No,No,Yes,No,Yes,Two year,No,Bank transfer (automatic),53.44,2323.91,No
5463-IXA,Male,1,No,Yes,44,Yes,No,Fiber optic,No,Yes,No,No,No,No,Two year,Yes,Mailed check,73.82,3206.29,No
2418-QLA,Male,0,Yes,No,63,Yes,No phone service,No,No internet service,No internet service,No internet service,No internet service,No internet service,No internet service,Month-to-month,No,Mailed check,25.0,1581.11,No
7921-VQS,Female,0,No,Yes,36,Yes,No phone service,No,No internet service,No internet service,No internet service,No internet service,No internet service,No internet service,Month-to-month,Yes,Bank transfer (automatic),38.98,1374.71,No
2312-DSJ,Male,0,No,No,33,Yes,No,Fiber optic,No,No,No,Yes,No,Yes,One year,Yes,Electronic check,59.68,2023.58,No
5907-WZB,Female,1,No,No,45,Yes,No phone service,No,No internet service,No internet service,No internet service,No internet service,No internet service,No internet service,Month-to-month,No,Electronic check,38.0,1711.44,No
6708-XIO,Male,0,No,No,14,No,Yes,Fiber optic,No,No,Yes,No,Yes,No,One year,Yes,Bank transfer (automatic),105.22,1480.26,No
5867-TDK,Female,0,Yes,No,11,Yes,No,DSL,Yes,No,Yes,Yes,Yes,Yes,Two year,No,Electronic check,48.29,538.46,No
7728-LWH,Female,1,No,Yes,61,Yes,No,Fiber optic,No,Yes,Yes,Yes,No,No,One year,No,Electronic check,91.7,5613.68,No
6276-XOS,Male,0,No,No,15,Yes,Yes,Fiber optic,No,Yes,No,No,Yes,No,Month-to-month,Yes,Bank transfer (automatic),70.24,1078.46,Yes
1984-GEV,Male,0,Yes,No,36,No,No,Fiber optic,No,No,Yes,No,No,Yes,One year,Yes,Bank transfer (automatic),75.96,2735.59,No
9634-ZKG,Female,0,No,Yes,19,Yes,No,Fiber optic,No,No,Yes,Yes,No,Yes,Month-to-month,Yes,Bank transfer (automatic),69.02,1275.82,No
7978-KXG,Female,0,No,No,16,Yes,No,No,No internet service,No internet service,No internet service,No internet service,No internet service,No internet service,Two year,No,Credit card (automatic),56.42,897.34,No
1821-GXH,Female,0,Yes,No,43,Yes,No,No,No internet service,No internet service,No internet service,No internet service,No internet service,No internet service,Month-to-month,Yes,Mailed check,26.49,1141.15,No
2541-QUN,Female,0,Yes,Yes,58,Yes,No,DSL,No,No,Yes,No,Yes,No,Two year,No,Electronic check,61.11,3487.25,No
3420-XWP,Female,0,Yes,No,32,Yes,No,Fiber optic,No,No,No,Yes,No,Yes,Month-to-month,Yes,Electronic check,47.97,1461.37,Yes
5121-UMP,Male,0,No,Yes,10,Yes,No,Fiber optic,No,Yes,Yes,No,No,Yes,Month-to-month,Yes,Mailed check,77.04,727.96,Yes
6231-NWK,Female,0,Yes,No,17,Yes,Yes,DSL,Yes,Yes,Yes,No,No,Yes,Month-to-month,Yes,Mailed check,63.88,1017.68,No
3689-NZM,Male,0,No,Yes,12,Yes,Yes,No,No internet service,No internet service,No internet service,No internet service,No internet service,No internet service,Month-to-month,No,Credit card (automatic),34.83,400.93,Yes
8509-WKN,Male,0,Yes,No,64,Yes,No,Fiber optic,Yes,No,No,Yes,No,No,Month-to-month,No,Mailed check,60.53,3846.87,No
1243-KED,Male,1,No,No,23,Yes,Yes,DSL,No,No,No,No,No,Yes,Two year,Yes,Mailed check,51.45,1186.45,No
6007-QVO,Male,0,No,No,27,Yes,No,No,No internet service,No internet service,No internet service,No internet service,No internet service,No internet service,Two year,Yes,Credit card (automatic),36.8,1018.42,No
9490-GJX,Female,0,No,No,5,Yes,Yes,Fiber optic,No,No,Yes,No,No,No,Month-to-month,Yes,Credit card (automatic),95.86,489.43,Yes
1370-RSH,Male,0,Yes,Yes,32,Yes,Yes,DSL,Yes,No,No,No,No,Yes,One year,Yes,Bank transfer (automatic),49.87,1611.05,Yes
3805-OPD,Female,1,Yes,Yes,66,Yes,Yes,DSL,No,No,No,No,Yes,Yes,Two year,No,Mailed check,55.15,3673.01,No
4611-VQD,Female,1,No,No,29,Yes,No,No,No internet service,No internet service,No internet service,No internet service,No internet service,No internet service,Two year,Yes,Electronic check,33.74,967.05,No
3241-AEB,Male,0,Yes,Yes,47,Yes,No,No,No internet service,No internet service,No internet service,No internet service,No internet service,No internet service,Month-to-month,No,Mailed check,26.22,1141.1,No
2536-UXX,Male,0,Yes,Yes,13,Yes,No,Fiber optic,Yes,No,Yes,Yes,Yes,No,Month-to-month,Yes,Electronic check,84.89,1042.52,Yes
8803-AWQ,Male,0,Yes,No,10,No,No phone service,DSL,No,Yes,Yes,No,No,Yes,Two year,No,Mailed check,35.45,371.94,No
6513-CKH,Female,0,No,No,53,Yes,No,DSL,Yes,No,No,No,No,No,Month-to-month,No,Credit card (automatic),41.93,2229.16,No
3021-QQD,Male,0,No,No,4,Yes,Yes,Fiber optic,Yes,No,Yes,No,No,Yes,Month-to-month,No,Mailed check,91.06,388.57,Yes
3878-NPG,Male,0,No,No,32,Yes,No,Fiber optic,No,Yes,No,No,Yes,No,One year,No,Electronic check,92.25,3051.49,No
4219-JAS,Female,0,Yes,No,23,Yes,No,Fiber optic,No,No,Yes,Yes,Yes,No,Month-to-month,Yes,Electronic check,73.12,1689.44,Yes
6585-WZS,Female,0,No,No,1,Yes,Yes,DSL,Yes,No,Yes,Yes,Yes,No,Two year,No,Credit card (automatic),41.74,38.4,No
5261-DDC,Male,1,No,No,38,Yes,No,Fiber optic,No,Yes,Yes,No,No,No,Month-to-month,Yes,Electronic check,86.65,3304.81,Yes
7721-LNV,Female,0,Yes,No,70,Yes,No,Fiber optic,No,Yes,No,No,Yes,Yes,One year,Yes,Mailed check,50.97,3526.24,No
7400-OWP,Male,1,Yes,No,5,Yes,No,Fiber optic,No,Yes,Yes,No,No,No,Two year,Yes,Bank transfer (automatic),82.33,438.07,No
3500-VGA,Male,0,Yes,No,59,Yes,No,DSL,No,No,No,No,No,No,Two year,No,Electronic check,29.43,1730.37,No
5214-VCV,Male,0,No,No,39,Yes,No phone service,Fiber optic,No,No,No,Yes,Yes,Yes,Two year,No,Bank transfer (automatic),83.51,3315.79,No
1911-UNN,Female,1,No,Yes,52,Yes,No,Fiber optic,No,No,No,No,Yes,No,Two year,Yes,Electronic check,66.58,3406.14,Yes
4557-VKO,Female,0,No,No,7,Yes,Yes,Fiber optic,No,No,Yes,No,Yes,Yes,Month-to-month,No,Bank transfer (automatic),76.25,533.91,Yes
6793-DYF,Male,0,No,No,63,Yes,No,DSL,No,Yes,No,No,Yes,No,Two year,No,Electronic check,82.53,5177.42,No
9425-QKX,Male,0,Yes,No,0,Yes,Yes,DSL,Yes,Yes,Yes,No,No,No,Two year,No,Electronic check,42.24,0.0,No
6841-MKE,Male,0,No,No,66,Yes,Yes,Fiber optic,Yes,No,Yes,No,Yes,No,Month-to-month,Yes,Electronic check,64.22,4260.31,Yes
7701-JNA,Female,0,No,No,48,Yes,No phone service,DSL,Yes,Yes,No,No,No,No,Month-to-month,Yes,Credit card (automatic),67.58,3232.73,Yes
2131-DON,Male,0,No,Yes,24,Yes,Yes,Fiber optic,Yes,Yes,Yes,Yes,No,No,Month-to-month,Yes,Mailed check,95.46,2337.61,No
9931-IHN,Female,0,No,Yes,0,No,No,Fiber optic,Yes,No,Yes,No,No,Yes,One year,No,Credit card (automatic),74.19,0.0,Yes
7911-NHJ,Female,0,Yes,Yes,44,Yes,Yes,DSL,No,No,Yes,Yes,Yes,No,One year,Yes,Bank transfer (automatic),47.81,2089.9,No
7534-UMP,Female,0,Yes,No,6,Yes,No phone service,Fiber optic,No,No,Yes,No,Yes,No,Month-to-month,No,Credit card (automatic),76.93,532.09,Yes
7428-AVL,Female,0,No,Yes,44,No,Yes,Fiber optic,No,No,Yes,Yes,No,No,Month-to-month,No,Mailed check,70.46,3052.96,Yes
1170-WQU,Female,0,No,No,56,Yes,No,DSL,No,Yes,No,No,No,No,One year,Yes,Mailed check,52.84,2931.61,Yes
1605-MYJ,Male,0,Yes,Yes,19,Yes,No,No,No internet service,No internet service,No internet service,No internet service,No internet service,No internet service,Month-to-month,No,Bank transfer (automatic),33.38,526.08,No
5647-KHW,Male,0,No,No,17,Yes,No,Fiber optic,No,No,Yes,No,No,Yes,Two year,Yes,Electronic check,86.24,1450.44,No
7071-NRM,Female,1,Yes,Yes,16,Yes,Yes,No,No internet service,No internet service,No internet service,No internet service,No internet service,No internet service,Month-to-month,No,Credit card (automatic),43.92,726.9,No
5123-OXR,Male,0,Yes,No,16,Yes,Yes,DSL,No,No,No,No,No,No,Month-to-month,Yes,Credit card (automatic),31.5,518.34,No
9675-YLC,Female,0,No,No,8,Yes,No,No,No internet service,No internet service,No internet service,No internet service,No internet service,No internet service,Month-to-month,No,Electronic check,36.36,295.93,No
7421-MAB,Male,0,Yes,No,18,No,Yes,No,No internet service,No internet service,No internet service,No internet service,No internet service,No internet service,Two year,No,Credit card (automatic),44.39,768.35,No
3755-IVO,Male,0,No,Yes,48,Yes,No,DSL,Yes,Yes,Yes,No,No,Yes,Two year,No,Electronic check,54.1,2590.14,No
2114-NAM,Male,0,Yes,No,22,Yes,Yes,Fiber optic,No,Yes,Yes,No,No,Yes,Month-to-month,Yes,Bank transfer (automatic),64.43,1403.55,Yes
7162-KJY,Male,0,Yes,No,57,Yes,Yes,Fiber optic,Yes,Yes,Yes,Yes,Yes,No,Month-to-month,Yes,Credit card (automatic),65.47,3731.6,Yes
8987-NZQ,Male,0,Yes,Yes,59,Yes,Yes,Fiber optic,Yes,Yes,Yes,No,No,No,Month-to-month,No,Electronic check,89.5,5286.6,No
4109-DZB,Female,0,Yes,No,55,Yes,Yes,Fiber optic,No,Yes,No,No,Yes,No,Month-to-month,No,Electronic check,89.5,4910.22,No
7254-RLU,Female,0,Yes,No,39,Yes,Yes,No,No internet service,No internet service,No internet service,No internet service,No internet service,No internet service,One year,No,Bank transfer (automatic),41.42,1616.21,No
5926-LXD,Female,0,Yes,No,23,Yes,No,Fiber optic,Yes,Yes,No,No,No,No,Month-to-month,No,Mailed check,102.52,2354.54,No
1887-CJU,Male,0,No,No,67,Yes,No phone service,No,No internet service,No internet service,No internet service,No internet service,No internet service,No internet service,Month-to-month,No,Mailed check,31.15,2063.43,No
4443-FKG,Male,0,Yes,Yes,14,Yes,No,No,No internet service,No internet service,No internet service,No internet service,No internet service,No internet service,Month-to-month,Yes,Bank transfer (automatic),39.62,557.46,No
6472-MFR,Male,0,No,Yes,33,Yes,No,No,No internet service,No internet service,No internet service,No internet service,No internet service,No internet service,Month-to-month,No,Electronic check,24.73,771.39,No
6227-YYL,Male,1,Yes,No,33,Yes,Yes,Fiber optic,No,Yes,Yes,Yes,Yes,Yes,Month-to-month,Yes,Electronic check,91.69,3032.12,Yes
5301-TKP,Female,0,No,No,54,No,Yes,Fiber optic,No,Yes,Yes,No,Yes,Yes,Month-to-month,No,Credit card (automatic),92.95,4980.42,Yes
2057-KTZ,Female,0,No,No,39,Yes,Yes,No,No internet service,No internet service,No internet service,No internet service,No internet service,No internet service,Month-to-month,Yes,Bank transfer (automatic),53.14,2071.57,No
7255-CQE,Female,0,Yes,No,58,Yes,Yes,Fiber optic,No,No,Yes,No,Yes,Yes,Month-to-month,No,Bank transfer (automatic),63.16,3679.57,No
9621-LKS,Female,1,No,No,67,Yes,No,DSL,No,No,No,No,No,Yes,Month-to-month,Yes,Electronic check,65.8,4376.19,Yes
6100-JXQ,Male,0,Yes,No,28,Yes,No,Fiber optic,No,No,Yes,No,Yes,No,Two year,Yes,Credit card (automatic),54.43,1560.19,No
7572-MQZ,Male,0,Yes,Yes,63,Yes,No,DSL,Yes,No,Yes,No,No,No,Month-to-month,No,Electronic check,56.45,3618.94,No
6925-JHW,Male,0,Yes,No,12,Yes,No,No,No internet service,No internet service,No internet service,No internet service,No internet service,No internet service,Month-to-month,No,Electronic check,18.0,193.25,Yes
1885-TBC,Male,0,No,No,66,Yes,No phone service,Fiber optic,No,No,Yes,No,Yes,Yes,Month-to-month,No,Electronic check,86.05,5674.23,Yes
6972-JMT,Male,0,Yes,No,12,Yes,Yes,Fiber optic,Yes,Yes,No,Yes,Yes,Yes,One year,No,Bank transfer (automatic),70.77,891.66,No
8976-RAH,Female,0,No,No,62,Yes,Yes,DSL,No,No,No,No,No,Yes,Two year,Yes,Electronic check,44.91,2721.49,No
6701-MEX,Female,0,No,Yes,28,Yes,No,Fiber optic,No,Yes,Yes,No,Yes,Yes,Two year,Yes,Electronic check,77.22,2163.33,No
5027-VWI,Female,0,No,No,70,Yes,No,Fiber optic,Yes,Yes,No,No,Yes,No,One year,No,Mailed check,83.79,5854.73,No
4555-SNT,Male,0,Yes,Yes,9,Yes,Yes,Fiber optic,Yes,Yes,Yes,No,Yes,No,Two year,No,Bank transfer (automatic),73.96,697.16,No
7964-FAO,Male,0,No,Yes,33,Yes,No,Fiber optic,Yes,Yes,No,No,No,No,Month-to-month,No,Electronic check,82.81,2724.15,No
1060-VUT,Female,0,No,No,65,Yes,Yes,Fiber optic,No,No,No,No,No,Yes,Two year,Yes,Bank transfer (automatic),97.32,6341.62,No
4625-HWW,Female,0,Yes,Yes,3,Yes,No,DSL,No,Yes,No,No,No,Yes,Two year,No,Mailed check,58.95,148.04,No
8301-LTA,Female,0,Yes,No,19,Yes,Yes,Fiber optic,No,No,No,No,No,No,Month-to-month,Yes,Mailed check,54.69,1072.42,No
9730-BNZ,Female,0,No,Yes,6,Yes,No phone service,Fiber optic,Yes,No,Yes,No,No,Yes,Month-to-month,No,Electronic check,67.2,363.94,Yes
2435-VJI,Female,0,No,Yes,23,Yes,No,No,No internet service,No internet service,No internet service,No internet service,No internet service,No internet service,Month-to-month,Yes,Credit card (automatic),47.03,1112.17,No
8966-XRF,Male,0,Yes,Yes,28,Yes,No phone service,No,No internet service,No internet service,No internet service,No internet service,No internet service,No internet service,Month-to-month,Yes,Bank transfer (automatic),49.45,1387.27,No
6400-NBP,Male,0,Yes,Yes,45,Yes,No,Fiber optic,Yes,No,Yes,No,No,Yes,Two year,Yes,Electronic check,71.54,3136.89,No
7330-IRA,Female,0,Yes,No,18,Yes,Yes,DSL,Yes,Yes,No,No,Yes,Yes,Month-to-month,No,Mailed check,62.42,1125.77,No
8083-XTX,Female,0,No,Yes,11,Yes,No,DSL,Yes,Yes,No,No,No,Yes,One year,No,Electronic check,49.69,567.83,Yes
4762-ZDN,Female,0,Yes,Yes,12,Yes,Yes,No,No internet service,No internet service,No internet service,No internet service,No internet service,No internet service,Two year,No,Mailed check,58.08,653.93,No
3284-AHC,Male,0,Yes,No,68,Yes,No,No,No internet service,No internet service,No internet service,No internet service,No internet service,No internet service,Month-to-month,Yes,Bank transfer (automatic),55.28,3729.4,No
9598-IIY,Male,1,No,No,69,Yes,No phone service,DSL,No,No,No,No,No,No,Month-to-month,No,Electronic check,48.33,3337.88,No
2103-KZZ,Female,0,Yes,Yes,16,Yes,No phone service,Fiber optic,Yes,Yes,Yes,Yes,No,Yes,One year,Yes,Credit card (automatic),72.31,1139.06,No
7670-IJB,Male,0,No,Yes,14,Yes,Yes,Fiber optic,Yes,No,No,Yes,No,No,Two year,Yes,Mailed check,55.28,785.46,No
1059-AAR,Male,0,No,No,3,Yes,No,DSL,Yes,No,Yes,Yes,Yes,Yes,Month-to-month,No,Electronic check,58.03,166.77,Yes
5120-IWB,Male,0,No,No,70,Yes,No,No,No internet service,No internet service,No internet service,No internet service,No internet service,No internet service,Month-to-month,Yes,Electronic check,28.52,1950.21,No
6861-GBN,Female,0,No,Yes,51,Yes,Yes,No,No internet service,No internet service,No internet service,No internet service,No internet service,No internet service,One year,No,Electronic check,37.16,1976.65,No
2424-LSP,Male,0,Yes,No,55,Yes,No,No,No internet service,No internet service,No internet service,No internet service,No internet service,No internet service,Two year,Yes,Credit card (automatic),42.7,2336.61,No
4992-FSJ,Male,0,Yes,No,21,Yes,No,DSL,Yes,No,No,Yes,Yes,No,Month-to-month,No,Mailed check,61.3,1291.65,No
9120-UTP,Female,0,Yes,Yes,46,No,Yes,Fiber optic,Yes,Yes,Yes,No,No,Yes,Month-to-month,Yes,Credit card (automatic),100.12,4667.55,Yes
6903-NVU,Female,0,No,No,4,Yes,No,No,No internet service,No internet service,No internet service,No internet service,No internet service,No internet service,Two year,Yes,Electronic check,37.74,181.16,No
4972-NQN,Female,0,No,No,49,Yes,No,Fiber optic,No,Yes,Yes,No,Yes,Yes,Month-to-month,Yes,Electronic check,75.49,3718.17,No
8334-RWP,Male,0,No,Yes,42,Yes,No,Fiber optic,Yes,No,Yes,No,Yes,No,Month-to-month,No,Mailed check,81.13,3444.48,Yes
4352-DIV,Female,0,Yes,No,24,Yes,No,Fiber optic,Yes,Yes,No,Yes,Yes,Yes,One year,Yes,Mailed check,98.81,2390.74,No
2930-DWS,Female,0,Yes,Yes,51,Yes,No,DSL,No,Yes,Yes,No,No,Yes,Month-to-month,Yes,Electronic check,51.15,2627.95,Yes
6200-VOG,Male,0,No,Yes,47,Yes,Yes,Fiber optic,No,No,Yes,No,Yes,No,Month-to-month,Yes,Electronic check,68.43,3236.06,No
3173-JJG,Male,1,No,Yes,32,Yes,No,No,No internet service,No internet service,No internet service,No internet service,No internet service,No internet service,One year,Yes,Credit card (automatic),28.47,905.13,No
1709-AIS,Male,0,No,No,13,Yes,No phone service,DSL,No,Yes,Yes,Yes,Yes,No,One year,Yes,Bank transfer (automatic),55.72,761.98,No
9756-EPU,Male,0,Yes,No,1,Yes,No phone service,DSL,Yes,Yes,No,No,Yes,No,Month-to-month,No,Electronic check,57.31,80.92,No
7111-RPW,Female,0,Yes,Yes,68,Yes,Yes,Fiber optic,No,Yes,No,Yes,No,Yes,Month-to-month,Yes,Bank transfer (automatic),55.89,3720.03,No
6895-ZXV,Female,0,No,Yes,20,Yes,Yes,Fiber optic,No,No,Yes,No,No,Yes,One year,Yes,Mailed check,98.81,2005.98,Yes
9336-IBG,Female,0,Yes,No,22,Yes,No phone service,Fiber optic,Yes,Yes,No,No,Yes,No,One year,Yes,Credit card (automatic),76.67,1658.97,Yes
3412-SEX,Male,0,No,No,49,Yes,No,DSL,No,No,No,Yes,Yes,No,Two year,Yes,Credit card (automatic),75.89,3727.11,No
9175-KUL,Male,0,Yes,No,18,Yes,Yes,Fiber optic,Yes,No,No,Yes,No,No,Two year,No,Electronic check,86.86,1504.95,No
9358-JAA,Male,0,Yes,No,27,Yes,No,DSL,No,No,Yes,No,No,No,One year,No,Credit card (automatic),56.24,1498.06,No
6449-PBU,Male,0,No,No,51,Yes,Yes,Fiber optic,No,No,Yes,No,No,No,Two year,No,Electronic check,81.86,4162.11,No
2551-XVR,Female,0,Yes,No,43,Yes,No,Fiber optic,Yes,Yes,No,No,Yes,No,Two year,Yes,Electronic check,93.79,4051.75,Yes
6635-PNC,Female,0,No,No,47,Yes,Yes,Fiber optic,Yes,Yes,No,No,Yes,No,Month-to-month,Yes,Bank transfer (automatic),69.62,3251.57,No
1247-UHZ,Female,0,No,No,0,Yes,No,Fiber optic,No,Yes,No,No,No,No,Two year,Yes,Bank transfer (automatic),78.98,0.0,Yes
4206-NLM,Male,0,No,Yes,32,Yes,Yes,Fiber optic,Yes,No,Yes,Yes,Yes,Yes,Two year,Yes,Electronic check,73.42,2332.28,No
2129-CGI,Female,0,Yes,Yes,34,Yes,No,Fiber optic,No,Yes,No,No,No,No,Month-to-month,No,Electronic check,98.36,3330.92,Yes
7040-XQT,Female,0,No,No,46,Yes,No phone service,Fiber optic,No,Yes,Yes,No,No,No,Month-to-month,Yes,Electronic check,73.91,3422.02,Yes
4179-PJC,Male,0,Yes,No,11,Yes,No,Fiber optic,No,Yes,No,Yes,No,No,One year,Yes,Electronic check,47.1,523.28,No
8382-YHM,Female,0,No,Yes,11,No,No,Fiber optic,Yes,Yes,Yes,Yes,Yes,No,Month-to-month,No,Electronic check,71.21,756.48,No
1589-EIO,Male,0,Yes,No,55,Yes,Yes,Fiber optic,No,Yes,Yes,Yes,No,Yes,One year,Yes,Electronic check,78.21,4311.25,No
2377-UHW,Male,1,Yes,No,49,Yes,No,Fiber optic,No,Yes,No,No,Yes,Yes,Month-to-month,No,Credit card (automatic),72.77,3629.91,Yes
3846-NFZ,Female,0,No,No,59,Yes,Yes,Fiber optic,No,No,No,No,Yes,No,Month-to-month,Yes,Credit card (automatic),64.22,3829.94,Yes
3663-BQJ,Male,0,Yes,No,19,Yes,Yes,DSL,No,No,No,No,No,Yes,Month-to-month,No,Credit card (automatic),43.08,751.69,No
6118-VBV,Female,0,Yes,No,72,Yes,No,Fiber optic,No,No,No,No,No,No,Two year,No,Electronic check,72.49,5305.91,No
3634-GLL,Female,0,Yes,No,19,Yes,No,DSL,No,Yes,No,No,Yes,Yes,Month-to-month,No,Electronic check,67.11,1316.52,No
1244-VZK,Female,0,Yes,No,47,Yes,No,No,No internet service,No internet service,No internet service,No internet service,No internet service,No internet service,One year,Yes,Mailed check,29.03,1419.9,No
3123-FQK,Male,0,Yes,No,11,Yes,No,Fiber optic,No,Yes,Yes,No,Yes,No,Month-to-month,Yes,Bank transfer (automatic),61.07,618.57,Yes
2027-YJX,Male,0,No,No,67,Yes,No,DSL,No,Yes,No,No,Yes,No,Month-to-month,Yes,Bank transfer (automatic),55.78,3722.76,No
1190-QDC,Female,0,Yes,No,24,Yes,No phone service,Fiber optic,Yes,No,Yes,Yes,Yes,No,Month-to-month,No,Electronic check,82.89,2009.96,Yes
2134-KQU,Male,0,Yes,No,58,Yes,Yes,Fiber optic,No,No,No,Yes,No,Yes,Month-to-month,Yes,Credit card (automatic),81.98,4715.58,Yes
1206-PIA,Female,0,No,No,24,Yes,No,No,No internet service,No internet service,No internet service,No internet service,No internet service,No internet service,One year,Yes,Mailed check,36.11,885.11,No
2671-YRT,Female,0,Yes,Yes,57,Yes,No,No,No internet service,No internet service,No internet service,No internet service,No internet service,No internet service,One year,Yes,Mailed check,51.13,2971.57,No
1358-ZQQ,Female,0,Yes,No,33,Yes,No phone service,No,No internet service,No internet service,No internet service,No internet service,No internet service,No internet service,Month-to-month,No,Mailed check,26.42,860.2,No
6299-PCW,Male,0,Yes,No,4,No,No,Fiber optic,Yes,Yes,No,No,No,Yes,Month-to-month,Yes,Electronic check,63.61,314.06,No
7279-EFP,Male,0,No,No,13,Yes,No,No,No internet service,No internet service,No internet service,No internet service,No internet service,No internet service,One year,Yes,Electronic check,39.61,539.52,No
1838-WBU,Female,0,No,Yes,49,Yes,Yes,Fiber optic,No,No,No,Yes,Yes,No,One year,No,Credit card (automatic),100.52,4860.43,No
9734-JHZ,Female,1,Yes,Yes,14,Yes,No,No,No internet service,No internet service,No internet service,No internet service,No internet service,No internet service,Month-to-month,No,Mailed check,32.37,422.77,No
8670-ENK,Male,0,Yes,No,20,Yes,Yes,DSL,No,Yes,No,No,Yes,Yes,Two year,No,Electronic check,48.43,1007.39,Yes
8701-TUK,Female,0,No,No,39,Yes,No,No,No internet service,No internet service,No internet service,No internet service,No internet service,No internet service,Month-to-month,Yes,Electronic check,37.32,1419.35,No
3350-LMW,Male,1,Yes,No,18,No,No,Fiber optic,No,No,No,Yes,Yes,No,Month-to-month,Yes,Electronic check,86.44,1593.69,Yes
3017-RJY,Male,0,Yes,Yes,9,Yes,Yes,DSL,Yes,Yes,No,No,No,Yes,One year,Yes,Credit card (automatic),81.47,754.64,No
9729-CKU,Female,1,No,Yes,45,Yes,Yes,No,No internet service,No internet service,No internet service,No internet service,No internet service,No internet service,One year,Yes,Credit card (automatic),31.04,1407.74,No
2102-GNN,Male,0,Yes,No,50,Yes,No,Fiber optic,No,No,Yes,Yes,Yes,No,Two year,Yes,Mailed check,68.39,3399.3,No
7425-XIJ,Male,0,Yes,No,53,No,Yes,No,No internet service,No internet service,No internet service,No internet service,No internet service,No internet service,Month-to-month,Yes,Credit card (automatic),33.72,1797.7,No
5157-WVC,Male,0,Yes,No,68,Yes,Yes,DSL,No,Yes,No,Yes,No,Yes,Month-to-month,Yes,Mailed check,53.35,3686.69,No
3781-XWS,Male,0,No,No,9,Yes,Yes,Fiber optic,Yes,Yes,No,No,Yes,Yes,One year,Yes,Credit card (automatic),97.54,864.21,No
7930-HTP,Male,0,Yes,No,31,Yes,Yes,Fiber optic,No,Yes,Yes,No,Yes,Yes,Month-to-month,No,Mailed check,67.27,2106.72,No
8895-CPQ,Female,0,No,No,17,No,Yes,DSL,No,Yes,No,No,No,No,Month-to-month,Yes,Credit card (automatic),57.12,1041.26,Yes
4961-IWZ,Female,0,Yes,No,65,Yes,Yes,Fiber optic,Yes,Yes,No,Yes,No,No,One year,No,Credit card (automatic),78.01,5079.83,No
6342-TID,Female,1,Yes,No,39,No,Yes,Fiber optic,Yes,No,No,No,No,Yes,Month-to-month,No,Mailed check,74.48,2887.55,No
3014-FJX,Male,0,Yes,No,7,Yes,Yes,DSL,Yes,Yes,Yes,No,No,Yes,Month-to-month,Yes,Electronic check,55.99,374.38,Yes
7784-LFY,Male,0,Yes,No,50,No,No,Fiber optic,No,Yes,Yes,Yes,No,Yes,Month-to-month,Yes,Electronic check,77.85,3819.57,No
7026-YLO,Female,1,No,Yes,3,Yes,No,DSL,No,No,Yes,No,No,No,Two year,No,Electronic check,71.38,171.74,No
2450-FQQ,Female,0,No,No,20,No,Yes,No,No internet service,No internet service,No internet service,No internet service,No internet service,No internet service,Month-to-month,No,Electronic check,30.0,611.84,No
9792-ZAW,Female,0,No,No,52,Yes,No,No,No internet service,No internet service,No internet service,No internet service,No internet service,No internet service,Month-to-month,Yes,Mailed check,31.64,1679.22,Yes
6722-GDX,Male,0,Yes,Yes,36,Yes,Yes,Fiber optic,No,Yes,No,No,No,No,Month-to-month,Yes,Mailed check,76.78,2749.17,No
1270-NFZ,Male,1,Yes,No,55,Yes,Yes,Fiber optic,No,Yes,Yes,No,No,Yes,Month-to-month,No,Electronic check,90.34,5002.19,No
2294-RHH,Male,0,No,No,41,Yes,No,Fiber optic,Yes,No,Yes,No,Yes,Yes,Month-to-month,No,Credit card (automatic),88.88,3675.37,Yes
6593-HXM,Male,0,Yes,No,61,Yes,No,Fiber optic,Yes,No,Yes,No,No,Yes,One year,No,Electronic check,81.78,4961.6,No
1679-NGX,Male,0,Yes,No,41,Yes,No,No,No internet service,No internet service,No internet service,No internet service,No internet service,No internet service,Month-to-month,Yes,Electronic check,30.76,1240.31,No
1194-DMH,Male,0,No,No,4,Yes,Yes,DSL,No,No,No,No,No,No,Month-to-month,No,Electronic check,43.04,125.05,No
4259-FXA,Male,0,No,No,5,Yes,No,Fiber optic,Yes,No,Yes,Yes,No,No,Month-to-month,Yes,Credit card (automatic),79.2,422.04,No
2135-YMY,Male,0,No,No,56,Yes,Yes,DSL,Yes,Yes,Yes,No,No,Yes,Month-to-month,Yes,Mailed check,49.94,2796.77,Yes
8506-HSD,Female,0,Yes,Yes,2,Yes,No phone service,Fiber optic,Yes,Yes,No,No,No,No,Month-to-month,No,Electronic check,65.76,162.59,Yes
6514-IRD,Female,0,No,No,27,Yes,No,No,No internet service,No internet service,No internet service,No internet service,No internet service,No internet service,One year,Yes,Electronic check,29.26,787.93,No
8532-GMV,Female,0,No,No,1,Yes,Yes,DSL,Yes,No,Yes,No,No,Yes,One year,Yes,Mailed check,49.92,17.0,No
5316-NDS,Female,0,No,No,22,Yes,Yes,DSL,Yes,Yes,Yes,No,Yes,No,One year,No,Credit card (automatic),48.06,1084.61,No
9723-TXZ,Male,0,Yes,Yes,43,Yes,Yes,DSL,No,No,Yes,Yes,Yes,Yes,Month-to-month,No,Mailed check,63.47,2659.86,No
7022-WNJ,Male,0,No,No,12,Yes,No phone service,DSL,Yes,No,No,No,Yes,Yes,Two year,No,Mailed check,54.24,639.08,No
6177-WEQ,Male,0,No,No,34,Yes,Yes,Fiber optic,No,Yes,Yes,Yes,Yes,No,One year,Yes,Mailed check,76.97,2589.88,No
7223-SSQ,Female,0,No,No,72,Yes,No,Fiber optic,Yes,Yes,Yes,Yes,No,Yes,Month-to-month,Yes,Electronic check,92.43,6708.35,No
6522-YAL,Female,0,Yes,No,5,Yes,No,Fiber optic,No,No,No,No,No,Yes,Month-to-month,Yes,Mailed check,86.66,494.54,Yes
1678-WDU,Male,0,No,Yes,4,Yes,Yes,DSL,Yes,Yes,Yes,Yes,Yes,Yes,One year,Yes,Mailed check,29.75,133.81,No
7412-ILF,Female,1,Yes,Yes,19,Yes,No,Fiber optic,Yes,No,No,No,Yes,Yes,Month-to-month,Yes,Bank transfer (automatic),66.62,1245.52,Yes
8301-SZP,Male,1,No,No,60,No,No,No,No internet service,No internet service,No internet service,No internet service,No internet service,No internet service,Month-to-month,Yes,Electronic check,24.63,1538.04,No
5649-YIW,Female,0,Yes,No,29,Yes,No,Fiber optic,No,No,No,No,No,Yes,One year,Yes,Electronic check,62.47,1787.19,Yes
6210-UIM,Female,0,Yes,No,46,No,Yes,DSL,No,No,No,No,No,Yes,Month-to-month,Yes,Bank transfer (automatic),77.1,3498.16,Yes
4537-UBY,Female,0,No,Yes,2,Yes,No,Fiber optic,Yes,Yes,Yes,Yes,No,Yes,Two year,Yes,Bank transfer (automatic),90.44,111.33,No
4008-KZC,Male,0,No,No,53,Yes,Yes,DSL,No,No,Yes,Yes,No,Yes,Month-to-month,Yes,Mailed check,39.85,2115.63,No
7726-CYH,Male,0,Yes,No,4,Yes,Yes,No,No internet service,No internet service,No internet service,No internet service,No internet service,No internet service,Month-to-month,Yes,Credit card (automatic),56.57,166.26,No
3825-TFC,Female,1,Yes,No,51,Yes,No,No,No internet service,No internet service,No internet service,No internet service,No internet service,No internet service,Month-to-month,No,Credit card (automatic),50.41,2620.57,No
1641-XOY,Female,1,Yes,No,10,No,Yes,No,No internet service,No internet service,No internet service,No internet service,No internet service,No internet service,Month-to-month,Yes,Credit card (automatic),35.74,337.08,No
8296-JZU,Female,0,No,Yes,62,Yes,No,DSL,Yes,Yes,Yes,Yes,Yes,Yes,Two year,No,Mailed check,61.37,3759.92,No
2866-EBB,Male,0,Yes,No,21,Yes,No,DSL,No,Yes,Yes,No,No,Yes,Two year,Yes,Credit card (automatic),67.09,1447.94,No
5005-KKB,Female,0,Yes,Yes,13,Yes,No,No,No internet service,No internet service,No internet service,No internet service,No internet service,No internet service,Two year,No,Bank transfer (automatic),39.5,544.16,No
6520-BPD,Female,0,No,No,24,No,No,Fiber optic,Yes,No,Yes,No,No,No,Month-to-month,No,Bank transfer (automatic),80.81,1997.66,No
6211-HZD,Female,1,No,Yes,0,Yes,No,Fiber optic,Yes,No,No,No,No,Yes,Month-to-month,No,Mailed check,75.92,0.0,Yes
8282-PMV,Female,1,No,No,12,Yes,No,Fiber optic,Yes,Yes,No,No,Yes,Yes,Month-to-month,No,Electronic check,42.84,447.23,Yes
2742-WVW,Female,1,No,No,43,Yes,Yes,DSL,No,Yes,No,Yes,No,No,Month-to-month,Yes,Mailed check,46.4,2049.82,No
1492-OJG,Male,0,Yes,No,21,No,Yes,Fiber optic,No,Yes,Yes,No,Yes,No,Two year,Yes,Bank transfer (automatic),92.83,1851.21,No
3960-OAQ,Male,0,No,No,25,Yes,No phone service,No,No internet service,No internet service,No internet service,No internet service,No internet service,No internet service,Month-to-month,No,Credit card (automatic),33.02,782.96,No
4094-SFS,Male,0,Yes,No,58,Yes,Yes,Fiber optic,Yes,No,Yes,Yes,No,Yes,Month-to-month,Yes,Mailed check,58.42,3390.3,No
6728-FHG,Male,1,No,No,9,Yes,No,Fiber optic,Yes,Yes,No,No,No,Yes,Month-to-month,No,Credit card (automatic),79.16,665.91,Yes
9324-QTC,Female,0,No,Yes,28,No,No phone service,No,No internet service,No internet service,No internet service,No internet service,No internet service,No internet service,Two year,No,Electronic check,41.94,1181.72,No
2155-ZUU,Male,0,Yes,No,13,Yes,No phone service,Fiber optic,Yes,No,No,No,Yes,Yes,Month-to-month,Yes,Credit card (automatic),82.93,1037.89,Yes
9364-VBH,Female,0,No,Yes,35,Yes,No phone service,DSL,No,No,Yes,Yes,No,Yes,One year,Yes,Bank transfer (automatic),56.2,2012.15,No
4649-DXY,Female,0,Yes,No,24,No,No,Fiber optic,Yes,Yes,Yes,No,No,No,One year,No,Bank transfer (automatic),92.68,2249.44,No
2434-TVA,Female,0,Yes,No,3,Yes,Yes,DSL,No,Yes,Yes,No,No,Yes,Two year,No,Bank transfer (automatic),64.49,203.1,No
2125-YGU,Male,0,Yes,No,5,Yes,Yes,DSL,No,Yes,Yes,Yes,Yes,No,Month-to-month,No,Credit card (automatic),47.99,227.53,No
6935-OAO,Male,0,No,No,62,Yes,No phone service,Fiber optic,Yes,Yes,Yes,Yes,No,No,Month-to-month,No,Electronic check,67.19,4129.61,No
8052-HRK,Male,0,Yes,No,4,Yes,Yes,DSL,No,No,Yes,Yes,No,Yes,Month-to-month,Yes,Mailed check,75.39,296.85,Yes
9528-NAE,Female,0,Yes,No,57,No,Yes,DSL,Yes,No,Yes,No,No,Yes,Two year,Yes,Credit card (automatic),49.32,2768.13,No
2750-JKN,Male,0,Yes,No,66,Yes,No,Fiber optic,No,Yes,Yes,No,Yes,Yes,Two year,Yes,Electronic check,91.82,6127.21,No
7449-SMO,Female,0,No,No,34,Yes,Yes,DSL,No,Yes,No,Yes,Yes,Yes,One year,Yes,Mailed check,66.37,2267.75,No
1985-UBZ,Female,1,Yes,No,22,Yes,Yes,Fiber optic,No,No,No,No,No,Yes,Month-to-month,No,Mailed check,65.7,1414.95,Yes
4120-LEI,Female,1,No,Yes,56,Yes,Yes,DSL,Yes,No,No,Yes,Yes,No,Month-to-month,No,Credit card (automatic),79.83,4525.29,No
2588-IHS,Male,0,Yes,Yes,71,Yes,Yes,Fiber optic,Yes,Yes,No,No,Yes,No,One year,No,Credit card (automatic),60.88,4320.86,No
6242-TUW,Male,0,Yes,No,8,Yes,No phone service,No,No internet service,No internet service,No internet service,No internet service,No internet service,No internet service,Month-to-month,Yes,Electronic check,33.3,315.36,No
2874-JLL,Female,0,Yes,No,70,Yes,No,DSL,No,Yes,No,No,No,Yes,Month-to-month,Yes,Bank transfer (automatic),65.31,4619.6,No
7509-BWO,Female,0,Yes,No,68,No,Yes,No,No internet service,No internet service,No internet service,No internet service,No internet service,No internet service,Two year,Yes,Mailed check,34.07,2332.04,No
2880-IVP,Male,0,No,Yes,10,Yes,No,DSL,Yes,No,Yes,Yes,Yes,Yes,Month-to-month,Yes,Bank transfer (automatic),51.13,466.87,Yes
4914-XQE,Male,0,No,Yes,3,Yes,Yes,DSL,Yes,Yes,No,No,No,Yes,Month-to-month,Yes,Electronic check,51.12,133.04,Yes
5178-ZTQ,Female,0,No,No,52,Yes,Yes,Fiber optic,No,Yes,Yes,Yes,No,No,Month-to-month,Yes,Electronic check,81.78,4378.18,Yes
7487-LNC,Male,0,Yes,Yes,5,Yes,Yes,DSL,No,Yes,No,Yes,No,Yes,Month-to-month,Yes,Mailed check,60.35,282.46,Yes
9582-EXX,Female,0,No,No,43,Yes,No,DSL,No,No,Yes,Yes,No,Yes,One year,Yes,Electronic check,55.68,2385.23,No
4041-ZDC,Female,0,Yes,No,4,Yes,Yes,Fiber optic,No,Yes,Yes,Yes,Yes,Yes,Month-to-month,No,Bank transfer (automatic),78.53,297.6,Yes
2321-XGZ,Female,0,No,No,50,Yes,No,No,No internet service,No internet service,No internet service,No internet service,No internet service,No internet service,Month-to-month,No,Electronic check,38.06,1870.11,No
6885-HET,Female,0,No,No,16,Yes,No,No,No internet service,No internet service,No internet service,No internet service,No internet service,No internet service,Month-to-month,Yes,Credit card (automatic),24.64,418.88,Yes
6062-DTW,Female,0,No,No,7,Yes,No,No,No internet service,No internet service,No internet service,No internet service,No internet service,No internet service,Month-to-month,No,Credit card (automatic),18.0,79.14,Yes
2864-NHG,Male,0,No,No,4,Yes,No,Fiber optic,No,Yes,Yes,Yes,No,Yes,One year,Yes,Bank transfer (automatic),70.94,254.68,Yes
1406-ZCJ,Male,0,Yes,Yes,13,Yes,Yes,DSL,No,Yes,Yes,Yes,No,Yes,One year,Yes,Credit card (automatic),43.32,573.96,No
4368-UHX,Male,0,No,Yes,39,Yes,No,DSL,No,Yes,Yes,Yes,Yes,No,Month-to-month,No,Credit card (automatic),34.16,1323.47,No
2921-UID,Male,0,Yes,No,5,Yes,Yes,Fiber optic,No,Yes,Yes,Yes,No,Yes,Month-to-month,Yes,Bank transfer (automatic),71.6,363.71,Yes
1978-QSQ,Female,0,Yes,No,58,Yes,Yes,No,No internet service,No internet service,No internet service,No internet service,No internet service,No internet service,Month-to-month,No,Bank transfer (automatic),25.17,1458.77,No
6342-NGU,Male,0,Yes,Yes,44,Yes,No,DSL,Yes,No,No,Yes,Yes,No,Month-to-month,Yes,Mailed check,34.08,1458.49,No
2220-EBQ,Male,0,Yes,No,21,Yes,No,DSL,Yes,Yes,No,No,No,Yes,Month-to-month,Yes,Credit card (automatic),76.4,1655.66,No
7116-VFO,Female,0,Yes,No,72,Yes,No,Fiber optic,No,No,Yes,No,Yes,No,Two year,Yes,Bank transfer (automatic),88.7,6426.41,Yes
4879-ZPR,Female,0,Yes,No,48,Yes,No,No,No internet service,No internet service,No internet service,No internet service,No internet service,No internet service,Month-to-month,Yes,Mailed check,52.94,2507.67,No
4205-TAW,Male,0,No,Yes,49,Yes,Yes,Fiber optic,No,Yes,No,No,Yes,No,Month-to-month,Yes,Mailed check,78.97,3886.22,No
5716-PYE,Female,0,Yes,Yes,12,Yes,Yes,Fiber optic,No,No,Yes,Yes,Yes,Yes,Month-to-month,Yes,Electronic check,90.57,1069.67,Yes
2154-QJP,Male,1,Yes,No,51,Yes,No,Fiber optic,Yes,Yes,Yes,No,Yes,No,Two year,Yes,Bank transfer (automatic),85.13,4379.55,No
3830-KGQ,Female,0,No,Yes,40,Yes,Yes,Fiber optic,No,No,Yes,No,Yes,Yes,Month-to-month,Yes,Credit card (automatic),78.61,3174.46,Yes
6680-RJL,Female,0,Yes,No,71,Yes,No,Fiber optic,No,Yes,No,No,Yes,No,Two year,No,Electronic check,60.55,4343.01,Yes
3826-PEB,Male,0,No,No,34,Yes,Yes,Fiber optic,Yes,Yes,Yes,Yes,Yes,No,Month-to-month,No,Electronic check,56.59,1890.91,Yes
4270-QZF,Male,0,Yes,No,49,Yes,No,Fiber optic,Yes,Yes,No,No,Yes,No,Two year,No,Credit card (automatic),81.19,3930.89,No
8808-FCE,Female,0,No,No,24,Yes,No,Fiber optic,No,Yes,Yes,No,No,Yes,One year,No,Electronic check,69.65,1606.55,No
6689-JMH,Male,0,No,No,2,Yes,No,DSL,No,No,No,Yes,No,Yes,Month-to-month,No,Bank transfer (automatic),49.49,192.61,Yes
7108-OYM,Male,0,No,Yes,9,Yes,No,DSL,Yes,No,No,No,No,No,Month-to-month,Yes,Mailed check,64.38,611.13,Yes
1815-UOG,Male,0,Yes,Yes,63,Yes,Yes,DSL,No,No,No,No,Yes,Yes,Month-to-month,No,Mailed check,85.0,5398.57,No
1622-HJE,Male,0,No,No,53,Yes,No,DSL,Yes,Yes,No,No,No,Yes,Two year,No,Electronic check,47.0,2440.82,No
5055-PCA,Female,0,Yes,Yes,26,Yes,Yes,DSL,Yes,Yes,Yes,Yes,Yes,No,Two year,No,Electronic check,50.1,1324.84,No
3189-WOM,Female,0,Yes,No,50,Yes,Yes,Fiber optic,No,No,No,Yes,No,Yes,Month-to-month,No,Bank transfer (automatic),68.05,3342.24,No
3029-PSG,Male,0,Yes,No,0,Yes,No,No,No internet service,No internet service,No internet service,No internet service,No internet service,No internet service,Month-to-month,No,Mailed check,32.65,0.0,No
6998-DMS,Female,0,Yes,No,2,Yes,Yes,Fiber optic,No,Yes,No,No,No,No,Month-to-month,Yes,Credit card (automatic),82.29,165.3,Yes
6031-ZIB,Male,0,No,No,37,Yes,Yes,Fiber optic,No,Yes,Yes,No,No,No,Month-to-month,No,Credit card (automatic),61.48,2264.32,No
5944-ZIU,Female,0,Yes,No,45,Yes,Yes,No,No internet service,No internet service,No internet service,No internet service,No internet service,No internet service,One year,Yes,Credit card (automatic),36.99,1645.58,Yes
9160-ECI,Male,0,Yes,No,68,Yes,No,No,No internet service,No internet service,No internet service,No internet service,No internet service,No internet service,Month-to-month,Yes,Mailed check,45.27,3119.51,No
2829-ZGX,Male,1,No,Yes,55,Yes,Yes,DSL,No,No,No,No,No,No,Month-to-month,Yes,Mailed check,72.37,3962.05,No
8089-XLR,Female,0,No,No,18,Yes,No,DSL,No,Yes,Yes,Yes,No,Yes,Two year,Yes,Electronic check,53.69,1013.79,No
5995-MHF,Male,0,No,No,59,Yes,No,DSL,No,Yes,No,No,Yes,Yes,One year,Yes,Bank transfer (automatic),72.89,4298.85,No
3419-HQB,Female,0,No,No,35,Yes,Yes,No,No internet service,No internet service,No internet service,No internet service,No internet service,No internet service,Two year,Yes,Mailed check,31.66,1121.18,No
7174-SNW,Female,1,No,No,60,No,No,DSL,No,Yes,Yes,No,No,No,Month-to-month,Yes,Credit card (automatic),61.84,3729.66,No
7333-QUO,Male,0,Yes,No,12,Yes,No,Fiber optic,Yes,No,Yes,No,No,Yes,Two year,No,Bank transfer (automatic),63.45,777.49,No
1915-RGB,Male,1,No,No,1,Yes,No,Fiber optic,No,Yes,Yes,No,No,Yes,One year,Yes,Electronic check,88.11,96.11,No
6595-HWK,Male,0,No,No,4,No,No,Fiber optic,No,Yes,No,No,No,No,Month-to-month,Yes,Mailed check,101.32,480.62,Yes
8300-VPH,Female,0,No,Yes,72,Yes,No,Fiber optic,No,Yes,Yes,Yes,No,No,Month-to-month,No,Bank transfer (automatic),86.35,6256.71,No
4993-CAB,Male,1,Yes,No,5,Yes,No,No,No internet service,No internet service,No internet service,No internet service,No internet service,No internet service,Two year,No,Credit card (automatic),37.55,98.27,No
9294-DTY,Male,0,Yes,Yes,68,Yes,No,Fiber optic,Yes,No,No,No,Yes,Yes,Month-to-month,No,Mailed check,79.59,5404.83,No
3557-FNP,Male,0,Yes,No,53,Yes,No,No,No internet service,No internet service,No internet service,No internet service,No internet service,No internet service,Two year,Yes,Bank transfer (automatic),28.23,1548.2,No
3152-LXM,Female,0,No,No,10,Yes,Yes,DSL,Yes,No,Yes,No,Yes,No,One year,No,Electronic check,59.19,563.44,No
5035-HWY,Female,1,No,No,63,Yes,No phone service,No,No internet service,No internet service,No internet service,No internet service,No internet service,No internet service,Two year,No,Credit card (automatic),47.94,3020.38,No
6577-FND,Female,0,Yes,No,10,Yes,Yes,Fiber optic,No,No,Yes,No,Yes,Yes,One year,Yes,Bank transfer (automatic),75.38,756.58,Yes
9160-YDM,Male,0,Yes,No,10,Yes,Yes,DSL,No,Yes,Yes,Yes,No,Yes,Two year,Yes,Bank transfer (automatic),47.21,527.82,No
1579-NRT,Male,0,Yes,No,42,Yes,No,No,No internet service,No internet service,No internet service,No internet service,No internet service,No internet service,Month-to-month,Yes,Mailed check,18.0,719.37,No
9237-ZDS,Female,0,Yes,No,21,Yes,Yes,No,No internet service,No internet service,No internet service,No internet service,No internet service,No internet service,Month-to-month,No,Credit card (automatic),50.64,1031.83,Yes
3185-TKP,Female,0,No,Yes,21,Yes,Yes,No,No internet service,No internet service,No internet service,No internet service,No internet service,No internet service,One year,No,Bank transfer (automatic),49.27,1052.36,No
9387-YWM,Female,0,No,Yes,14,Yes,No,No,No internet service,No internet service,No internet service,No internet service,No internet service,No internet service,Month-to-month,No,Electronic check,48.41,689.8,No
9743-AUF,Male,0,Yes,No,44,Yes,No,Fiber optic,Yes,No,No,No,No,Yes,One year,No,Mailed check,64.65,2862.87,No
4135-YBF,Male,0,No,Yes,1,Yes,No,DSL,No,No,Yes,Yes,Yes,Yes,One year,No,Electronic check,43.78,55.06,No
6537-ZXO,Female,0,No,Yes,17,Yes,Yes,DSL,Yes,Yes,No,Yes,Yes,Yes,Month-to-month,Yes,Credit card (automatic),38.98,658.51,Yes
5020-KKU,Male,0,No,Yes,40,Yes,No,No,No internet service,No internet service,No internet service,No internet service,No internet service,No internet service,Two year,Yes,Bank transfer (automatic),37.51,1520.01,No
8133-HKV,Female,1,Yes,No,35,Yes,No,No,No internet service,No internet service,No internet service,No internet service,No internet service,No internet service,Month-to-month,Yes,Mailed check,59.35,2084.44,Yes
7601-NFG,Female,0,No,No,51,Yes,No,No,No internet service,No internet service,No internet service,No internet service,No internet service,No internet service,Two year,Yes,Electronic check,40.5,2056.78,No
6700-SOO,Female,0,Yes,Yes,15,Yes,No,No,No internet service,No internet service,No internet service,No internet service,No internet service,No internet service,Month-to-month,Yes,Credit card (automatic),53.47,799.83,Yes
4947-TIQ,Male,0,No,No,47,Yes,Yes,Fiber optic,No,Yes,No,No,No,No,One year,Yes,Credit card (automatic),72.74,3399.89,No
6540-GYT,Female,0,Yes,No,55,Yes,Yes,DSL,Yes,No,No,No,No,Yes,Two year,No,Mailed check,41.17,2239.57,No
3765-HBM,Male,0,Yes,No,28,Yes,No,DSL,No,No,Yes,No,Yes,Yes,Month-to-month,Yes,Bank transfer (automatic),63.36,1793.6,No
8904-GAL,Female,0,No,No,18,Yes,Yes,Fiber optic,No,No,No,No,Yes,No,Month-to-month,No,Electronic check,88.1,1540.06,No
1574-UDK,Female,0,Yes,No,40,Yes,No,Fiber optic,No,No,Yes,No,Yes,No,Month-to-month,No,Mailed check,64.38,2599.31,Yes
7721-GBU,Male,0,No,Yes,42,Yes,No,DSL,No,No,Yes,No,No,Yes,One year,Yes,Credit card (automatic),73.43,3074.83,No
5461-BDX,Male,0,No,Yes,6,Yes,No phone service,No,No internet service,No internet service,No internet service,No internet service,No internet service,No internet service,Month-to-month,Yes,Bank transfer (automatic),43.62,258.11,No
6003-GMZ,Female,0,No,Yes,41,Yes,No,Fiber optic,Yes,Yes,Yes,No,Yes,Yes,Month-to-month,Yes,Electronic check,68.01,2782.21,No
3796-FOV,Male,0,No,No,11,Yes,No phone service,DSL,Yes,No,No,No,No,No,Two year,No,Mailed check,79.92,896.73,No
3758-CVV,Female,0,No,Yes,41,Yes,No phone service,No,No internet service,No internet service,No internet service,No internet service,No internet service,No internet service,Month-to-month,No,Mailed check,41.36,1747.57,No
9339-JNM,Female,0,No,Yes,68,Yes,No,Fiber optic,No,No,No,No,Yes,No,Month-to-month,Yes,Electronic check,94.81,6510.2,Yes
2110-QIX,Female,0,No,No,39,Yes,No,Fiber optic,No,Yes,No,Yes,Yes,No,One year,No,Credit card (automatic),64.67,2558.8,No
8388-FFD,Male,0,No,No,55,Yes,Yes,Fiber optic,No,Yes,No,No,No,No,Month-to-month,No,Electronic check,86.59,4765.2,Yes
2147-LZN,Male,1,No,No,22,Yes,Yes,Fiber optic,No,No,Yes,No,No,Yes,Month-to-month,Yes,Electronic check,69.89,1565.56,No
5958-KMM,Female,0,Yes,No,67,Yes,Yes,DSL,No,No,No,No,No,Yes,Two year,No,Credit card (automatic),42.5,2776.73,No
9309-BNP,Male,1,No,Yes,59,Yes,No,Fiber optic,Yes,No,No,Yes,No,No,One year,Yes,Electronic check,87.0,5154.28,No
5453-LHL,Female,0,No,Yes,66,Yes,No,Fiber optic,No,Yes,Yes,No,Yes,Yes,Month-to-month,Yes,Mailed check,81.2,5372.84,No
7080-ISV,Female,0,Yes,No,54,Yes,No,No,No internet service,No internet service,No internet service,No internet service,No internet service,No internet service,Two year,No,Bank transfer (automatic),35.66,1871.58,No
2218-QUT,Male,1,No,No,47,Yes,Yes,No,No internet service,No internet service,No internet service,No internet service,No internet service,No internet service,Month-to-month,Yes,Electronic check,30.88,1431.02,No
4979-HKU,Male,0,No,No,38,Yes,Yes,DSL,No,No,Yes,No,Yes,No,Month-to-month,No,Mailed check,66.71,2544.7,Yes
9140-NEC,Female,0,No,No,67,Yes,Yes,No,No internet service,No internet service,No internet service,No internet service,No internet service,No internet service,One year,No,Mailed check,29.64,1999.24,No
5408-NLT,Male,0,No,No,61,Yes,Yes,DSL,No,No,Yes,No,Yes,No,Month-to-month,Yes,Credit card (automatic),41.46,2562.56,No
6413-NFR,Female,0,No,No,30,No,No,DSL,Yes,No,No,No,No,No,Month-to-month,No,Credit card (automatic),39.69,1249.14,No
3221-YBE,Female,1,Yes,No,6,Yes,Yes,Fiber optic,Yes,Yes,No,No,Yes,Yes,Two year,Yes,Electronic check,74.42,441.3,No
8287-ZCE,Female,0,No,No,0,Yes,No,No,No internet service,No internet service,No internet service,No internet service,No internet service,No internet service,Month-to-month,Yes,Mailed check,26.7,0.0,No
6516-ZAK,Female,0,Yes,No,17,Yes,No,No,No internet service,No internet service,No internet service,No internet service,No internet service,No internet service,Month-to-month,Yes,Bank transfer (automatic),42.35,748.72,No
6319-QFA,Female,0,Yes,No,4,Yes,Yes,No,No internet service,No internet service,No internet service,No internet service,No internet service,No internet service,Month-to-month,No,Electronic check,53.0,257.07,Yes
6988-ZTX,Female,0,No,No,15,Yes,No,DSL,No,No,No,No,Yes,No,One year,No,Electronic check,32.14,526.46,Yes
9809-RTE,Male,0,Yes,Yes,7,Yes,Yes,DSL,No,No,No,Yes,No,Yes,One year,Yes,Bank transfer (automatic),57.31,417.65,No
9517-PYZ,Male,0,No,No,71,Yes,Yes,DSL,Yes,No,Yes,No,No,Yes,Two year,Yes,Mailed check,37.24,2714.03,No
3530-UKC,Female,0,Yes,No,6,Yes,No,Fiber optic,Yes,Yes,Yes,No,Yes,Yes,Month-to-month,No,Credit card (automatic),60.94,356.05,No
4710-MIK,Male,0,No,No,45,Yes,No,Fiber optic,No,Yes,No,Yes,Yes,Yes,Two year,No,Electronic check,68.5,3138.48,No
7653-SJS,Male,0,Yes,No,25,Yes,Yes,DSL,No,No,Yes,No,Yes,No,One year,Yes,Electronic check,77.77,1903.64,No
9289-XOW,Male,0,Yes,No,12,Yes,No,Fiber optic,No,Yes,No,No,Yes,No,Month-to-month,Yes,Credit card (automatic),98.57,1103.53,No
3751-DVS,Female,0,No,No,51,Yes,Yes,Fiber optic,Yes,No,Yes,No,No,No,Month-to-month,Yes,Credit card (automatic),91.78,4639.59,No
7154-TIH,Male,0,No,Yes,70,Yes,No,Fiber optic,No,No,Yes,Yes,No,Yes,Two year,Yes,Mailed check,64.25,4477.39,Yes
9056-ULK,Male,0,No,No,57,Yes,Yes,Fiber optic,No,Yes,Yes,Yes,No,Yes,Month-to-month,Yes,Bank transfer (automatic),71.0,4047.02,Yes
1953-BVJ,Male,0,Yes,No,71,Yes,No phone service,DSL,No,Yes,No,Yes,Yes,Yes,One year,No,Credit card (automatic),34.57,2421.83,No
7347-XBH,Male,0,Yes,Yes,43,Yes,No,Fiber optic,Yes,Yes,No,No,No,Yes,Month-to-month,No,Electronic check,101.46,4367.25,No
2232-NXF,Male,0,No,No,49,Yes,Yes,Fiber optic,No,No,Yes,No,Yes,Yes,Month-to-month,Yes,Bank transfer (automatic),81.47,4014.67,No
1365-ROT,Male,0,Yes,No,10,Yes,No,DSL,Yes,Yes,Yes,No,Yes,Yes,Two year,No,Bank transfer (automatic),46.24,474.74,No
1533-FVI,Female,1,Yes,No,62,Yes,No phone service,DSL,No,No,Yes,No,Yes,Yes,Two year,Yes,Mailed check,69.47,4302.32,No
2423-YPZ,Male,0,No,No,54,No,No,No,No internet service,No internet service,No internet service,No internet service,No internet service,No internet service,Month-to-month,No,Credit card (automatic),20.57,1152.87,Yes
9871-ERS,Male,0,Yes,Yes,18,Yes,Yes,Fiber optic,Yes,Yes,Yes,No,Yes,No,One year,Yes,Credit card (automatic),79.4,1401.18,No
4617-WJB,Male,0,No,No,25,Yes,No phone service,DSL,No,No,No,No,Yes,No,Month-to-month,Yes,Mailed check,52.85,1312.81,No
9559-OPT,Female,0,Yes,Yes,44,Yes,No,Fiber optic,Yes,No,No,No,Yes,Yes,One year,Yes,Electronic check,81.58,3570.27,No
9966-QBK,Female,0,Yes,No,0,Yes,No,Fiber optic,No,Yes,Yes,No,Yes,Yes,Month-to-month,Yes,Credit card (automatic),75.93,0.0,Yes
8296-TEE,Female,1,Yes,No,59,Yes,Yes,DSL,No,Yes,No,No,No,No,Month-to-month,No,Mailed check,54.95,3227.16,No
4066-VQR,Female,0,No,No,20,Yes,Yes,DSL,No,Yes,No,No,No,Yes,Month-to-month,Yes,Electronic check,51.39,1041.81,Yes
8259-ION,Male,1,No,Yes,5,Yes,Yes,No,No internet service,No internet service,No internet service,No internet service,No internet service,No internet service,Month-to-month,Yes,Bank transfer (automatic),18.0,118.57,No
1941-IAI,Female,0,No,No,24,Yes,No phone service,Fiber optic,Yes,Yes,Yes,No,No,Yes,Month-to-month,Yes,Bank transfer (automatic),78.94,1876.82,Yes
8850-BHN,Male,0,No,Yes,61,Yes,Yes,DSL,Yes,No,No,No,No,Yes,Month-to-month,No,Electronic check,36.08,2144.94,No
7039-CUM,Male,0,Yes,No,20,Yes,No,No,No internet service,No internet service,No internet service,No internet service,No internet service,No internet service,Two year,No,Electronic check,51.62,1024.52,No
7316-OCI,Male,0,No,Yes,39,No,No,Fiber optic,No,No,Yes,No,Yes,No,Month-to-month,No,Credit card (automatic),101.11,3915.44,No
7974-MXS,Female,1,No,No,59,Yes,Yes,Fiber optic,No,Yes,No,Yes,Yes,Yes,Month-to-month,No,Credit card (automatic),52.81,3093.31,No
8144-NNO,Female,0,Yes,Yes,2,Yes,Yes,DSL,No,No,Yes,No,No,No,Month-to-month,No,Mailed check,51.02,15.55,Yes
2796-PQA,Male,0,No,No,55,Yes,No,DSL,Yes,No,Yes,No,Yes,No,One year,Yes,Electronic check,60.54,3272.99,No
7304-JHQ,Male,1,No,No,21,No,Yes,DSL,No,Yes,No,No,No,Yes,Month-to-month,No,Mailed check,70.16,1501.36,No
6773-EWU,Female,0,Yes,No,50,Yes,No,No,No internet service,No internet service,No internet service,No internet service,No internet service,No internet service,Month-to-month,Yes,Mailed check,36.38,1786.19,No
4433-BNZ,Male,0,Yes,No,13,Yes,No,Fiber optic,No,No,No,No,Yes,No,One year,No,Electronic check,103.08,1380.5,Yes
7454-ITU,Female,0,No,No,10,Yes,No,No,No internet service,No internet service,No internet service,No internet service,No internet service,No internet service,Month-to-month,No,Bank transfer (automatic),47.91,454.05,No
6800-FNG,Female,0,Yes,No,57,No,No,DSL,No,No,Yes,No,Yes,Yes,Two year,Yes,Electronic check,63.66,3645.64,No
7326-AWM,Male,1,Yes,No,58,Yes,Yes,Fiber optic,No,Yes,No,No,No,No,Month-to-month,Yes,Credit card (automatic),77.99,4514.56,Yes
9074-YLX,Male,0,No,Yes,71,Yes,No,Fiber optic,No,Yes,No,No,Yes,No,One year,Yes,Credit card (automatic),77.68,5538.02,Yes
7407-MKX,Female,0,No,No,49,Yes,No phone service,Fiber optic,Yes,Yes,Yes,Yes,No,No,Month-to-month,No,Bank transfer (automatic),70.26,3433.87,No
8747-WVY,Female,0,Yes,No,34,Yes,Yes,Fiber optic,No,Yes,No,No,No,No,One year,Yes,Electronic check,73.38,2502.38,No
7777-HMA,Male,0,Yes,Yes,14,Yes,Yes,Fiber optic,No,Yes,No,Yes,Yes,No,Two year,No,Bank transfer (automatic),73.92,1077.96,No
5841-FUX,Female,0,Yes,Yes,21,Yes,Yes,DSL,Yes,Yes,Yes,Yes,No,No,Month-to-month,Yes,Mailed check,32.4,696.89,No
1432-OOS,Male,0,No,No,47,Yes,Yes,DSL,No,Yes,No,No,No,Yes,Month-to-month,Yes,Mailed check,46.05,2140.26,No
3159-APG,Male,0,Yes,No,25,No,Yes,No,No internet service,No internet service,No internet service,No internet service,No internet service,No internet service,Month-to-month,Yes,Bank transfer (automatic),54.53,1297.69,No
5288-TQX,Female,0,Yes,No,35,Yes,Yes,DSL,No,No,No,No,No,Yes,Month-to-month,No,Credit card (automatic),47.97,1675.14,Yes
1846-AYW,Male,0,Yes,No,12,Yes,No phone service,DSL,No,Yes,Yes,No,No,Yes,Two year,Yes,Credit card (automatic),52.13,640.62,No
6250-WHY,Male,0,Yes,No,32,Yes,No phone service,No,No internet service,No internet service,No internet service,No internet service,No internet service,No internet service,One year,No,Electronic check,18.0,581.39,No
8170-KRG,Female,0,Yes,No,17,Yes,No,DSL,No,No,Yes,Yes,Yes,Yes,One year,No,Bank transfer (automatic),65.35,1080.23,No
5031-MHH,Male,0,Yes,No,8,Yes,No,Fiber optic,No,Yes,No,No,Yes,Yes,Two year,No,Electronic check,87.31,703.79,Yes
3877-RBM,Female,0,Yes,No,9,Yes,No phone service,No,No internet service,No internet service,No internet service,No internet service,No internet service,No internet service,Two year,Yes,Bank transfer (automatic),46.56,442.13,Yes
4460-VNQ,Male,0,No,No,37,Yes,Yes,Fiber optic,No,No,No,No,Yes,Yes,Two year,Yes,Mailed check,69.09,2605.1,No
8576-WQQ,Female,0,No,No,26,Yes,Yes,DSL,No,Yes,Yes,No,Yes,Yes,Month-to-month,Yes,Bank transfer (automatic),42.68,1101.77,No
2958-DZI,Male,0,Yes,No,7,No,No,Fiber optic,Yes,Yes,No,No,No,No,Month-to-month,Yes,Credit card (automatic),97.0,764.99,Yes
2993-LQE,Male,0,Yes,Yes,37,Yes,Yes,Fiber optic,Yes,No,Yes,No,Yes,No,Month-to-month,No,Electronic check,87.2,3277.26,No
3955-TDL,Male,0,Yes,No,11,No,No,Fiber optic,No,No,Yes,Yes,No,No,Month-to-month,Yes,Credit card (automatic),51.12,568.21,Yes
8409-HPV,Female,0,Yes,No,1,Yes,Yes,Fiber optic,No,No,Yes,No,No,Yes,Month-to-month,No,Bank transfer (automatic),93.57,102.73,Yes
5722-JHV,Female,0,Yes,No,9,Yes,No,No,No internet service,No internet service,No internet service,No internet service,No internet service,No internet service,Month-to-month,Yes,Mailed check,18.0,210.61,No
8009-VWL,Male,0,No,No,32,Yes,No,DSL,Yes,No,Yes,No,No,No,Month-to-month,Yes,Mailed check,55.63,1746.45,No
8528-CBM,Female,1,No,Yes,69,Yes,No,DSL,No,No,Yes,No,Yes,No,Month-to-month,No,Electronic check,61.33,4203.69,No
2789-ZDG,Male,0,No,No,17,Yes,Yes,Fiber optic,No,Yes,No,No,No,No,Month-to-month,Yes,Electronic check,95.11,1571.79,Yes
3739-HCY,Female,0,Yes,No,20,Yes,No,Fiber optic,No,Yes,No,Yes,No,No,Month-to-month,Yes,Electronic check,75.98,1510.67,Yes
2592-SSF,Male,0,No,No,17,No,No,No,No internet service,No internet service,No internet service,No internet service,No internet service,No internet service,Month-to-month,No,Bank transfer (automatic),44.42,725.04,Yes
7020-CHX,Female,0,No,No,25,Yes,No,DSL,Yes,No,Yes,Yes,No,No,Month-to-month,Yes,Electronic check,77.18,1917.08,No
8416-KRD,Female,0,No,Yes,52,Yes,Yes,DSL,No,No,Yes,No,Yes,No,One year,Yes,Mailed check,47.31,2458.91,No
4884-AAY,Male,0,No,No,23,Yes,Yes,Fiber optic,No,Yes,Yes,No,No,Yes,One year,Yes,Credit card (automatic),89.77,2016.46,No
6902-DUM,Female,0,No,No,48,Yes,Yes,No,No internet service,No internet service,No internet service,No internet service,No internet service,No internet service,Month-to-month,Yes,Bank transfer (automatic),68.54,3337.74,No
3015-YDS,Male,0,No,No,65,Yes,Yes,DSL,No,No,Yes,Yes,No,No,Month-to-month,Yes,Electronic check,55.95,3678.47,No
3836-XSS,Male,0,Yes,Yes,69,No,No,No,No internet service,No internet service,No internet service,No internet service,No internet service,No internet service,Month-to-month,No,Bank transfer (automatic),18.0,1225.9,No
9661-EKK,Female,1,No,No,41,Yes,Yes,Fiber optic,No,No,Yes,Yes,Yes,Yes,Month-to-month,Yes,Electronic check,63.95,2673.81,Yes
8469-QTK,Male,0,Yes,No,52,Yes,No phone service,DSL,No,Yes,Yes,Yes,Yes,Yes,Month-to-month,Yes,Bank transfer (automatic),57.47,3002.04,No
8981-CRX,Male,0,No,Yes,67,Yes,No,Fiber optic,Yes,Yes,No,No,Yes,Yes,Two year,Yes,Electronic check,61.83,4181.08,No
9517-CXT,Male,0,No,No,57,Yes,No,DSL,No,Yes,No,No,No,No,Month-to-month,No,Electronic check,52.3,2933.62,No
1303-XNK,Male,1,No,No,21,Yes,No,Fiber optic,No,Yes,Yes,No,No,Yes,Month-to-month,Yes,Credit card (automatic),73.81,1538.24,Yes
3949-BWZ,Female,1,No,No,9,Yes,Yes,DSL,No,No,No,Yes,No,Yes,One year,Yes,Electronic check,61.12,572.07,Yes
4682-ZXL,Male,0,Yes,Yes,8,Yes,Yes,Fiber optic,No,No,Yes,No,No,Yes,Month-to-month,Yes,Electronic check,84.62,671.22,Yes
9169-UJD,Male,0,No,No,64,Yes,Yes,DSL,Yes,No,Yes,No,Yes,Yes,Month-to-month,Yes,Electronic check,64.65,4131.44,Yes
6173-NAG,Male,1,No,No,40,Yes,No,No,No internet service,No internet service,No internet service,No internet service,No internet service,No internet service,Month-to-month,Yes,Mailed check,25.29,1007.73,No
4212-XRD,Female,0,No,No,21,Yes,No phone service,No,No internet service,No internet service,No internet service,No internet service,No internet service,No internet service,Two year,Yes,Credit card (automatic),84.01,1777.28,No
2901-ZEX,Female,0,No,No,25,Yes,No,Fiber optic,Yes,Yes,Yes,No,No,Yes,Month-to-month,Yes,Electronic check,81.08,2030.9,Yes
9585-RPY,Male,0,No,Yes,20,No,No,Fiber optic,Yes,Yes,Yes,No,Yes,Yes,One year,Yes,Electronic check,50.16,1057.73,No
6083-NVF,Female,0,Yes,No,58,Yes,Yes,No,No internet service,No internet service,No internet service,No internet service,No internet service,No internet service,Two year,No,Credit card (automatic),25.81,1462.35,No
6015-VQI,Female,0,No,No,44,Yes,No,DSL,No,Yes,Yes,Yes,No,No,Month-to-month,Yes,Electronic check,52.98,2334.43,No
3764-PJJ,Male,0,No,No,64,Yes,Yes,No,No internet service,No internet service,No internet service,No internet service,No internet service,No internet service,One year,Yes,Electronic check,25.3,1643.84,No
3462-CPH,Female,0,Yes,No,22,Yes,No,Fiber optic,No,No,No,No,Yes,Yes,Month-to-month,Yes,Electronic check,80.94,1737.15,No
6358-YEW,Female,0,Yes,No,34,Yes,Yes,No,No internet service,No internet service,No internet service,No internet service,No internet service,No internet service,Month-to-month,Yes,Credit card (automatic),18.0,599.97,No
7877-GFK,Female,0,No,Yes,8,Yes,No,DSL,No,No,Yes,No,No,No,Month-to-month,Yes,Mailed check,69.6,562.89,Yes
7165-PBD,Female,0,No,No,70,Yes,Yes,DSL,No,Yes,Yes,No,No,No,Two year,Yes,Bank transfer (automatic),54.23,3848.7,No
9264-FBG,Female,0,No,No,37,Yes,Yes,DSL,No,No,Yes,No,Yes,No,Month-to-month,Yes,Bank transfer (automatic),48.73,1807.78,No
1579-OCA,Male,0,Yes,No,40,Yes,No phone service,DSL,No,Yes,No,Yes,No,Yes,Month-to-month,Yes,Mailed check,61.63,2491.73,Yes
5086-ROF,Male,0,Yes,No,30,Yes,No phone service,DSL,Yes,No,No,No,No,No,Two year,Yes,Bank transfer (automatic),45.73,1400.72,No
2363-NTM,Female,0,No,No,19,Yes,No,No,No internet service,No internet service,No internet service,No internet service,No internet service,No internet service,Month-to-month,Yes,Credit card (automatic),24.54,369.81,No
2110-KYY,Male,0,No,Yes,69,Yes,No,DSL,No,No,No,Yes,No,No,Two year,Yes,Bank transfer (automatic),58.75,4056.56,No
4908-YOT,Female,0,Yes,No,35,Yes,No phone service,DSL,Yes,Yes,Yes,No,No,Yes,One year,Yes,Credit card (automatic),46.32,1605.95,No
7891-NVZ,Female,0,Yes,Yes,49,Yes,No phone service,DSL,No,No,Yes,No,No,Yes,One year,Yes,Electronic check,46.38,2325.23,Yes
8172-MIE,Male,0,Yes,Yes,2,Yes,Yes,Fiber optic,No,Yes,Yes,No,Yes,No,One year,Yes,Mailed check,76.25,176.95,No
7701-RCR,Male,0,Yes,Yes,20,Yes,Yes,Fiber optic,Yes,Yes,Yes,No,No,No,One year,Yes,Bank transfer (automatic),88.07,1792.02,No
6655-PJU,Female,0,Yes,No,58,No,No,DSL,No,Yes,No,No,No,No,Month-to-month,No,Electronic check,66.89,3897.81,No
1154-FUT,Female,0,No,Yes,6,Yes,Yes,No,No internet service,No internet service,No internet service,No internet service,No internet service,No internet service,Two year,Yes,Electronic check,43.84,266.71,No
8913-ZDE,Female,0,Yes,No,7,Yes,No,No,No internet service,No internet service,No internet service,No internet service,No internet service,No internet service,Two year,Yes,Electronic check,41.1,316.94,No
2484-NDY,Male,0,No,No,59,Yes,No phone service,DSL,No,No,Yes,No,Yes,Yes,Two year,No,Electronic check,65.95,3890.3,No
9996-WBL,Female,1,No,Yes,22,Yes,Yes,No,No internet service,No internet service,No internet service,No internet service,No internet service,No internet service,One year,Yes,Credit card (automatic),19.46,473.07,No
7255-IBI,Female,0,Yes,Yes,19,Yes,Yes,Fiber optic,No,Yes,No,No,Yes,No,Month-to-month,Yes,Electronic check,94.23,1752.95,Yes
6842-JZU,Female,0,Yes,No,41,Yes,Yes,Fiber optic,No,Yes,No,Yes,Yes,Yes,Month-to-month,No,Bank transfer (automatic),96.03,3973.56,No
2552-WRI,Female,0,No,Yes,14,Yes,Yes,No,No internet service,No internet service,No internet service,No internet service,No internet service,No internet service,Month-to-month,Yes,Electronic check,64.19,885.96,No
7317-YIH,Male,0,Yes,No,3,Yes,Yes,No,No internet service,No internet service,No internet service,No internet service,No internet service,No internet service,Month-to-month,No,Bank transfer (automatic),18.0,77.78,No
8950-PSZ,Female,0,No,No,0,Yes,Yes,Fiber optic,No,No,Yes,Yes,No,Yes,One year,Yes,Electronic check,67.66,0.0,Yes
2925-UDF,Male,0,Yes,No,5,Yes,No,Fiber optic,Yes,No,No,No,Yes,No,One year,Yes,Electronic check,91.75,468.19,Yes
8584-JAJ,Male,1,No,No,11,Yes,No phone service,DSL,No,No,No,No,Yes,Yes,Month-to-month,Yes,Mailed check,48.85,532.06,Yes
8815-LCS,Male,0,Yes,No,50,Yes,Yes,Fiber optic,No,No,Yes,Yes,No,Yes,Month-to-month,No,Electronic check,107.29,5362.91,No
8845-PGL,Male,1,No,Yes,21,Yes,No phone service,Fiber optic,No,No,Yes,No,Yes,No,One year,Yes,Mailed check,75.23,1517.97,No
8266-EZH,Female,0,No,Yes,5,No,No,DSL,No,Yes,Yes,Yes,Yes,Yes,Month-to-month,Yes,Bank transfer (automatic),74.75,374.9,No
3529-XWI,Male,0,Yes,No,1,Yes,No phone service,No,No internet service,No internet service,No internet service,No internet service,No internet service,No internet service,Two year,No,Credit card (automatic),43.71,48.25,No
8086-AUX,Female,0,No,No,34,Yes,No,Fiber optic,Yes,Yes,Yes,Yes,Yes,No,One year,No,Bank transfer (automatic),86.89,2891.9,No
3943-GVQ,Male,0,No,No,61,Yes,No,DSL,No,Yes,No,No,Yes,Yes,Month-to-month,Yes,Mailed check,50.39,3033.52,No
9511-AAA,Male,0,No,Yes,24,Yes,Yes,No,No internet service,No internet service,No internet service,No internet service,No internet service,No internet service,Month-to-month,Yes,Mailed check,33.11,800.16,No
8262-CCH,Male,0,Yes,No,4,Yes,Yes,Fiber optic,No,Yes,Yes,No,Yes,No,One year,No,Mailed check,71.38,299.76,No
2857-RJG,Female,1,Yes,No,16,Yes,Yes,DSL,Yes,No,Yes,Yes,Yes,No,Month-to-month,No,Mailed check,57.84,923.67,Yes
9883-RSR,Female,0,Yes,No,36,Yes,Yes,Fiber optic,No,Yes,No,Yes,No,Yes,Two year,No,Bank transfer (automatic),81.27,2927.29,No
9915-WKK,Male,1,No,No,13,No,No,No,No internet service,No internet service,No internet service,No internet service,No internet service,No internet service,Month-to-month,No,Mailed check,29.57,385.35,Yes
7510-NRR,Female,0,Yes,No,71,Yes,No,No,No internet service,No internet service,No internet service,No internet service,No internet service,No internet service,Month-to-month,No,Bank transfer (automatic),37.15,2618.58,No
1044-KCR,Male,0,No,No,55,Yes,No,DSL,No,No,No,No,Yes,No,Month-to-month,Yes,Mailed check,59.46,3264.06,No
1118-XML,Male,0,No,Yes,25,Yes,No,Fiber optic,Yes,No,No,No,Yes,No,One year,Yes,Electronic check,89.0,2175.94,Yes
6192-LBU,Male,0,No,No,69,Yes,No,No,No internet service,No internet service,No internet service,No internet service,No internet service,No internet service,Two year,No,Bank transfer (automatic),52.04,3570.3,No
3232-QUC,Male,0,No,No,23,Yes,Yes,No,No internet service,No internet service,No internet service,No internet service,No internet service,No internet service,Two year,No,Credit card (automatic),44.5,1022.02,No
2099-ARZ,Female,0,Yes,No,10,Yes,No,DSL,No,No,No,Yes,No,No,Month-to-month,Yes,Bank transfer (automatic),40.03,443.56,No
5079-TCG,Female,0,Yes,Yes,68,No,Yes,Fiber optic,No,No,Yes,No,No,No,Two year,Yes,Electronic check,66.36,4508.22,No
7615-YWC,Female,0,Yes,No,70,Yes,No,No,No internet service,No internet service,No internet service,No internet service,No internet service,No internet service,Month-to-month,Yes,Bank transfer (automatic),31.79,2297.45,No
5793-TOH,Female,0,No,No,22,Yes,Yes,DSL,No,No,No,Yes,Yes,No,One year,No,Credit card (automatic),35.72,853.39,No
1499-QYC,Female,0,No,No,43,Yes,Yes,Fiber optic,No,Yes,No,No,Yes,Yes,Two year,Yes,Electronic check,59.58,2564.38,Yes
8903-UZI,Male,1,Yes,No,12,No,No,Fiber optic,No,No,Yes,No,No,No,Month-to-month,No,Mailed check,84.16,995.44,Yes
7649-GQC,Female,1,Yes,No,46,Yes,Yes,Fiber optic,No,Yes,Yes,No,No,No,Two year,No,Electronic check,74.29,3496.65,No
8860-MYW,Male,0,No,No,50,Yes,No,Fiber optic,Yes,No,No,No,No,No,Month-to-month,Yes,Credit card (automatic),71.52,3602.11,No
9276-SAZ,Female,0,Yes,Yes,51,Yes,Yes,DSL,No,Yes,No,No,Yes,Yes,Month-to-month,Yes,Electronic check,60.9,3121.25,No
7956-HJU,Female,0,No,Yes,41,Yes,No,No,No internet service,No internet service,No internet service,No internet service,No internet service,No internet service,Month-to-month,Yes,Bank transfer (automatic),46.44,1878.79,No
8319-DBR,Male,0,Yes,Yes,51,Yes,No phone service,DSL,Yes,No,Yes,No,No,No,Two year,No,Electronic check,48.12,2439.16,No
5699-QZR,Female,0,No,No,40,Yes,No phone service,No,No internet service,No internet service,No internet service,No internet service,No internet service,No internet service,Month-to-month,Yes,Electronic check,56.95,2242.98,No
6418-CBY,Female,0,No,No,59,Yes,No,Fiber optic,No,Yes,Yes,Yes,No,No,Two year,No,Electronic check,70.22,4195.06,No
9638-WHV,Male,0,No,No,13,Yes,Yes,DSL,No,No,Yes,Yes,Yes,Yes,Month-to-month,No,Electronic check,57.44,764.27,Yes
9358-AFF,Female,0,Yes,No,35,Yes,No,No,No internet service,No internet service,No internet service,No internet service,No internet service,No internet service,One year,Yes,Credit card (automatic),51.24,1782.54,Yes
5410-TDI,Female,0,No,No,30,No,Yes,No,No internet service,No internet service,No internet service,No internet service,No internet service,No internet service,Month-to-month,Yes,Electronic check,66.56,1980.27,Yes
8924-ERK,Male,0,No,Yes,38,Yes,No,Fiber optic,No,Yes,Yes,No,No,Yes,Month-to-month,Yes,Electronic check,49.27,1837.57,Yes
1987-HVN,Female,0,No,No,10,Yes,No,DSL,No,Yes,Yes,No,Yes,Yes,One year,Yes,Credit card (automatic),44.12,438.76,Yes
9929-MYA,Male,0,Yes,No,23,Yes,No,Fiber optic,Yes,No,Yes,Yes,Yes,No,One year,Yes,Mailed check,89.56,2065.85,Yes
1384-YUZ,Female,1,No,No,69,Yes,No,No,No internet service,No internet service,No internet service,No internet service,No internet service,No internet service,Month-to-month,Yes,Bank transfer (automatic),49.66,3346.9,Yes
9325-RZA,Female,0,No,Yes,7,Yes,No,DSL,Yes,Yes,No,No,Yes,Yes,Month-to-month,No,Electronic check,59.59,383.38,Yes
9486-QWP,Male,0,Yes,No,46,Yes,Yes,No,No internet service,No internet service,No internet service,No internet service,No internet service,No internet service,Month-to-month,No,Credit card (automatic),32.69,1480.06,No
9137-QFO,Male,0,No,Yes,48,Yes,No,DSL,No,No,No,No,No,Yes,Two year,No,Mailed check,51.68,2518.63,No
9602-RUP,Male,0,No,Yes,34,Yes,No,Fiber optic,Yes,Yes,No,No,Yes,No,One year,Yes,Electronic check,62.72,2113.1,Yes
3752-KLT,Male,0,No,No,2,Yes,No,Fiber optic,Yes,Yes,Yes,No,Yes,No,Two year,No,Bank transfer (automatic),75.42,88.04,No
3866-LRC,Female,0,Yes,No,2,Yes,No,DSL,No,Yes,No,Yes,No,No,One year,No,Mailed check,55.81,73.09,No
2134-CIQ,Male,0,No,Yes,20,Yes,No phone service,No,No internet service,No internet service,No internet service,No internet service,No internet service,No internet service,Two year,Yes,Mailed check,18.0,420.36,No
7509-MUD,Female,0,No,No,7,Yes,No phone service,DSL,No,Yes,Yes,No,No,Yes,Month-to-month,No,Mailed check,45.68,306.71,Yes
5484-WPA,Male,0,No,No,6,No,Yes,No,No internet service,No internet service,No internet service,No internet service,No internet service,No internet service,Month-to-month,No,Mailed check,25.66,117.61,Yes
7727-UMR,Female,0,Yes,No,11,Yes,No,DSL,No,Yes,No,Yes,Yes,No,One year,No,Bank transfer (automatic),51.04,502.86,Yes
6596-HDR,Female,0,Yes,Yes,13,Yes,Yes,DSL,Yes,Yes,Yes,No,Yes,No,Month-to-month,Yes,Electronic check,69.86,909.03,No
9592-IFB,Male,1,Yes,No,61,Yes,No,No,No internet service,No internet service,No internet service,No internet service,No internet service,No internet service,Month-to-month,No,Bank transfer (automatic),28.83,1763.17,No
5056-BXU,Male,0,No,No,46,No,No,Fiber optic,No,Yes,No,No,No,Yes,One year,Yes,Electronic check,75.18,3473.72,No
4435-LFT,Female,1,No,No,2,Yes,No,DSL,Yes,Yes,Yes,No,No,No,Two year,Yes,Bank transfer (automatic),81.42,258.28,Yes
8626-UDM,Female,0,No,No,45,Yes,No,Fiber optic,Yes,Yes,No,No,No,No,One year,Yes,Electronic check,82.81,3683.18,No
8371-GDQ,Male,0,No,Yes,9,No,No,DSL,No,No,Yes,Yes,Yes,No,Month-to-month,Yes,Mailed check,73.5,648.58,No
1245-HFL,Male,1,Yes,No,30,Yes,No,No,No internet service,No internet service,No internet service,No internet service,No internet service,No internet service,Two year,Yes,Mailed check,63.04,1901.44,No
3940-TKK,Female,0,No,No,2,Yes,Yes,DSL,No,Yes,Yes,Yes,Yes,No,Month-to-month,Yes,Bank transfer (automatic),47.78,80.24,No
8202-FWR,Female,0,Yes,No,6,No,No,Fiber optic,Yes,No,No,No,No,Yes,Month-to-month,Yes,Credit card (automatic),78.38,397.98,Yes
4184-IEB,Male,1,Yes,No,9,Yes,No,DSL,No,No,Yes,No,Yes,No,Two year,No,Mailed check,51.24,479.06,No
4527-LUO,Female,0,No,No,31,No,Yes,Fiber optic,No,Yes,No,No,Yes,Yes,Two year,No,Credit card (automatic),72.02,2210.52,No
9637-AHT,Female,1,Yes,Yes,33,Yes,Yes,No,No internet service,No internet service,No internet service,No internet service,No internet service,No internet service,Two year,No,Credit card (automatic),54.14,1749.38,No
1295-EWX,Male,0,Yes,No,25,Yes,Yes,No,No internet service,No internet service,No internet service,No internet service,No internet service,No internet service,Two year,Yes,Credit card (automatic),57.88,1415.73,No
3984-EQJ,Male,0,Yes,No,45,Yes,No,Fiber optic,No,No,No,Yes,Yes,Yes,One year,No,Electronic check,67.56,3094.49,No
2275-LLL,Female,0,Yes,No,52,Yes,No,DSL,Yes,No,Yes,No,Yes,No,Month-to-month,Yes,Electronic check,73.33,3858.63,Yes
4868-SPW,Male,0,No,Yes,53,Yes,No phone service,DSL,No,Yes,No,No,Yes,No,Month-to-month,Yes,Bank transfer (automatic),50.96,2662.69,No
6555-XLJ,Female,1,Yes,No,42,Yes,No,No,No internet service,No internet service,No internet service,No internet service,No internet service,No internet service,Two year,Yes,Electronic check,35.88,1446.35,No
9788-AZI,Male,0,Yes,No,39,Yes,No,DSL,Yes,Yes,Yes,Yes,No,No,Two year,Yes,Bank transfer (automatic),48.65,1928.79,No
2873-ULX,Male,0,No,No,35,Yes,No phone service,Fiber optic,No,Yes,No,No,No,Yes,Month-to-month,No,Electronic check,77.41,2781.39,Yes
5057-ZKE,Female,1,No,No,17,Yes,No,Fiber optic,Yes,Yes,No,No,Yes,No,Month-to-month,Yes,Bank transfer (automatic),82.75,1488.39,Yes
1303-JPR,Female,1,No,No,35,Yes,No,No,No internet service,No internet service,No internet service,No internet service,No internet service,No internet service,Month-to-month,No,Electronic check,55.09,1878.59,No
3499-NAR,Female,0,No,Yes,0,Yes,No,Fiber optic,No,No,Yes,No,No,No,Month-to-month,Yes,Credit card (automatic),79.54,0.0,Yes
7112-AWT,Female,0,Yes,No,70,Yes,Yes,Fiber optic,Yes,No,No,Yes,No,No,Two year,Yes,Bank transfer (automatic),69.81,4886.51,No
1302-BVV,Male,1,Yes,No,27,Yes,No,No,No internet service,No internet service,No internet service,No internet service,No internet service,No internet service,Month-to-month,Yes,Electronic check,48.92,1253.3,No
6508-IIM,Female,0,No,Yes,55,Yes,No,No,No internet service,No internet service,No internet service,No internet service,No internet service,No internet service,Month-to-month,Yes,Mailed check,46.48,2526.31,No
6295-SNL,Female,0,Yes,Yes,69,Yes,Yes,Fiber optic,No,No,Yes,No,Yes,Yes,Two year,No,Mailed check,80.17,5504.23,No
6806-XNM,Female,0,No,No,36,Yes,Yes,No,No internet service,No internet service,No internet service,No internet service,No internet service,No internet service,Month-to-month,Yes,Credit card (automatic),43.14,1569.68,Yes
4888-XAC,Female,0,Yes,No,62,Yes,No,Fiber optic,No,Yes,No,No,No,No,Month-to-month,Yes,Mailed check,82.45,5064.06,No
4185-LIK,Female,1,Yes,No,34,Yes,Yes,Fiber optic,No,Yes,No,No,Yes,No,Month-to-month,No,Mailed check,98.66,3387.48,No
2804-XHE,Male,0,Yes,No,9,No,Yes,DSL,Yes,Yes,Yes,No,Yes,No,Month-to-month,Yes,Electronic check,59.59,552.95,Yes
9716-ZFH,Male,0,Yes,Yes,1,Yes,Yes,Fiber optic,No,Yes,No,No,Yes,Yes,Month-to-month,Yes,Bank transfer (automatic),88.34,124.04,Yes
1886-IWF,Male,0,No,Yes,9,Yes,Yes,Fiber optic,No,No,No,No,No,No,Month-to-month,Yes,Electronic check,83.62,729.47,Yes
5630-RXE,Male,0,No,No,68,Yes,No,DSL,Yes,Yes,Yes,No,Yes,No,Month-to-month,Yes,Credit card (automatic),61.06,4165.96,No
1331-QOB,Male,0,Yes,Yes,34,Yes,Yes,DSL,No,Yes,No,No,No,Yes,Month-to-month,No,Bank transfer (automatic),50.62,1684.82,No
3765-KJU,Male,1,Yes,No,23,Yes,No,Fiber optic,No,Yes,No,No,Yes,No,Month-to-month,No,Credit card (automatic),74.36,1733.96,Yes
7677-OTN,Male,0,No,No,32,Yes,No,DSL,No,Yes,Yes,No,Yes,No,Month-to-month,Yes,Bank transfer (automatic),66.36,2115.21,Yes
5270-PAA,Male,0,No,No,18,Yes,Yes,Fiber optic,Yes,Yes,No,No,Yes,No,Two year,No,Electronic check,67.29,1206.35,No
9409-QAX,Female,0,Yes,No,63,No,Yes,Fiber optic,No,No,Yes,Yes,No,No,Month-to-month,No,Electronic check,70.4,4434.05,No
5748-KFS,Female,0,Yes,No,72,Yes,No,Fiber optic,No,Yes,No,No,Yes,Yes,Month-to-month,Yes,Electronic check,73.69,5244.73,No
5455-YCT,Male,0,No,Yes,6,Yes,No,DSL,No,No,Yes,No,No,No,Two year,Yes,Electronic check,55.91,377.1,No
1203-PVP,Female,0,Yes,No,52,No,No,Fiber optic,Yes,No,Yes,Yes,Yes,Yes,Month-to-month,Yes,Electronic check,77.12,4013.14,No
2960-NGN,Male,0,No,No,24,Yes,Yes,Fiber optic,No,No,No,Yes,No,No,Month-to-month,Yes,Credit card (automatic),67.85,1670.19,No
1169-YVA,Male,0,No,Yes,3,No,Yes,Fiber optic,No,No,No,Yes,Yes,No,Two year,Yes,Mailed check,60.39,220.37,No
6069-NVI,Male,0,Yes,No,67,Yes,No,Fiber optic,No,Yes,Yes,No,No,Yes,Month-to-month,Yes,Bank transfer (automatic),88.59,5907.06,No
4980-JQJ,Male,0,Yes,No,4,Yes,Yes,No,No internet service,No internet service,No internet service,No internet service,No internet service,No internet service,Month-to-month,Yes,Mailed check,45.16,171.19,No
5748-BUD,Female,0,Yes,Yes,15,Yes,Yes,DSL,Yes,No,No,Yes,Yes,Yes,One year,No,Electronic check,63.83,903.17,No
4074-RDQ,Male,0,Yes,No,1,Yes,Yes,Fiber optic,No,Yes,No,Yes,No,Yes,One year,Yes,Mailed check,63.42,106.33,Yes
3105-YOO,Male,0,Yes,Yes,34,Yes,No,DSL,No,Yes,Yes,No,Yes,No,Month-to-month,No,Electronic check,61.2,2092.16,No
3496-WER,Female,0,No,No,43,Yes,Yes,No,No internet service,No internet service,No internet service,No internet service,No internet service,No internet service,Month-to-month,Yes,Credit card (automatic),28.46,1230.82,No
8978-NIU,Female,0,No,Yes,23,Yes,No,DSL,No,No,Yes,Yes,No,No,Month-to-month,Yes,Bank transfer (automatic),71.95,1645.19,No
1317-FOH,Male,0,Yes,No,5,Yes,No,Fiber optic,Yes,Yes,Yes,No,Yes,Yes,Two year,No,Electronic check,100.95,470.81,Yes
7690-CET,Female,0,Yes,Yes,8,Yes,Yes,Fiber optic,No,No,No,No,No,Yes,Month-to-month,Yes,Bank transfer (automatic),85.26,726.97,Yes
5483-UCM,Female,0,Yes,No,68,Yes,Yes,DSL,No,No,Yes,No,Yes,Yes,Month-to-month,No,Mailed check,53.47,3706.15,No
2743-VGS,Female,0,Yes,No,58,Yes,Yes,No,No internet service,No internet service,No internet service,No internet service,No internet service,No internet service,Month-to-month,Yes,Electronic check,28.52,1700.41,No
8159-SED,Female,0,Yes,Yes,68,No,No phone service,DSL,No,Yes,No,No,No,No,Two year,Yes,Electronic check,52.49,3563.46,No
1834-VJE,Female,0,Yes,No,38,Yes,No,DSL,No,No,Yes,No,No,Yes,Month-to-month,No,Electronic check,47.02,1800.42,No
9843-GOR,Female,0,No,No,39,No,No,Fiber optic,No,No,No,Yes,No,Yes,Month-to-month,No,Credit card (automatic),54.4,2159.05,No
5743-NUB,Female,0,No,No,57,Yes,No phone service,Fiber optic,No,Yes,No,No,Yes,Yes,Month-to-month,No,Credit card (automatic),63.99,3650.72,Yes
5231-YSM,Male,0,Yes,No,45,No,No,DSL,Yes,No,Yes,No,No,Yes,One year,No,Bank transfer (automatic),39.36,1839.26,Yes
1598-KHG,Female,0,Yes,No,31,Yes,No,DSL,No,Yes,No,Yes,Yes,Yes,Month-to-month,Yes,Electronic check,64.5,2043.19,No
4828-FIM,Female,1,No,No,21,Yes,No phone service,DSL,No,Yes,No,No,No,Yes,Two year,No,Electronic check,72.13,1612.22,No
1298-DMG,Male,0,No,Yes,35,Yes,No,No,No internet service,No internet service,No internet service,No internet service,No internet service,No internet service,Month-to-month,No,Mailed check,38.92,1369.0,No
3386-ILB,Male,0,No,No,4,Yes,No,Fiber optic,No,Yes,No,No,No,Yes,Month-to-month,Yes,Electronic check,84.33,252.8,Yes
8772-GDT,Male,1,No,No,14,Yes,No,DSL,Yes,No,Yes,Yes,No,Yes,Month-to-month,Yes,Bank transfer (automatic),61.9,869.11,No
5527-KJD,Female,0,Yes,No,53,No,No,Fiber optic,No,No,No,No,Yes,No,Month-to-month,No,Electronic check,60.88,3213.35,No
3753-UKR,Female,0,Yes,No,63,Yes,No,No,No internet service,No internet service,No internet service,No internet service,No internet service,No internet service,Month-to-month,No,Electronic check,59.23,3737.54,No
2078-HOA,Female,0,No,No,7,Yes,Yes,No,No internet service,No internet service,No internet service,No internet service,No internet service,No internet service,Two year,Yes,Bank transfer (automatic),47.75,396.66,No
4988-JXK,Female,0,No,No,7,Yes,Yes,DSL,No,Yes,Yes,Yes,No,Yes,Month-to-month,Yes,Electronic check,71.65,482.59,Yes
1473-WSM,Male,0,Yes,Yes,6,Yes,No,Fiber optic,Yes,No,No,Yes,No,Yes,One year,No,Bank transfer (automatic),83.0,468.89,Yes
1341-GMC,Female,0,Yes,Yes,57,Yes,No phone service,DSL,No,Yes,No,Yes,No,Yes,Month-to-month,No,Bank transfer (automatic),77.2,4377.76,Yes
4150-IFF,Male,0,Yes,Yes,22,Yes,No,DSL,No,Yes,No,No,No,No,One year,Yes,Bank transfer (automatic),38.46,921.51,No
9866-VNY,Female,0,No,Yes,23,Yes,No,No,No internet service,No internet service,No internet service,No internet service,No internet service,No internet service,Month-to-month,No,Credit card (automatic),54.91,1246.8,No
9226-DOR,Male,0,Yes,Yes,0,Yes,Yes,No,No internet service,No internet service,No internet service,No internet service,No internet service,No internet service,Month-to-month,Yes,Bank transfer (automatic),58.42,0.0,Yes
9660-WYO,Female,0,No,No,70,Yes,No,DSL,No,No,Yes,Yes,No,Yes,Month-to-month,Yes,Bank transfer (automatic),77.71,5504.33,Yes
1614-EHZ,Female,0,No,No,31,Yes,No,No,No internet service,No internet service,No internet service,No internet service,No internet service,No internet service,Two year,No,Bank transfer (automatic),38.84,1227.27,No
9179-FIF,Female,0,No,No,58,Yes,No,Fiber optic,Yes,No,Yes,Yes,Yes,No,Two year,Yes,Credit card (automatic),94.44,5398.61,No
5365-YFY,Female,0,No,No,51,Yes,Yes,Fiber optic,Yes,No,No,Yes,Yes,No,Two year,Yes,Mailed check,81.89,4159.48,No
8511-XIJ,Female,0,No,No,10,Yes,No,No,No internet service,No internet service,No internet service,No internet service,No internet service,No internet service,Two year,No,Mailed check,34.59,323.05,No
6287-MMR,Male,0,No,No,58,Yes,Yes,Fiber optic,Yes,Yes,No,Yes,No,No,Month-to-month,Yes,Electronic check,68.6,3917.8,No
6789-OQJ,Female,0,No,No,40,Yes,Yes,No,No internet service,No internet service,No internet service,No internet service,No internet service,No internet service,Month-to-month,Yes,Bank transfer (automatic),47.66,1889.73,No
2723-RGX,Female,1,Yes,No,44,No,No,DSL,No,Yes,Yes,No,No,No,Month-to-month,Yes,Mailed check,49.18,2068.64,No
3871-CUT,Female,0,Yes,No,14,Yes,No,Fiber optic,Yes,No,Yes,No,No,Yes,Two year,Yes,Credit card (automatic),100.2,1414.18,Yes
4722-VQP,Female,0,Yes,Yes,61,Yes,No phone service,DSL,No,Yes,No,No,Yes,Yes,Month-to-month,Yes,Bank transfer (automatic),42.22,2575.68,Yes
4309-XAI,Female,0,Yes,No,68,No,No phone service,No,No internet service,No internet service,No internet service,No internet service,No internet service,No internet service,Month-to-month,Yes,Electronic check,48.84,3296.33,No
5866-SJI,Male,1,No,Yes,29,Yes,No,DSL,No,Yes,Yes,Yes,Yes,No,One year,No,Mailed check,45.29,1250.08,No
8514-WVL,Male,0,Yes,No,6,Yes,Yes,Fiber optic,No,Yes,No,Yes,No,No,Month-to-month,No,Bank transfer (automatic),76.47,507.63,Yes
6874-ZCJ,Male,0,Yes,No,61,Yes,No,Fiber optic,Yes,Yes,Yes,Yes,Yes,No,One year,No,Credit card (automatic),85.45,5192.56,No
6850-BLX,Male,1,No,Yes,64,Yes,Yes,DSL,No,Yes,No,No,Yes,No,Month-to-month,Yes,Bank transfer (automatic),49.28,3192.34,No
9555-GNK,Female,0,No,Yes,36,Yes,No,DSL,Yes,Yes,Yes,Yes,No,Yes,One year,Yes,Electronic check,54.71,1965.16,No
3369-WPB,Female,0,Yes,No,42,Yes,No,DSL,No,Yes,Yes,No,Yes,Yes,Two year,No,Credit card (automatic),57.34,2459.36,No
5924-AJB,Male,0,No,Yes,16,Yes,No,Fiber optic,No,Yes,Yes,Yes,Yes,No,One year,No,Credit card (automatic),70.08,1141.74,No
7251-YMB,Female,0,Yes,No,4,No,Yes,DSL,No,Yes,No,No,Yes,No,Month-to-month,No,Credit card (automatic),29.47,121.78,No
5072-LZP,Female,0,Yes,No,68,No,No,Fiber optic,Yes,No,Yes,Yes,Yes,No,Month-to-month,Yes,Bank transfer (automatic),100.93,6833.85,No
5799-JMW,Male,1,Yes,No,35,Yes,Yes,Fiber optic,Yes,No,Yes,No,No,Yes,Month-to-month,Yes,Electronic check,84.67,3008.92,Yes
8316-VTQ,Female,0,No,No,20,Yes,Yes,No,No internet service,No internet service,No internet service,No internet service,No internet service,No internet service,Month-to-month,Yes,Credit card (automatic),48.15,955.81,No
2227-XNA,Male,0,No,No,50,Yes,Yes,No,No internet service,No internet service,No internet service,No internet service,No internet service,No internet service,One year,Yes,Electronic check,47.36,2339.48,No
3915-WQP,Male,0,No,No,1,Yes,No,DSL,No,No,No,No,Yes,Yes,Month-to-month,No,Electronic check,51.55,46.05,Yes
4353-VQE,Male,0,No,No,5,No,No,No,No internet service,No internet service,No internet service,No internet service,No internet service,No internet service,Month-to-month,Yes,Bank transfer (automatic),54.29,269.83,No
5390-UMW,Male,0,Yes,Yes,17,Yes,Yes,No,No internet service,No internet service,No internet service,No internet service,No internet service,No internet service,Month-to-month,Yes,Mailed check,32.29,579.52,No
9612-FXW,Male,1,Yes,No,32,Yes,No,Fiber optic,Yes,Yes,No,Yes,No,No,Two year,Yes,Bank transfer (automatic),54.5,1678.13,No
9860-SQN,Female,0,No,No,26,Yes,Yes,Fiber optic,No,Yes,No,Yes,No,No,Month-to-month,No,Bank transfer (automatic),69.83,1898.99,Yes
7410-WEJ,Female,1,Yes,No,13,Yes,No phone service,DSL,No,No,No,Yes,Yes,Yes,Month-to-month,No,Electronic check,41.3,553.12,No
1615-NGH,Male,0,Yes,No,25,Yes,No,Fiber optic,No,Yes,No,No,No,No,Month-to-month,Yes,Bank transfer (automatic),77.51,1937.19,Yes
4089-BCT,Male,0,No,Yes,24,Yes,Yes,Fiber optic,No,Yes,No,No,No,No,Month-to-month,No,Credit card (automatic),64.35,1559.94,No
4931-HKD,Male,0,Yes,No,38,Yes,No,DSL,No,Yes,Yes,No,Yes,No,Two year,Yes,Credit card (automatic),46.55,1715.3,No
6491-YWF,Female,0,No,No,41,Yes,Yes,DSL,Yes,No,No,No,Yes,Yes,Month-to-month,No,Electronic check,50.75,2085.09,No
9105-GQG,Male,0,Yes,No,64,Yes,No,DSL,No,Yes,Yes,No,Yes,Yes,One year,No,Mailed check,66.15,4256.36,No
9160-RFI,Female,0,Yes,No,58,No,Yes,Fiber optic,No,No,No,No,No,Yes,One year,No,Electronic check,76.56,4430.17,No
5935-AXO,Female,0,No,No,21,Yes,Yes,DSL,Yes,Yes,No,No,No,Yes,Two year,No,Bank transfer (automatic),67.25,1430.58,No
9421-SZN,Female,0,No,Yes,65,Yes,No phone service,Fiber optic,No,Yes,Yes,Yes,No,No,One year,Yes,Bank transfer (automatic),75.25,4919.01,Yes
8285-RBO,Female,0,No,No,38,Yes,Yes,No,No internet service,No internet service,No internet service,No internet service,No internet service,No internet service,One year,Yes,Mailed check,42.55,1591.4,No
8091-YDQ,Female,1,No,No,13,Yes,Yes,DSL,No,Yes,No,No,No,No,Month-to-month,No,Electronic check,33.61,480.64,Yes
8296-JEY,Male,0,No,No,24,Yes,Yes,DSL,Yes,No,Yes,Yes,Yes,No,Month-to-month,No,Bank transfer (automatic),52.08,1247.81,No
7610-JWC,Female,0,Yes,No,54,Yes,No,DSL,No,No,No,No,Yes,Yes,One year,Yes,Credit card (automatic),61.2,3371.53,No
2236-GAT,Male,0,Yes,No,59,Yes,No,Fiber optic,No,No,No,Yes,Yes,Yes,One year,No,Mailed check,85.06,5064.37,No
7861-LOX,Female,0,Yes,Yes,27,No,Yes,No,No internet service,No internet service,No internet service,No internet service,No internet service,No internet service,Month-to-month,Yes,Electronic check,37.32,1021.87,No
4133-MKB,Male,0,Yes,No,11,Yes,No,Fiber optic,No,No,No,Yes,No,Yes,Month-to-month,Yes,Mailed check,61.18,644.57,Yes
1813-JTV,Female,0,No,Yes,14,Yes,No phone service,No,No internet service,No internet service,No internet service,No internet service,No internet service,No internet service,Month-to-month,Yes,Credit card (automatic),46.81,651.44,No
9095-HEQ,Female,0,Yes,No,7,Yes,No,No,No internet service,No internet service,No internet service,No internet service,No internet service,No internet service,Month-to-month,No,Bank transfer (automatic),53.22,407.81,Yes
5983-CTR,Female,0,No,No,51,No,Yes,DSL,No,Yes,No,Yes,No,No,Month-to-month,No,Bank transfer (automatic),36.82,1858.23,Yes
3861-DYP,Female,0,Yes,Yes,36,Yes,Yes,Fiber optic,No,No,Yes,No,No,No,Month-to-month,No,Electronic check,60.87,2206.49,Yes
3683-RZS,Female,0,Yes,Yes,32,Yes,No,Fiber optic,No,Yes,No,Yes,No,No,Month-to-month,Yes,Mailed check,79.78,2572.09,Yes
1962-KBK,Male,0,No,No,49,Yes,No,Fiber optic,Yes,No,No,No,Yes,No,One year,Yes,Electronic check,62.97,3081.59,Yes
5400-YAZ,Male,0,No,No,60,Yes,Yes,DSL,No,No,No,Yes,Yes,Yes,One year,Yes,Mailed check,75.55,4504.24,No
8135-HSU,Female,0,No,Yes,58,No,No,Fiber optic,No,No,No,No,Yes,Yes,One year,Yes,Electronic check,88.43,5184.86,Yes
1087-XCO,Female,0,Yes,No,10,No,No,Fiber optic,Yes,No,Yes,No,No,No,One year,Yes,Mailed check,92.04,937.03,Yes
5117-LZB,Female,0,No,No,43,No,Yes,Fiber optic,No,No,Yes,Yes,Yes,No,Month-to-month,No,Mailed check,87.97,3772.15,No
8437-VJE,Male,0,Yes,No,64,No,No,DSL,Yes,Yes,Yes,Yes,No,Yes,Month-to-month,No,Credit card (automatic),68.85,4378.74,No
3821-TSP,Female,0,Yes,No,56,Yes,Yes,DSL,No,Yes,Yes,No,No,No,One year,No,Mailed check,56.43,3191.53,No
3736-XSB,Female,0,Yes,No,24,Yes,Yes,Fiber optic,No,Yes,Yes,Yes,Yes,No,Two year,Yes,Electronic check,86.31,2069.01,No
1377-SVS,Female,1,Yes,Yes,28,Yes,Yes,Fiber optic,No,No,No,No,No,Yes,One year,No,Electronic check,77.03,2191.05,No
2666-VJS,Male,1,No,Yes,64,Yes,Yes,Fiber optic,Yes,No,No,No,Yes,No,One year,No,Electronic check,70.7,4492.52,No
7426-HFT,Male,0,No,No,2,Yes,No phone service,DSL,Yes,No,No,Yes,No,Yes,One year,Yes,Bank transfer (automatic),38.51,87.61,No
9977-PIJ,Female,0,No,No,38,Yes,No,DSL,Yes,No,No,No,Yes,No,One year,No,Bank transfer (automatic),64.34,2428.13,No
6074-UWV,Male,1,Yes,Yes,8,Yes,No,Fiber optic,No,Yes,Yes,No,Yes,No,One year,No,Bank transfer (automatic),43.68,410.39,Yes
9760-MXR,Female,0,Yes,No,65,Yes,No,Fiber optic,Yes,Yes,Yes,Yes,No,No,One year,Yes,Credit card (automatic),76.93,5013.34,No
9216-BSY,Female,0,Yes,Yes,2,Yes,No phone service,DSL,Yes,No,No,No,No,Yes,Month-to-month,No,Electronic check,46.81,58.77,Yes
1909-YGM,Female,0,No,No,1,Yes,No,Fiber optic,Yes,Yes,No,No,No,No,Month-to-month,Yes,Mailed check,83.37,116.09,No
7085-CQS,Male,1,Yes,No,24,No,No,Fiber optic,No,No,No,Yes,Yes,No,Month-to-month,Yes,Electronic check,77.22,1896.49,No
6714-HDQ,Female,0,No,No,14,No,Yes,Fiber optic,No,No,No,No,Yes,No,Month-to-month,Yes,Electronic check,66.87,924.38,No
3339-DQH,Male,0,No,No,36,Yes,Yes,DSL,No,Yes,No,No,No,Yes,One year,Yes,Mailed check,63.91,2272.42,No
5219-WQG,Male,0,Yes,Yes,21,Yes,No,Fiber optic,No,Yes,No,No,Yes,Yes,Month-to-month,No,Bank transfer (automatic),77.45,1549.35,Yes
3242-YNK,Male,0,No,No,26,Yes,Yes,No,No internet service,No internet service,No internet service,No internet service,No internet service,No internet service,Month-to-month,Yes,Credit card (automatic),24.84,684.37,No
1244-KBH,Male,0,Yes,No,41,Yes,No,Fiber optic,No,No,Yes,Yes,Yes,No,Two year,No,Electronic check,68.36,2741.4,No
3733-FAX,Male,0,No,Yes,40,Yes,No,DSL,No,No,Yes,Yes,No,Yes,Month-to-month,No,Mailed check,47.38,1893.51,No
4626-NIL,Male,0,Yes,No,68,Yes,No,DSL,Yes,Yes,No,Yes,Yes,No,Two year,No,Credit card (automatic),41.87,2786.78,No
5487-ECI,Male,0,No,No,35,Yes,Yes,DSL,Yes,Yes,Yes,No,Yes,No,Month-to-month,Yes,Bank transfer (automatic),59.59,2148.69,Yes
5057-ZEE,Female,0,No,Yes,41,Yes,No,No,No internet service,No internet service,No internet service,No internet service,No internet service,No internet service,Month-to-month,Yes,Bank transfer (automatic),51.04,2139.35,No
4926-XFN,Female,0,Yes,Yes,49,Yes,Yes,No,No internet service,No internet service,No internet service,No internet service,No internet service,No internet service,Month-to-month,Yes,Mailed check,33.52,1652.98,Yes
6958-ZFK,Male,0,Yes,Yes,12,Yes,No,DSL,No,No,Yes,Yes,No,Yes,Month-to-month,Yes,Mailed check,56.03,709.03,No
1305-JZP,Male,1,No,Yes,48,No,No,No,No internet service,No internet service,No internet service,No internet service,No internet service,No internet service,Month-to-month,Yes,Bank transfer (automatic),38.37,1837.13,Yes
7254-PUE,Female,0,Yes,No,62,Yes,No,DSL,Yes,No,No,No,No,Yes,Month-to-month,Yes,Electronic check,58.95,3626.03,No
1457-QRL,Female,0,No,No,23,Yes,No,Fiber optic,Yes,Yes,No,Yes,Yes,Yes,Month-to-month,No,Mailed check,76.99,1712.09,No
5778-BXE,Male,0,No,No,13,Yes,No,Fiber optic,Yes,No,No,Yes,No,No,Month-to-month,Yes,Electronic check,68.09,912.89,Yes
7264-JFB,Male,1,No,No,25,Yes,Yes,Fiber optic,Yes,Yes,No,Yes,Yes,Yes,Two year,Yes,Bank transfer (automatic),67.01,1639.92,Yes
2448-SFP,Female,1,Yes,No,20,Yes,Yes,Fiber optic,No,No,Yes,No,No,Yes,Month-to-month,No,Mailed check,78.22,1652.83,Yes
6469-ELM,Female,0,No,No,42,Yes,No,Fiber optic,No,Yes,Yes,No,No,No,Month-to-month,No,Electronic check,63.93,2646.13,Yes
9613-WTI,Male,0,No,No,63,Yes,No,DSL,Yes,Yes,Yes,Yes,Yes,Yes,Month-to-month,No,Mailed check,66.28,4211.06,No
2073-HYJ,Male,0,Yes,No,43,Yes,No,No,No internet service,No internet service,No internet service,No internet service,No internet service,No internet service,Two year,Yes,Electronic check,21.7,977.76,No
7815-CAL,Male,0,No,Yes,9,No,No phone service,DSL,No,No,Yes,No,Yes,Yes,Two year,No,Credit card (automatic),56.65,462.96,No
9121-VRE,Male,0,No,Yes,22,Yes,Yes,DSL,Yes,Yes,No,No,Yes,No,Two year,Yes,Credit card (automatic),56.94,1236.94,No
4313-FBD,Male,1,Yes,No,50,Yes,Yes,No,No internet service,No internet service,No internet service,No internet service,No internet service,No internet service,Two year,No,Electronic check,32.35,1609.45,No
8231-BFJ,Male,0,No,No,24,Yes,Yes,Fiber optic,Yes,Yes,No,Yes,No,Yes,Month-to-month,Yes,Electronic check,86.92,2207.97,No
5242-XYZ,Male,1,No,No,42,Yes,Yes,Fiber optic,No,Yes,No,Yes,Yes,No,One year,No,Credit card (automatic),94.65,3966.71,Yes
7839-COT,Female,0,Yes,No,50,Yes,Yes,DSL,Yes,Yes,No,No,No,No,Month-to-month,Yes,Credit card (automatic),69.36,3428.16,No
4397-WRQ,Female,1,No,Yes,24,Yes,No,DSL,Yes,No,No,Yes,No,Yes,Two year,No,Credit card (automatic),37.76,923.45,No
6405-HGC,Male,1,No,No,47,Yes,No,DSL,No,Yes,Yes,Yes,No,No,Month-to-month,No,Mailed check,57.78,2679.0,No
8213-VDE,Male,0,Yes,No,29,Yes,Yes,Fiber optic,Yes,Yes,No,No,Yes,No,Month-to-month,No,Electronic check,72.2,2091.65,No
2903-QDB,Female,0,No,No,9,Yes,No,Fiber optic,Yes,No,Yes,No,No,Yes,Two year,Yes,Credit card (automatic),81.97,721.81,No
6472-AAB,Female,0,Yes,Yes,27,Yes,No phone service,Fiber optic,No,No,No,Yes,No,No,Two year,No,Mailed check,70.72,1927.57,No
9611-ZQL,Female,1,No,No,32,No,No,No,No internet service,No internet service,No internet service,No internet service,No internet service,No internet service,Two year,No,Mailed check,37.03,1165.32,No
9103-CDM,Female,0,Yes,Yes,0,Yes,No,No,No internet service,No internet service,No internet service,No internet service,No internet service,No internet service,Month-to-month,No,Bank transfer (automatic),31.42,0.0,No
2891-MTA,Male,0,No,No,65,No,No,DSL,Yes,Yes,Yes,No,No,Yes,Month-to-month,Yes,Bank transfer (automatic),52.24,3433.37,No
8596-XGW,Male,0,No,No,38,Yes,Yes,No,No internet service,No internet service,No internet service,No internet service,No internet service,No internet service,Month-to-month,Yes,Electronic check,57.32,2188.28,No
7505-HVZ,Male,0,Yes,Yes,2,Yes,No,No,No internet service,No internet service,No internet service,No internet service,No internet service,No internet service,Month-to-month,No,Credit card (automatic),27.91,56.81,No
3711-TJP,Female,0,No,No,63,Yes,No,No,No internet service,No internet service,No internet service,No internet service,No internet service,No internet service,Month-to-month,Yes,Mailed check,24.28,1462.27,No
4675-ATA,Female,0,Yes,No,62,Yes,No phone service,Fiber optic,Yes,Yes,Yes,No,Yes,No,Month-to-month,No,Electronic check,42.44,2653.04,No
4200-QCH,Female,1,No,No,0,Yes,No,DSL,No,Yes,No,Yes,No,No,Two year,Yes,Electronic check,33.51,0.0,No
6039-IBO,Female,0,No,No,11,No,Yes,DSL,Yes,Yes,No,No,Yes,No,Month-to-month,No,Mailed check,69.38,772.92,Yes
6023-AHO,Male,1,Yes,Yes,26,Yes,No,No,No internet service,No internet service,No internet service,No internet service,No internet service,No internet service,One year,Yes,Bank transfer (automatic),44.63,1095.83,Yes
7197-GEH,Female,0,Yes,No,37,Yes,Yes,Fiber optic,No,Yes,Yes,No,Yes,Yes,Two year,No,Electronic check,82.19,3050.73,No
7728-HYB,Male,1,No,No,52,Yes,No,No,No internet service,No internet service,No internet service,No internet service,No internet service,No internet service,One year,Yes,Mailed check,59.92,3122.6,Yes
7688-YHH,Male,0,No,No,30,Yes,No,Fiber optic,No,Yes,No,No,No,Yes,Month-to-month,Yes,Mailed check,57.6,1719.97,Yes
5893-RVX,Female,0,No,No,44,Yes,No,DSL,No,Yes,No,Yes,No,No,Month-to-month,Yes,Mailed check,20.35,864.39,No
8092-JBN,Male,1,Yes,No,0,Yes,No,Fiber optic,No,Yes,Yes,No,No,No,Month-to-month,No,Credit card (automatic),58.75,0.0,Yes
1553-TCC,Male,0,Yes,No,48,Yes,No,No,No internet service,No internet service,No internet service,No internet service,No internet service,No internet service,One year,Yes,Electronic check,20.25,945.87,No
5129-PEP,Male,0,No,Yes,66,Yes,No phone service,DSL,No,Yes,Yes,No,Yes,Yes,Month-to-month,Yes,Credit card (automatic),52.36,3487.62,No
7307-DXE,Male,0,Yes,Yes,38,Yes,Yes,Fiber optic,Yes,No,No,Yes,No,No,Month-to-month,Yes,Mailed check,81.04,3116.17,No
1198-XTT,Female,0,Yes,No,33,Yes,No,No,No internet service,No internet service,No internet service,No internet service,No internet service,No internet service,Two year,No,Electronic check,37.43,1206.06,No
1337-MCU,Male,0,No,No,21,Yes,Yes,DSL,No,Yes,No,No,No,Yes,One year,Yes,Electronic check,67.52,1444.1,Yes
4896-WZI,Male,0,Yes,No,69,Yes,No,DSL,Yes,No,Yes,Yes,Yes,Yes,Two year,No,Credit card (automatic),56.68,3895.88,No
3671-ZNS,Male,1,No,No,2,Yes,No,Fiber optic,No,No,No,Yes,Yes,No,Month-to-month,Yes,Electronic check,71.0,164.35,Yes
9796-KQU,Female,0,No,Yes,20,Yes,Yes,No,No internet service,No internet service,No internet service,No internet service,No internet service,No internet service,Two year,Yes,Electronic check,33.14,630.04,No
4276-RIU,Female,0,Yes,No,10,Yes,No,Fiber optic,Yes,Yes,Yes,No,No,No,Month-to-month,Yes,Mailed check,75.37,749.67,Yes
3536-MCW,Male,0,Yes,No,63,Yes,No,DSL,Yes,Yes,Yes,No,No,Yes,Month-to-month,Yes,Bank transfer (automatic),43.77,2760.21,No
1934-ASE,Female,0,No,No,35,Yes,No,DSL,Yes,Yes,No,No,Yes,No,Two year,Yes,Mailed check,18.89,660.12,No
6005-ZDF,Female,0,No,No,67,Yes,No,Fiber optic,No,Yes,Yes,No,Yes,No,Two year,No,Electronic check,83.71,5621.91,No
4624-UGZ,Male,1,No,Yes,48,Yes,Yes,DSL,Yes,No,No,Yes,No,No,Month-to-month,Yes,Mailed check,58.02,2756.65,No
4775-SQM,Female,0,Yes,Yes,40,Yes,No,DSL,No,No,No,No,No,Yes,Month-to-month,No,Credit card (automatic),83.06,3303.07,No
2110-KSE,Male,0,Yes,No,37,Yes,Yes,No,No internet service,No internet service,No internet service,No internet service,No internet service,No internet service,Month-to-month,Yes,Credit card (automatic),49.46,1855.0,No
1350-NAI,Male,0,No,Yes,14,Yes,Yes,DSL,No,No,Yes,No,Yes,Yes,One year,Yes,Credit card (automatic),61.25,843.07,No
8623-FSC,Male,0,Yes,Yes,41,Yes,Yes,No,No internet service,No internet service,No internet service,No internet service,No internet service,No internet service,Two year,No,Mailed check,37.17,1506.57,No
1754-JBS,Male,0,Yes,Yes,50,Yes,No,No,No internet service,No internet service,No internet service,No internet service,No internet service,No internet service,Month-to-month,No,Electronic check,43.67,2154.04,No
8452-DCO,Male,0,No,No,70,Yes,No,Fiber optic,Yes,Yes,Yes,No,Yes,No,Month-to-month,No,Electronic check,72.61,5066.6,No
7697-DQH,Male,0,Yes,Yes,40,Yes,No,Fiber optic,No,Yes,Yes,No,No,No,One year,No,Credit card (automatic),87.65,3470.05,Yes
8568-RLN,Female,0,Yes,No,68,Yes,No,DSL,No,Yes,No,No,Yes,No,One year,Yes,Bank transfer (automatic),60.83,4161.97,No
6201-JDS,Female,0,Yes,No,68,Yes,No,Fiber optic,No,Yes,No,No,No,No,Month-to-month,No,Bank transfer (automatic),72.51,4914.96,No
8961-OJX,Female,0,Yes,No,38,Yes,No,Fiber optic,Yes,Yes,Yes,Yes,No,No,One year,Yes,Mailed check,77.82,2919.23,No
3040-KAQ,Male,0,No,No,32,Yes,Yes,DSL,No,Yes,Yes,Yes,No,Yes,Two year,No,Mailed check,52.22,1663.93,No
5077-UAR,Male,0,Yes,No,10,Yes,No,Fiber optic,No,No,No,No,Yes,No,Month-to-month,No,Mailed check,92.37,874.82,Yes
6557-MTB,Female,0,Yes,Yes,19,Yes,Yes,DSL,No,No,Yes,Yes,Yes,No,One year,Yes,Mailed check,77.35,1439.7,Yes
2007-WMB,Female,0,Yes,Yes,64,No,No,DSL,No,Yes,No,No,No,Yes,One year,Yes,Mailed check,62.54,4049.97,No
5141-MDF,Male,0,No,No,10,Yes,No,Fiber optic,Yes,No,Yes,Yes,Yes,No,Month-to-month,No,Electronic check,85.63,818.22,Yes
5585-TRR,Male,0,Yes,Yes,28,Yes,Yes,Fiber optic,No,No,No,No,No,No,Two year,Yes,Electronic check,87.73,2451.42,No
7329-FDS,Male,0,No,No,51,Yes,No,DSL,Yes,No,Yes,Yes,Yes,No,One year,Yes,Electronic check,52.4,2749.62,No
7555-IRH,Male,0,No,Yes,17,Yes,Yes,DSL,No,Yes,Yes,Yes,No,No,Month-to-month,No,Credit card (automatic),50.17,861.61,No
2361-DFI,Female,1,Yes,No,71,Yes,No phone service,DSL,Yes,No,Yes,Yes,No,No,Month-to-month,Yes,Credit card (automatic),44.09,3112.51,No
3905-ZTE,Female,0,Yes,No,47,No,No,Fiber optic,No,No,Yes,Yes,Yes,No,One year,Yes,Bank transfer (automatic),56.42,2582.17,No
3951-XTY,Male,0,Yes,Yes,2,Yes,Yes,Fiber optic,No,No,No,No,Yes,No,Month-to-month,No,Credit card (automatic),98.5,202.84,Yes
7029-NTQ,Male,0,No,No,18,Yes,No,DSL,No,No,Yes,Yes,No,Yes,Month-to-month,No,Electronic check,62.86,1104.61,No
1667-KLO,Female,0,No,No,54,Yes,Yes,Fiber optic,Yes,Yes,Yes,No,No,No,Month-to-month,Yes,Electronic check,74.84,4060.88,No
2536-UCY,Female,0,No,No,63,Yes,No,No,No internet service,No internet service,No internet service,No internet service,No internet service,No internet service,One year,No,Electronic check,45.99,2873.7,No
3644-NQK,Male,0,No,No,67,Yes,No,Fiber optic,Yes,No,Yes,Yes,Yes,No,Two year,Yes,Electronic check,84.28,5656.46,No
7522-BXJ,Female,1,No,Yes,62,Yes,No,Fiber optic,Yes,No,No,No,No,No,One year,Yes,Bank transfer (automatic),63.6,3993.82,No
7475-ACI,Male,0,Yes,No,5,No,Yes,Fiber optic,Yes,No,No,Yes,Yes,Yes,Two year,Yes,Electronic check,76.07,403.84,Yes
7363-XCY,Male,0,No,No,53,Yes,No,No,No internet service,No internet service,No internet service,No internet service,No internet service,No internet service,Month-to-month,Yes,Credit card (automatic),51.75,2696.61,No
8468-WAF,Female,0,Yes,No,8,Yes,No,No,No internet service,No internet service,No internet service,No internet service,No internet service,No internet service,Month-to-month,No,Bank transfer (automatic),51.28,413.35,No
5951-LVZ,Female,0,No,No,5,Yes,Yes,DSL,No,No,No,No,Yes,No,Two year,Yes,Electronic check,58.61,326.77,No
4271-QKY,Female,0,Yes,No,50,Yes,Yes,DSL,No,No,No,No,No,No,Month-to-month,Yes,Credit card (automatic),54.22,2657.81,No
6923-MIB,Female,0,Yes,Yes,34,Yes,No phone service,DSL,No,No,Yes,No,Yes,Yes,Two year,No,Credit card (automatic),37.31,1327.59,No
9516-PFI,Female,0,No,Yes,47,Yes,Yes,Fiber optic,No,No,No,Yes,No,Yes,Month-to-month,No,Mailed check,62.47,2941.02,No
1336-PYQ,Female,0,No,No,62,Yes,Yes,DSL,No,Yes,Yes,No,No,No,Month-to-month,No,Electronic check,58.61,3654.0,No
5153-KVV,Female,1,Yes,No,5,Yes,Yes,No,No internet service,No internet service,No internet service,No internet service,No internet service,No internet service,One year,No,Mailed check,42.94,202.67,No
7045-IUG,Male,0,No,No,38,Yes,No,DSL,Yes,No,No,No,Yes,Yes,Month-to-month,No,Mailed check,80.9,3075.82,No
4179-IYY,Female,0,No,No,60,Yes,Yes,Fiber optic,Yes,Yes,No,No,No,No,Month-to-month,No,Bank transfer (automatic),71.52,4259.89,Yes
3388-ZQV,Female,0,Yes,No,32,Yes,No,DSL,No,No,Yes,No,No,Yes,Month-to-month,No,Electronic check,35.09,1177.03,No
5761-IBU,Male,0,Yes,Yes,38,Yes,No,Fiber optic,No,Yes,No,No,Yes,Yes,Month-to-month,No,Credit card (automatic),72.24,2807.88,No
8324-LCP,Female,0,No,Yes,36,No,Yes,Fiber optic,No,No,No,No,Yes,Yes,Month-to-month,No,Electronic check,67.67,2511.25,Yes
7927-NLW,Male,0,Yes,No,66,Yes,Yes,Fiber optic,No,Yes,Yes,No,No,Yes,Two year,Yes,Credit card (automatic),68.24,4442.04,No
7193-YKN,Female,1,Yes,No,3,Yes,No,Fiber optic,No,Yes,Yes,No,Yes,No,Month-to-month,Yes,Electronic check,80.04,251.65,Yes
6984-EQB,Male,0,No,No,64,Yes,Yes,Fiber optic,Yes,Yes,Yes,No,Yes,No,Two year,Yes,Credit card (automatic),87.88,5639.44,No
4592-JWR,Female,0,No,Yes,59,Yes,No phone service,Fiber optic,No,No,Yes,No,Yes,No,Month-to-month,Yes,Electronic check,72.78,4269.33,Yes
9505-BYA,Female,0,Yes,No,59,Yes,Yes,No,No internet service,No internet service,No internet service,No internet service,No internet service,No internet service,Month-to-month,Yes,Bank transfer (automatic),20.64,1230.81,No
8264-CEB,Female,1,No,Yes,30,Yes,Yes,No,No internet service,No internet service,No internet service,No internet service,No internet service,No internet service,Month-to-month,Yes,Credit card (automatic),24.73,691.62,No
9681-DOJ,Female,1,Yes,No,37,Yes,Yes,Fiber optic,Yes,Yes,Yes,No,Yes,No,Two year,Yes,Electronic check,65.41,2471.68,No
2936-APH,Female,0,Yes,No,26,Yes,No,Fiber optic,No,No,Yes,Yes,Yes,No,One year,No,Electronic check,90.5,2299.34,No
6440-SLL,Female,0,Yes,No,18,Yes,No phone service,No,No internet service,No internet service,No internet service,No internet service,No internet service,No internet service,Two year,Yes,Credit card (automatic),51.79,940.99,No
1993-JRT,Female,0,Yes,No,63,Yes,No,Fiber optic,No,No,No,No,No,No,Month-to-month,No,Credit card (automatic),64.27,4076.63,No
2521-IGP,Female,0,Yes,No,36,Yes,No,No,No internet service,No internet service,No internet service,No internet service,No internet service,No internet service,One year,No,Bank transfer (automatic),39.72,1408.94,No
8105-WRA,Male,0,No,Yes,52,Yes,Yes,No,No internet service,No internet service,No internet service,No internet service,No internet service,No internet service,Two year,No,Mailed check,28.84,1547.72,No
2355-BOD,Male,0,No,No,7,Yes,Yes,DSL,No,Yes,Yes,Yes,Yes,Yes,Two year,Yes,Electronic check,45.62,255.47,No
3365-GSP,Female,1,No,No,57,Yes,No,DSL,No,No,Yes,No,Yes,No,Month-to-month,No,Mailed check,50.96,2903.65,No
4147-KFC,Male,0,Yes,Yes,48,Yes,Yes,Fiber optic,No,Yes,Yes,Yes,Yes,No,Two year,Yes,Bank transfer (automatic),67.69,3190.09,No
4053-JWI,Male,0,No,No,72,Yes,Yes,Fiber optic,No,Yes,Yes,No,Yes,Yes,Month-to-month,No,Electronic check,99.08,7106.69,No
1431-NTJ,Female,0,No,No,9,Yes,No,Fiber optic,No,No,No,No,Yes,Yes,Two year,Yes,Electronic check,73.0,639.72,No
9399-EGZ,Male,0,Yes,No,39,Yes,Yes,No,No internet service,No internet service,No internet service,No internet service,No internet service,No internet service,Month-to-month,Yes,Credit card (automatic),38.9,1497.68,No
2461-FYS,Female,0,Yes,No,37,Yes,Yes,Fiber optic,No,Yes,No,No,Yes,No,One year,Yes,Bank transfer (automatic),87.18,3270.14,No
4662-GFD,Female,0,Yes,No,39,Yes,No,Fiber optic,No,No,Yes,No,Yes,No,Month-to-month,No,Bank transfer (automatic),59.86,2293.51,Yes
3839-DNZ,Female,1,Yes,No,3,Yes,Yes,Fiber optic,Yes,No,Yes,No,Yes,Yes,Two year,No,Credit card (automatic),76.2,174.2,Yes
4755-WNW,Male,0,Yes,No,34,Yes,Yes,DSL,No,No,No,No,Yes,Yes,Month-to-month,No,Mailed check,36.12,1212.99,No
4488-RNT,Male,0,No,No,21,Yes,No,Fiber optic,No,Yes,No,No,No,Yes,Month-to-month,No,Electronic check,57.6,1213.57,Yes
9124-EVF,Male,0,No,Yes,45,Yes,Yes,No,No internet service,No internet service,No internet service,No internet service,No internet service,No internet service,One year,Yes,Credit card (automatic),21.48,984.21,No
6358-NKV,Female,0,Yes,No,16,Yes,No phone service,DSL,Yes,Yes,Yes,No,No,Yes,One year,No,Credit card (automatic),51.35,861.98,No
8632-EJY,Female,0,Yes,No,31,No,Yes,No,No internet service,No internet service,No internet service,No internet service,No internet service,No internet service,Month-to-month,Yes,Electronic check,18.0,482.75,Yes
8922-FEW,Female,0,No,Yes,45,Yes,No,No,No internet service,No internet service,No internet service,No internet service,No internet service,No internet service,One year,No,Electronic check,35.5,1656.6,No
3430-YPJ,Male,0,Yes,Yes,4,Yes,No,DSL,Yes,No,Yes,No,Yes,No,Month-to-month,No,Mailed check,57.68,202.07,No
7287-SXH,Female,0,Yes,No,57,Yes,No,No,No internet service,No internet service,No internet service,No internet service,No internet service,No internet service,One year,Yes,Electronic check,47.66,2706.87,No
4819-RKS,Male,0,Yes,Yes,52,Yes,Yes,Fiber optic,No,No,Yes,No,Yes,No,One year,Yes,Electronic check,91.37,4752.05,Yes
1608-ZRS,Male,0,No,Yes,4,Yes,Yes,Fiber optic,Yes,No,No,No,No,No,One year,No,Electronic check,87.9,275.64,No
8063-HAP,Male,0,Yes,No,4,Yes,No,DSL,Yes,No,No,Yes,Yes,Yes,Two year,No,Bank transfer (automatic),56.4,210.46,No
6768-AHS,Male,1,No,No,62,Yes,No phone service,DSL,No,Yes,Yes,No,Yes,Yes,Month-to-month,No,Electronic check,51.22,3210.36,Yes
7742-XBS,Male,0,No,No,20,Yes,No,Fiber optic,No,Yes,No,No,Yes,No,Month-to-month,No,Credit card (automatic),87.57,1773.5,No
5423-FWP,Female,1,Yes,Yes,62,Yes,No,DSL,No,No,No,No,Yes,No,One year,No,Bank transfer (automatic),68.57,4233.82,No
9830-MSB,Male,1,No,No,36,Yes,Yes,DSL,No,No,Yes,Yes,Yes,No,Month-to-month,Yes,Mailed check,36.26,1312.82,No
1762-KOD,Female,0,Yes,No,24,Yes,Yes,No,No internet service,No internet service,No internet service,No internet service,No internet service,No internet service,Month-to-month,Yes,Credit card (automatic),18.0,448.15,No
5749-VMD,Male,0,No,Yes,19,No,No,Fiber optic,Yes,No,No,No,Yes,No,Two year,No,Bank transfer (automatic),49.21,925.93,No
5229-NAQ,Female,0,Yes,No,48,Yes,No,Fiber optic,No,No,No,Yes,Yes,Yes,Month-to-month,Yes,Bank transfer (automatic),67.65,3264.44,No
7179-RPU,Female,0,Yes,No,8,Yes,No,No,No internet service,No internet service,No internet service,No internet service,No internet service,No internet service,Month-to-month,No,Credit card (automatic),40.07,292.54,No
5930-FSI,Female,1,No,No,29,No,No phone service,DSL,No,No,No,No,No,No,Two year,Yes,Credit card (automatic),74.19,2118.42,No
5970-SLA,Male,0,No,No,25,No,No phone service,DSL,No,Yes,Yes,No,Yes,No,Month-to-month,No,Bank transfer (automatic),69.02,1715.11,No
4008-DKG,Female,0,Yes,No,11,Yes,Yes,Fiber optic,Yes,Yes,Yes,No,No,Yes,Month-to-month,Yes,Bank transfer (automatic),96.05,972.05,Yes
5664-RJN,Female,0,No,Yes,25,Yes,No,Fiber optic,No,No,Yes,No,No,No,Month-to-month,No,Mailed check,71.11,1802.01,Yes
4963-SQW,Female,0,No,Yes,38,Yes,No,DSL,No,Yes,Yes,No,No,No,Month-to-month,Yes,Bank transfer (automatic),45.65,1737.61,No
5987-QLB,Female,0,No,Yes,49,Yes,No,No,No internet service,No internet service,No internet service,No internet service,No internet service,No internet service,One year,Yes,Mailed check,36.45,1778.27,No
8840-NIQ,Female,0,No,No,6,No,Yes,DSL,No,Yes,Yes,No,No,Yes,Two year,Yes,Credit card (automatic),81.07,514.3,No
3413-TIY,Male,0,Yes,No,63,Yes,No,Fiber optic,No,Yes,No,No,No,Yes,One year,No,Mailed check,75.86,4792.73,No
6623-NAU,Female,0,Yes,No,64,Yes,Yes,Fiber optic,Yes,No,No,Yes,Yes,Yes,Month-to-month,Yes,Electronic check,85.97,5539.31,No
4276-BBK,Female,0,No,No,50,Yes,No phone service,Fiber optic,Yes,Yes,No,Yes,No,No,Month-to-month,Yes,Mailed check,67.57,3433.79,No
8089-KJI,Male,0,Yes,No,67,Yes,Yes,DSL,Yes,No,No,Yes,Yes,Yes,Month-to-month,No,Mailed check,52.74,3545.15,No
2470-MMI,Female,0,No,No,31,Yes,No,DSL,No,Yes,Yes,Yes,No,Yes,One year,Yes,Mailed check,40.18,1220.39,No
4282-TYV,Female,1,Yes,Yes,59,Yes,No,No,No internet service,No internet service,No internet service,No internet service,No internet service,No internet service,One year,Yes,Bank transfer (automatic),22.6,1358.77,No
7021-CMS,Female,0,Yes,No,53,Yes,No,No,No internet service,No internet service,No internet service,No internet service,No internet service,No internet service,Month-to-month,Yes,Credit card (automatic),47.68,2501.96,No
9715-RTW,Male,0,Yes,No,41,Yes,No,Fiber optic,No,No,Yes,Yes,Yes,Yes,Two year,Yes,Electronic check,98.44,4009.36,Yes
2751-ZMX,Male,0,No,Yes,13,Yes,No,DSL,No,Yes,No,Yes,No,Yes,One year,Yes,Credit card (automatic),58.52,750.52,No
5506-WXK,Female,1,No,Yes,40,Yes,No,Fiber optic,Yes,Yes,No,No,No,Yes,Month-to-month,Yes,Bank transfer (automatic),93.56,3782.93,Yes
6006-IRN,Female,0,No,No,65,Yes,No,DSL,Yes,Yes,No,Yes,Yes,No,One year,Yes,Electronic check,63.4,4147.26,Yes
2470-OKW,Female,0,No,Yes,71,Yes,Yes,DSL,No,No,Yes,No,Yes,Yes,One year,Yes,Electronic check,55.12,3944.52,No
2629-MLM,Female,0,Yes,No,32,Yes,No,DSL,Yes,No,Yes,Yes,No,Yes,Month-to-month,Yes,Credit card (automatic),56.98,1827.66,No
8831-SWR,Male,0,No,No,18,Yes,No,DSL,No,No,No,No,Yes,No,Month-to-month,Yes,Credit card (automatic),47.75,879.43,No
2358-CKY,Female,0,Yes,No,54,Yes,No,DSL,Yes,Yes,Yes,No,Yes,No,One year,No,Electronic check,51.82,2819.31,No
9574-DDL,Male,0,No,Yes,5,Yes,No,DSL,No,No,Yes,No,No,Yes,Two year,Yes,Bank transfer (automatic),58.81,269.96,No
2423-BCK,Female,0,No,No,11,Yes,Yes,No,No internet service,No internet service,No internet service,No internet service,No internet service,No internet service,One year,Yes,Electronic check,55.28,628.67,Yes
5693-JZU,Female,0,No,Yes,41,Yes,Yes,Fiber optic,No,Yes,No,No,Yes,No,One year,No,Bank transfer (automatic),80.62,3305.28,Yes
8990-TFY,Male,1,Yes,No,72,Yes,Yes,Fiber optic,No,No,Yes,No,No,No,One year,Yes,Electronic check,73.58,5283.59,No
8263-ZAR,Male,0,Yes,No,24,Yes,Yes,DSL,No,Yes,No,No,No,No,Month-to-month,No,Mailed check,33.1,781.91,No
6407-AWD,Male,0,No,No,32,Yes,Yes,No,No internet service,No internet service,No internet service,No internet service,No internet service,No internet service,Month-to-month,Yes,Mailed check,52.55,1662.27,Yes
4186-DKL,Male,0,No,No,23,Yes,Yes,DSL,No,Yes,Yes,No,No,No,Month-to-month,Yes,Mailed check,37.63,855.66,No
6873-SWF,Male,0,No,Yes,32,Yes,No,DSL,No,Yes,Yes,Yes,Yes,Yes,Two year,No,Electronic check,46.67,1493.16,No
5881-PYN,Male,0,No,No,0,Yes,Yes,Fiber optic,No,No,Yes,No,No,Yes,Two year,Yes,Bank transfer (automatic),61.97,0.0,Yes
6277-BIF,Male,1,Yes,No,43,Yes,No,Fiber optic,No,No,Yes,No,Yes,Yes,Two year,No,Credit card (automatic),49.94,2200.25,No
8592-CVY,Male,0,Yes,Yes,43,No,No phone service,No,No internet service,No internet service,No internet service,No internet service,No internet service,No internet service,Month-to-month,Yes,Bank transfer (automatic),30.25,1320.65,No
6808-EDK,Male,1,No,No,23,Yes,No,Fiber optic,No,Yes,No,No,Yes,Yes,Month-to-month,Yes,Credit card (automatic),87.92,2026.26,Yes
1021-WBT,Male,0,Yes,Yes,19,No,Yes,Fiber optic,No,No,Yes,Yes,Yes,Yes,One year,Yes,Credit card (automatic),70.57,1270.83,No
3266-HGJ,Male,0,Yes,Yes,55,Yes,Yes,DSL,No,No,No,Yes,No,Yes,Month-to-month,No,Electronic check,68.86,3871.96,No
6556-YLN,Male,0,No,No,13,No,Yes,Fiber optic,No,Yes,No,No,Yes,Yes,Month-to-month,Yes,Electronic check,93.98,1196.96,No
1233-JWA,Female,0,No,No,3,Yes,Yes,Fiber optic,Yes,No,Yes,No,No,No,Two year,Yes,Bank transfer (automatic),81.16,219.83,No
6342-FKM,Male,0,Yes,No,2,No,No,DSL,Yes,Yes,No,No,No,No,One year,No,Bank transfer (automatic),19.96,84.17,No
4477-NCM,Male,0,Yes,No,64,Yes,Yes,DSL,No,Yes,Yes,No,No,No,One year,Yes,Credit card (automatic),63.08,3998.58,No
5601-JZU,Female,0,Yes,No,26,Yes,Yes,No,No internet service,No internet service,No internet service,No internet service,No internet service,No internet service,Month-to-month,Yes,Electronic check,33.39,881.15,No
5693-CAP,Male,0,No,No,7,Yes,Yes,DSL,No,No,Yes,No,Yes,No,Month-to-month,Yes,Electronic check,73.12,495.64,Yes
6575-BAW,Female,0,No,Yes,64,Yes,Yes,DSL,No,No,Yes,No,Yes,Yes,Month-to-month,No,Credit card (automatic),52.27,3336.44,No
9207-ANO,Female,0,Yes,Yes,10,Yes,Yes,No,No internet service,No internet service,No internet service,No internet service,No internet service,No internet service,Month-to-month,Yes,Credit card (automatic),35.45,356.24,Yes
7213-IWR,Male,0,Yes,Yes,24,Yes,Yes,Fiber optic,No,Yes,No,No,No,No,Month-to-month,No,Mailed check,84.1,1976.62,Yes
8064-MOY,Female,0,No,No,1,Yes,No,Fiber optic,No,No,No,No,Yes,No,Month-to-month,No,Mailed check,68.27,63.95,Yes
4632-KYJ,Female,0,Yes,No,49,Yes,Yes,Fiber optic,No,No,Yes,No,No,Yes,Two year,Yes,Credit card (automatic),48.32,2403.59,No
1207-PKA,Male,0,No,No,51,Yes,Yes,DSL,No,Yes,No,No,Yes,Yes,Month-to-month,Yes,Mailed check,18.0,915.39,No
5494-OWI,Male,1,Yes,No,55,Yes,No,No,No internet service,No internet service,No internet service,No internet service,No internet service,No internet service,Month-to-month,Yes,Bank transfer (automatic),63.43,3611.1,No
2489-KSN,Female,0,Yes,No,19,Yes,Yes,DSL,No,Yes,No,Yes,No,Yes,Month-to-month,Yes,Credit card (automatic),37.61,717.8,No
7014-CYH,Male,1,No,No,23,Yes,Yes,No,No internet service,No internet service,No internet service,No internet service,No internet service,No internet service,One year,Yes,Electronic check,22.39,473.09,Yes
8816-PMZ,Male,0,No,No,68,Yes,Yes,DSL,Yes,No,No,No,No,Yes,Month-to-month,Yes,Electronic check,60.55,4099.15,No
1827-ZVJ,Female,0,No,No,59,Yes,No,Fiber optic,No,Yes,Yes,No,Yes,Yes,Month-to-month,No,Credit card (automatic),61.18,3541.91,No
3228-JTC,Male,0,No,No,2,No,No,Fiber optic,No,No,Yes,Yes,No,Yes,Month-to-month,Yes,Mailed check,67.54,172.8,No
6057-CBM,Female,0,Yes,No,50,Yes,No phone service,DSL,No,No,Yes,Yes,Yes,No,Month-to-month,No,Electronic check,23.48,1230.19,No
1024-SDW,Male,0,Yes,No,59,Yes,No,Fiber optic,Yes,Yes,Yes,Yes,No,Yes,One year,No,Mailed check,81.67,4848.03,No
3457-WHL,Female,0,No,No,40,No,No,No,No internet service,No internet service,No internet service,No internet service,No internet service,No internet service,Month-to-month,Yes,Bank transfer (automatic),37.4,1466.6,No
2992-SWZ,Male,1,Yes,No,46,Yes,No,DSL,No,Yes,Yes,Yes,Yes,Yes,Month-to-month,No,Electronic check,49.4,2241.86,No
5802-EDF,Female,0,No,No,0,Yes,Yes,No,No internet service,No internet service,No internet service,No internet service,No internet service,No internet service,Two year,No,Bank transfer (automatic),49.13,0.0,No
1936-JPT,Male,0,No,Yes,2,No,Yes,DSL,Yes,No,No,Yes,Yes,No,Month-to-month,Yes,Electronic check,38.03,57.83,No
7057-ISA,Female,0,Yes,No,2,Yes,No,Fiber optic,No,No,No,Yes,No,Yes,One year,Yes,Electronic check,65.23,100.34,Yes
6881-YQV,Male,1,No,No,11,Yes,Yes,Fiber optic,No,No,Yes,No,No,No,Month-to-month,Yes,Electronic check,69.05,725.51,Yes
8038-CCT,Female,0,No,Yes,72,No,Yes,Fiber optic,Yes,No,No,No,Yes,No,One year,Yes,Mailed check,54.72,4005.26,No
6858-AEF,Female,0,Yes,No,46,No,No phone service,Fiber optic,Yes,No,Yes,Yes,Yes,Yes,Month-to-month,No,Credit card (automatic),66.05,3022.06,No
2763-AUJ,Female,1,No,Yes,57,Yes,No,Fiber optic,No,No,No,No,Yes,No,Month-to-month,Yes,Mailed check,63.6,3654.31,Yes
9974-IIQ,Male,0,Yes,No,21,Yes,Yes,Fiber optic,No,No,No,No,Yes,Yes,Month-to-month,Yes,Credit card (automatic),97.83,2073.67,Yes
5646-ESJ,Male,0,No,No,68,Yes,No,Fiber optic,Yes,No,Yes,Yes,No,No,Two year,No,Electronic check,76.6,5179.1,No
9532-AQC,Male,0,No,No,14,Yes,No,Fiber optic,No,No,Yes,Yes,No,No,Month-to-month,No,Mailed check,52.3,733.62,No
7353-BHT,Female,1,Yes,No,65,Yes,Yes,Fiber optic,Yes,Yes,No,No,Yes,No,Two year,Yes,Mailed check,86.68,5599.16,No
4339-HXE,Male,0,No,No,2,Yes,No,DSL,No,Yes,Yes,No,No,Yes,Two year,Yes,Credit card (automatic),50.67,152.02,No
1377-FON,Male,0,Yes,No,1,Yes,No,DSL,Yes,Yes,No,Yes,No,Yes,Month-to-month,Yes,Bank transfer (automatic),52.24,20.36,No
2227-FBQ,Male,0,No,Yes,5,Yes,Yes,Fiber optic,No,No,No,No,No,Yes,Month-to-month,No,Bank transfer (automatic),73.87,382.13,No
2277-WMN,Male,0,Yes,No,57,No,Yes,No,No internet service,No internet service,No internet service,No internet service,No internet service,No internet service,Month-to-month,Yes,Electronic check,49.94,2829.28,No
6508-XEL,Female,0,No,No,18,Yes,No,DSL,No,Yes,No,No,Yes,No,Two year,Yes,Credit card (automatic),42.2,727.23,No
5613-XZJ,Female,1,No,No,32,Yes,No,Fiber optic,No,No,Yes,No,No,No,One year,No,Credit card (automatic),87.97,2852.75,Yes
5838-CBY,Male,0,Yes,No,34,Yes,Yes,DSL,Yes,Yes,Yes,No,No,No,Month-to-month,Yes,Credit card (automatic),52.32,1760.64,Yes
3210-JBN,Female,0,No,Yes,57,Yes,No,Fiber optic,No,Yes,Yes,No,Yes,Yes,Month-to-month,Yes,Electronic check,59.66,3336.58,No
6286-HWJ,Male,0,Yes,Yes,25,Yes,Yes,Fiber optic,Yes,Yes,No,No,No,No,Two year,No,Electronic check,61.98,1564.35,No
7977-IBW,Female,1,Yes,No,0,Yes,No,Fiber optic,No,Yes,Yes,No,No,Yes,Month-to-month,No,Bank transfer (automatic),68.16,0.0,Yes
7994-UNG,Female,0,No,No,28,Yes,No,Fiber optic,Yes,No,No,No,No,Yes,Month-to-month,Yes,Mailed check,57.62,1618.88,Yes
8664-RKS,Female,0,No,Yes,21,Yes,No phone service,Fiber optic,No,No,Yes,No,Yes,No,Month-to-month,No,Bank transfer (automatic),66.73,1431.29,Yes
4661-RZB,Male,0,Yes,No,53,Yes,No,DSL,No,No,No,Yes,Yes,Yes,Month-to-month,Yes,Electronic check,62.48,3323.92,No
4097-HFX,Female,0,Yes,No,54,Yes,No phone service,Fiber optic,Yes,No,Yes,No,No,No,Two year,Yes,Bank transfer (automatic),104.18,5656.83,Yes
9771-DXT,Male,0,No,Yes,6,Yes,No phone service,DSL,No,No,Yes,No,No,No,Two year,Yes,Electronic check,46.51,233.62,Yes
1993-ZFH,Female,0,Yes,Yes,57,Yes,No,No,No internet service,No internet service,No internet service,No internet service,No internet service,No internet service,Month-to-month,Yes,Mailed check,36.09,2099.08,No
8704-NFJ,Male,0,No,No,5,No,Yes,No,No internet service,No internet service,No internet service,No internet service,No internet service,No internet service,Month-to-month,Yes,Electronic check,37.45,176.84,Yes
3838-GJS,Male,0,No,No,45,Yes,Yes,DSL,Yes,No,No,No,No,Yes,Two year,Yes,Credit card (automatic),45.21,1984.52,No
4053-TGM,Male,0,No,No,28,Yes,Yes,DSL,Yes,No,Yes,Yes,Yes,No,Month-to-month,Yes,Electronic check,69.61,1863.17,No
2614-SJA,Male,0,Yes,No,21,Yes,No,Fiber optic,No,No,Yes,No,Yes,No,Month-to-month,No,Bank transfer (automatic),96.27,2010.88,Yes
5575-IAK,Female,0,Yes,No,35,Yes,No,No,No internet service,No internet service,No internet service,No internet service,No internet service,No internet service,Month-to-month,Yes,Electronic check,34.58,1182.78,No
1373-KOB,Female,0,No,Yes,22,Yes,Yes,DSL,Yes,No,Yes,No,No,No,One year,Yes,Electronic check,61.69,1330.21,No
2595-BEV,Male,0,No,No,57,Yes,Yes,Fiber optic,No,No,No,No,No,Yes,Two year,Yes,Mailed check,59.49,3402.63,No
1589-CUE,Female,0,Yes,No,70,Yes,Yes,Fiber optic,No,Yes,No,No,No,No,One year,No,Electronic check,78.55,5558.71,No
3570-ONA,Female,0,No,Yes,59,Yes,Yes,Fiber optic,No,No,No,No,No,Yes,Month-to-month,Yes,Mailed check,71.43,4182.81,No
5718-XGI,Female,1,Yes,Yes,32,Yes,No phone service,Fiber optic,No,No,No,No,Yes,Yes,One year,Yes,Electronic check,78.46,2513.94,Yes
8335-JZU,Male,0,No,No,36,Yes,Yes,DSL,Yes,Yes,Yes,No,No,No,Month-to-month,No,Bank transfer (automatic),53.68,1912.61,Yes
4911-TZR,Female,0,No,No,32,Yes,No,No,No internet service,No internet service,No internet service,No internet service,No internet service,No internet service,Two year,Yes,Credit card (automatic),51.49,1613.14,No
2851-YTR,Female,1,Yes,No,57,Yes,No,DSL,No,Yes,Yes,Yes,Yes,Yes,Month-to-month,No,Bank transfer (automatic),61.98,3497.3,Yes
5696-SON,Female,0,Yes,Yes,40,Yes,No,No,No internet service,No internet service,No internet service,No internet service,No internet service,No internet service,Month-to-month,Yes,Electronic check,47.64,1963.08,No
9176-LYB,Female,1,Yes,Yes,34,Yes,No,DSL,Yes,Yes,Yes,Yes,Yes,No,Month-to-month,No,Mailed check,57.25,1946.96,No
1021-GGM,Female,0,No,No,29,Yes,No,Fiber optic,No,No,No,No,Yes,No,Month-to-month,Yes,Electronic check,90.5,2617.85,Yes
3643-GMN,Male,0,Yes,No,27,Yes,No,Fiber optic,Yes,No,No,No,Yes,No,Month-to-month,No,Mailed check,68.75,1832.26,No
6327-KWH,Male,0,Yes,No,40,Yes,No,Fiber optic,No,Yes,Yes,No,No,No,One year,Yes,Credit card (automatic),74.08,2965.55,No
9893-TLQ,Female,1,Yes,Yes,50,Yes,No,DSL,Yes,No,Yes,Yes,No,No,One year,Yes,Electronic check,48.56,2405.67,No
3834-STQ,Male,0,No,Yes,31,Yes,No phone service,Fiber optic,No,Yes,Yes,No,Yes,Yes,Two year,No,Electronic check,63.04,2021.79,No
7343-EDC,Female,0,No,No,58,Yes,No,DSL,Yes,No,No,No,No,Yes,Month-to-month,Yes,Credit card (automatic),42.06,2448.29,No
6826-NVI,Female,0,No,No,60,Yes,Yes,Fiber optic,Yes,Yes,Yes,Yes,No,No,Month-to-month,Yes,Mailed check,90.58,5439.68,No
1639-ROA,Male,0,No,Yes,31,Yes,Yes,No,No internet service,No internet service,No internet service,No internet service,No internet service,No internet service,Month-to-month,No,Electronic check,44.08,1370.57,Yes
1147-RHK,Male,1,Yes,No,66,Yes,No,Fiber optic,No,Yes,No,Yes,No,No,Month-to-month,Yes,Credit card (automatic),100.4,6672.17,Yes
1468-XZL,Male,0,Yes,Yes,12,Yes,No,Fiber optic,No,No,Yes,No,Yes,No,Month-to-month,Yes,Electronic check,85.76,1028.35,Yes
6429-EZZ,Male,0,Yes,No,68,Yes,No,Fiber optic,No,No,No,No,Yes,Yes,Two year,Yes,Bank transfer (automatic),52.08,3524.76,No
8949-HKL,Male,0,No,Yes,21,No,No,Fiber optic,Yes,Yes,No,No,Yes,No,Two year,Yes,Electronic check,74.16,1563.0,No
5667-GSJ,Male,0,No,Yes,41,Yes,No,No,No internet service,No internet service,No internet service,No internet service,No internet service,No internet service,Month-to-month,Yes,Credit card (automatic),32.35,1354.05,No
2977-JBD,Female,0,No,Yes,20,No,No,Fiber optic,Yes,Yes,No,No,No,Yes,Two year,No,Bank transfer (automatic),80.86,1658.6,No
8588-KPE,Male,0,No,Yes,32,No,No phone service,No,No internet service,No internet service,No internet service,No internet service,No internet service,No internet service,One year,Yes,Electronic check,44.74,1439.21,No
9361-MSC,Female,0,Yes,No,24,No,No,No,No internet service,No internet service,No internet service,No internet service,No internet service,No internet service,Month-to-month,Yes,Credit card (automatic),50.1,1210.43,No
3524-VGE,Female,0,Yes,No,51,No,No phone service,Fiber optic,No,No,Yes,No,No,Yes,One year,Yes,Electronic check,61.05,3148.3,No
4012-AER,Female,1,No,No,5,Yes,No phone service,Fiber optic,No,No,No,No,Yes,Yes,Month-to-month,Yes,Credit card (automatic),63.8,223.3,Yes
5376-BGS,Female,0,No,No,61,Yes,No,Fiber optic,No,No,Yes,No,Yes,Yes,Month-to-month,Yes,Bank transfer (automatic),97.81,5969.5,Yes
8750-DUT,Female,0,No,Yes,65,Yes,Yes,Fiber optic,Yes,Yes,No,Yes,No,No,Two year,Yes,Electronic check,62.33,4030.99,No
2907-QNZ,Female,0,No,No,41,Yes,Yes,DSL,Yes,Yes,No,No,Yes,Yes,One year,Yes,Mailed check,49.43,2028.66,Yes
9054-QDT,Male,0,Yes,No,39,Yes,No,DSL,No,Yes,No,No,Yes,No,Month-to-month,No,Electronic check,35.05,1379.4,No
8128-PGV,Male,0,Yes,Yes,51,Yes,Yes,DSL,Yes,No,Yes,No,No,No,Month-to-month,Yes,Bank transfer (automatic),61.49,3179.57,No
4079-TOK,Male,0,Yes,No,14,Yes,No,Fiber optic,No,No,Yes,Yes,No,No,Two year,Yes,Bank transfer (automatic),76.76,1026.18,No
8329-IFX,Female,0,Yes,Yes,54,No,No,Fiber optic,No,Yes,Yes,No,Yes,No,Month-to-month,Yes,Mailed check,90.61,4867.77,No
9334-AMR,Male,0,Yes,No,15,Yes,Yes,DSL,No,No,Yes,No,Yes,No,Two year,Yes,Credit card (automatic),58.51,846.52,No
3879-DFX,Male,0,Yes,No,49,No,No,Fiber optic,No,Yes,No,No,No,No,Two year,No,Credit card (automatic),82.71,4031.55,No
3856-CIH,Male,0,No,No,22,Yes,Yes,Fiber optic,No,Yes,Yes,Yes,No,Yes,Month-to-month,No,Mailed check,75.73,1618.1,No
8302-AKT,Female,0,Yes,Yes,54,Yes,No phone service,No,No internet service,No internet service,No internet service,No internet service,No internet service,No internet service,One year,No,Bank transfer (automatic),34.07,1914.59,No
3914-KDV,Male,0,No,Yes,57,Yes,Yes,DSL,No,No,No,Yes,Yes,Yes,One year,Yes,Electronic check,46.79,2697.51,No
6629-PJF,Female,1,Yes,No,15,Yes,No,DSL,Yes,No,No,No,Yes,No,Two year,Yes,Credit card (automatic),64.18,935.56,No
8411-GDG,Male,0,No,No,45,Yes,No,Fiber optic,No,No,No,No,Yes,Yes,Month-to-month,No,Credit card (automatic),65.7,2957.04,No
6283-JBA,Female,0,Yes,No,36,Yes,No,Fiber optic,No,Yes,No,No,Yes,Yes,Month-to-month,No,Credit card (automatic),90.8,3253.58,Yes
2133-YZQ,Female,0,Yes,No,21,Yes,Yes,DSL,Yes,No,No,No,No,No,Month-to-month,Yes,Bank transfer (automatic),44.86,947.52,No
7286-VNR,Male,0,No,Yes,42,Yes,Yes,DSL,No,Yes,No,No,No,Yes,One year,Yes,Electronic check,71.06,2957.65,Yes
1952-BAW,Female,0,Yes,No,72,Yes,Yes,No,No internet service,No internet service,No internet service,No internet service,No internet service,No internet service,Two year,Yes,Electronic check,32.17,2262.93,No
3329-DMB,Female,0,No,Yes,0,Yes,No,Fiber optic,No,Yes,No,Yes,Yes,No,One year,Yes,Mailed check,74.37,0.0,Yes
1677-CJF,Female,0,No,No,69,Yes,No,DSL,No,No,Yes,Yes,Yes,No,One year,No,Electronic check,45.99,3221.66,No
3337-ZXE,Female,1,No,No,62,Yes,Yes,Fiber optic,No,Yes,No,Yes,Yes,Yes,Month-to-month,Yes,Mailed check,108.5,6675.03,No
6599-GOJ,Male,0,No,Yes,38,Yes,No,DSL,No,Yes,No,No,No,Yes,Month-to-month,No,Mailed check,61.89,2390.22,No
5389-IDB,Female,0,Yes,No,44,Yes,Yes,Fiber optic,No,No,Yes,No,Yes,No,Two year,Yes,Bank transfer (automatic),119.0,5255.6,Yes
4416-IPI,Male,0,No,Yes,26,Yes,No,Fiber optic,Yes,Yes,Yes,Yes,No,No,Month-to-month,No,Bank transfer (automatic),89.24,2306.25,Yes
8578-LYM,Male,0,Yes,No,9,Yes,No,DSL,Yes,No,No,No,No,Yes,Two year,Yes,Electronic check,44.7,428.55,No
7023-PTV,Female,0,Yes,No,41,Yes,Yes,DSL,Yes,Yes,Yes,No,No,No,Month-to-month,No,Bank transfer (automatic),33.82,1393.92,No
5626-PFK,Female,0,No,No,59,Yes,No,No,No internet service,No internet service,No internet service,No internet service,No internet service,No internet service,Month-to-month,No,Electronic check,43.61,2498.18,No
7160-YSQ,Male,0,Yes,No,16,No,Yes,No,No internet service,No internet service,No internet service,No internet service,No internet service,No internet service,Two year,Yes,Electronic check,37.73,589.52,No
3143-MXI,Female,0,Yes,Yes,52,Yes,No,DSL,Yes,Yes,Yes,No,No,Yes,Month-to-month,Yes,Mailed check,64.22,3326.31,No
5588-ARK,Female,0,No,No,54,Yes,Yes,Fiber optic,Yes,Yes,Yes,Yes,No,No,Month-to-month,Yes,Electronic check,101.24,5517.53,No
5691-DPO,Female,0,Yes,No,55,Yes,No,DSL,No,Yes,Yes,No,No,No,One year,Yes,Electronic check,56.55,3096.22,Yes
7628-YFW,Male,0,No,No,24,Yes,No,No,No internet service,No internet service,No internet service,No internet service,No internet service,No internet service,One year,No,Electronic check,44.24,1054.38,No
8077-KIU,Male,0,Yes,No,28,Yes,No,No,No internet service,No internet service,No internet service,No internet service,No internet service,No internet service,Two year,No,Electronic check,48.82,1326.32,No
6020-MPL,Female,0,Yes,No,30,Yes,No,Fiber optic,No,No,No,No,No,Yes,Two year,No,Electronic check,81.47,2441.88,Yes
9392-SES,Female,0,No,No,62,No,No,Fiber optic,No,No,Yes,No,Yes,Yes,One year,Yes,Mailed check,63.26,3880.51,No
4821-ICJ,Female,0,No,Yes,65,Yes,Yes,Fiber optic,No,Yes,No,No,No,Yes,Month-to-month,No,Credit card (automatic),90.11,5895.16,No
4851-ZSQ,Male,0,Yes,Yes,30,Yes,No,DSL,Yes,No,No,Yes,No,No,Month-to-month,No,Electronic check,44.51,1320.58,No
3864-MQP,Male,0,Yes,No,70,Yes,Yes,Fiber optic,No,No,No,Yes,Yes,No,Two year,Yes,Electronic check,87.44,6079.1,No
7665-ROK,Male,0,Yes,No,41,Yes,Yes,DSL,No,No,No,No,No,Yes,Month-to-month,No,Electronic check,64.31,2679.6,No
8527-CBN,Male,0,No,No,28,Yes,Yes,Fiber optic,No,Yes,Yes,No,No,Yes,Two year,Yes,Electronic check,88.77,2439.85,No
7470-UWU,Female,0,No,No,0,Yes,No,Fiber optic,No,Yes,No,No,No,Yes,One year,Yes,Mailed check,59.93,0.0,Yes
7835-WKJ,Female,1,No,Yes,44,Yes,No,DSL,No,No,Yes,Yes,Yes,No,Month-to-month,No,Mailed check,43.2,1848.75,No
3833-IEF,Female,0,No,Yes,47,Yes,No,Fiber optic,No,Yes,No,No,No,Yes,Month-to-month,Yes,Bank transfer (automatic),81.85,3857.21,No
4696-RHO,Female,0,Yes,No,70,Yes,Yes,No,No internet service,No internet service,No internet service,No internet service,No internet service,No internet service,One year,Yes,Bank transfer (automatic),41.31,2929.06,No
6809-BFA,Female,0,No,No,52,Yes,Yes,Fiber optic,No,Yes,Yes,Yes,No,Yes,Month-to-month,Yes,Credit card (automatic),65.19,3367.19,No
1048-CUY,Female,0,Yes,No,2,Yes,Yes,Fiber optic,No,Yes,No,Yes,Yes,No,Month-to-month,No,Credit card (automatic),74.92,108.55,No
7801-AGU,Male,0,No,Yes,41,Yes,No,No,No internet service,No internet service,No internet service,No internet service,No internet service,No internet service,One year,Yes,Electronic check,18.0,697.8,No
6794-JUC,Female,0,No,No,54,Yes,No,DSL,Yes,Yes,No,No,No,No,Month-to-month,Yes,Electronic check,56.24,3035.02,Yes
4210-NNO,Female,0,Yes,No,36,Yes,No phone service,Fiber optic,No,Yes,No,Yes,Yes,Yes,Month-to-month,Yes,Mailed check,69.15,2556.88,No
3517-XHO,Female,0,No,Yes,31,Yes,No phone service,Fiber optic,No,Yes,Yes,No,No,Yes,One year,Yes,Bank transfer (automatic),87.92,2762.9,Yes
4637-OOO,Male,0,Yes,Yes,59,Yes,No phone service,DSL,No,No,No,No,No,No,Two year,Yes,Bank transfer (automatic),66.76,3979.81,No
7694-RIU,Female,0,No,No,44,Yes,No,No,No internet service,No internet service,No internet service,No internet service,No internet service,No internet service,Month-to-month,No,Mailed check,32.71,1401.79,Yes
5007-CZD,Male,0,No,No,49,Yes,Yes,Fiber optic,Yes,Yes,No,Yes,Yes,Yes,Two year,No,Credit card (automatic),97.79,4830.1,No
9274-BCY,Male,0,No,No,33,Yes,Yes,DSL,Yes,Yes,Yes,No,Yes,Yes,Two year,No,Mailed check,59.56,2000.03,No
7708-PQZ,Female,0,No,Yes,20,Yes,No,DSL,No,Yes,Yes,No,No,No,Month-to-month,No,Credit card (automatic),51.28,1036.28,No
6614-DQT,Male,0,Yes,No,37,Yes,Yes,No,No internet service,No internet service,No internet service,No internet service,No internet service,No internet service,Month-to-month,Yes,Credit card (automatic),44.81,1635.87,No
4930-IVE,Male,0,No,No,70,Yes,No,No,No internet service,No internet service,No internet service,No internet service,No internet service,No internet service,Two year,Yes,Mailed check,34.64,2458.83,No
6865-USE,Male,0,Yes,No,43,Yes,No,DSL,No,Yes,No,No,No,No,Month-to-month,Yes,Electronic check,76.69,3273.94,Yes
8456-PLE,Female,1,No,No,51,Yes,Yes,Fiber optic,Yes,No,Yes,No,No,Yes,Two year,Yes,Electronic check,74.3,3812.3,No
2054-ICC,Female,0,No,No,9,Yes,No,DSL,Yes,Yes,Yes,No,No,No,One year,No,Mailed check,54.82,480.06,No
6791-YMZ,Male,1,Yes,No,72,Yes,No,Fiber optic,Yes,No,Yes,No,No,Yes,Month-to-month,Yes,Credit card (automatic),91.79,6574.39,No
8265-DBJ,Female,0,No,No,17,Yes,Yes,Fiber optic,Yes,No,No,Yes,Yes,No,Month-to-month,No,Credit card (automatic),67.02,1125.16,Yes
1499-DTD,Female,0,No,No,70,Yes,Yes,DSL,No,No,Yes,Yes,No,No,Month-to-month,Yes,Electronic check,41.99,3008.18,No
9947-FWC,Male,0,Yes,No,32,Yes,No phone service,Fiber optic,No,No,Yes,No,Yes,No,Two year,Yes,Electronic check,62.38,1955.35,No
4770-DWB,Female,0,No,No,67,Yes,No,No,No internet service,No internet service,No internet service,No internet service,No internet service,No internet service,Month-to-month,No,Credit card (automatic),70.27,4742.79,No
1327-ZTV,Male,1,No,No,65,Yes,No,Fiber optic,Yes,Yes,No,No,No,No,Two year,Yes,Mailed check,64.94,4250.51,No
2559-OHA,Female,0,Yes,No,55,Yes,No,DSL,No,Yes,Yes,Yes,Yes,No,Month-to-month,Yes,Bank transfer (automatic),53.46,2933.85,No
4138-PEW,Male,0,No,No,66,No,No,No,No internet service,No internet service,No internet service,No internet service,No internet service,No internet service,One year,Yes,Electronic check,32.06,2096.64,No
5527-ZLI,Male,1,No,No,44,Yes,No,DSL,Yes,Yes,Yes,No,No,Yes,Two year,Yes,Electronic check,22.37,940.59,No
5779-FJD,Male,0,No,Yes,61,No,No phone service,Fiber optic,Yes,No,Yes,No,Yes,No,Month-to-month,Yes,Electronic check,70.85,4366.95,Yes
1833-ZUT,Male,0,Yes,No,12,Yes,Yes,Fiber optic,No,No,No,No,Yes,Yes,Month-to-month,No,Electronic check,84.19,968.64,No
8263-SSE,Female,0,No,No,5,Yes,Yes,DSL,No,No,Yes,Yes,Yes,No,Two year,No,Mailed check,39.35,99.16,No
6924-MMU,Male,1,Yes,No,39,No,Yes,DSL,No,No,Yes,No,No,No,Two year,No,Electronic check,55.88,2190.1,No
7669-OWA,Male,0,No,No,59,Yes,Yes,DSL,No,Yes,Yes,No,Yes,Yes,Month-to-month,No,Mailed check,46.14,2674.98,No
7813-VGJ,Male,0,Yes,No,55,Yes,Yes,DSL,No,No,No,No,Yes,Yes,Month-to-month,Yes,Credit card (automatic),65.97,3624.51,Yes
2825-GOS,Male,0,No,No,38,Yes,No,Fiber optic,Yes,No,No,Yes,Yes,Yes,Two year,No,Electronic check,80.49,3011.59,No
4553-LJC,Male,1,Yes,Yes,38,Yes,No,No,No internet service,No internet service,No internet service,No internet service,No internet service,No internet service,Month-to-month,Yes,Credit card (automatic),54.66,2056.73,Yes
9424-HTV,Male,1,No,No,44,Yes,No,DSL,No,No,Yes,Yes,Yes,No,One year,Yes,Electronic check,73.19,3222.79,No
