customerID,gender,SeniorCitizen,Partner,Dependents,tenure,PhoneService,MultipleLines,InternetService,OnlineSecurity,OnlineBackup,DeviceProtection,TechSupport,StreamingTV,StreamingMovies,Contract,PaperlessBilling,PaymentMethod,MonthlyCharges,TotalCharges,Churn,churn_probability,risk_level,main_risk_factors,recommended_action
5334-GMH,Female,1,Yes,No,9,Yes,No phone service,Fiber optic,No,Yes,Yes,No,Yes,Yes,Month-to-month,Yes,Electronic check,100.91,908.65,1,0.95571223748754,High,月額契約で解約しやすい / 月額料金が高い / 利用期間が短い / TechSupport未加入 / OnlineSecurity未加入,長期契約特典: 1年契約への移行割引やポイント付与を提案する / 料金プラン見直し: 利用状況に合う低負担プランを提案する / オンボーディング強化: 初期活用サポートや利用定着メールを送る
1297-RGP,Female,1,No,No,5,Yes,No phone service,Fiber optic,No,No,No,No,No,Yes,Month-to-month,Yes,Electronic check,74.56,346.05,1,0.9497291931483861,High,月額契約で解約しやすい / 利用期間が短い / TechSupport未加入 / OnlineSecurity未加入 / Electronic check利用,長期契約特典: 1年契約への移行割引やポイント付与を提案する / オンボーディング強化: 初期活用サポートや利用定着メールを送る / サポート加入キャンペーン: 初月無料のTechSupportを提案する
3010-LCE,Female,1,Yes,No,8,Yes,No,Fiber optic,No,No,Yes,No,No,Yes,Month-to-month,Yes,Electronic check,92.64,716.85,1,0.947498300323223,High,月額契約で解約しやすい / 月額料金が高い / 利用期間が短い / TechSupport未加入 / OnlineSecurity未加入,長期契約特典: 1年契約への移行割引やポイント付与を提案する / 料金プラン見直し: 利用状況に合う低負担プランを提案する / オンボーディング強化: 初期活用サポートや利用定着メールを送る
4739-QLM,Female,1,No,No,2,Yes,No,Fiber optic,No,Yes,Yes,Yes,Yes,Yes,Month-to-month,Yes,Electronic check,88.7,179.88,1,0.944199105480325,High,月額契約で解約しやすい / 月額料金が高い / 利用期間が短い / OnlineSecurity未加入 / Electronic check利用,長期契約特典: 1年契約への移行割引やポイント付与を提案する / 料金プラン見直し: 利用状況に合う低負担プランを提案する / オンボーディング強化: 初期活用サポートや利用定着メールを送る
7512-MRX,Male,0,No,No,12,Yes,Yes,Fiber optic,No,Yes,Yes,No,Yes,Yes,Month-to-month,Yes,Electronic check,117.36,1359.05,1,0.9424224562409379,High,月額契約で解約しやすい / 月額料金が高い / 利用期間が短い / TechSupport未加入 / OnlineSecurity未加入,長期契約特典: 1年契約への移行割引やポイント付与を提案する / 料金プラン見直し: 利用状況に合う低負担プランを提案する / オンボーディング強化: 初期活用サポートや利用定着メールを送る
2992-KJL,Male,1,No,No,1,Yes,No phone service,Fiber optic,No,Yes,Yes,No,Yes,Yes,Month-to-month,Yes,Credit card (automatic),72.88,68.34,1,0.9406274654875376,High,月額契約で解約しやすい / 利用期間が短い / TechSupport未加入 / OnlineSecurity未加入 / Fiber optic利用で料金・品質不満の可能性,長期契約特典: 1年契約への移行割引やポイント付与を提案する / オンボーディング強化: 初期活用サポートや利用定着メールを送る / サポート加入キャンペーン: 初月無料のTechSupportを提案する
7193-YKN,Female,1,Yes,No,3,Yes,No,Fiber optic,No,Yes,Yes,No,Yes,No,Month-to-month,Yes,Electronic check,80.04,251.65,1,0.9390709236861485,High,月額契約で解約しやすい / 月額料金が高い / 利用期間が短い / TechSupport未加入 / OnlineSecurity未加入,長期契約特典: 1年契約への移行割引やポイント付与を提案する / 料金プラン見直し: 利用状況に合う低負担プランを提案する / オンボーディング強化: 初期活用サポートや利用定着メールを送る
3386-ILB,Male,0,No,No,4,Yes,No,Fiber optic,No,Yes,No,No,No,Yes,Month-to-month,Yes,Electronic check,84.33,252.8,1,0.9368128368928706,High,月額契約で解約しやすい / 月額料金が高い / 利用期間が短い / TechSupport未加入 / OnlineSecurity未加入,長期契約特典: 1年契約への移行割引やポイント付与を提案する / 料金プラン見直し: 利用状況に合う低負担プランを提案する / オンボーディング強化: 初期活用サポートや利用定着メールを送る
9893-LYH,Male,0,No,No,4,Yes,No,Fiber optic,No,No,No,No,Yes,No,Month-to-month,Yes,Electronic check,98.44,401.2,1,0.935311624784182,High,月額契約で解約しやすい / 月額料金が高い / 利用期間が短い / TechSupport未加入 / OnlineSecurity未加入,長期契約特典: 1年契約への移行割引やポイント付与を提案する / 料金プラン見直し: 利用状況に合う低負担プランを提案する / オンボーディング強化: 初期活用サポートや利用定着メールを送る
5395-YEL,Female,1,No,No,3,Yes,No,Fiber optic,No,Yes,No,No,Yes,Yes,Month-to-month,Yes,Electronic check,61.62,149.35,0,0.9346221693706759,High,月額契約で解約しやすい / 利用期間が短い / TechSupport未加入 / OnlineSecurity未加入 / Electronic check利用,長期契約特典: 1年契約への移行割引やポイント付与を提案する / オンボーディング強化: 初期活用サポートや利用定着メールを送る / サポート加入キャンペーン: 初月無料のTechSupportを提案する
2609-NRI,Male,1,Yes,No,5,Yes,No,Fiber optic,Yes,Yes,Yes,No,No,No,Month-to-month,Yes,Electronic check,97.09,498.56,0,0.9325532491305015,High,月額契約で解約しやすい / 月額料金が高い / 利用期間が短い / TechSupport未加入 / Electronic check利用,長期契約特典: 1年契約への移行割引やポイント付与を提案する / 料金プラン見直し: 利用状況に合う低負担プランを提案する / オンボーディング強化: 初期活用サポートや利用定着メールを送る
7538-ENP,Female,0,No,No,8,Yes,Yes,Fiber optic,No,No,Yes,Yes,Yes,Yes,Month-to-month,Yes,Electronic check,113.29,944.2,1,0.9323229151837978,High,月額契約で解約しやすい / 月額料金が高い / 利用期間が短い / OnlineSecurity未加入 / Electronic check利用,長期契約特典: 1年契約への移行割引やポイント付与を提案する / 料金プラン見直し: 利用状況に合う低負担プランを提案する / オンボーディング強化: 初期活用サポートや利用定着メールを送る
4013-UPC,Female,1,No,No,8,Yes,Yes,Fiber optic,No,Yes,No,Yes,Yes,No,Month-to-month,Yes,Electronic check,99.55,793.43,1,0.9321341585598603,High,月額契約で解約しやすい / 月額料金が高い / 利用期間が短い / OnlineSecurity未加入 / Electronic check利用,長期契約特典: 1年契約への移行割引やポイント付与を提案する / 料金プラン見直し: 利用状況に合う低負担プランを提案する / オンボーディング強化: 初期活用サポートや利用定着メールを送る
6064-KAS,Male,1,Yes,No,5,No,Yes,Fiber optic,No,Yes,Yes,No,No,Yes,Month-to-month,Yes,Mailed check,89.8,412.51,1,0.9300285157292172,High,月額契約で解約しやすい / 月額料金が高い / 利用期間が短い / TechSupport未加入 / OnlineSecurity未加入,長期契約特典: 1年契約への移行割引やポイント付与を提案する / 料金プラン見直し: 利用状況に合う低負担プランを提案する / オンボーディング強化: 初期活用サポートや利用定着メールを送る
1056-JUZ,Male,0,No,Yes,4,Yes,Yes,Fiber optic,No,No,No,No,No,Yes,Month-to-month,No,Electronic check,101.83,369.54,1,0.9298514531594488,High,月額契約で解約しやすい / 月額料金が高い / 利用期間が短い / TechSupport未加入 / OnlineSecurity未加入,長期契約特典: 1年契約への移行割引やポイント付与を提案する / 料金プラン見直し: 利用状況に合う低負担プランを提案する / オンボーディング強化: 初期活用サポートや利用定着メールを送る
2291-LHZ,Female,0,No,No,4,Yes,No,Fiber optic,No,No,Yes,No,No,No,Month-to-month,Yes,Credit card (automatic),105.24,397.72,1,0.9298101761004791,High,月額契約で解約しやすい / 月額料金が高い / 利用期間が短い / TechSupport未加入 / OnlineSecurity未加入,長期契約特典: 1年契約への移行割引やポイント付与を提案する / 料金プラン見直し: 利用状況に合う低負担プランを提案する / オンボーディング強化: 初期活用サポートや利用定着メールを送る
5565-LGG,Male,0,No,No,0,Yes,No,Fiber optic,No,No,No,No,Yes,No,Month-to-month,Yes,Electronic check,80.27,0.0,1,0.9284499305739042,High,月額契約で解約しやすい / 月額料金が高い / 利用期間が短い / TechSupport未加入 / OnlineSecurity未加入,長期契約特典: 1年契約への移行割引やポイント付与を提案する / 料金プラン見直し: 利用状況に合う低負担プランを提案する / オンボーディング強化: 初期活用サポートや利用定着メールを送る
6283-LYQ,Male,1,No,No,13,Yes,No phone service,Fiber optic,No,Yes,No,No,No,Yes,Month-to-month,Yes,Mailed check,97.61,1244.78,0,0.9284490365222987,High,月額契約で解約しやすい / 月額料金が高い / TechSupport未加入 / OnlineSecurity未加入 / Fiber optic利用で料金・品質不満の可能性,長期契約特典: 1年契約への移行割引やポイント付与を提案する / 料金プラン見直し: 利用状況に合う低負担プランを提案する / サポート加入キャンペーン: 初月無料のTechSupportを提案する
8373-FCU,Female,0,Yes,Yes,7,Yes,No,Fiber optic,No,Yes,No,No,No,Yes,Month-to-month,Yes,Electronic check,90.39,618.39,1,0.9277052446856848,High,月額契約で解約しやすい / 月額料金が高い / 利用期間が短い / TechSupport未加入 / OnlineSecurity未加入,長期契約特典: 1年契約への移行割引やポイント付与を提案する / 料金プラン見直し: 利用状況に合う低負担プランを提案する / オンボーディング強化: 初期活用サポートや利用定着メールを送る
3036-FNS,Female,0,Yes,No,1,Yes,No,Fiber optic,No,No,No,No,Yes,No,Month-to-month,Yes,Electronic check,84.6,106.01,1,0.9268125185556995,High,月額契約で解約しやすい / 月額料金が高い / 利用期間が短い / TechSupport未加入 / OnlineSecurity未加入,長期契約特典: 1年契約への移行割引やポイント付与を提案する / 料金プラン見直し: 利用状況に合う低負担プランを提案する / オンボーディング強化: 初期活用サポートや利用定着メールを送る
3791-BMS,Male,0,No,No,0,Yes,Yes,Fiber optic,No,Yes,No,No,Yes,No,Month-to-month,No,Electronic check,93.71,0.0,1,0.9256337907638782,High,月額契約で解約しやすい / 月額料金が高い / 利用期間が短い / TechSupport未加入 / OnlineSecurity未加入,長期契約特典: 1年契約への移行割引やポイント付与を提案する / 料金プラン見直し: 利用状況に合う低負担プランを提案する / オンボーディング強化: 初期活用サポートや利用定着メールを送る
3400-RZI,Female,1,No,No,5,Yes,No,Fiber optic,No,No,No,No,No,Yes,Month-to-month,No,Mailed check,103.63,532.28,1,0.9256209135813267,High,月額契約で解約しやすい / 月額料金が高い / 利用期間が短い / TechSupport未加入 / OnlineSecurity未加入,長期契約特典: 1年契約への移行割引やポイント付与を提案する / 料金プラン見直し: 利用状況に合う低負担プランを提案する / オンボーディング強化: 初期活用サポートや利用定着メールを送る
6956-DMG,Female,1,No,No,8,Yes,Yes,Fiber optic,No,No,No,No,Yes,Yes,Month-to-month,Yes,Credit card (automatic),84.18,634.32,1,0.9246211089751475,High,月額契約で解約しやすい / 月額料金が高い / 利用期間が短い / TechSupport未加入 / OnlineSecurity未加入,長期契約特典: 1年契約への移行割引やポイント付与を提案する / 料金プラン見直し: 利用状況に合う低負担プランを提案する / オンボーディング強化: 初期活用サポートや利用定着メールを送る
4012-AER,Female,1,No,No,5,Yes,No phone service,Fiber optic,No,No,No,No,Yes,Yes,Month-to-month,Yes,Credit card (automatic),63.8,223.3,1,0.9230360591614296,High,月額契約で解約しやすい / 利用期間が短い / TechSupport未加入 / OnlineSecurity未加入 / Fiber optic利用で料金・品質不満の可能性,長期契約特典: 1年契約への移行割引やポイント付与を提案する / オンボーディング強化: 初期活用サポートや利用定着メールを送る / サポート加入キャンペーン: 初月無料のTechSupportを提案する
4187-HNR,Male,1,No,Yes,2,No,Yes,Fiber optic,No,No,No,No,Yes,No,Month-to-month,Yes,Bank transfer (automatic),83.17,179.89,1,0.9228404850974472,High,月額契約で解約しやすい / 月額料金が高い / 利用期間が短い / TechSupport未加入 / OnlineSecurity未加入,長期契約特典: 1年契約への移行割引やポイント付与を提案する / 料金プラン見直し: 利用状況に合う低負担プランを提案する / オンボーディング強化: 初期活用サポートや利用定着メールを送る
6556-YLN,Male,0,No,No,13,No,Yes,Fiber optic,No,Yes,No,No,Yes,Yes,Month-to-month,Yes,Electronic check,93.98,1196.96,0,0.9225113624784234,High,月額契約で解約しやすい / 月額料金が高い / TechSupport未加入 / OnlineSecurity未加入 / Electronic check利用,長期契約特典: 1年契約への移行割引やポイント付与を提案する / 料金プラン見直し: 利用状況に合う低負担プランを提案する / サポート加入キャンペーン: 初月無料のTechSupportを提案する
8565-LAZ,Male,1,No,No,23,Yes,No,Fiber optic,No,No,No,No,No,Yes,Month-to-month,Yes,Electronic check,98.37,2233.66,1,0.9222362686544663,High,月額契約で解約しやすい / 月額料金が高い / TechSupport未加入 / OnlineSecurity未加入 / Electronic check利用,長期契約特典: 1年契約への移行割引やポイント付与を提案する / 料金プラン見直し: 利用状況に合う低負担プランを提案する / サポート加入キャンペーン: 初月無料のTechSupportを提案する
9169-HXN,Male,1,No,No,16,Yes,No,Fiber optic,No,No,No,No,No,Yes,Month-to-month,Yes,Electronic check,78.45,1216.01,1,0.9220670318149203,High,月額契約で解約しやすい / 月額料金が高い / TechSupport未加入 / OnlineSecurity未加入 / Electronic check利用,長期契約特典: 1年契約への移行割引やポイント付与を提案する / 料金プラン見直し: 利用状況に合う低負担プランを提案する / サポート加入キャンペーン: 初月無料のTechSupportを提案する
9833-SXP,Male,1,No,No,1,Yes,No,Fiber optic,Yes,No,Yes,No,Yes,Yes,Month-to-month,No,Electronic check,84.98,47.05,1,0.9213034047660309,High,月額契約で解約しやすい / 月額料金が高い / 利用期間が短い / TechSupport未加入 / Electronic check利用,長期契約特典: 1年契約への移行割引やポイント付与を提案する / 料金プラン見直し: 利用状況に合う低負担プランを提案する / オンボーディング強化: 初期活用サポートや利用定着メールを送る
5868-NLB,Female,0,Yes,Yes,5,Yes,No,Fiber optic,No,Yes,Yes,Yes,Yes,Yes,Month-to-month,Yes,Electronic check,98.94,513.69,1,0.9202900938383296,High,月額契約で解約しやすい / 月額料金が高い / 利用期間が短い / OnlineSecurity未加入 / Electronic check利用,長期契約特典: 1年契約への移行割引やポイント付与を提案する / 料金プラン見直し: 利用状況に合う低負担プランを提案する / オンボーディング強化: 初期活用サポートや利用定着メールを送る
4336-DCM,Female,0,Yes,No,4,Yes,No,Fiber optic,Yes,No,No,No,No,Yes,Month-to-month,No,Electronic check,111.93,438.68,1,0.918740255176405,High,月額契約で解約しやすい / 月額料金が高い / 利用期間が短い / TechSupport未加入 / Electronic check利用,長期契約特典: 1年契約への移行割引やポイント付与を提案する / 料金プラン見直し: 利用状況に合う低負担プランを提案する / オンボーディング強化: 初期活用サポートや利用定着メールを送る
4373-BLX,Male,0,No,Yes,3,Yes,Yes,Fiber optic,No,No,Yes,No,No,No,Month-to-month,Yes,Electronic check,77.83,227.7,1,0.918625178885351,High,月額契約で解約しやすい / 月額料金が高い / 利用期間が短い / TechSupport未加入 / OnlineSecurity未加入,長期契約特典: 1年契約への移行割引やポイント付与を提案する / 料金プラン見直し: 利用状況に合う低負担プランを提案する / オンボーディング強化: 初期活用サポートや利用定着メールを送る
4682-ZXL,Male,0,Yes,Yes,8,Yes,Yes,Fiber optic,No,No,Yes,No,No,Yes,Month-to-month,Yes,Electronic check,84.62,671.22,1,0.9179628255635174,High,月額契約で解約しやすい / 月額料金が高い / 利用期間が短い / TechSupport未加入 / OnlineSecurity未加入,長期契約特典: 1年契約への移行割引やポイント付与を提案する / 料金プラン見直し: 利用状況に合う低負担プランを提案する / オンボーディング強化: 初期活用サポートや利用定着メールを送る
9490-GJX,Female,0,No,No,5,Yes,Yes,Fiber optic,No,No,Yes,No,No,No,Month-to-month,Yes,Credit card (automatic),95.86,489.43,1,0.9179532815664682,High,月額契約で解約しやすい / 月額料金が高い / 利用期間が短い / TechSupport未加入 / OnlineSecurity未加入,長期契約特典: 1年契約への移行割引やポイント付与を提案する / 料金プラン見直し: 利用状況に合う低負担プランを提案する / オンボーディング強化: 初期活用サポートや利用定着メールを送る
3671-ZNS,Male,1,No,No,2,Yes,No,Fiber optic,No,No,No,Yes,Yes,No,Month-to-month,Yes,Electronic check,71.0,164.35,1,0.9178716286036924,High,月額契約で解約しやすい / 利用期間が短い / OnlineSecurity未加入 / Electronic check利用 / Fiber optic利用で料金・品質不満の可能性,長期契約特典: 1年契約への移行割引やポイント付与を提案する / オンボーディング強化: 初期活用サポートや利用定着メールを送る / セキュリティ提案: OnlineSecurityの価値を説明し利用を促す
5443-ZIW,Male,0,No,No,6,Yes,No,Fiber optic,No,Yes,Yes,No,Yes,Yes,Month-to-month,Yes,Electronic check,72.18,489.04,0,0.9175873056271715,High,月額契約で解約しやすい / 利用期間が短い / TechSupport未加入 / OnlineSecurity未加入 / Electronic check利用,長期契約特典: 1年契約への移行割引やポイント付与を提案する / オンボーディング強化: 初期活用サポートや利用定着メールを送る / サポート加入キャンペーン: 初月無料のTechSupportを提案する
3439-RXS,Male,1,No,No,15,No,No phone service,Fiber optic,No,Yes,No,No,No,Yes,Month-to-month,Yes,Mailed check,88.56,1335.7,1,0.9173973845603803,High,月額契約で解約しやすい / 月額料金が高い / TechSupport未加入 / OnlineSecurity未加入 / Fiber optic利用で料金・品質不満の可能性,長期契約特典: 1年契約への移行割引やポイント付与を提案する / 料金プラン見直し: 利用状況に合う低負担プランを提案する / サポート加入キャンペーン: 初月無料のTechSupportを提案する
2119-BMK,Female,0,No,No,6,Yes,No,Fiber optic,No,Yes,Yes,No,No,Yes,Month-to-month,Yes,Electronic check,66.47,376.6,1,0.9171463305924846,High,月額契約で解約しやすい / 利用期間が短い / TechSupport未加入 / OnlineSecurity未加入 / Electronic check利用,長期契約特典: 1年契約への移行割引やポイント付与を提案する / オンボーディング強化: 初期活用サポートや利用定着メールを送る / サポート加入キャンペーン: 初月無料のTechSupportを提案する
6595-HWK,Male,0,No,No,4,No,No,Fiber optic,No,Yes,No,No,No,No,Month-to-month,Yes,Mailed check,101.32,480.62,1,0.9168801415665462,High,月額契約で解約しやすい / 月額料金が高い / 利用期間が短い / TechSupport未加入 / OnlineSecurity未加入,長期契約特典: 1年契約への移行割引やポイント付与を提案する / 料金プラン見直し: 利用状況に合う低負担プランを提案する / オンボーディング強化: 初期活用サポートや利用定着メールを送る
7759-SCG,Female,1,No,No,3,Yes,No,Fiber optic,No,Yes,No,No,Yes,No,Month-to-month,No,Electronic check,69.81,136.87,1,0.9167787017737874,High,月額契約で解約しやすい / 利用期間が短い / TechSupport未加入 / OnlineSecurity未加入 / Electronic check利用,長期契約特典: 1年契約への移行割引やポイント付与を提案する / オンボーディング強化: 初期活用サポートや利用定着メールを送る / サポート加入キャンペーン: 初月無料のTechSupportを提案する
6881-YQV,Male,1,No,No,11,Yes,Yes,Fiber optic,No,No,Yes,No,No,No,Month-to-month,Yes,Electronic check,69.05,725.51,1,0.9167062079385112,High,月額契約で解約しやすい / 利用期間が短い / TechSupport未加入 / OnlineSecurity未加入 / Electronic check利用,長期契約特典: 1年契約への移行割引やポイント付与を提案する / オンボーディング強化: 初期活用サポートや利用定着メールを送る / サポート加入キャンペーン: 初月無料のTechSupportを提案する
3051-OHD,Female,0,No,No,1,Yes,No,Fiber optic,No,No,Yes,No,Yes,No,Month-to-month,No,Electronic check,86.5,104.98,1,0.9157275960069491,High,月額契約で解約しやすい / 月額料金が高い / 利用期間が短い / TechSupport未加入 / OnlineSecurity未加入,長期契約特典: 1年契約への移行割引やポイント付与を提案する / 料金プラン見直し: 利用状況に合う低負担プランを提案する / オンボーディング強化: 初期活用サポートや利用定着メールを送る
4187-NEK,Male,0,No,No,5,Yes,No,Fiber optic,No,Yes,Yes,Yes,Yes,Yes,Month-to-month,Yes,Credit card (automatic),104.28,511.06,1,0.9151662275114726,High,月額契約で解約しやすい / 月額料金が高い / 利用期間が短い / OnlineSecurity未加入 / Fiber optic利用で料金・品質不満の可能性,長期契約特典: 1年契約への移行割引やポイント付与を提案する / 料金プラン見直し: 利用状況に合う低負担プランを提案する / オンボーディング強化: 初期活用サポートや利用定着メールを送る
9887-PCC,Female,0,No,No,2,Yes,No phone service,Fiber optic,No,No,No,No,Yes,Yes,Month-to-month,Yes,Mailed check,81.5,140.55,1,0.9144384673161866,High,月額契約で解約しやすい / 月額料金が高い / 利用期間が短い / TechSupport未加入 / OnlineSecurity未加入,長期契約特典: 1年契約への移行割引やポイント付与を提案する / 料金プラン見直し: 利用状況に合う低負担プランを提案する / オンボーディング強化: 初期活用サポートや利用定着メールを送る
2240-BXT,Male,0,No,No,0,Yes,Yes,Fiber optic,No,Yes,No,No,Yes,No,Month-to-month,Yes,Bank transfer (automatic),86.57,0.0,1,0.9144239241383407,High,月額契約で解約しやすい / 月額料金が高い / 利用期間が短い / TechSupport未加入 / OnlineSecurity未加入,長期契約特典: 1年契約への移行割引やポイント付与を提案する / 料金プラン見直し: 利用状況に合う低負担プランを提案する / オンボーディング強化: 初期活用サポートや利用定着メールを送る
8553-CXI,Female,0,Yes,No,4,Yes,No,Fiber optic,No,Yes,No,Yes,No,Yes,Month-to-month,Yes,Electronic check,81.74,369.49,1,0.9138174844282327,High,月額契約で解約しやすい / 月額料金が高い / 利用期間が短い / OnlineSecurity未加入 / Electronic check利用,長期契約特典: 1年契約への移行割引やポイント付与を提案する / 料金プラン見直し: 利用状況に合う低負担プランを提案する / オンボーディング強化: 初期活用サポートや利用定着メールを送る
9966-QBK,Female,0,Yes,No,0,Yes,No,Fiber optic,No,Yes,Yes,No,Yes,Yes,Month-to-month,Yes,Credit card (automatic),75.93,0.0,1,0.9137963331057757,High,月額契約で解約しやすい / 月額料金が高い / 利用期間が短い / TechSupport未加入 / OnlineSecurity未加入,長期契約特典: 1年契約への移行割引やポイント付与を提案する / 料金プラン見直し: 利用状況に合う低負担プランを提案する / オンボーディング強化: 初期活用サポートや利用定着メールを送る
9716-ZFH,Male,0,Yes,Yes,1,Yes,Yes,Fiber optic,No,Yes,No,No,Yes,Yes,Month-to-month,Yes,Bank transfer (automatic),88.34,124.04,1,0.9136418302619612,High,月額契約で解約しやすい / 月額料金が高い / 利用期間が短い / TechSupport未加入 / OnlineSecurity未加入,長期契約特典: 1年契約への移行割引やポイント付与を提案する / 料金プラン見直し: 利用状況に合う低負担プランを提案する / オンボーディング強化: 初期活用サポートや利用定着メールを送る
9262-ZBW,Female,0,No,No,17,No,No,Fiber optic,No,No,No,No,Yes,Yes,Month-to-month,Yes,Electronic check,96.63,1703.76,1,0.9130169000064409,High,月額契約で解約しやすい / 月額料金が高い / TechSupport未加入 / OnlineSecurity未加入 / Electronic check利用,長期契約特典: 1年契約への移行割引やポイント付与を提案する / 料金プラン見直し: 利用状況に合う低負担プランを提案する / サポート加入キャンペーン: 初月無料のTechSupportを提案する
3988-DZY,Male,1,Yes,No,19,Yes,No phone service,Fiber optic,No,No,Yes,Yes,No,No,Month-to-month,Yes,Electronic check,99.24,1880.93,1,0.9128497892256572,High,月額契約で解約しやすい / 月額料金が高い / OnlineSecurity未加入 / Electronic check利用 / Fiber optic利用で料金・品質不満の可能性,長期契約特典: 1年契約への移行割引やポイント付与を提案する / 料金プラン見直し: 利用状況に合う低負担プランを提案する / セキュリティ提案: OnlineSecurityの価値を説明し利用を促す
6381-LSQ,Male,0,No,No,6,Yes,No,Fiber optic,No,No,Yes,Yes,No,Yes,Month-to-month,Yes,Electronic check,83.24,542.36,1,0.9127685976286327,High,月額契約で解約しやすい / 月額料金が高い / 利用期間が短い / OnlineSecurity未加入 / Electronic check利用,長期契約特典: 1年契約への移行割引やポイント付与を提案する / 料金プラン見直し: 利用状況に合う低負担プランを提案する / オンボーディング強化: 初期活用サポートや利用定着メールを送る
8016-UCI,Female,0,Yes,No,0,Yes,No,Fiber optic,No,No,Yes,No,No,Yes,Month-to-month,Yes,Bank transfer (automatic),75.43,0.0,1,0.9123748504498541,High,月額契約で解約しやすい / 月額料金が高い / 利用期間が短い / TechSupport未加入 / OnlineSecurity未加入,長期契約特典: 1年契約への移行割引やポイント付与を提案する / 料金プラン見直し: 利用状況に合う低負担プランを提案する / オンボーディング強化: 初期活用サポートや利用定着メールを送る
3982-IPT,Male,0,No,No,16,Yes,Yes,Fiber optic,No,No,No,No,Yes,Yes,Month-to-month,Yes,Electronic check,96.49,1584.93,1,0.9122354985357961,High,月額契約で解約しやすい / 月額料金が高い / TechSupport未加入 / OnlineSecurity未加入 / Electronic check利用,長期契約特典: 1年契約への移行割引やポイント付与を提案する / 料金プラン見直し: 利用状況に合う低負担プランを提案する / サポート加入キャンペーン: 初月無料のTechSupportを提案する
4437-YHO,Female,0,No,No,0,Yes,No,Fiber optic,No,No,Yes,Yes,No,No,Month-to-month,Yes,Electronic check,76.12,0.0,1,0.9121050057317418,High,月額契約で解約しやすい / 月額料金が高い / 利用期間が短い / OnlineSecurity未加入 / Electronic check利用,長期契約特典: 1年契約への移行割引やポイント付与を提案する / 料金プラン見直し: 利用状況に合う低負担プランを提案する / オンボーディング強化: 初期活用サポートや利用定着メールを送る
5534-AJZ,Male,1,Yes,Yes,7,Yes,Yes,Fiber optic,Yes,Yes,Yes,No,No,No,Month-to-month,Yes,Electronic check,85.39,536.49,1,0.9115735967256522,High,月額契約で解約しやすい / 月額料金が高い / 利用期間が短い / TechSupport未加入 / Electronic check利用,長期契約特典: 1年契約への移行割引やポイント付与を提案する / 料金プラン見直し: 利用状況に合う低負担プランを提案する / オンボーディング強化: 初期活用サポートや利用定着メールを送る
1915-RGB,Male,1,No,No,1,Yes,No,Fiber optic,No,Yes,Yes,No,No,Yes,One year,Yes,Electronic check,88.11,96.11,0,0.9106705027637783,High,月額料金が高い / 利用期間が短い / TechSupport未加入 / OnlineSecurity未加入 / Electronic check利用,料金プラン見直し: 利用状況に合う低負担プランを提案する / オンボーディング強化: 初期活用サポートや利用定着メールを送る / サポート加入キャンペーン: 初月無料のTechSupportを提案する
9233-GLI,Female,1,Yes,No,4,Yes,No,Fiber optic,No,Yes,No,No,No,No,Month-to-month,No,Electronic check,66.91,302.04,1,0.9105091699669399,High,月額契約で解約しやすい / 利用期間が短い / TechSupport未加入 / OnlineSecurity未加入 / Electronic check利用,長期契約特典: 1年契約への移行割引やポイント付与を提案する / オンボーディング強化: 初期活用サポートや利用定着メールを送る / サポート加入キャンペーン: 初月無料のTechSupportを提案する
7736-SSU,Male,0,Yes,No,3,Yes,No,Fiber optic,No,No,No,Yes,No,No,Month-to-month,Yes,Electronic check,87.44,262.22,1,0.9101962063551003,High,月額契約で解約しやすい / 月額料金が高い / 利用期間が短い / OnlineSecurity未加入 / Electronic check利用,長期契約特典: 1年契約への移行割引やポイント付与を提案する / 料金プラン見直し: 利用状況に合う低負担プランを提案する / オンボーディング強化: 初期活用サポートや利用定着メールを送る
7977-IBW,Female,1,Yes,No,0,Yes,No,Fiber optic,No,Yes,Yes,No,No,Yes,Month-to-month,No,Bank transfer (automatic),68.16,0.0,1,0.9097161273695642,High,月額契約で解約しやすい / 利用期間が短い / TechSupport未加入 / OnlineSecurity未加入 / Fiber optic利用で料金・品質不満の可能性,長期契約特典: 1年契約への移行割引やポイント付与を提案する / オンボーディング強化: 初期活用サポートや利用定着メールを送る / サポート加入キャンペーン: 初月無料のTechSupportを提案する
5270-QQS,Female,1,Yes,No,6,No,Yes,Fiber optic,No,No,No,No,No,No,Month-to-month,Yes,Mailed check,83.64,524.5,1,0.9096747519914474,High,月額契約で解約しやすい / 月額料金が高い / 利用期間が短い / TechSupport未加入 / OnlineSecurity未加入,長期契約特典: 1年契約への移行割引やポイント付与を提案する / 料金プラン見直し: 利用状況に合う低負担プランを提案する / オンボーディング強化: 初期活用サポートや利用定着メールを送る
8409-HPV,Female,0,Yes,No,1,Yes,Yes,Fiber optic,No,No,Yes,No,No,Yes,Month-to-month,No,Bank transfer (automatic),93.57,102.73,1,0.9093449531589052,High,月額契約で解約しやすい / 月額料金が高い / 利用期間が短い / TechSupport未加入 / OnlineSecurity未加入,長期契約特典: 1年契約への移行割引やポイント付与を提案する / 料金プラン見直し: 利用状況に合う低負担プランを提案する / オンボーディング強化: 初期活用サポートや利用定着メールを送る
8993-EBT,Female,1,No,No,17,No,No phone service,Fiber optic,No,Yes,No,No,No,No,Month-to-month,No,Electronic check,81.72,1402.18,1,0.9091764564767142,High,月額契約で解約しやすい / 月額料金が高い / TechSupport未加入 / OnlineSecurity未加入 / Electronic check利用,長期契約特典: 1年契約への移行割引やポイント付与を提案する / 料金プラン見直し: 利用状況に合う低負担プランを提案する / サポート加入キャンペーン: 初月無料のTechSupportを提案する
3499-NAR,Female,0,No,Yes,0,Yes,No,Fiber optic,No,No,Yes,No,No,No,Month-to-month,Yes,Credit card (automatic),79.54,0.0,1,0.9091362170654349,High,月額契約で解約しやすい / 月額料金が高い / 利用期間が短い / TechSupport未加入 / OnlineSecurity未加入,長期契約特典: 1年契約への移行割引やポイント付与を提案する / 料金プラン見直し: 利用状況に合う低負担プランを提案する / オンボーディング強化: 初期活用サポートや利用定着メールを送る
2395-TGN,Male,0,Yes,No,2,Yes,No,Fiber optic,No,Yes,Yes,No,Yes,Yes,Month-to-month,No,Electronic check,76.24,161.13,1,0.9088718642012229,High,月額契約で解約しやすい / 月額料金が高い / 利用期間が短い / TechSupport未加入 / OnlineSecurity未加入,長期契約特典: 1年契約への移行割引やポイント付与を提案する / 料金プラン見直し: 利用状況に合う低負担プランを提案する / オンボーディング強化: 初期活用サポートや利用定着メールを送る
6998-DMS,Female,0,Yes,No,2,Yes,Yes,Fiber optic,No,Yes,No,No,No,No,Month-to-month,Yes,Credit card (automatic),82.29,165.3,1,0.9083030447992476,High,月額契約で解約しやすい / 月額料金が高い / 利用期間が短い / TechSupport未加入 / OnlineSecurity未加入,長期契約特典: 1年契約への移行割引やポイント付与を提案する / 料金プラン見直し: 利用状況に合う低負担プランを提案する / オンボーディング強化: 初期活用サポートや利用定着メールを送る
9133-SKK,Female,0,Yes,Yes,10,Yes,No,Fiber optic,No,No,Yes,No,No,Yes,Month-to-month,Yes,Electronic check,79.56,813.56,0,0.9081003536489668,High,月額契約で解約しやすい / 月額料金が高い / 利用期間が短い / TechSupport未加入 / OnlineSecurity未加入,長期契約特典: 1年契約への移行割引やポイント付与を提案する / 料金プラン見直し: 利用状況に合う低負担プランを提案する / オンボーディング強化: 初期活用サポートや利用定着メールを送る
1886-IWF,Male,0,No,Yes,9,Yes,Yes,Fiber optic,No,No,No,No,No,No,Month-to-month,Yes,Electronic check,83.62,729.47,1,0.907664365780581,High,月額契約で解約しやすい / 月額料金が高い / 利用期間が短い / TechSupport未加入 / OnlineSecurity未加入,長期契約特典: 1年契約への移行割引やポイント付与を提案する / 料金プラン見直し: 利用状況に合う低負担プランを提案する / オンボーディング強化: 初期活用サポートや利用定着メールを送る
3728-CQI,Male,0,No,No,6,Yes,Yes,Fiber optic,No,No,Yes,No,No,No,Month-to-month,Yes,Electronic check,70.05,459.56,1,0.9074645873587641,High,月額契約で解約しやすい / 利用期間が短い / TechSupport未加入 / OnlineSecurity未加入 / Electronic check利用,長期契約特典: 1年契約への移行割引やポイント付与を提案する / オンボーディング強化: 初期活用サポートや利用定着メールを送る / サポート加入キャンペーン: 初月無料のTechSupportを提案する
7765-SGF,Male,0,No,No,6,Yes,No,Fiber optic,No,Yes,Yes,No,No,No,Month-to-month,Yes,Bank transfer (automatic),89.6,515.48,0,0.9069208437476408,High,月額契約で解約しやすい / 月額料金が高い / 利用期間が短い / TechSupport未加入 / OnlineSecurity未加入,長期契約特典: 1年契約への移行割引やポイント付与を提案する / 料金プラン見直し: 利用状況に合う低負担プランを提案する / オンボーディング強化: 初期活用サポートや利用定着メールを送る
1937-JES,Female,0,Yes,No,8,Yes,Yes,Fiber optic,No,No,No,No,No,Yes,Month-to-month,Yes,Electronic check,68.22,489.03,1,0.9060599717418077,High,月額契約で解約しやすい / 利用期間が短い / TechSupport未加入 / OnlineSecurity未加入 / Electronic check利用,長期契約特典: 1年契約への移行割引やポイント付与を提案する / オンボーディング強化: 初期活用サポートや利用定着メールを送る / サポート加入キャンペーン: 初月無料のTechSupportを提案する
4183-LHI,Male,1,No,Yes,10,No,No,Fiber optic,No,Yes,Yes,No,Yes,Yes,Month-to-month,Yes,Mailed check,83.5,829.14,1,0.9058274640716362,High,月額契約で解約しやすい / 月額料金が高い / 利用期間が短い / TechSupport未加入 / OnlineSecurity未加入,長期契約特典: 1年契約への移行割引やポイント付与を提案する / 料金プラン見直し: 利用状況に合う低負担プランを提案する / オンボーディング強化: 初期活用サポートや利用定着メールを送る
6954-QJY,Female,1,No,No,6,No,No,Fiber optic,No,No,No,No,Yes,No,Month-to-month,Yes,Bank transfer (automatic),70.68,380.8,1,0.9057057750941897,High,月額契約で解約しやすい / 利用期間が短い / TechSupport未加入 / OnlineSecurity未加入 / Fiber optic利用で料金・品質不満の可能性,長期契約特典: 1年契約への移行割引やポイント付与を提案する / オンボーディング強化: 初期活用サポートや利用定着メールを送る / サポート加入キャンペーン: 初月無料のTechSupportを提案する
9962-ZKM,Female,1,No,No,14,Yes,No,Fiber optic,No,No,Yes,No,No,Yes,Month-to-month,Yes,Bank transfer (automatic),78.67,1132.31,1,0.9050746894347945,High,月額契約で解約しやすい / 月額料金が高い / TechSupport未加入 / OnlineSecurity未加入 / Fiber optic利用で料金・品質不満の可能性,長期契約特典: 1年契約への移行割引やポイント付与を提案する / 料金プラン見直し: 利用状況に合う低負担プランを提案する / サポート加入キャンペーン: 初月無料のTechSupportを提案する
8346-PGF,Male,0,No,No,8,Yes,No,Fiber optic,No,No,Yes,No,Yes,Yes,Month-to-month,No,Electronic check,85.6,667.64,0,0.9049602044927433,High,月額契約で解約しやすい / 月額料金が高い / 利用期間が短い / TechSupport未加入 / OnlineSecurity未加入,長期契約特典: 1年契約への移行割引やポイント付与を提案する / 料金プラン見直し: 利用状況に合う低負担プランを提案する / オンボーディング強化: 初期活用サポートや利用定着メールを送る
9686-FPM,Female,0,No,No,1,Yes,No,Fiber optic,No,No,Yes,No,No,No,Month-to-month,No,Electronic check,72.22,43.49,1,0.904653136846408,High,月額契約で解約しやすい / 利用期間が短い / TechSupport未加入 / OnlineSecurity未加入 / Electronic check利用,長期契約特典: 1年契約への移行割引やポイント付与を提案する / オンボーディング強化: 初期活用サポートや利用定着メールを送る / サポート加入キャンペーン: 初月無料のTechSupportを提案する
2789-ZDG,Male,0,No,No,17,Yes,Yes,Fiber optic,No,Yes,No,No,No,No,Month-to-month,Yes,Electronic check,95.11,1571.79,1,0.9045787375568364,High,月額契約で解約しやすい / 月額料金が高い / TechSupport未加入 / OnlineSecurity未加入 / Electronic check利用,長期契約特典: 1年契約への移行割引やポイント付与を提案する / 料金プラン見直し: 利用状況に合う低負担プランを提案する / サポート加入キャンペーン: 初月無料のTechSupportを提案する
3215-DID,Female,0,Yes,No,2,Yes,No,Fiber optic,Yes,Yes,No,Yes,No,Yes,Month-to-month,Yes,Electronic check,91.8,248.01,1,0.9044121854062718,High,月額契約で解約しやすい / 月額料金が高い / 利用期間が短い / Electronic check利用 / Fiber optic利用で料金・品質不満の可能性,長期契約特典: 1年契約への移行割引やポイント付与を提案する / 料金プラン見直し: 利用状況に合う低負担プランを提案する / オンボーディング強化: 初期活用サポートや利用定着メールを送る
5550-NRK,Male,0,Yes,No,1,Yes,No,Fiber optic,Yes,No,No,No,Yes,Yes,Month-to-month,Yes,Electronic check,77.16,27.32,0,0.9040597097393216,High,月額契約で解約しやすい / 月額料金が高い / 利用期間が短い / TechSupport未加入 / Electronic check利用,長期契約特典: 1年契約への移行割引やポイント付与を提案する / 料金プラン見直し: 利用状況に合う低負担プランを提案する / オンボーディング強化: 初期活用サポートや利用定着メールを送る
5878-VBV,Male,0,Yes,No,10,Yes,Yes,Fiber optic,No,Yes,Yes,Yes,Yes,Yes,Month-to-month,Yes,Electronic check,92.64,961.4,1,0.9038881421916658,High,月額契約で解約しやすい / 月額料金が高い / 利用期間が短い / OnlineSecurity未加入 / Electronic check利用,長期契約特典: 1年契約への移行割引やポイント付与を提案する / 料金プラン見直し: 利用状況に合う低負担プランを提案する / オンボーディング強化: 初期活用サポートや利用定着メールを送る
8912-JAC,Female,1,Yes,Yes,11,Yes,Yes,Fiber optic,No,Yes,No,No,No,Yes,Month-to-month,No,Credit card (automatic),93.78,1006.58,0,0.9035460923873617,High,月額契約で解約しやすい / 月額料金が高い / 利用期間が短い / TechSupport未加入 / OnlineSecurity未加入,長期契約特典: 1年契約への移行割引やポイント付与を提案する / 料金プラン見直し: 利用状況に合う低負担プランを提案する / オンボーディング強化: 初期活用サポートや利用定着メールを送る
2815-CKF,Female,0,Yes,No,7,Yes,Yes,Fiber optic,No,Yes,No,No,Yes,No,Month-to-month,Yes,Bank transfer (automatic),97.68,654.01,1,0.9027608170104665,High,月額契約で解約しやすい / 月額料金が高い / 利用期間が短い / TechSupport未加入 / OnlineSecurity未加入,長期契約特典: 1年契約への移行割引やポイント付与を提案する / 料金プラン見直し: 利用状況に合う低負担プランを提案する / オンボーディング強化: 初期活用サポートや利用定着メールを送る
2902-JRK,Male,0,Yes,No,3,Yes,No,Fiber optic,No,Yes,Yes,No,Yes,Yes,Month-to-month,Yes,Mailed check,85.35,301.95,1,0.9016535224161946,High,月額契約で解約しやすい / 月額料金が高い / 利用期間が短い / TechSupport未加入 / OnlineSecurity未加入,長期契約特典: 1年契約への移行割引やポイント付与を提案する / 料金プラン見直し: 利用状況に合う低負担プランを提案する / オンボーディング強化: 初期活用サポートや利用定着メールを送る
4272-DUK,Male,0,Yes,No,5,Yes,No,Fiber optic,No,No,No,No,No,Yes,Month-to-month,Yes,Credit card (automatic),76.73,393.36,1,0.9015127150368544,High,月額契約で解約しやすい / 月額料金が高い / 利用期間が短い / TechSupport未加入 / OnlineSecurity未加入,長期契約特典: 1年契約への移行割引やポイント付与を提案する / 料金プラン見直し: 利用状況に合う低負担プランを提案する / オンボーディング強化: 初期活用サポートや利用定着メールを送る
5583-BOF,Female,0,Yes,Yes,11,Yes,Yes,Fiber optic,No,No,Yes,No,No,Yes,Month-to-month,Yes,Credit card (automatic),96.26,1124.94,0,0.9008954328828793,High,月額契約で解約しやすい / 月額料金が高い / 利用期間が短い / TechSupport未加入 / OnlineSecurity未加入,長期契約特典: 1年契約への移行割引やポイント付与を提案する / 料金プラン見直し: 利用状況に合う低負担プランを提案する / オンボーディング強化: 初期活用サポートや利用定着メールを送る
3620-ZRL,Female,0,No,No,15,Yes,Yes,Fiber optic,No,Yes,No,No,No,No,Month-to-month,No,Electronic check,104.91,1538.59,1,0.9006066447659927,High,月額契約で解約しやすい / 月額料金が高い / TechSupport未加入 / OnlineSecurity未加入 / Electronic check利用,長期契約特典: 1年契約への移行割引やポイント付与を提案する / 料金プラン見直し: 利用状況に合う低負担プランを提案する / サポート加入キャンペーン: 初月無料のTechSupportを提案する
7785-EZK,Female,0,No,No,11,Yes,No,Fiber optic,No,No,No,No,No,No,Month-to-month,Yes,Electronic check,76.67,869.96,1,0.9005658032018201,High,月額契約で解約しやすい / 月額料金が高い / 利用期間が短い / TechSupport未加入 / OnlineSecurity未加入,長期契約特典: 1年契約への移行割引やポイント付与を提案する / 料金プラン見直し: 利用状況に合う低負担プランを提案する / オンボーディング強化: 初期活用サポートや利用定着メールを送る
2914-STK,Male,0,No,No,4,Yes,No,Fiber optic,No,Yes,No,No,No,No,Month-to-month,Yes,Credit card (automatic),76.9,322.49,1,0.900548775290714,High,月額契約で解約しやすい / 月額料金が高い / 利用期間が短い / TechSupport未加入 / OnlineSecurity未加入,長期契約特典: 1年契約への移行割引やポイント付与を提案する / 料金プラン見直し: 利用状況に合う低負担プランを提案する / オンボーディング強化: 初期活用サポートや利用定着メールを送る
6369-EOM,Male,0,No,No,8,Yes,Yes,Fiber optic,No,Yes,Yes,No,Yes,Yes,Month-to-month,No,Electronic check,80.22,644.16,1,0.9003636026251303,High,月額契約で解約しやすい / 月額料金が高い / 利用期間が短い / TechSupport未加入 / OnlineSecurity未加入,長期契約特典: 1年契約への移行割引やポイント付与を提案する / 料金プラン見直し: 利用状況に合う低負担プランを提案する / オンボーディング強化: 初期活用サポートや利用定着メールを送る
3348-VLG,Female,1,No,Yes,17,Yes,No phone service,Fiber optic,No,No,Yes,No,Yes,No,Month-to-month,Yes,Bank transfer (automatic),91.12,1589.37,1,0.899803334386522,High,月額契約で解約しやすい / 月額料金が高い / TechSupport未加入 / OnlineSecurity未加入 / Fiber optic利用で料金・品質不満の可能性,長期契約特典: 1年契約への移行割引やポイント付与を提案する / 料金プラン見直し: 利用状況に合う低負担プランを提案する / サポート加入キャンペーン: 初月無料のTechSupportを提案する
6522-YAL,Female,0,Yes,No,5,Yes,No,Fiber optic,No,No,No,No,No,Yes,Month-to-month,Yes,Mailed check,86.66,494.54,1,0.8994623908051634,High,月額契約で解約しやすい / 月額料金が高い / 利用期間が短い / TechSupport未加入 / OnlineSecurity未加入,長期契約特典: 1年契約への移行割引やポイント付与を提案する / 料金プラン見直し: 利用状況に合う低負担プランを提案する / オンボーディング強化: 初期活用サポートや利用定着メールを送る
1870-ZEP,Female,0,Yes,Yes,7,No,Yes,Fiber optic,Yes,Yes,No,No,No,Yes,Month-to-month,Yes,Electronic check,85.21,626.35,1,0.8993185051870513,High,月額契約で解約しやすい / 月額料金が高い / 利用期間が短い / TechSupport未加入 / Electronic check利用,長期契約特典: 1年契約への移行割引やポイント付与を提案する / 料金プラン見直し: 利用状況に合う低負担プランを提案する / オンボーディング強化: 初期活用サポートや利用定着メールを送る
2364-HDU,Male,0,No,No,8,Yes,No,Fiber optic,No,No,Yes,No,No,Yes,Month-to-month,No,Electronic check,76.36,611.29,0,0.8990854544471377,High,月額契約で解約しやすい / 月額料金が高い / 利用期間が短い / TechSupport未加入 / OnlineSecurity未加入,長期契約特典: 1年契約への移行割引やポイント付与を提案する / 料金プラン見直し: 利用状況に合う低負担プランを提案する / オンボーディング強化: 初期活用サポートや利用定着メールを送る
6530-YEZ,Male,1,Yes,No,10,Yes,No,Fiber optic,No,Yes,Yes,Yes,No,Yes,Month-to-month,Yes,Electronic check,61.51,652.18,1,0.8989659767948894,High,月額契約で解約しやすい / 利用期間が短い / OnlineSecurity未加入 / Electronic check利用 / Fiber optic利用で料金・品質不満の可能性,長期契約特典: 1年契約への移行割引やポイント付与を提案する / オンボーディング強化: 初期活用サポートや利用定着メールを送る / セキュリティ提案: OnlineSecurityの価値を説明し利用を促す
2047-JGN,Female,1,No,No,0,No,No,Fiber optic,Yes,Yes,No,No,No,No,Month-to-month,No,Bank transfer (automatic),85.72,0.0,1,0.8987555779089238,High,月額契約で解約しやすい / 月額料金が高い / 利用期間が短い / TechSupport未加入 / Fiber optic利用で料金・品質不満の可能性,長期契約特典: 1年契約への移行割引やポイント付与を提案する / 料金プラン見直し: 利用状況に合う低負担プランを提案する / オンボーディング強化: 初期活用サポートや利用定着メールを送る
4733-JFW,Male,1,Yes,Yes,5,Yes,Yes,Fiber optic,Yes,No,No,No,Yes,Yes,Month-to-month,No,Electronic check,84.96,400.06,1,0.8984620262835925,High,月額契約で解約しやすい / 月額料金が高い / 利用期間が短い / TechSupport未加入 / Electronic check利用,長期契約特典: 1年契約への移行割引やポイント付与を提案する / 料金プラン見直し: 利用状況に合う低負担プランを提案する / オンボーディング強化: 初期活用サポートや利用定着メールを送る
7859-BPP,Female,1,No,Yes,4,Yes,Yes,Fiber optic,No,Yes,No,No,No,No,Month-to-month,Yes,Mailed check,70.21,266.12,1,0.8984208947365022,High,月額契約で解約しやすい / 利用期間が短い / TechSupport未加入 / OnlineSecurity未加入 / Fiber optic利用で料金・品質不満の可能性,長期契約特典: 1年契約への移行割引やポイント付与を提案する / オンボーディング強化: 初期活用サポートや利用定着メールを送る / サポート加入キャンペーン: 初月無料のTechSupportを提案する
1821-RLZ,Female,0,No,Yes,8,Yes,No,Fiber optic,No,Yes,No,No,No,Yes,Month-to-month,Yes,Credit card (automatic),80.01,664.02,1,0.897979525968037,High,月額契約で解約しやすい / 月額料金が高い / 利用期間が短い / TechSupport未加入 / OnlineSecurity未加入,長期契約特典: 1年契約への移行割引やポイント付与を提案する / 料金プラン見直し: 利用状況に合う低負担プランを提案する / オンボーディング強化: 初期活用サポートや利用定着メールを送る
9619-PCC,Male,0,No,No,2,Yes,No,Fiber optic,No,Yes,Yes,No,No,Yes,Month-to-month,No,Bank transfer (automatic),80.38,160.51,1,0.8973928036545192,High,月額契約で解約しやすい / 月額料金が高い / 利用期間が短い / TechSupport未加入 / OnlineSecurity未加入,長期契約特典: 1年契約への移行割引やポイント付与を提案する / 料金プラン見直し: 利用状況に合う低負担プランを提案する / オンボーディング強化: 初期活用サポートや利用定着メールを送る
2147-LZN,Male,1,No,No,22,Yes,Yes,Fiber optic,No,No,Yes,No,No,Yes,Month-to-month,Yes,Electronic check,69.89,1565.56,0,0.8970473383444523,High,月額契約で解約しやすい / TechSupport未加入 / OnlineSecurity未加入 / Electronic check利用 / Fiber optic利用で料金・品質不満の可能性,長期契約特典: 1年契約への移行割引やポイント付与を提案する / サポート加入キャンペーン: 初月無料のTechSupportを提案する / セキュリティ提案: OnlineSecurityの価値を説明し利用を促す
7357-HQY,Female,1,Yes,Yes,9,Yes,Yes,Fiber optic,Yes,No,No,No,No,Yes,Month-to-month,Yes,Bank transfer (automatic),93.18,791.37,1,0.896832189596502,High,月額契約で解約しやすい / 月額料金が高い / 利用期間が短い / TechSupport未加入 / Fiber optic利用で料金・品質不満の可能性,長期契約特典: 1年契約への移行割引やポイント付与を提案する / 料金プラン見直し: 利用状況に合う低負担プランを提案する / オンボーディング強化: 初期活用サポートや利用定着メールを送る
5021-OFC,Female,1,No,Yes,11,Yes,No,Fiber optic,No,No,Yes,No,Yes,Yes,Month-to-month,Yes,Bank transfer (automatic),72.73,753.69,1,0.8966320001097388,High,月額契約で解約しやすい / 利用期間が短い / TechSupport未加入 / OnlineSecurity未加入 / Fiber optic利用で料金・品質不満の可能性,長期契約特典: 1年契約への移行割引やポイント付与を提案する / オンボーディング強化: 初期活用サポートや利用定着メールを送る / サポート加入キャンペーン: 初月無料のTechSupportを提案する
4628-SSK,Female,1,No,No,24,Yes,Yes,Fiber optic,No,Yes,Yes,No,No,Yes,Month-to-month,Yes,Electronic check,72.14,1734.61,0,0.8965579536787432,High,月額契約で解約しやすい / TechSupport未加入 / OnlineSecurity未加入 / Electronic check利用 / Fiber optic利用で料金・品質不満の可能性,長期契約特典: 1年契約への移行割引やポイント付与を提案する / サポート加入キャンペーン: 初月無料のTechSupportを提案する / セキュリティ提案: OnlineSecurityの価値を説明し利用を促す
1853-TMH,Male,0,No,No,12,Yes,No,Fiber optic,No,Yes,Yes,Yes,No,Yes,Month-to-month,Yes,Electronic check,82.25,973.89,1,0.8963936633187337,High,月額契約で解約しやすい / 月額料金が高い / 利用期間が短い / OnlineSecurity未加入 / Electronic check利用,長期契約特典: 1年契約への移行割引やポイント付与を提案する / 料金プラン見直し: 利用状況に合う低負担プランを提案する / オンボーディング強化: 初期活用サポートや利用定着メールを送る
2940-GAE,Female,0,No,Yes,18,Yes,Yes,Fiber optic,No,Yes,No,No,No,Yes,Month-to-month,Yes,Electronic check,85.38,1541.91,1,0.8962001733496716,High,月額契約で解約しやすい / 月額料金が高い / TechSupport未加入 / OnlineSecurity未加入 / Electronic check利用,長期契約特典: 1年契約への移行割引やポイント付与を提案する / 料金プラン見直し: 利用状況に合う低負担プランを提案する / サポート加入キャンペーン: 初月無料のTechSupportを提案する
7690-EUK,Female,0,No,Yes,9,Yes,No phone service,Fiber optic,No,Yes,No,No,No,Yes,Month-to-month,No,Electronic check,68.11,589.67,0,0.8945529994718302,High,月額契約で解約しやすい / 利用期間が短い / TechSupport未加入 / OnlineSecurity未加入 / Electronic check利用,長期契約特典: 1年契約への移行割引やポイント付与を提案する / オンボーディング強化: 初期活用サポートや利用定着メールを送る / サポート加入キャンペーン: 初月無料のTechSupportを提案する
6981-UCN,Female,0,No,No,12,Yes,Yes,Fiber optic,No,No,No,No,Yes,No,Month-to-month,Yes,Credit card (automatic),98.7,1181.06,1,0.8944279924225628,High,月額契約で解約しやすい / 月額料金が高い / 利用期間が短い / TechSupport未加入 / OnlineSecurity未加入,長期契約特典: 1年契約への移行割引やポイント付与を提案する / 料金プラン見直し: 利用状況に合う低負担プランを提案する / オンボーディング強化: 初期活用サポートや利用定着メールを送る
3595-SDE,Female,1,Yes,Yes,25,Yes,No,Fiber optic,No,Yes,No,Yes,No,Yes,Month-to-month,Yes,Electronic check,104.17,2633.36,1,0.894045353948418,High,月額契約で解約しやすい / 月額料金が高い / OnlineSecurity未加入 / Electronic check利用 / Fiber optic利用で料金・品質不満の可能性,長期契約特典: 1年契約への移行割引やポイント付与を提案する / 料金プラン見直し: 利用状況に合う低負担プランを提案する / セキュリティ提案: OnlineSecurityの価値を説明し利用を促す
4975-ADI,Female,1,Yes,No,21,Yes,No,Fiber optic,No,No,Yes,No,No,Yes,Month-to-month,No,Electronic check,87.07,1809.31,1,0.8929741224996669,High,月額契約で解約しやすい / 月額料金が高い / TechSupport未加入 / OnlineSecurity未加入 / Electronic check利用,長期契約特典: 1年契約への移行割引やポイント付与を提案する / 料金プラン見直し: 利用状況に合う低負担プランを提案する / サポート加入キャンペーン: 初月無料のTechSupportを提案する
7690-CET,Female,0,Yes,Yes,8,Yes,Yes,Fiber optic,No,No,No,No,No,Yes,Month-to-month,Yes,Bank transfer (automatic),85.26,726.97,1,0.8922965967485148,High,月額契約で解約しやすい / 月額料金が高い / 利用期間が短い / TechSupport未加入 / OnlineSecurity未加入,長期契約特典: 1年契約への移行割引やポイント付与を提案する / 料金プラン見直し: 利用状況に合う低負担プランを提案する / オンボーディング強化: 初期活用サポートや利用定着メールを送る
3608-GPB,Female,0,Yes,No,3,Yes,No,Fiber optic,No,Yes,No,No,Yes,No,Month-to-month,Yes,Mailed check,87.18,242.25,1,0.892261110171452,High,月額契約で解約しやすい / 月額料金が高い / 利用期間が短い / TechSupport未加入 / OnlineSecurity未加入,長期契約特典: 1年契約への移行割引やポイント付与を提案する / 料金プラン見直し: 利用状況に合う低負担プランを提案する / オンボーディング強化: 初期活用サポートや利用定着メールを送る
6622-YHG,Female,0,Yes,Yes,7,Yes,No,Fiber optic,No,Yes,No,No,Yes,Yes,Month-to-month,No,Electronic check,80.41,575.62,1,0.8921998861800277,High,月額契約で解約しやすい / 月額料金が高い / 利用期間が短い / TechSupport未加入 / OnlineSecurity未加入,長期契約特典: 1年契約への移行割引やポイント付与を提案する / 料金プラン見直し: 利用状況に合う低負担プランを提案する / オンボーディング強化: 初期活用サポートや利用定着メールを送る
1468-XZL,Male,0,Yes,Yes,12,Yes,No,Fiber optic,No,No,Yes,No,Yes,No,Month-to-month,Yes,Electronic check,85.76,1028.35,1,0.8920564072203037,High,月額契約で解約しやすい / 月額料金が高い / 利用期間が短い / TechSupport未加入 / OnlineSecurity未加入,長期契約特典: 1年契約への移行割引やポイント付与を提案する / 料金プラン見直し: 利用状況に合う低負担プランを提案する / オンボーディング強化: 初期活用サポートや利用定着メールを送る
4399-BFV,Female,0,Yes,No,9,No,Yes,Fiber optic,No,Yes,Yes,No,No,Yes,Month-to-month,No,Bank transfer (automatic),95.88,879.08,0,0.8920318471580789,High,月額契約で解約しやすい / 月額料金が高い / 利用期間が短い / TechSupport未加入 / OnlineSecurity未加入,長期契約特典: 1年契約への移行割引やポイント付与を提案する / 料金プラン見直し: 利用状況に合う低負担プランを提案する / オンボーディング強化: 初期活用サポートや利用定着メールを送る
1122-WMM,Male,0,No,No,4,Yes,Yes,Fiber optic,No,Yes,No,No,No,Yes,Month-to-month,No,Credit card (automatic),79.09,309.75,0,0.8918733666096665,High,月額契約で解約しやすい / 月額料金が高い / 利用期間が短い / TechSupport未加入 / OnlineSecurity未加入,長期契約特典: 1年契約への移行割引やポイント付与を提案する / 料金プラン見直し: 利用状況に合う低負担プランを提案する / オンボーディング強化: 初期活用サポートや利用定着メールを送る
3951-XTY,Male,0,Yes,Yes,2,Yes,Yes,Fiber optic,No,No,No,No,Yes,No,Month-to-month,No,Credit card (automatic),98.5,202.84,1,0.8917723298324579,High,月額契約で解約しやすい / 月額料金が高い / 利用期間が短い / TechSupport未加入 / OnlineSecurity未加入,長期契約特典: 1年契約への移行割引やポイント付与を提案する / 料金プラン見直し: 利用状況に合う低負担プランを提案する / オンボーディング強化: 初期活用サポートや利用定着メールを送る
4713-CYL,Female,0,No,No,15,Yes,No phone service,Fiber optic,No,No,No,No,No,Yes,Month-to-month,Yes,Mailed check,91.28,1323.92,1,0.8915504288530488,High,月額契約で解約しやすい / 月額料金が高い / TechSupport未加入 / OnlineSecurity未加入 / Fiber optic利用で料金・品質不満の可能性,長期契約特典: 1年契約への移行割引やポイント付与を提案する / 料金プラン見直し: 利用状況に合う低負担プランを提案する / サポート加入キャンペーン: 初月無料のTechSupportを提案する
9289-XOW,Male,0,Yes,No,12,Yes,No,Fiber optic,No,Yes,No,No,Yes,No,Month-to-month,Yes,Credit card (automatic),98.57,1103.53,0,0.8914962632201379,High,月額契約で解約しやすい / 月額料金が高い / 利用期間が短い / TechSupport未加入 / OnlineSecurity未加入,長期契約特典: 1年契約への移行割引やポイント付与を提案する / 料金プラン見直し: 利用状況に合う低負担プランを提案する / オンボーディング強化: 初期活用サポートや利用定着メールを送る
9584-RAM,Female,1,No,No,19,Yes,No,Fiber optic,No,No,Yes,No,No,No,Month-to-month,Yes,Electronic check,65.45,1209.84,1,0.8908631133490801,High,月額契約で解約しやすい / TechSupport未加入 / OnlineSecurity未加入 / Electronic check利用 / Fiber optic利用で料金・品質不満の可能性,長期契約特典: 1年契約への移行割引やポイント付与を提案する / サポート加入キャンペーン: 初月無料のTechSupportを提案する / セキュリティ提案: OnlineSecurityの価値を説明し利用を促す
2782-UMN,Male,0,No,No,0,Yes,No,Fiber optic,No,No,Yes,No,No,No,Month-to-month,No,Bank transfer (automatic),81.18,0.0,0,0.8905043344378766,High,月額契約で解約しやすい / 月額料金が高い / 利用期間が短い / TechSupport未加入 / OnlineSecurity未加入,長期契約特典: 1年契約への移行割引やポイント付与を提案する / 料金プラン見直し: 利用状況に合う低負担プランを提案する / オンボーディング強化: 初期活用サポートや利用定着メールを送る
6790-GVH,Female,1,Yes,No,8,Yes,No phone service,Fiber optic,No,Yes,No,Yes,No,Yes,Month-to-month,Yes,Mailed check,70.83,543.68,1,0.890461099956649,High,月額契約で解約しやすい / 利用期間が短い / OnlineSecurity未加入 / Fiber optic利用で料金・品質不満の可能性,長期契約特典: 1年契約への移行割引やポイント付与を提案する / オンボーディング強化: 初期活用サポートや利用定着メールを送る / セキュリティ提案: OnlineSecurityの価値を説明し利用を促す
9264-TUN,Male,0,No,Yes,1,Yes,No,Fiber optic,No,Yes,No,Yes,No,Yes,Month-to-month,No,Electronic check,74.28,121.08,1,0.8902996668924665,High,月額契約で解約しやすい / 利用期間が短い / OnlineSecurity未加入 / Electronic check利用 / Fiber optic利用で料金・品質不満の可能性,長期契約特典: 1年契約への移行割引やポイント付与を提案する / オンボーディング強化: 初期活用サポートや利用定着メールを送る / セキュリティ提案: OnlineSecurityの価値を説明し利用を促す
9729-TKY,Female,0,No,No,7,No,No,Fiber optic,No,Yes,No,No,Yes,Yes,Month-to-month,Yes,Mailed check,79.75,526.23,1,0.8902563727400127,High,月額契約で解約しやすい / 月額料金が高い / 利用期間が短い / TechSupport未加入 / OnlineSecurity未加入,長期契約特典: 1年契約への移行割引やポイント付与を提案する / 料金プラン見直し: 利用状況に合う低負担プランを提案する / オンボーディング強化: 初期活用サポートや利用定着メールを送る
8092-JBN,Male,1,Yes,No,0,Yes,No,Fiber optic,No,Yes,Yes,No,No,No,Month-to-month,No,Credit card (automatic),58.75,0.0,1,0.8897653326195812,High,月額契約で解約しやすい / 利用期間が短い / TechSupport未加入 / OnlineSecurity未加入 / Fiber optic利用で料金・品質不満の可能性,長期契約特典: 1年契約への移行割引やポイント付与を提案する / オンボーディング強化: 初期活用サポートや利用定着メールを送る / サポート加入キャンペーン: 初月無料のTechSupportを提案する
9743-TEH,Male,0,Yes,Yes,1,Yes,No phone service,Fiber optic,No,No,Yes,No,Yes,Yes,Month-to-month,Yes,Mailed check,67.28,111.86,0,0.8892404378664237,High,月額契約で解約しやすい / 利用期間が短い / TechSupport未加入 / OnlineSecurity未加入 / Fiber optic利用で料金・品質不満の可能性,長期契約特典: 1年契約への移行割引やポイント付与を提案する / オンボーディング強化: 初期活用サポートや利用定着メールを送る / サポート加入キャンペーン: 初月無料のTechSupportを提案する
9907-CMT,Female,1,No,No,7,Yes,No,Fiber optic,Yes,Yes,No,No,Yes,Yes,Month-to-month,Yes,Credit card (automatic),71.55,534.43,1,0.8888829351021178,High,月額契約で解約しやすい / 利用期間が短い / TechSupport未加入 / Fiber optic利用で料金・品質不満の可能性,長期契約特典: 1年契約への移行割引やポイント付与を提案する / オンボーディング強化: 初期活用サポートや利用定着メールを送る / サポート加入キャンペーン: 初月無料のTechSupportを提案する
5939-XFW,Female,0,Yes,No,2,Yes,No phone service,Fiber optic,No,Yes,Yes,Yes,No,Yes,Month-to-month,No,Electronic check,63.07,163.35,1,0.8888542806377254,High,月額契約で解約しやすい / 利用期間が短い / OnlineSecurity未加入 / Electronic check利用 / Fiber optic利用で料金・品質不満の可能性,長期契約特典: 1年契約への移行割引やポイント付与を提案する / オンボーディング強化: 初期活用サポートや利用定着メールを送る / セキュリティ提案: OnlineSecurityの価値を説明し利用を促す
2025-SZV,Male,1,No,Yes,30,No,No,Fiber optic,No,No,Yes,No,Yes,Yes,Month-to-month,Yes,Electronic check,93.15,2845.92,0,0.8887013497354949,High,月額契約で解約しやすい / 月額料金が高い / TechSupport未加入 / OnlineSecurity未加入 / Electronic check利用,長期契約特典: 1年契約への移行割引やポイント付与を提案する / 料金プラン見直し: 利用状況に合う低負担プランを提案する / サポート加入キャンペーン: 初月無料のTechSupportを提案する
3354-VID,Female,0,Yes,No,2,Yes,No,Fiber optic,Yes,Yes,Yes,No,Yes,No,Month-to-month,Yes,Electronic check,73.6,104.41,1,0.8886813215132309,High,月額契約で解約しやすい / 利用期間が短い / TechSupport未加入 / Electronic check利用 / Fiber optic利用で料金・品質不満の可能性,長期契約特典: 1年契約への移行割引やポイント付与を提案する / オンボーディング強化: 初期活用サポートや利用定着メールを送る / サポート加入キャンペーン: 初月無料のTechSupportを提案する
5798-NJX,Male,0,No,No,3,Yes,No phone service,Fiber optic,Yes,No,Yes,No,Yes,Yes,Month-to-month,Yes,Mailed check,85.97,321.7,0,0.8884588468082593,High,月額契約で解約しやすい / 月額料金が高い / 利用期間が短い / TechSupport未加入 / Fiber optic利用で料金・品質不満の可能性,長期契約特典: 1年契約への移行割引やポイント付与を提案する / 料金プラン見直し: 利用状況に合う低負担プランを提案する / オンボーディング強化: 初期活用サポートや利用定着メールを送る
1431-DGJ,Male,1,No,No,3,Yes,No,Fiber optic,Yes,No,Yes,No,Yes,No,Month-to-month,Yes,Mailed check,83.71,227.33,1,0.8883866199338649,High,月額契約で解約しやすい / 月額料金が高い / 利用期間が短い / TechSupport未加入 / Fiber optic利用で料金・品質不満の可能性,長期契約特典: 1年契約への移行割引やポイント付与を提案する / 料金プラン見直し: 利用状況に合う低負担プランを提案する / オンボーディング強化: 初期活用サポートや利用定着メールを送る
9369-RRQ,Female,0,Yes,No,6,Yes,No,Fiber optic,No,No,Yes,No,No,Yes,Month-to-month,No,Bank transfer (automatic),88.73,562.54,1,0.8877982948415118,High,月額契約で解約しやすい / 月額料金が高い / 利用期間が短い / TechSupport未加入 / OnlineSecurity未加入,長期契約特典: 1年契約への移行割引やポイント付与を提案する / 料金プラン見直し: 利用状況に合う低負担プランを提案する / オンボーディング強化: 初期活用サポートや利用定着メールを送る
7075-CLQ,Male,0,Yes,Yes,8,Yes,Yes,Fiber optic,No,No,Yes,Yes,Yes,Yes,Month-to-month,Yes,Electronic check,81.28,687.36,1,0.8877581563597688,High,月額契約で解約しやすい / 月額料金が高い / 利用期間が短い / OnlineSecurity未加入 / Electronic check利用,長期契約特典: 1年契約への移行割引やポイント付与を提案する / 料金プラン見直し: 利用状況に合う低負担プランを提案する / オンボーディング強化: 初期活用サポートや利用定着メールを送る
2916-FAA,Male,0,Yes,No,1,No,Yes,Fiber optic,Yes,No,No,No,Yes,Yes,Month-to-month,No,Bank transfer (automatic),102.42,85.19,1,0.8876270897214291,High,月額契約で解約しやすい / 月額料金が高い / 利用期間が短い / TechSupport未加入 / Fiber optic利用で料金・品質不満の可能性,長期契約特典: 1年契約への移行割引やポイント付与を提案する / 料金プラン見直し: 利用状況に合う低負担プランを提案する / オンボーディング強化: 初期活用サポートや利用定着メールを送る
6299-PCW,Male,0,Yes,No,4,No,No,Fiber optic,Yes,Yes,No,No,No,Yes,Month-to-month,Yes,Electronic check,63.61,314.06,0,0.8873975480676217,High,月額契約で解約しやすい / 利用期間が短い / TechSupport未加入 / Electronic check利用 / Fiber optic利用で料金・品質不満の可能性,長期契約特典: 1年契約への移行割引やポイント付与を提案する / オンボーディング強化: 初期活用サポートや利用定着メールを送る / サポート加入キャンペーン: 初月無料のTechSupportを提案する
5716-PYE,Female,0,Yes,Yes,12,Yes,Yes,Fiber optic,No,No,Yes,Yes,Yes,Yes,Month-to-month,Yes,Electronic check,90.57,1069.67,1,0.8872538547143918,High,月額契約で解約しやすい / 月額料金が高い / 利用期間が短い / OnlineSecurity未加入 / Electronic check利用,長期契約特典: 1年契約への移行割引やポイント付与を提案する / 料金プラン見直し: 利用状況に合う低負担プランを提案する / オンボーディング強化: 初期活用サポートや利用定着メールを送る
6894-CDG,Male,0,No,No,10,Yes,No,Fiber optic,No,Yes,No,No,No,Yes,Month-to-month,Yes,Bank transfer (automatic),75.13,772.3,1,0.8870084678324588,High,月額契約で解約しやすい / 月額料金が高い / 利用期間が短い / TechSupport未加入 / OnlineSecurity未加入,長期契約特典: 1年契約への移行割引やポイント付与を提案する / 料金プラン見直し: 利用状況に合う低負担プランを提案する / オンボーディング強化: 初期活用サポートや利用定着メールを送る
1487-PCF,Female,1,No,Yes,11,Yes,Yes,Fiber optic,No,Yes,Yes,No,No,No,Month-to-month,No,Electronic check,65.0,731.73,0,0.8868685706965194,High,月額契約で解約しやすい / 利用期間が短い / TechSupport未加入 / OnlineSecurity未加入 / Electronic check利用,長期契約特典: 1年契約への移行割引やポイント付与を提案する / オンボーディング強化: 初期活用サポートや利用定着メールを送る / サポート加入キャンペーン: 初月無料のTechSupportを提案する
4043-LNO,Female,1,Yes,No,9,Yes,No,Fiber optic,Yes,Yes,No,No,Yes,No,Month-to-month,No,Bank transfer (automatic),110.48,935.39,1,0.8866417807809839,High,月額契約で解約しやすい / 月額料金が高い / 利用期間が短い / TechSupport未加入 / Fiber optic利用で料金・品質不満の可能性,長期契約特典: 1年契約への移行割引やポイント付与を提案する / 料金プラン見直し: 利用状況に合う低負担プランを提案する / オンボーディング強化: 初期活用サポートや利用定着メールを送る
6239-AHI,Female,0,Yes,No,12,Yes,No,Fiber optic,No,Yes,No,No,No,Yes,Month-to-month,Yes,Electronic check,60.33,731.67,1,0.8865580925880292,High,月額契約で解約しやすい / 利用期間が短い / TechSupport未加入 / OnlineSecurity未加入 / Electronic check利用,長期契約特典: 1年契約への移行割引やポイント付与を提案する / オンボーディング強化: 初期活用サポートや利用定着メールを送る / サポート加入キャンペーン: 初月無料のTechSupportを提案する
2164-QFT,Male,0,No,No,3,Yes,No,Fiber optic,No,No,No,Yes,No,Yes,Month-to-month,Yes,Mailed check,85.53,249.7,0,0.8864898725883892,High,月額契約で解約しやすい / 月額料金が高い / 利用期間が短い / OnlineSecurity未加入 / Fiber optic利用で料金・品質不満の可能性,長期契約特典: 1年契約への移行割引やポイント付与を提案する / 料金プラン見直し: 利用状況に合う低負担プランを提案する / オンボーディング強化: 初期活用サポートや利用定着メールを送る
5197-NGI,Female,0,Yes,No,1,Yes,No,Fiber optic,Yes,No,Yes,No,Yes,No,Month-to-month,Yes,Mailed check,102.11,113.28,1,0.8864536873061388,High,月額契約で解約しやすい / 月額料金が高い / 利用期間が短い / TechSupport未加入 / Fiber optic利用で料金・品質不満の可能性,長期契約特典: 1年契約への移行割引やポイント付与を提案する / 料金プラン見直し: 利用状況に合う低負担プランを提案する / オンボーディング強化: 初期活用サポートや利用定着メールを送る
6808-EDK,Male,1,No,No,23,Yes,No,Fiber optic,No,Yes,No,No,Yes,Yes,Month-to-month,Yes,Credit card (automatic),87.92,2026.26,1,0.8863412495473852,High,月額契約で解約しやすい / 月額料金が高い / TechSupport未加入 / OnlineSecurity未加入 / Fiber optic利用で料金・品質不満の可能性,長期契約特典: 1年契約への移行割引やポイント付与を提案する / 料金プラン見直し: 利用状況に合う低負担プランを提案する / サポート加入キャンペーン: 初月無料のTechSupportを提案する
4833-ZXC,Female,0,No,No,1,Yes,Yes,Fiber optic,Yes,No,Yes,No,Yes,No,Month-to-month,No,Electronic check,85.68,87.94,1,0.8862438836902845,High,月額契約で解約しやすい / 月額料金が高い / 利用期間が短い / TechSupport未加入 / Electronic check利用,長期契約特典: 1年契約への移行割引やポイント付与を提案する / 料金プラン見直し: 利用状況に合う低負担プランを提案する / オンボーディング強化: 初期活用サポートや利用定着メールを送る
1740-XCA,Female,0,Yes,No,13,Yes,Yes,Fiber optic,No,No,No,No,Yes,Yes,Month-to-month,Yes,Electronic check,69.14,903.31,1,0.8860117763640895,High,月額契約で解約しやすい / TechSupport未加入 / OnlineSecurity未加入 / Electronic check利用 / Fiber optic利用で料金・品質不満の可能性,長期契約特典: 1年契約への移行割引やポイント付与を提案する / サポート加入キャンペーン: 初月無料のTechSupportを提案する / セキュリティ提案: OnlineSecurityの価値を説明し利用を促す
9505-RDZ,Female,0,No,No,12,Yes,Yes,Fiber optic,No,Yes,No,No,Yes,Yes,Month-to-month,No,Electronic check,79.23,920.91,0,0.885974889124779,High,月額契約で解約しやすい / 月額料金が高い / 利用期間が短い / TechSupport未加入 / OnlineSecurity未加入,長期契約特典: 1年契約への移行割引やポイント付与を提案する / 料金プラン見直し: 利用状況に合う低負担プランを提案する / オンボーディング強化: 初期活用サポートや利用定着メールを送る
8220-HPL,Female,0,No,No,2,Yes,Yes,Fiber optic,Yes,Yes,Yes,No,No,Yes,Month-to-month,Yes,Credit card (automatic),73.05,101.68,1,0.8856763403657104,High,月額契約で解約しやすい / 利用期間が短い / TechSupport未加入 / Fiber optic利用で料金・品質不満の可能性,長期契約特典: 1年契約への移行割引やポイント付与を提案する / オンボーディング強化: 初期活用サポートや利用定着メールを送る / サポート加入キャンペーン: 初月無料のTechSupportを提案する
3144-JYJ,Female,0,No,No,19,Yes,No,Fiber optic,No,No,Yes,No,Yes,Yes,Month-to-month,Yes,Electronic check,79.32,1553.02,0,0.8855698790915014,High,月額契約で解約しやすい / 月額料金が高い / TechSupport未加入 / OnlineSecurity未加入 / Electronic check利用,長期契約特典: 1年契約への移行割引やポイント付与を提案する / 料金プラン見直し: 利用状況に合う低負担プランを提案する / サポート加入キャンペーン: 初月無料のTechSupportを提案する
3350-LMW,Male,1,Yes,No,18,No,No,Fiber optic,No,No,No,Yes,Yes,No,Month-to-month,Yes,Electronic check,86.44,1593.69,1,0.8855688934492609,High,月額契約で解約しやすい / 月額料金が高い / OnlineSecurity未加入 / Electronic check利用 / Fiber optic利用で料金・品質不満の可能性,長期契約特典: 1年契約への移行割引やポイント付与を提案する / 料金プラン見直し: 利用状況に合う低負担プランを提案する / セキュリティ提案: OnlineSecurityの価値を説明し利用を促す
2350-NKS,Female,0,No,No,14,Yes,Yes,Fiber optic,No,Yes,No,No,Yes,Yes,Month-to-month,Yes,Electronic check,64.51,871.07,1,0.8850907504938175,High,月額契約で解約しやすい / TechSupport未加入 / OnlineSecurity未加入 / Electronic check利用 / Fiber optic利用で料金・品質不満の可能性,長期契約特典: 1年契約への移行割引やポイント付与を提案する / サポート加入キャンペーン: 初月無料のTechSupportを提案する / セキュリティ提案: OnlineSecurityの価値を説明し利用を促す
9125-HGQ,Female,0,No,No,15,Yes,Yes,Fiber optic,No,Yes,Yes,No,No,No,Month-to-month,Yes,Electronic check,71.82,1087.67,1,0.8849002419582606,High,月額契約で解約しやすい / TechSupport未加入 / OnlineSecurity未加入 / Electronic check利用 / Fiber optic利用で料金・品質不満の可能性,長期契約特典: 1年契約への移行割引やポイント付与を提案する / サポート加入キャンペーン: 初月無料のTechSupportを提案する / セキュリティ提案: OnlineSecurityの価値を説明し利用を促す
7080-HID,Male,1,Yes,No,12,Yes,No,Fiber optic,No,Yes,No,No,No,Yes,Month-to-month,No,Bank transfer (automatic),79.35,923.05,1,0.8847265634457815,High,月額契約で解約しやすい / 月額料金が高い / 利用期間が短い / TechSupport未加入 / OnlineSecurity未加入,長期契約特典: 1年契約への移行割引やポイント付与を提案する / 料金プラン見直し: 利用状況に合う低負担プランを提案する / オンボーディング強化: 初期活用サポートや利用定着メールを送る
5941-CKY,Male,1,Yes,No,3,No,No,Fiber optic,No,No,No,Yes,No,No,Month-to-month,No,Credit card (automatic),80.38,232.37,1,0.884713136196526,High,月額契約で解約しやすい / 月額料金が高い / 利用期間が短い / OnlineSecurity未加入 / Fiber optic利用で料金・品質不満の可能性,長期契約特典: 1年契約への移行割引やポイント付与を提案する / 料金プラン見直し: 利用状況に合う低負担プランを提案する / オンボーディング強化: 初期活用サポートや利用定着メールを送る
8403-XXB,Male,0,Yes,No,10,Yes,No,Fiber optic,No,Yes,No,No,Yes,No,Month-to-month,No,Electronic check,87.48,872.9,1,0.8846828669011841,High,月額契約で解約しやすい / 月額料金が高い / 利用期間が短い / TechSupport未加入 / OnlineSecurity未加入,長期契約特典: 1年契約への移行割引やポイント付与を提案する / 料金プラン見直し: 利用状況に合う低負担プランを提案する / オンボーディング強化: 初期活用サポートや利用定着メールを送る
2394-SGM,Male,0,Yes,Yes,0,Yes,No,Fiber optic,No,Yes,Yes,Yes,No,Yes,Month-to-month,Yes,Mailed check,83.08,0.0,1,0.8846243993610825,High,月額契約で解約しやすい / 月額料金が高い / 利用期間が短い / OnlineSecurity未加入 / Fiber optic利用で料金・品質不満の可能性,長期契約特典: 1年契約への移行割引やポイント付与を提案する / 料金プラン見直し: 利用状況に合う低負担プランを提案する / オンボーディング強化: 初期活用サポートや利用定着メールを送る
9925-PCH,Male,0,Yes,No,13,No,Yes,Fiber optic,No,No,Yes,No,Yes,Yes,Month-to-month,Yes,Credit card (automatic),85.37,1119.24,0,0.8846219532237795,High,月額契約で解約しやすい / 月額料金が高い / TechSupport未加入 / OnlineSecurity未加入 / Fiber optic利用で料金・品質不満の可能性,長期契約特典: 1年契約への移行割引やポイント付与を提案する / 料金プラン見直し: 利用状況に合う低負担プランを提案する / サポート加入キャンペーン: 初月無料のTechSupportを提案する
1419-GAS,Male,0,No,No,10,Yes,Yes,Fiber optic,No,Yes,Yes,No,Yes,No,Month-to-month,Yes,Bank transfer (automatic),86.64,854.76,1,0.8845741671641315,High,月額契約で解約しやすい / 月額料金が高い / 利用期間が短い / TechSupport未加入 / OnlineSecurity未加入,長期契約特典: 1年契約への移行割引やポイント付与を提案する / 料金プラン見直し: 利用状況に合う低負担プランを提案する / オンボーディング強化: 初期活用サポートや利用定着メールを送る
8655-ITO,Female,1,Yes,Yes,0,Yes,No,Fiber optic,No,No,Yes,No,No,No,Month-to-month,No,Mailed check,72.78,0.0,1,0.8845633354599328,High,月額契約で解約しやすい / 利用期間が短い / TechSupport未加入 / OnlineSecurity未加入 / Fiber optic利用で料金・品質不満の可能性,長期契約特典: 1年契約への移行割引やポイント付与を提案する / オンボーディング強化: 初期活用サポートや利用定着メールを送る / サポート加入キャンペーン: 初月無料のTechSupportを提案する
6969-OZG,Female,0,No,No,25,Yes,Yes,Fiber optic,No,Yes,Yes,No,No,Yes,Month-to-month,Yes,Electronic check,88.77,2225.15,0,0.8844011304755687,High,月額契約で解約しやすい / 月額料金が高い / TechSupport未加入 / OnlineSecurity未加入 / Electronic check利用,長期契約特典: 1年契約への移行割引やポイント付与を提案する / 料金プラン見直し: 利用状況に合う低負担プランを提案する / サポート加入キャンペーン: 初月無料のTechSupportを提案する
5076-VFZ,Female,0,Yes,Yes,4,Yes,No,Fiber optic,No,No,Yes,No,Yes,No,Month-to-month,Yes,Mailed check,89.57,359.51,1,0.8838069672745481,High,月額契約で解約しやすい / 月額料金が高い / 利用期間が短い / TechSupport未加入 / OnlineSecurity未加入,長期契約特典: 1年契約への移行割引やポイント付与を提案する / 料金プラン見直し: 利用状況に合う低負担プランを提案する / オンボーディング強化: 初期活用サポートや利用定着メールを送る
1833-ZUT,Male,0,Yes,No,12,Yes,Yes,Fiber optic,No,No,No,No,Yes,Yes,Month-to-month,No,Electronic check,84.19,968.64,0,0.883565759116742,High,月額契約で解約しやすい / 月額料金が高い / 利用期間が短い / TechSupport未加入 / OnlineSecurity未加入,長期契約特典: 1年契約への移行割引やポイント付与を提案する / 料金プラン見直し: 利用状況に合う低負担プランを提案する / オンボーディング強化: 初期活用サポートや利用定着メールを送る
2120-EED,Male,0,No,No,0,Yes,No,Fiber optic,No,No,Yes,No,No,Yes,Month-to-month,Yes,Mailed check,57.48,0.0,1,0.8835304299054255,High,月額契約で解約しやすい / 利用期間が短い / TechSupport未加入 / OnlineSecurity未加入 / Fiber optic利用で料金・品質不満の可能性,長期契約特典: 1年契約への移行割引やポイント付与を提案する / オンボーディング強化: 初期活用サポートや利用定着メールを送る / サポート加入キャンペーン: 初月無料のTechSupportを提案する
7580-QXB,Female,0,Yes,Yes,6,Yes,No,Fiber optic,No,Yes,No,No,No,No,Month-to-month,No,Electronic check,76.26,469.7,1,0.8830605141069797,High,月額契約で解約しやすい / 月額料金が高い / 利用期間が短い / TechSupport未加入 / OnlineSecurity未加入,長期契約特典: 1年契約への移行割引やポイント付与を提案する / 料金プラン見直し: 利用状況に合う低負担プランを提案する / オンボーディング強化: 初期活用サポートや利用定着メールを送る
2958-DZI,Male,0,Yes,No,7,No,No,Fiber optic,Yes,Yes,No,No,No,No,Month-to-month,Yes,Credit card (automatic),97.0,764.99,1,0.8830581060887669,High,月額契約で解約しやすい / 月額料金が高い / 利用期間が短い / TechSupport未加入 / Fiber optic利用で料金・品質不満の可能性,長期契約特典: 1年契約への移行割引やポイント付与を提案する / 料金プラン見直し: 利用状況に合う低負担プランを提案する / オンボーディング強化: 初期活用サポートや利用定着メールを送る
6130-KHU,Female,1,No,No,27,Yes,No,Fiber optic,No,Yes,No,No,Yes,Yes,Month-to-month,Yes,Bank transfer (automatic),100.29,2780.04,1,0.8829826808348892,High,月額契約で解約しやすい / 月額料金が高い / TechSupport未加入 / OnlineSecurity未加入 / Fiber optic利用で料金・品質不満の可能性,長期契約特典: 1年契約への移行割引やポイント付与を提案する / 料金プラン見直し: 利用状況に合う低負担プランを提案する / サポート加入キャンペーン: 初月無料のTechSupportを提案する
1303-XNK,Male,1,No,No,21,Yes,No,Fiber optic,No,Yes,Yes,No,No,Yes,Month-to-month,Yes,Credit card (automatic),73.81,1538.24,1,0.8829099700879774,High,月額契約で解約しやすい / TechSupport未加入 / OnlineSecurity未加入 / Fiber optic利用で料金・品質不満の可能性,長期契約特典: 1年契約への移行割引やポイント付与を提案する / サポート加入キャンペーン: 初月無料のTechSupportを提案する / セキュリティ提案: OnlineSecurityの価値を説明し利用を促す
8127-OIF,Male,0,Yes,No,11,Yes,Yes,Fiber optic,No,Yes,Yes,No,Yes,No,Month-to-month,Yes,Electronic check,68.87,712.86,1,0.882760650129363,High,月額契約で解約しやすい / 利用期間が短い / TechSupport未加入 / OnlineSecurity未加入 / Electronic check利用,長期契約特典: 1年契約への移行割引やポイント付与を提案する / オンボーディング強化: 初期活用サポートや利用定着メールを送る / サポート加入キャンペーン: 初月無料のTechSupportを提案する
7448-MDW,Female,0,Yes,Yes,9,Yes,Yes,Fiber optic,No,Yes,Yes,Yes,No,No,Month-to-month,Yes,Electronic check,82.45,716.82,0,0.8824558584184633,High,月額契約で解約しやすい / 月額料金が高い / 利用期間が短い / OnlineSecurity未加入 / Electronic check利用,長期契約特典: 1年契約への移行割引やポイント付与を提案する / 料金プラン見直し: 利用状況に合う低負担プランを提案する / オンボーディング強化: 初期活用サポートや利用定着メールを送る
5950-PRL,Male,0,No,Yes,11,Yes,No,Fiber optic,No,No,No,No,Yes,Yes,Month-to-month,Yes,Mailed check,94.46,1024.72,1,0.8821905353579097,High,月額契約で解約しやすい / 月額料金が高い / 利用期間が短い / TechSupport未加入 / OnlineSecurity未加入,長期契約特典: 1年契約への移行割引やポイント付与を提案する / 料金プラン見直し: 利用状況に合う低負担プランを提案する / オンボーディング強化: 初期活用サポートや利用定着メールを送る
1723-MUE,Female,0,No,No,4,Yes,Yes,Fiber optic,No,Yes,Yes,No,Yes,Yes,Month-to-month,Yes,Mailed check,68.34,299.12,1,0.8820854786952332,High,月額契約で解約しやすい / 利用期間が短い / TechSupport未加入 / OnlineSecurity未加入 / Fiber optic利用で料金・品質不満の可能性,長期契約特典: 1年契約への移行割引やポイント付与を提案する / オンボーディング強化: 初期活用サポートや利用定着メールを送る / サポート加入キャンペーン: 初月無料のTechSupportを提案する
7332-CLC,Female,1,Yes,No,11,Yes,No,Fiber optic,No,Yes,Yes,No,No,Yes,Month-to-month,No,Bank transfer (automatic),73.35,800.36,1,0.8820744494432593,High,月額契約で解約しやすい / 利用期間が短い / TechSupport未加入 / OnlineSecurity未加入 / Fiber optic利用で料金・品質不満の可能性,長期契約特典: 1年契約への移行割引やポイント付与を提案する / オンボーディング強化: 初期活用サポートや利用定着メールを送る / サポート加入キャンペーン: 初月無料のTechSupportを提案する
2035-VLY,Male,1,Yes,No,24,No,Yes,Fiber optic,No,Yes,No,No,No,Yes,Month-to-month,No,Electronic check,84.03,2049.23,1,0.8818434713575832,High,月額契約で解約しやすい / 月額料金が高い / TechSupport未加入 / OnlineSecurity未加入 / Electronic check利用,長期契約特典: 1年契約への移行割引やポイント付与を提案する / 料金プラン見直し: 利用状況に合う低負担プランを提案する / サポート加入キャンペーン: 初月無料のTechSupportを提案する
3264-TPT,Female,0,No,Yes,11,Yes,No,Fiber optic,No,No,No,No,No,Yes,Month-to-month,No,Credit card (automatic),96.0,1074.15,1,0.8817159954587618,High,月額契約で解約しやすい / 月額料金が高い / 利用期間が短い / TechSupport未加入 / OnlineSecurity未加入,長期契約特典: 1年契約への移行割引やポイント付与を提案する / 料金プラン見直し: 利用状況に合う低負担プランを提案する / オンボーディング強化: 初期活用サポートや利用定着メールを送る
1122-POQ,Male,0,No,Yes,11,Yes,Yes,Fiber optic,No,Yes,Yes,No,Yes,No,Month-to-month,No,Electronic check,88.24,963.31,1,0.8816438019156371,High,月額契約で解約しやすい / 月額料金が高い / 利用期間が短い / TechSupport未加入 / OnlineSecurity未加入,長期契約特典: 1年契約への移行割引やポイント付与を提案する / 料金プラン見直し: 利用状況に合う低負担プランを提案する / オンボーディング強化: 初期活用サポートや利用定着メールを送る
2988-DRC,Male,0,Yes,No,3,Yes,No phone service,Fiber optic,Yes,No,Yes,No,No,No,Month-to-month,Yes,Mailed check,89.95,319.55,1,0.8811887396138349,High,月額契約で解約しやすい / 月額料金が高い / 利用期間が短い / TechSupport未加入 / Fiber optic利用で料金・品質不満の可能性,長期契約特典: 1年契約への移行割引やポイント付与を提案する / 料金プラン見直し: 利用状況に合う低負担プランを提案する / オンボーディング強化: 初期活用サポートや利用定着メールを送る
3614-LUA,Male,0,No,No,1,Yes,Yes,Fiber optic,No,Yes,Yes,Yes,No,No,Month-to-month,No,Mailed check,101.65,89.65,1,0.8811699051506345,High,月額契約で解約しやすい / 月額料金が高い / 利用期間が短い / OnlineSecurity未加入 / Fiber optic利用で料金・品質不満の可能性,長期契約特典: 1年契約への移行割引やポイント付与を提案する / 料金プラン見直し: 利用状況に合う低負担プランを提案する / オンボーディング強化: 初期活用サポートや利用定着メールを送る
5187-IIY,Female,1,Yes,No,11,Yes,No,Fiber optic,Yes,Yes,Yes,No,No,Yes,Month-to-month,Yes,Credit card (automatic),74.67,793.44,1,0.8811269987899714,High,月額契約で解約しやすい / 利用期間が短い / TechSupport未加入 / Fiber optic利用で料金・品質不満の可能性,長期契約特典: 1年契約への移行割引やポイント付与を提案する / オンボーディング強化: 初期活用サポートや利用定着メールを送る / サポート加入キャンペーン: 初月無料のTechSupportを提案する
8679-HTD,Male,0,No,No,12,Yes,No,Fiber optic,No,No,No,No,No,No,Month-to-month,No,Electronic check,83.14,967.81,0,0.8810355727834435,High,月額契約で解約しやすい / 月額料金が高い / 利用期間が短い / TechSupport未加入 / OnlineSecurity未加入,長期契約特典: 1年契約への移行割引やポイント付与を提案する / 料金プラン見直し: 利用状況に合う低負担プランを提案する / オンボーディング強化: 初期活用サポートや利用定着メールを送る
1446-JOC,Female,0,No,No,8,Yes,No,Fiber optic,No,Yes,No,No,Yes,Yes,Month-to-month,Yes,Mailed check,77.85,584.37,1,0.8810297124826661,High,月額契約で解約しやすい / 月額料金が高い / 利用期間が短い / TechSupport未加入 / OnlineSecurity未加入,長期契約特典: 1年契約への移行割引やポイント付与を提案する / 料金プラン見直し: 利用状況に合う低負担プランを提案する / オンボーディング強化: 初期活用サポートや利用定着メールを送る
5935-QXM,Female,1,No,No,17,No,No,Fiber optic,Yes,No,Yes,No,Yes,No,Month-to-month,Yes,Electronic check,79.48,1333.66,1,0.8805902149347906,High,月額契約で解約しやすい / 月額料金が高い / TechSupport未加入 / Electronic check利用 / Fiber optic利用で料金・品質不満の可能性,長期契約特典: 1年契約への移行割引やポイント付与を提案する / 料金プラン見直し: 利用状況に合う低負担プランを提案する / サポート加入キャンペーン: 初月無料のTechSupportを提案する
7255-IBI,Female,0,Yes,Yes,19,Yes,Yes,Fiber optic,No,Yes,No,No,Yes,No,Month-to-month,Yes,Electronic check,94.23,1752.95,1,0.8801620507678404,High,月額契約で解約しやすい / 月額料金が高い / TechSupport未加入 / OnlineSecurity未加入 / Electronic check利用,長期契約特典: 1年契約への移行割引やポイント付与を提案する / 料金プラン見直し: 利用状況に合う低負担プランを提案する / サポート加入キャンペーン: 初月無料のTechSupportを提案する
8160-FUW,Female,0,Yes,No,4,Yes,No phone service,Fiber optic,No,No,No,Yes,Yes,No,Month-to-month,No,Electronic check,77.92,354.15,1,0.880027919951044,High,月額契約で解約しやすい / 月額料金が高い / 利用期間が短い / OnlineSecurity未加入 / Electronic check利用,長期契約特典: 1年契約への移行割引やポイント付与を提案する / 料金プラン見直し: 利用状況に合う低負担プランを提案する / オンボーディング強化: 初期活用サポートや利用定着メールを送る
4307-DDV,Female,0,No,No,1,Yes,No,Fiber optic,Yes,No,No,No,Yes,No,Month-to-month,Yes,Bank transfer (automatic),85.83,107.16,1,0.8799713598637035,High,月額契約で解約しやすい / 月額料金が高い / 利用期間が短い / TechSupport未加入 / Fiber optic利用で料金・品質不満の可能性,長期契約特典: 1年契約への移行割引やポイント付与を提案する / 料金プラン見直し: 利用状況に合う低負担プランを提案する / オンボーディング強化: 初期活用サポートや利用定着メールを送る
6297-ICH,Male,0,Yes,Yes,12,Yes,No,Fiber optic,No,No,No,Yes,No,No,Month-to-month,Yes,Electronic check,91.94,1164.2,0,0.879669066495941,High,月額契約で解約しやすい / 月額料金が高い / 利用期間が短い / OnlineSecurity未加入 / Electronic check利用,長期契約特典: 1年契約への移行割引やポイント付与を提案する / 料金プラン見直し: 利用状況に合う低負担プランを提案する / オンボーディング強化: 初期活用サポートや利用定着メールを送る
7953-TWE,Male,0,Yes,No,3,Yes,No,Fiber optic,No,No,No,Yes,Yes,Yes,Month-to-month,No,Electronic check,75.98,204.59,1,0.8792603031165731,High,月額契約で解約しやすい / 月額料金が高い / 利用期間が短い / OnlineSecurity未加入 / Electronic check利用,長期契約特典: 1年契約への移行割引やポイント付与を提案する / 料金プラン見直し: 利用状況に合う低負担プランを提案する / オンボーディング強化: 初期活用サポートや利用定着メールを送る
1801-DLY,Female,0,No,No,11,No,No,Fiber optic,Yes,No,Yes,Yes,Yes,Yes,Month-to-month,Yes,Electronic check,94.25,1081.29,1,0.8791408387616526,High,月額契約で解約しやすい / 月額料金が高い / 利用期間が短い / Electronic check利用 / Fiber optic利用で料金・品質不満の可能性,長期契約特典: 1年契約への移行割引やポイント付与を提案する / 料金プラン見直し: 利用状況に合う低負担プランを提案する / オンボーディング強化: 初期活用サポートや利用定着メールを送る
6134-VCK,Female,0,No,Yes,0,Yes,No phone service,Fiber optic,No,No,Yes,No,Yes,Yes,Month-to-month,No,Mailed check,70.72,0.0,1,0.8790596281107969,High,月額契約で解約しやすい / 利用期間が短い / TechSupport未加入 / OnlineSecurity未加入 / Fiber optic利用で料金・品質不満の可能性,長期契約特典: 1年契約への移行割引やポイント付与を提案する / オンボーディング強化: 初期活用サポートや利用定着メールを送る / サポート加入キャンペーン: 初月無料のTechSupportを提案する
1438-GOP,Female,0,No,No,5,Yes,No,Fiber optic,No,No,Yes,No,No,Yes,Month-to-month,No,Credit card (automatic),72.21,353.41,0,0.8790275957249629,High,月額契約で解約しやすい / 利用期間が短い / TechSupport未加入 / OnlineSecurity未加入 / Fiber optic利用で料金・品質不満の可能性,長期契約特典: 1年契約への移行割引やポイント付与を提案する / オンボーディング強化: 初期活用サポートや利用定着メールを送る / サポート加入キャンペーン: 初月無料のTechSupportを提案する
2089-WZN,Female,0,Yes,No,1,Yes,Yes,Fiber optic,No,Yes,Yes,No,No,No,Month-to-month,Yes,Bank transfer (automatic),59.19,56.71,1,0.878620783501442,High,月額契約で解約しやすい / 利用期間が短い / TechSupport未加入 / OnlineSecurity未加入 / Fiber optic利用で料金・品質不満の可能性,長期契約特典: 1年契約への移行割引やポイント付与を提案する / オンボーディング強化: 初期活用サポートや利用定着メールを送る / サポート加入キャンペーン: 初月無料のTechSupportを提案する
1692-IWC,Male,0,Yes,No,3,Yes,No,Fiber optic,Yes,Yes,Yes,No,Yes,No,Month-to-month,Yes,Electronic check,69.54,234.73,1,0.8782171986949009,High,月額契約で解約しやすい / 利用期間が短い / TechSupport未加入 / Electronic check利用 / Fiber optic利用で料金・品質不満の可能性,長期契約特典: 1年契約への移行割引やポイント付与を提案する / オンボーディング強化: 初期活用サポートや利用定着メールを送る / サポート加入キャンペーン: 初月無料のTechSupportを提案する
6026-UJK,Male,0,No,No,5,No,No,Fiber optic,No,Yes,Yes,No,No,No,Month-to-month,No,Bank transfer (automatic),80.69,406.39,1,0.8781666113333024,High,月額契約で解約しやすい / 月額料金が高い / 利用期間が短い / TechSupport未加入 / OnlineSecurity未加入,長期契約特典: 1年契約への移行割引やポイント付与を提案する / 料金プラン見直し: 利用状況に合う低負担プランを提案する / オンボーディング強化: 初期活用サポートや利用定着メールを送る
6820-KMV,Female,0,No,No,11,Yes,Yes,Fiber optic,No,Yes,No,No,No,No,Month-to-month,Yes,Mailed check,89.14,1010.49,1,0.8772805408313874,High,月額契約で解約しやすい / 月額料金が高い / 利用期間が短い / TechSupport未加入 / OnlineSecurity未加入,長期契約特典: 1年契約への移行割引やポイント付与を提案する / 料金プラン見直し: 利用状況に合う低負担プランを提案する / オンボーディング強化: 初期活用サポートや利用定着メールを送る
2899-NIU,Male,0,No,Yes,0,Yes,No,Fiber optic,Yes,No,No,No,Yes,No,Month-to-month,Yes,Bank transfer (automatic),86.82,0.0,0,0.8771499879600465,High,月額契約で解約しやすい / 月額料金が高い / 利用期間が短い / TechSupport未加入 / Fiber optic利用で料金・品質不満の可能性,長期契約特典: 1年契約への移行割引やポイント付与を提案する / 料金プラン見直し: 利用状況に合う低負担プランを提案する / オンボーディング強化: 初期活用サポートや利用定着メールを送る
3093-SVH,Male,1,No,Yes,23,Yes,No phone service,Fiber optic,No,Yes,No,No,No,Yes,Month-to-month,Yes,Mailed check,82.96,1898.5,1,0.8767659281340123,High,月額契約で解約しやすい / 月額料金が高い / TechSupport未加入 / OnlineSecurity未加入 / Fiber optic利用で料金・品質不満の可能性,長期契約特典: 1年契約への移行割引やポイント付与を提案する / 料金プラン見直し: 利用状況に合う低負担プランを提案する / サポート加入キャンペーン: 初月無料のTechSupportを提案する
7680-BAR,Male,0,Yes,Yes,14,No,No phone service,Fiber optic,Yes,Yes,No,No,No,No,Month-to-month,Yes,Electronic check,84.71,1187.76,1,0.8756994585098152,High,月額契約で解約しやすい / 月額料金が高い / TechSupport未加入 / Electronic check利用 / Fiber optic利用で料金・品質不満の可能性,長期契約特典: 1年契約への移行割引やポイント付与を提案する / 料金プラン見直し: 利用状況に合う低負担プランを提案する / サポート加入キャンペーン: 初月無料のTechSupportを提案する
8730-NPC,Female,0,No,No,12,Yes,No,Fiber optic,Yes,Yes,Yes,No,No,No,Month-to-month,Yes,Electronic check,81.75,1028.13,0,0.8756901664432146,High,月額契約で解約しやすい / 月額料金が高い / 利用期間が短い / TechSupport未加入 / Electronic check利用,長期契約特典: 1年契約への移行割引やポイント付与を提案する / 料金プラン見直し: 利用状況に合う低負担プランを提案する / オンボーディング強化: 初期活用サポートや利用定着メールを送る
6714-HDQ,Female,0,No,No,14,No,Yes,Fiber optic,No,No,No,No,Yes,No,Month-to-month,Yes,Electronic check,66.87,924.38,0,0.8755123702357588,High,月額契約で解約しやすい / TechSupport未加入 / OnlineSecurity未加入 / Electronic check利用 / Fiber optic利用で料金・品質不満の可能性,長期契約特典: 1年契約への移行割引やポイント付与を提案する / サポート加入キャンペーン: 初月無料のTechSupportを提案する / セキュリティ提案: OnlineSecurityの価値を説明し利用を促す
7466-EVA,Male,0,Yes,No,21,No,No,Fiber optic,No,Yes,No,No,No,No,Month-to-month,Yes,Electronic check,84.17,1789.01,0,0.8754797765780715,High,月額契約で解約しやすい / 月額料金が高い / TechSupport未加入 / OnlineSecurity未加入 / Electronic check利用,長期契約特典: 1年契約への移行割引やポイント付与を提案する / 料金プラン見直し: 利用状況に合う低負担プランを提案する / サポート加入キャンペーン: 初月無料のTechSupportを提案する
2829-NEP,Female,0,Yes,No,11,Yes,No,Fiber optic,No,No,No,No,No,Yes,Month-to-month,Yes,Electronic check,51.43,551.88,1,0.8754480574708037,High,月額契約で解約しやすい / 利用期間が短い / TechSupport未加入 / OnlineSecurity未加入 / Electronic check利用,長期契約特典: 1年契約への移行割引やポイント付与を提案する / オンボーディング強化: 初期活用サポートや利用定着メールを送る / サポート加入キャンペーン: 初月無料のTechSupportを提案する
1108-VTW,Male,1,Yes,No,9,Yes,No,Fiber optic,No,Yes,Yes,Yes,No,Yes,Month-to-month,Yes,Mailed check,72.76,674.58,0,0.8753498590906165,High,月額契約で解約しやすい / 利用期間が短い / OnlineSecurity未加入 / Fiber optic利用で料金・品質不満の可能性,長期契約特典: 1年契約への移行割引やポイント付与を提案する / オンボーディング強化: 初期活用サポートや利用定着メールを送る / セキュリティ提案: OnlineSecurityの価値を説明し利用を促す
4008-DKG,Female,0,Yes,No,11,Yes,Yes,Fiber optic,Yes,Yes,Yes,No,No,Yes,Month-to-month,Yes,Bank transfer (automatic),96.05,972.05,1,0.8751559072223681,High,月額契約で解約しやすい / 月額料金が高い / 利用期間が短い / TechSupport未加入 / Fiber optic利用で料金・品質不満の可能性,長期契約特典: 1年契約への移行割引やポイント付与を提案する / 料金プラン見直し: 利用状況に合う低負担プランを提案する / オンボーディング強化: 初期活用サポートや利用定着メールを送る
4956-VMJ,Female,0,Yes,No,2,Yes,No,Fiber optic,Yes,Yes,Yes,No,No,No,Month-to-month,Yes,Bank transfer (automatic),82.23,179.05,1,0.875058844396011,High,月額契約で解約しやすい / 月額料金が高い / 利用期間が短い / TechSupport未加入 / Fiber optic利用で料金・品質不満の可能性,長期契約特典: 1年契約への移行割引やポイント付与を提案する / 料金プラン見直し: 利用状況に合う低負担プランを提案する / オンボーディング強化: 初期活用サポートや利用定着メールを送る
1696-PTH,Female,1,Yes,No,20,Yes,Yes,Fiber optic,No,Yes,No,No,Yes,No,Month-to-month,No,Credit card (automatic),105.69,2172.47,1,0.8750063236928528,High,月額契約で解約しやすい / 月額料金が高い / TechSupport未加入 / OnlineSecurity未加入 / Fiber optic利用で料金・品質不満の可能性,長期契約特典: 1年契約への移行割引やポイント付与を提案する / 料金プラン見直し: 利用状況に合う低負担プランを提案する / サポート加入キャンペーン: 初月無料のTechSupportを提案する
1911-YRV,Female,1,No,Yes,21,Yes,No,Fiber optic,No,No,Yes,Yes,Yes,Yes,Month-to-month,No,Electronic check,97.94,2001.1,1,0.8749330182567915,High,月額契約で解約しやすい / 月額料金が高い / OnlineSecurity未加入 / Electronic check利用 / Fiber optic利用で料金・品質不満の可能性,長期契約特典: 1年契約への移行割引やポイント付与を提案する / 料金プラン見直し: 利用状況に合う低負担プランを提案する / セキュリティ提案: OnlineSecurityの価値を説明し利用を促す
8052-BWK,Male,0,Yes,Yes,6,Yes,No,Fiber optic,No,Yes,Yes,No,Yes,No,Month-to-month,Yes,Bank transfer (automatic),78.42,463.99,1,0.8749036860196381,High,月額契約で解約しやすい / 月額料金が高い / 利用期間が短い / TechSupport未加入 / OnlineSecurity未加入,長期契約特典: 1年契約への移行割引やポイント付与を提案する / 料金プラン見直し: 利用状況に合う低負担プランを提案する / オンボーディング強化: 初期活用サポートや利用定着メールを送る
6957-GYM,Male,0,No,Yes,12,Yes,No phone service,Fiber optic,No,No,Yes,No,No,Yes,Month-to-month,Yes,Mailed check,76.02,944.52,0,0.8748399482052389,High,月額契約で解約しやすい / 月額料金が高い / 利用期間が短い / TechSupport未加入 / OnlineSecurity未加入,長期契約特典: 1年契約への移行割引やポイント付与を提案する / 料金プラン見直し: 利用状況に合う低負担プランを提案する / オンボーディング強化: 初期活用サポートや利用定着メールを送る
5687-NBJ,Female,0,No,No,6,No,Yes,Fiber optic,No,Yes,Yes,No,Yes,Yes,Month-to-month,No,Electronic check,52.87,346.84,1,0.8746391871948146,High,月額契約で解約しやすい / 利用期間が短い / TechSupport未加入 / OnlineSecurity未加入 / Electronic check利用,長期契約特典: 1年契約への移行割引やポイント付与を提案する / オンボーディング強化: 初期活用サポートや利用定着メールを送る / サポート加入キャンペーン: 初月無料のTechSupportを提案する
3611-EZN,Female,0,No,No,7,Yes,Yes,Fiber optic,Yes,No,No,No,Yes,No,Month-to-month,Yes,Electronic check,75.12,508.13,0,0.8745950713144655,High,月額契約で解約しやすい / 月額料金が高い / 利用期間が短い / TechSupport未加入 / Electronic check利用,長期契約特典: 1年契約への移行割引やポイント付与を提案する / 料金プラン見直し: 利用状況に合う低負担プランを提案する / オンボーディング強化: 初期活用サポートや利用定着メールを送る
8312-UEC,Female,0,No,Yes,9,Yes,No phone service,Fiber optic,Yes,No,No,Yes,Yes,Yes,Month-to-month,Yes,Electronic check,83.46,769.79,1,0.8744972772809552,High,月額契約で解約しやすい / 月額料金が高い / 利用期間が短い / Electronic check利用 / Fiber optic利用で料金・品質不満の可能性,長期契約特典: 1年契約への移行割引やポイント付与を提案する / 料金プラン見直し: 利用状況に合う低負担プランを提案する / オンボーディング強化: 初期活用サポートや利用定着メールを送る
8804-QSE,Male,0,Yes,Yes,9,Yes,No,Fiber optic,No,Yes,No,No,No,Yes,Month-to-month,Yes,Bank transfer (automatic),72.82,669.23,1,0.8743730794822024,High,月額契約で解約しやすい / 利用期間が短い / TechSupport未加入 / OnlineSecurity未加入 / Fiber optic利用で料金・品質不満の可能性,長期契約特典: 1年契約への移行割引やポイント付与を提案する / オンボーディング強化: 初期活用サポートや利用定着メールを送る / サポート加入キャンペーン: 初月無料のTechSupportを提案する
5181-WSL,Female,0,No,Yes,3,No,No phone service,Fiber optic,No,Yes,Yes,No,Yes,Yes,Month-to-month,No,Mailed check,70.59,211.88,0,0.8741959023609818,High,月額契約で解約しやすい / 利用期間が短い / TechSupport未加入 / OnlineSecurity未加入 / Fiber optic利用で料金・品質不満の可能性,長期契約特典: 1年契約への移行割引やポイント付与を提案する / オンボーディング強化: 初期活用サポートや利用定着メールを送る / サポート加入キャンペーン: 初月無料のTechSupportを提案する
6211-HZD,Female,1,No,Yes,0,Yes,No,Fiber optic,Yes,No,No,No,No,Yes,Month-to-month,No,Mailed check,75.92,0.0,1,0.8735733308103987,High,月額契約で解約しやすい / 月額料金が高い / 利用期間が短い / TechSupport未加入 / Fiber optic利用で料金・品質不満の可能性,長期契約特典: 1年契約への移行割引やポイント付与を提案する / 料金プラン見直し: 利用状況に合う低負担プランを提案する / オンボーディング強化: 初期活用サポートや利用定着メールを送る
8202-FWR,Female,0,Yes,No,6,No,No,Fiber optic,Yes,No,No,No,No,Yes,Month-to-month,Yes,Credit card (automatic),78.38,397.98,1,0.8733021552418652,High,月額契約で解約しやすい / 月額料金が高い / 利用期間が短い / TechSupport未加入 / Fiber optic利用で料金・品質不満の可能性,長期契約特典: 1年契約への移行割引やポイント付与を提案する / 料金プラン見直し: 利用状況に合う低負担プランを提案する / オンボーディング強化: 初期活用サポートや利用定着メールを送る
6470-PES,Female,0,No,No,13,Yes,Yes,Fiber optic,No,No,No,No,Yes,Yes,Month-to-month,Yes,Mailed check,87.87,1144.41,0,0.8731173270328279,High,月額契約で解約しやすい / 月額料金が高い / TechSupport未加入 / OnlineSecurity未加入 / Fiber optic利用で料金・品質不満の可能性,長期契約特典: 1年契約への移行割引やポイント付与を提案する / 料金プラン見直し: 利用状況に合う低負担プランを提案する / サポート加入キャンペーン: 初月無料のTechSupportを提案する
2652-XRP,Male,0,No,No,16,No,Yes,Fiber optic,No,No,Yes,No,Yes,Yes,Month-to-month,Yes,Bank transfer (automatic),83.81,1346.84,1,0.8728938294146108,High,月額契約で解約しやすい / 月額料金が高い / TechSupport未加入 / OnlineSecurity未加入 / Fiber optic利用で料金・品質不満の可能性,長期契約特典: 1年契約への移行割引やポイント付与を提案する / 料金プラン見直し: 利用状況に合う低負担プランを提案する / サポート加入キャンペーン: 初月無料のTechSupportを提案する
5763-VFG,Male,0,No,No,10,Yes,No phone service,Fiber optic,No,Yes,No,No,No,No,Month-to-month,Yes,Credit card (automatic),60.67,626.56,1,0.8728878152363224,High,月額契約で解約しやすい / 利用期間が短い / TechSupport未加入 / OnlineSecurity未加入 / Fiber optic利用で料金・品質不満の可能性,長期契約特典: 1年契約への移行割引やポイント付与を提案する / オンボーディング強化: 初期活用サポートや利用定着メールを送る / サポート加入キャンペーン: 初月無料のTechSupportを提案する
9909-ORM,Male,0,Yes,Yes,20,Yes,Yes,Fiber optic,No,Yes,No,No,Yes,Yes,Month-to-month,Yes,Electronic check,82.44,1712.44,1,0.8727460645677398,High,月額契約で解約しやすい / 月額料金が高い / TechSupport未加入 / OnlineSecurity未加入 / Electronic check利用,長期契約特典: 1年契約への移行割引やポイント付与を提案する / 料金プラン見直し: 利用状況に合う低負担プランを提案する / サポート加入キャンペーン: 初月無料のTechSupportを提案する
8749-UTS,Female,0,Yes,No,1,Yes,No,Fiber optic,No,Yes,Yes,No,No,No,Month-to-month,Yes,Mailed check,62.97,0.0,1,0.8724839477957909,High,月額契約で解約しやすい / 利用期間が短い / TechSupport未加入 / OnlineSecurity未加入 / Fiber optic利用で料金・品質不満の可能性,長期契約特典: 1年契約への移行割引やポイント付与を提案する / オンボーディング強化: 初期活用サポートや利用定着メールを送る / サポート加入キャンペーン: 初月無料のTechSupportを提案する
9587-SRB,Male,0,No,No,1,Yes,Yes,Fiber optic,No,No,Yes,Yes,No,No,Month-to-month,No,Bank transfer (automatic),89.27,124.66,1,0.8724378659709129,High,月額契約で解約しやすい / 月額料金が高い / 利用期間が短い / OnlineSecurity未加入 / Fiber optic利用で料金・品質不満の可能性,長期契約特典: 1年契約への移行割引やポイント付与を提案する / 料金プラン見直し: 利用状況に合う低負担プランを提案する / オンボーディング強化: 初期活用サポートや利用定着メールを送る
2009-PYO,Male,0,Yes,No,2,Yes,Yes,Fiber optic,No,No,Yes,Yes,No,No,Month-to-month,Yes,Credit card (automatic),74.14,90.57,1,0.872426902610178,High,月額契約で解約しやすい / 利用期間が短い / OnlineSecurity未加入 / Fiber optic利用で料金・品質不満の可能性,長期契約特典: 1年契約への移行割引やポイント付与を提案する / オンボーディング強化: 初期活用サポートや利用定着メールを送る / セキュリティ提案: OnlineSecurityの価値を説明し利用を促す
1909-YGM,Female,0,No,No,1,Yes,No,Fiber optic,Yes,Yes,No,No,No,No,Month-to-month,Yes,Mailed check,83.37,116.09,0,0.8723548855834428,High,月額契約で解約しやすい / 月額料金が高い / 利用期間が短い / TechSupport未加入 / Fiber optic利用で料金・品質不満の可能性,長期契約特典: 1年契約への移行割引やポイント付与を提案する / 料金プラン見直し: 利用状況に合う低負担プランを提案する / オンボーディング強化: 初期活用サポートや利用定着メールを送る
6728-FHG,Male,1,No,No,9,Yes,No,Fiber optic,Yes,Yes,No,No,No,Yes,Month-to-month,No,Credit card (automatic),79.16,665.91,1,0.8721336929463924,High,月額契約で解約しやすい / 月額料金が高い / 利用期間が短い / TechSupport未加入 / Fiber optic利用で料金・品質不満の可能性,長期契約特典: 1年契約への移行割引やポイント付与を提案する / 料金プラン見直し: 利用状況に合う低負担プランを提案する / オンボーディング強化: 初期活用サポートや利用定着メールを送る
3777-RDM,Male,0,Yes,No,13,Yes,No phone service,Fiber optic,No,No,No,No,No,No,Month-to-month,Yes,Electronic check,53.9,715.28,0,0.8720884957489383,High,月額契約で解約しやすい / TechSupport未加入 / OnlineSecurity未加入 / Electronic check利用 / Fiber optic利用で料金・品質不満の可能性,長期契約特典: 1年契約への移行割引やポイント付与を提案する / サポート加入キャンペーン: 初月無料のTechSupportを提案する / セキュリティ提案: OnlineSecurityの価値を説明し利用を促す
8191-AZM,Female,0,No,No,5,Yes,Yes,Fiber optic,Yes,Yes,No,No,No,No,Month-to-month,Yes,Credit card (automatic),81.57,432.4,1,0.8717634748888525,High,月額契約で解約しやすい / 月額料金が高い / 利用期間が短い / TechSupport未加入 / Fiber optic利用で料金・品質不満の可能性,長期契約特典: 1年契約への移行割引やポイント付与を提案する / 料金プラン見直し: 利用状況に合う低負担プランを提案する / オンボーディング強化: 初期活用サポートや利用定着メールを送る
5121-UMP,Male,0,No,Yes,10,Yes,No,Fiber optic,No,Yes,Yes,No,No,Yes,Month-to-month,Yes,Mailed check,77.04,727.96,1,0.8717476953235216,High,月額契約で解約しやすい / 月額料金が高い / 利用期間が短い / TechSupport未加入 / OnlineSecurity未加入,長期契約特典: 1年契約への移行割引やポイント付与を提案する / 料金プラン見直し: 利用状況に合う低負担プランを提案する / オンボーディング強化: 初期活用サポートや利用定着メールを送る
6617-WWY,Female,1,Yes,No,14,Yes,No phone service,Fiber optic,Yes,No,Yes,No,Yes,No,Month-to-month,Yes,Electronic check,61.05,858.2,1,0.8714901690737911,High,月額契約で解約しやすい / TechSupport未加入 / Electronic check利用 / Fiber optic利用で料金・品質不満の可能性,長期契約特典: 1年契約への移行割引やポイント付与を提案する / サポート加入キャンペーン: 初月無料のTechSupportを提案する / 支払い方法変更: 自動支払いへの変更特典を提案する
5504-EFF,Female,0,No,No,2,Yes,No,Fiber optic,No,No,Yes,No,Yes,Yes,One year,Yes,Electronic check,87.52,205.28,1,0.8714483410338504,High,月額料金が高い / 利用期間が短い / TechSupport未加入 / OnlineSecurity未加入 / Electronic check利用,料金プラン見直し: 利用状況に合う低負担プランを提案する / オンボーディング強化: 初期活用サポートや利用定着メールを送る / サポート加入キャンペーン: 初月無料のTechSupportを提案する
8813-SWT,Male,0,No,No,6,Yes,Yes,Fiber optic,No,No,No,No,Yes,Yes,Month-to-month,No,Credit card (automatic),75.52,438.15,1,0.8713887458793798,High,月額契約で解約しやすい / 月額料金が高い / 利用期間が短い / TechSupport未加入 / OnlineSecurity未加入,長期契約特典: 1年契約への移行割引やポイント付与を提案する / 料金プラン見直し: 利用状況に合う低負担プランを提案する / オンボーディング強化: 初期活用サポートや利用定着メールを送る
3846-WYY,Female,1,Yes,No,11,No,No phone service,DSL,No,No,No,No,No,Yes,Month-to-month,Yes,Bank transfer (automatic),83.78,882.69,1,0.8710511597066254,High,月額契約で解約しやすい / 月額料金が高い / 利用期間が短い / TechSupport未加入 / OnlineSecurity未加入,長期契約特典: 1年契約への移行割引やポイント付与を提案する / 料金プラン見直し: 利用状況に合う低負担プランを提案する / オンボーディング強化: 初期活用サポートや利用定着メールを送る
7534-UMP,Female,0,Yes,No,6,Yes,No phone service,Fiber optic,No,No,Yes,No,Yes,No,Month-to-month,No,Credit card (automatic),76.93,532.09,1,0.8705749765445465,High,月額契約で解約しやすい / 月額料金が高い / 利用期間が短い / TechSupport未加入 / OnlineSecurity未加入,長期契約特典: 1年契約への移行割引やポイント付与を提案する / 料金プラン見直し: 利用状況に合う低負担プランを提案する / オンボーディング強化: 初期活用サポートや利用定着メールを送る
4423-OHP,Female,0,No,Yes,15,Yes,Yes,Fiber optic,No,No,No,No,No,Yes,Month-to-month,Yes,Electronic check,59.02,845.25,1,0.8702556846368658,High,月額契約で解約しやすい / TechSupport未加入 / OnlineSecurity未加入 / Electronic check利用 / Fiber optic利用で料金・品質不満の可能性,長期契約特典: 1年契約への移行割引やポイント付与を提案する / サポート加入キャンペーン: 初月無料のTechSupportを提案する / セキュリティ提案: OnlineSecurityの価値を説明し利用を促す
3844-YIP,Female,0,Yes,No,12,No,Yes,Fiber optic,No,Yes,No,No,Yes,No,Month-to-month,Yes,Credit card (automatic),80.62,985.19,1,0.8702224819347195,High,月額契約で解約しやすい / 月額料金が高い / 利用期間が短い / TechSupport未加入 / OnlineSecurity未加入,長期契約特典: 1年契約への移行割引やポイント付与を提案する / 料金プラン見直し: 利用状況に合う低負担プランを提案する / オンボーディング強化: 初期活用サポートや利用定着メールを送る
3462-CPH,Female,0,Yes,No,22,Yes,No,Fiber optic,No,No,No,No,Yes,Yes,Month-to-month,Yes,Electronic check,80.94,1737.15,0,0.8701724771084975,High,月額契約で解約しやすい / 月額料金が高い / TechSupport未加入 / OnlineSecurity未加入 / Electronic check利用,長期契約特典: 1年契約への移行割引やポイント付与を提案する / 料金プラン見直し: 利用状況に合う低負担プランを提案する / サポート加入キャンペーン: 初月無料のTechSupportを提案する
1699-CIU,Male,0,Yes,Yes,3,Yes,No,Fiber optic,Yes,No,No,No,Yes,Yes,Month-to-month,Yes,Credit card (automatic),81.39,246.95,0,0.8701616143895861,High,月額契約で解約しやすい / 月額料金が高い / 利用期間が短い / TechSupport未加入 / Fiber optic利用で料金・品質不満の可能性,長期契約特典: 1年契約への移行割引やポイント付与を提案する / 料金プラン見直し: 利用状況に合う低負担プランを提案する / オンボーディング強化: 初期活用サポートや利用定着メールを送る
2258-LMM,Male,1,No,Yes,34,No,No,Fiber optic,No,Yes,Yes,No,No,Yes,Month-to-month,Yes,Electronic check,82.55,2820.06,1,0.8700866810461922,High,月額契約で解約しやすい / 月額料金が高い / TechSupport未加入 / OnlineSecurity未加入 / Electronic check利用,長期契約特典: 1年契約への移行割引やポイント付与を提案する / 料金プラン見直し: 利用状況に合う低負担プランを提案する / サポート加入キャンペーン: 初月無料のTechSupportを提案する
8293-NSM,Female,0,No,No,16,No,No,Fiber optic,No,No,No,No,No,Yes,Month-to-month,Yes,Mailed check,86.56,1417.9,0,0.8698583578482383,High,月額契約で解約しやすい / 月額料金が高い / TechSupport未加入 / OnlineSecurity未加入 / Fiber optic利用で料金・品質不満の可能性,長期契約特典: 1年契約への移行割引やポイント付与を提案する / 料金プラン見直し: 利用状況に合う低負担プランを提案する / サポート加入キャンペーン: 初月無料のTechSupportを提案する
7983-SBQ,Male,0,No,No,4,Yes,Yes,Fiber optic,No,No,No,Yes,Yes,Yes,Month-to-month,No,Electronic check,68.16,259.23,1,0.8695197079065877,High,月額契約で解約しやすい / 利用期間が短い / OnlineSecurity未加入 / Electronic check利用 / Fiber optic利用で料金・品質不満の可能性,長期契約特典: 1年契約への移行割引やポイント付与を提案する / オンボーディング強化: 初期活用サポートや利用定着メールを送る / セキュリティ提案: OnlineSecurityの価値を説明し利用を促す
9730-BNZ,Female,0,No,Yes,6,Yes,No phone service,Fiber optic,Yes,No,Yes,No,No,Yes,Month-to-month,No,Electronic check,67.2,363.94,1,0.8694322580898447,High,月額契約で解約しやすい / 利用期間が短い / TechSupport未加入 / Electronic check利用 / Fiber optic利用で料金・品質不満の可能性,長期契約特典: 1年契約への移行割引やポイント付与を提案する / オンボーディング強化: 初期活用サポートや利用定着メールを送る / サポート加入キャンペーン: 初月無料のTechSupportを提案する
2300-OBF,Male,0,No,Yes,12,Yes,Yes,Fiber optic,Yes,Yes,Yes,Yes,No,Yes,Month-to-month,Yes,Electronic check,91.96,1049.53,1,0.8693431549829768,High,月額契約で解約しやすい / 月額料金が高い / 利用期間が短い / Electronic check利用 / Fiber optic利用で料金・品質不満の可能性,長期契約特典: 1年契約への移行割引やポイント付与を提案する / 料金プラン見直し: 利用状況に合う低負担プランを提案する / オンボーディング強化: 初期活用サポートや利用定着メールを送る
7994-XFW,Female,0,Yes,No,4,Yes,Yes,Fiber optic,Yes,Yes,Yes,No,No,Yes,Month-to-month,No,Electronic check,70.34,292.79,1,0.8692586411123716,High,月額契約で解約しやすい / 利用期間が短い / TechSupport未加入 / Electronic check利用 / Fiber optic利用で料金・品質不満の可能性,長期契約特典: 1年契約への移行割引やポイント付与を提案する / オンボーディング強化: 初期活用サポートや利用定着メールを送る / サポート加入キャンペーン: 初月無料のTechSupportを提案する
8098-YDA,Female,1,Yes,Yes,7,No,No,Fiber optic,Yes,No,Yes,No,Yes,Yes,Month-to-month,Yes,Credit card (automatic),65.29,475.83,1,0.8690525911089745,High,月額契約で解約しやすい / 利用期間が短い / TechSupport未加入 / Fiber optic利用で料金・品質不満の可能性,長期契約特典: 1年契約への移行割引やポイント付与を提案する / オンボーディング強化: 初期活用サポートや利用定着メールを送る / サポート加入キャンペーン: 初月無料のTechSupportを提案する
4975-RHM,Male,0,No,No,11,Yes,No,Fiber optic,No,No,No,Yes,No,Yes,Month-to-month,Yes,Bank transfer (automatic),85.45,969.97,0,0.8690484360803475,High,月額契約で解約しやすい / 月額料金が高い / 利用期間が短い / OnlineSecurity未加入 / Fiber optic利用で料金・品質不満の可能性,長期契約特典: 1年契約への移行割引やポイント付与を提案する / 料金プラン見直し: 利用状況に合う低負担プランを提案する / オンボーディング強化: 初期活用サポートや利用定着メールを送る
7315-PBY,Male,0,Yes,No,1,Yes,Yes,Fiber optic,No,No,No,No,Yes,Yes,Month-to-month,No,Credit card (automatic),66.18,135.26,1,0.8689846628867536,High,月額契約で解約しやすい / 利用期間が短い / TechSupport未加入 / OnlineSecurity未加入 / Fiber optic利用で料金・品質不満の可能性,長期契約特典: 1年契約への移行割引やポイント付与を提案する / オンボーディング強化: 初期活用サポートや利用定着メールを送る / サポート加入キャンペーン: 初月無料のTechSupportを提案する
2921-UID,Male,0,Yes,No,5,Yes,Yes,Fiber optic,No,Yes,Yes,Yes,No,Yes,Month-to-month,Yes,Bank transfer (automatic),71.6,363.71,1,0.8689406563446203,High,月額契約で解約しやすい / 利用期間が短い / OnlineSecurity未加入 / Fiber optic利用で料金・品質不満の可能性,長期契約特典: 1年契約への移行割引やポイント付与を提案する / オンボーディング強化: 初期活用サポートや利用定着メールを送る / セキュリティ提案: OnlineSecurityの価値を説明し利用を促す
3938-XOZ,Male,0,Yes,No,9,Yes,Yes,Fiber optic,No,Yes,Yes,No,No,Yes,Month-to-month,No,Credit card (automatic),78.73,697.72,1,0.8688967502429915,High,月額契約で解約しやすい / 月額料金が高い / 利用期間が短い / TechSupport未加入 / OnlineSecurity未加入,長期契約特典: 1年契約への移行割引やポイント付与を提案する / 料金プラン見直し: 利用状況に合う低負担プランを提案する / オンボーディング強化: 初期活用サポートや利用定着メールを送る
3309-BXC,Male,0,Yes,No,11,Yes,No,Fiber optic,No,Yes,Yes,No,No,No,Month-to-month,Yes,Credit card (automatic),74.45,829.58,1,0.868809334812976,High,月額契約で解約しやすい / 利用期間が短い / TechSupport未加入 / OnlineSecurity未加入 / Fiber optic利用で料金・品質不満の可能性,長期契約特典: 1年契約への移行割引やポイント付与を提案する / オンボーディング強化: 初期活用サポートや利用定着メールを送る / サポート加入キャンペーン: 初月無料のTechSupportを提案する
7102-HXP,Female,1,Yes,No,37,Yes,No phone service,Fiber optic,No,No,Yes,No,Yes,Yes,Month-to-month,Yes,Electronic check,86.62,3207.44,0,0.8687682692891279,High,月額契約で解約しやすい / 月額料金が高い / TechSupport未加入 / OnlineSecurity未加入 / Electronic check利用,長期契約特典: 1年契約への移行割引やポイント付与を提案する / 料金プラン見直し: 利用状況に合う低負担プランを提案する / サポート加入キャンペーン: 初月無料のTechSupportを提案する
6605-HOZ,Male,0,No,No,11,Yes,Yes,Fiber optic,Yes,Yes,No,No,No,No,Month-to-month,Yes,Bank transfer (automatic),98.74,1067.14,1,0.8683428705899373,High,月額契約で解約しやすい / 月額料金が高い / 利用期間が短い / TechSupport未加入 / Fiber optic利用で料金・品質不満の可能性,長期契約特典: 1年契約への移行割引やポイント付与を提案する / 料金プラン見直し: 利用状況に合う低負担プランを提案する / オンボーディング強化: 初期活用サポートや利用定着メールを送る
3228-JTC,Male,0,No,No,2,No,No,Fiber optic,No,No,Yes,Yes,No,Yes,Month-to-month,Yes,Mailed check,67.54,172.8,0,0.8682335675167927,High,月額契約で解約しやすい / 利用期間が短い / OnlineSecurity未加入 / Fiber optic利用で料金・品質不満の可能性,長期契約特典: 1年契約への移行割引やポイント付与を提案する / オンボーディング強化: 初期活用サポートや利用定着メールを送る / セキュリティ提案: OnlineSecurityの価値を説明し利用を促す
3413-DUM,Female,0,No,No,16,Yes,Yes,Fiber optic,No,Yes,No,No,No,No,Month-to-month,Yes,Electronic check,63.01,1015.9,1,0.8679855108281157,High,月額契約で解約しやすい / TechSupport未加入 / OnlineSecurity未加入 / Electronic check利用 / Fiber optic利用で料金・品質不満の可能性,長期契約特典: 1年契約への移行割引やポイント付与を提案する / サポート加入キャンペーン: 初月無料のTechSupportを提案する / セキュリティ提案: OnlineSecurityの価値を説明し利用を促す
8333-NRM,Female,1,No,No,21,No,Yes,Fiber optic,No,Yes,No,Yes,Yes,Yes,Month-to-month,Yes,Credit card (automatic),84.79,1735.65,1,0.8677749666444807,High,月額契約で解約しやすい / 月額料金が高い / OnlineSecurity未加入 / Fiber optic利用で料金・品質不満の可能性,長期契約特典: 1年契約への移行割引やポイント付与を提案する / 料金プラン見直し: 利用状況に合う低負担プランを提案する / セキュリティ提案: OnlineSecurityの価値を説明し利用を促す
9823-TRS,Male,1,No,No,17,Yes,No phone service,Fiber optic,No,Yes,Yes,Yes,No,No,Month-to-month,Yes,Electronic check,49.62,813.43,1,0.8676027356643116,High,月額契約で解約しやすい / OnlineSecurity未加入 / Electronic check利用 / Fiber optic利用で料金・品質不満の可能性,長期契約特典: 1年契約への移行割引やポイント付与を提案する / セキュリティ提案: OnlineSecurityの価値を説明し利用を促す / 支払い方法変更: 自動支払いへの変更特典を提案する
8541-FMG,Male,0,Yes,No,16,Yes,No phone service,Fiber optic,No,No,No,Yes,Yes,Yes,Month-to-month,Yes,Electronic check,71.92,1144.18,1,0.8675531726534347,High,月額契約で解約しやすい / OnlineSecurity未加入 / Electronic check利用 / Fiber optic利用で料金・品質不満の可能性,長期契約特典: 1年契約への移行割引やポイント付与を提案する / セキュリティ提案: OnlineSecurityの価値を説明し利用を促す / 支払い方法変更: 自動支払いへの変更特典を提案する
3394-ZAW,Female,0,No,No,0,Yes,No,Fiber optic,Yes,Yes,No,No,No,No,Month-to-month,No,Electronic check,65.2,0.0,1,0.8675380863966268,High,月額契約で解約しやすい / 利用期間が短い / TechSupport未加入 / Electronic check利用 / Fiber optic利用で料金・品質不満の可能性,長期契約特典: 1年契約への移行割引やポイント付与を提案する / オンボーディング強化: 初期活用サポートや利用定着メールを送る / サポート加入キャンペーン: 初月無料のTechSupportを提案する
8679-EJP,Female,0,No,Yes,4,Yes,No,Fiber optic,No,Yes,Yes,No,Yes,Yes,Month-to-month,No,Credit card (automatic),69.24,244.21,1,0.8673919208839924,High,月額契約で解約しやすい / 利用期間が短い / TechSupport未加入 / OnlineSecurity未加入 / Fiber optic利用で料金・品質不満の可能性,長期契約特典: 1年契約への移行割引やポイント付与を提案する / オンボーディング強化: 初期活用サポートや利用定着メールを送る / サポート加入キャンペーン: 初月無料のTechSupportを提案する
4065-ZEX,Male,0,Yes,Yes,8,Yes,Yes,Fiber optic,No,Yes,No,No,Yes,No,Month-to-month,Yes,Electronic check,56.51,413.5,1,0.8670175207515528,High,月額契約で解約しやすい / 利用期間が短い / TechSupport未加入 / OnlineSecurity未加入 / Electronic check利用,長期契約特典: 1年契約への移行割引やポイント付与を提案する / オンボーディング強化: 初期活用サポートや利用定着メールを送る / サポート加入キャンペーン: 初月無料のTechSupportを提案する
1595-APY,Female,0,No,No,22,Yes,No,Fiber optic,No,Yes,No,No,Yes,No,Month-to-month,Yes,Electronic check,82.69,1810.54,1,0.8669936672743882,High,月額契約で解約しやすい / 月額料金が高い / TechSupport未加入 / OnlineSecurity未加入 / Electronic check利用,長期契約特典: 1年契約への移行割引やポイント付与を提案する / 料金プラン見直し: 利用状況に合う低負担プランを提案する / サポート加入キャンペーン: 初月無料のTechSupportを提案する
8903-UZI,Male,1,Yes,No,12,No,No,Fiber optic,No,No,Yes,No,No,No,Month-to-month,No,Mailed check,84.16,995.44,1,0.866935529942961,High,月額契約で解約しやすい / 月額料金が高い / 利用期間が短い / TechSupport未加入 / OnlineSecurity未加入,長期契約特典: 1年契約への移行割引やポイント付与を提案する / 料金プラン見直し: 利用状況に合う低負担プランを提案する / オンボーディング強化: 初期活用サポートや利用定着メールを送る
3616-YLG,Female,0,No,Yes,14,Yes,No phone service,Fiber optic,No,No,No,No,Yes,Yes,Month-to-month,Yes,Bank transfer (automatic),71.86,1118.79,1,0.8669323145256957,High,月額契約で解約しやすい / TechSupport未加入 / OnlineSecurity未加入 / Fiber optic利用で料金・品質不満の可能性,長期契約特典: 1年契約への移行割引やポイント付与を提案する / サポート加入キャンペーン: 初月無料のTechSupportを提案する / セキュリティ提案: OnlineSecurityの価値を説明し利用を促す
3944-ZBI,Female,0,No,No,10,Yes,No,Fiber optic,No,Yes,No,Yes,No,No,Month-to-month,Yes,Electronic check,65.38,654.39,0,0.866887988427763,High,月額契約で解約しやすい / 利用期間が短い / OnlineSecurity未加入 / Electronic check利用 / Fiber optic利用で料金・品質不満の可能性,長期契約特典: 1年契約への移行割引やポイント付与を提案する / オンボーディング強化: 初期活用サポートや利用定着メールを送る / セキュリティ提案: OnlineSecurityの価値を説明し利用を促す
2062-CIF,Male,0,No,No,0,Yes,No,DSL,No,Yes,No,No,No,Yes,Month-to-month,Yes,Electronic check,60.21,0.0,1,0.866845879373065,High,月額契約で解約しやすい / 利用期間が短い / TechSupport未加入 / OnlineSecurity未加入 / Electronic check利用,長期契約特典: 1年契約への移行割引やポイント付与を提案する / オンボーディング強化: 初期活用サポートや利用定着メールを送る / サポート加入キャンペーン: 初月無料のTechSupportを提案する
1714-QPG,Male,0,No,Yes,0,Yes,Yes,Fiber optic,No,Yes,Yes,Yes,No,Yes,Month-to-month,No,Mailed check,85.28,0.0,0,0.8666353084955544,High,月額契約で解約しやすい / 月額料金が高い / 利用期間が短い / OnlineSecurity未加入 / Fiber optic利用で料金・品質不満の可能性,長期契約特典: 1年契約への移行割引やポイント付与を提案する / 料金プラン見直し: 利用状況に合う低負担プランを提案する / オンボーディング強化: 初期活用サポートや利用定着メールを送る
4002-XWF,Female,1,No,No,14,Yes,No,DSL,No,No,No,No,Yes,Yes,Month-to-month,Yes,Electronic check,78.79,1097.65,1,0.8664345291352227,High,月額契約で解約しやすい / 月額料金が高い / TechSupport未加入 / OnlineSecurity未加入 / Electronic check利用,長期契約特典: 1年契約への移行割引やポイント付与を提案する / 料金プラン見直し: 利用状況に合う低負担プランを提案する / サポート加入キャンペーン: 初月無料のTechSupportを提案する
9974-IIQ,Male,0,Yes,No,21,Yes,Yes,Fiber optic,No,No,No,No,Yes,Yes,Month-to-month,Yes,Credit card (automatic),97.83,2073.67,1,0.866281408537464,High,月額契約で解約しやすい / 月額料金が高い / TechSupport未加入 / OnlineSecurity未加入 / Fiber optic利用で料金・品質不満の可能性,長期契約特典: 1年契約への移行割引やポイント付与を提案する / 料金プラン見直し: 利用状況に合う低負担プランを提案する / サポート加入キャンペーン: 初月無料のTechSupportを提案する
2227-FBQ,Male,0,No,Yes,5,Yes,Yes,Fiber optic,No,No,No,No,No,Yes,Month-to-month,No,Bank transfer (automatic),73.87,382.13,0,0.866256883289296,High,月額契約で解約しやすい / 利用期間が短い / TechSupport未加入 / OnlineSecurity未加入 / Fiber optic利用で料金・品質不満の可能性,長期契約特典: 1年契約への移行割引やポイント付与を提案する / オンボーディング強化: 初期活用サポートや利用定着メールを送る / サポート加入キャンペーン: 初月無料のTechSupportを提案する
9788-WUY,Female,0,Yes,No,11,Yes,No,Fiber optic,Yes,No,No,No,Yes,Yes,Month-to-month,Yes,Mailed check,106.08,1134.45,0,0.8661944602515749,High,月額契約で解約しやすい / 月額料金が高い / 利用期間が短い / TechSupport未加入 / Fiber optic利用で料金・品質不満の可能性,長期契約特典: 1年契約への移行割引やポイント付与を提案する / 料金プラン見直し: 利用状況に合う低負担プランを提案する / オンボーディング強化: 初期活用サポートや利用定着メールを送る
4557-VKO,Female,0,No,No,7,Yes,Yes,Fiber optic,No,No,Yes,No,Yes,Yes,Month-to-month,No,Bank transfer (automatic),76.25,533.91,1,0.8658452879321228,High,月額契約で解約しやすい / 月額料金が高い / 利用期間が短い / TechSupport未加入 / OnlineSecurity未加入,長期契約特典: 1年契約への移行割引やポイント付与を提案する / 料金プラン見直し: 利用状況に合う低負担プランを提案する / オンボーディング強化: 初期活用サポートや利用定着メールを送る
9714-XLB,Male,1,No,Yes,18,Yes,Yes,Fiber optic,No,No,Yes,No,No,No,Month-to-month,Yes,Mailed check,84.21,1523.0,1,0.8658122051308974,High,月額契約で解約しやすい / 月額料金が高い / TechSupport未加入 / OnlineSecurity未加入 / Fiber optic利用で料金・品質不満の可能性,長期契約特典: 1年契約への移行割引やポイント付与を提案する / 料金プラン見直し: 利用状況に合う低負担プランを提案する / サポート加入キャンペーン: 初月無料のTechSupportを提案する
5799-DEM,Female,0,Yes,No,14,Yes,Yes,Fiber optic,Yes,Yes,Yes,No,No,No,Month-to-month,Yes,Bank transfer (automatic),107.83,1516.94,1,0.8650426941001342,High,月額契約で解約しやすい / 月額料金が高い / TechSupport未加入 / Fiber optic利用で料金・品質不満の可能性,長期契約特典: 1年契約への移行割引やポイント付与を提案する / 料金プラン見直し: 利用状況に合う低負担プランを提案する / サポート加入キャンペーン: 初月無料のTechSupportを提案する
2901-FHE,Male,0,Yes,Yes,25,Yes,Yes,Fiber optic,No,Yes,Yes,No,Yes,Yes,Month-to-month,No,Electronic check,110.31,2748.96,1,0.8649835524696615,High,月額契約で解約しやすい / 月額料金が高い / TechSupport未加入 / OnlineSecurity未加入 / Electronic check利用,長期契約特典: 1年契約への移行割引やポイント付与を提案する / 料金プラン見直し: 利用状況に合う低負担プランを提案する / サポート加入キャンペーン: 初月無料のTechSupportを提案する
5484-BQU,Male,0,Yes,No,12,Yes,Yes,Fiber optic,No,Yes,No,Yes,Yes,No,Month-to-month,Yes,Mailed check,111.15,1314.35,1,0.8648854326878016,High,月額契約で解約しやすい / 月額料金が高い / 利用期間が短い / OnlineSecurity未加入 / Fiber optic利用で料金・品質不満の可能性,長期契約特典: 1年契約への移行割引やポイント付与を提案する / 料金プラン見直し: 利用状況に合う低負担プランを提案する / オンボーディング強化: 初期活用サポートや利用定着メールを送る
1739-HSA,Male,0,No,Yes,9,Yes,No,Fiber optic,No,Yes,No,Yes,No,Yes,Month-to-month,No,Electronic check,76.33,713.26,1,0.8644304942640193,High,月額契約で解約しやすい / 月額料金が高い / 利用期間が短い / OnlineSecurity未加入 / Electronic check利用,長期契約特典: 1年契約への移行割引やポイント付与を提案する / 料金プラン見直し: 利用状況に合う低負担プランを提案する / オンボーディング強化: 初期活用サポートや利用定着メールを送る
8262-UNK,Male,0,Yes,Yes,17,Yes,No,Fiber optic,Yes,Yes,No,No,No,No,Month-to-month,Yes,Electronic check,98.32,1614.65,0,0.8644132172721554,High,月額契約で解約しやすい / 月額料金が高い / TechSupport未加入 / Electronic check利用 / Fiber optic利用で料金・品質不満の可能性,長期契約特典: 1年契約への移行割引やポイント付与を提案する / 料金プラン見直し: 利用状況に合う低負担プランを提案する / サポート加入キャンペーン: 初月無料のTechSupportを提案する
3938-YQN,Female,0,No,No,8,Yes,No,Fiber optic,Yes,Yes,Yes,Yes,No,No,Month-to-month,Yes,Credit card (automatic),101.75,876.04,1,0.8642777091840075,High,月額契約で解約しやすい / 月額料金が高い / 利用期間が短い / Fiber optic利用で料金・品質不満の可能性,長期契約特典: 1年契約への移行割引やポイント付与を提案する / 料金プラン見直し: 利用状況に合う低負担プランを提案する / オンボーディング強化: 初期活用サポートや利用定着メールを送る
2306-MLD,Female,0,No,No,2,Yes,Yes,Fiber optic,Yes,Yes,Yes,Yes,No,No,Month-to-month,Yes,Credit card (automatic),85.93,152.12,0,0.864260949169763,High,月額契約で解約しやすい / 月額料金が高い / 利用期間が短い / Fiber optic利用で料金・品質不満の可能性,長期契約特典: 1年契約への移行割引やポイント付与を提案する / 料金プラン見直し: 利用状況に合う低負担プランを提案する / オンボーディング強化: 初期活用サポートや利用定着メールを送る
5715-MDP,Male,1,Yes,No,12,Yes,Yes,Fiber optic,Yes,No,Yes,No,No,No,Month-to-month,No,Electronic check,77.6,946.51,1,0.8642003376156059,High,月額契約で解約しやすい / 月額料金が高い / 利用期間が短い / TechSupport未加入 / Electronic check利用,長期契約特典: 1年契約への移行割引やポイント付与を提案する / 料金プラン見直し: 利用状況に合う低負担プランを提案する / オンボーディング強化: 初期活用サポートや利用定着メールを送る
2790-OFJ,Female,0,No,No,6,Yes,No,Fiber optic,No,Yes,No,No,Yes,No,Month-to-month,Yes,Credit card (automatic),58.94,375.32,1,0.8636858948845292,High,月額契約で解約しやすい / 利用期間が短い / TechSupport未加入 / OnlineSecurity未加入 / Fiber optic利用で料金・品質不満の可能性,長期契約特典: 1年契約への移行割引やポイント付与を提案する / オンボーディング強化: 初期活用サポートや利用定着メールを送る / サポート加入キャンペーン: 初月無料のTechSupportを提案する
2849-HYE,Male,0,No,No,3,Yes,Yes,Fiber optic,No,Yes,No,Yes,Yes,Yes,Month-to-month,No,Mailed check,90.59,292.86,0,0.8627298072545915,High,月額契約で解約しやすい / 月額料金が高い / 利用期間が短い / OnlineSecurity未加入 / Fiber optic利用で料金・品質不満の可能性,長期契約特典: 1年契約への移行割引やポイント付与を提案する / 料金プラン見直し: 利用状況に合う低負担プランを提案する / オンボーディング強化: 初期活用サポートや利用定着メールを送る
5294-PNS,Female,0,Yes,No,10,Yes,Yes,Fiber optic,No,Yes,No,No,No,No,Month-to-month,Yes,Bank transfer (automatic),71.64,717.51,1,0.862532999225762,High,月額契約で解約しやすい / 利用期間が短い / TechSupport未加入 / OnlineSecurity未加入 / Fiber optic利用で料金・品質不満の可能性,長期契約特典: 1年契約への移行割引やポイント付与を提案する / オンボーディング強化: 初期活用サポートや利用定着メールを送る / サポート加入キャンペーン: 初月無料のTechSupportを提案する
3891-NOV,Female,0,No,No,23,Yes,No,Fiber optic,No,Yes,Yes,No,Yes,Yes,Month-to-month,Yes,Electronic check,70.84,1641.79,1,0.8622920099382831,High,月額契約で解約しやすい / TechSupport未加入 / OnlineSecurity未加入 / Electronic check利用 / Fiber optic利用で料金・品質不満の可能性,長期契約特典: 1年契約への移行割引やポイント付与を提案する / サポート加入キャンペーン: 初月無料のTechSupportを提案する / セキュリティ提案: OnlineSecurityの価値を説明し利用を促す
8506-HSD,Female,0,Yes,Yes,2,Yes,No phone service,Fiber optic,Yes,Yes,No,No,No,No,Month-to-month,No,Electronic check,65.76,162.59,1,0.8621750368639105,High,月額契約で解約しやすい / 利用期間が短い / TechSupport未加入 / Electronic check利用 / Fiber optic利用で料金・品質不満の可能性,長期契約特典: 1年契約への移行割引やポイント付与を提案する / オンボーディング強化: 初期活用サポートや利用定着メールを送る / サポート加入キャンペーン: 初月無料のTechSupportを提案する
8082-DRE,Female,0,No,Yes,17,No,Yes,Fiber optic,No,Yes,Yes,No,No,Yes,Month-to-month,Yes,Credit card (automatic),74.07,1310.7,1,0.8618850855806643,High,月額契約で解約しやすい / TechSupport未加入 / OnlineSecurity未加入 / Fiber optic利用で料金・品質不満の可能性,長期契約特典: 1年契約への移行割引やポイント付与を提案する / サポート加入キャンペーン: 初月無料のTechSupportを提案する / セキュリティ提案: OnlineSecurityの価値を説明し利用を促す
3438-SPI,Female,1,Yes,No,23,Yes,No,Fiber optic,Yes,Yes,Yes,No,Yes,Yes,Month-to-month,Yes,Electronic check,77.76,1859.61,1,0.8617402967339275,High,月額契約で解約しやすい / 月額料金が高い / TechSupport未加入 / Electronic check利用 / Fiber optic利用で料金・品質不満の可能性,長期契約特典: 1年契約への移行割引やポイント付与を提案する / 料金プラン見直し: 利用状況に合う低負担プランを提案する / サポート加入キャンペーン: 初月無料のTechSupportを提案する
6997-HBM,Female,1,No,No,21,Yes,Yes,Fiber optic,No,Yes,No,No,Yes,No,Month-to-month,Yes,Electronic check,52.88,1095.42,0,0.8617029382901854,High,月額契約で解約しやすい / TechSupport未加入 / OnlineSecurity未加入 / Electronic check利用 / Fiber optic利用で料金・品質不満の可能性,長期契約特典: 1年契約への移行割引やポイント付与を提案する / サポート加入キャンペーン: 初月無料のTechSupportを提案する / セキュリティ提案: OnlineSecurityの価値を説明し利用を促す
9357-DPC,Female,0,No,Yes,9,Yes,No,Fiber optic,No,Yes,Yes,Yes,No,Yes,Month-to-month,Yes,Bank transfer (automatic),77.11,707.16,1,0.8616961722268103,High,月額契約で解約しやすい / 月額料金が高い / 利用期間が短い / OnlineSecurity未加入 / Fiber optic利用で料金・品質不満の可能性,長期契約特典: 1年契約への移行割引やポイント付与を提案する / 料金プラン見直し: 利用状況に合う低負担プランを提案する / オンボーディング強化: 初期活用サポートや利用定着メールを送る
5006-LBK,Female,0,No,Yes,10,No,Yes,Fiber optic,No,Yes,No,No,Yes,Yes,Month-to-month,Yes,Mailed check,73.12,730.8,1,0.8616706945418161,High,月額契約で解約しやすい / 利用期間が短い / TechSupport未加入 / OnlineSecurity未加入 / Fiber optic利用で料金・品質不満の可能性,長期契約特典: 1年契約への移行割引やポイント付与を提案する / オンボーディング強化: 初期活用サポートや利用定着メールを送る / サポート加入キャンペーン: 初月無料のTechSupportを提案する
5324-KCP,Female,0,Yes,No,5,No,No,Fiber optic,Yes,Yes,No,No,No,Yes,Month-to-month,Yes,Mailed check,78.67,385.14,1,0.8615337612126887,High,月額契約で解約しやすい / 月額料金が高い / 利用期間が短い / TechSupport未加入 / Fiber optic利用で料金・品質不満の可能性,長期契約特典: 1年契約への移行割引やポイント付与を提案する / 料金プラン見直し: 利用状況に合う低負担プランを提案する / オンボーディング強化: 初期活用サポートや利用定着メールを送る
8515-ZDG,Male,0,No,No,18,Yes,Yes,Fiber optic,No,No,Yes,No,Yes,Yes,Month-to-month,No,Electronic check,79.91,1492.5,0,0.8614618767551595,High,月額契約で解約しやすい / 月額料金が高い / TechSupport未加入 / OnlineSecurity未加入 / Electronic check利用,長期契約特典: 1年契約への移行割引やポイント付与を提案する / 料金プラン見直し: 利用状況に合う低負担プランを提案する / サポート加入キャンペーン: 初月無料のTechSupportを提案する
8372-GYZ,Female,1,No,Yes,7,Yes,No,Fiber optic,No,No,Yes,No,No,No,Month-to-month,No,Mailed check,70.29,467.06,1,0.8612750895753305,High,月額契約で解約しやすい / 利用期間が短い / TechSupport未加入 / OnlineSecurity未加入 / Fiber optic利用で料金・品質不満の可能性,長期契約特典: 1年契約への移行割引やポイント付与を提案する / オンボーディング強化: 初期活用サポートや利用定着メールを送る / サポート加入キャンペーン: 初月無料のTechSupportを提案する
2751-JXZ,Male,0,No,No,19,Yes,Yes,Fiber optic,No,No,No,No,Yes,No,Month-to-month,Yes,Credit card (automatic),94.31,1791.72,1,0.861257912887901,High,月額契約で解約しやすい / 月額料金が高い / TechSupport未加入 / OnlineSecurity未加入 / Fiber optic利用で料金・品質不満の可能性,長期契約特典: 1年契約への移行割引やポイント付与を提案する / 料金プラン見直し: 利用状況に合う低負担プランを提案する / サポート加入キャンペーン: 初月無料のTechSupportを提案する
6577-FRO,Female,0,Yes,No,6,No,No,Fiber optic,Yes,Yes,No,Yes,Yes,Yes,Month-to-month,No,Electronic check,90.77,563.59,1,0.8611943070050152,High,月額契約で解約しやすい / 月額料金が高い / 利用期間が短い / Electronic check利用 / Fiber optic利用で料金・品質不満の可能性,長期契約特典: 1年契約への移行割引やポイント付与を提案する / 料金プラン見直し: 利用状況に合う低負担プランを提案する / オンボーディング強化: 初期活用サポートや利用定着メールを送る
8241-VQF,Male,0,No,No,7,Yes,No,Fiber optic,Yes,No,No,Yes,Yes,Yes,Month-to-month,Yes,Electronic check,75.32,522.49,0,0.8611688151451349,High,月額契約で解約しやすい / 月額料金が高い / 利用期間が短い / Electronic check利用 / Fiber optic利用で料金・品質不満の可能性,長期契約特典: 1年契約への移行割引やポイント付与を提案する / 料金プラン見直し: 利用状況に合う低負担プランを提案する / オンボーディング強化: 初期活用サポートや利用定着メールを送る
3938-BNQ,Male,0,No,No,6,Yes,Yes,Fiber optic,Yes,No,No,No,No,Yes,Month-to-month,No,Electronic check,68.73,326.24,0,0.8611313070117219,High,月額契約で解約しやすい / 利用期間が短い / TechSupport未加入 / Electronic check利用 / Fiber optic利用で料金・品質不満の可能性,長期契約特典: 1年契約への移行割引やポイント付与を提案する / オンボーディング強化: 初期活用サポートや利用定着メールを送る / サポート加入キャンペーン: 初月無料のTechSupportを提案する
3381-RYS,Female,1,Yes,No,15,Yes,No,Fiber optic,No,Yes,Yes,Yes,Yes,No,Month-to-month,No,Electronic check,79.38,1256.67,1,0.8609531730388053,High,月額契約で解約しやすい / 月額料金が高い / OnlineSecurity未加入 / Electronic check利用 / Fiber optic利用で料金・品質不満の可能性,長期契約特典: 1年契約への移行割引やポイント付与を提案する / 料金プラン見直し: 利用状況に合う低負担プランを提案する / セキュリティ提案: OnlineSecurityの価値を説明し利用を促す
4045-QXN,Female,0,No,No,22,Yes,No,Fiber optic,No,Yes,No,No,Yes,Yes,Month-to-month,Yes,Bank transfer (automatic),92.76,2039.18,1,0.8608987538411262,High,月額契約で解約しやすい / 月額料金が高い / TechSupport未加入 / OnlineSecurity未加入 / Fiber optic利用で料金・品質不満の可能性,長期契約特典: 1年契約への移行割引やポイント付与を提案する / 料金プラン見直し: 利用状況に合う低負担プランを提案する / サポート加入キャンペーン: 初月無料のTechSupportを提案する
9184-DCR,Male,1,Yes,Yes,19,Yes,Yes,Fiber optic,Yes,No,No,No,No,Yes,Month-to-month,Yes,Credit card (automatic),91.19,1680.82,0,0.8608676914086552,High,月額契約で解約しやすい / 月額料金が高い / TechSupport未加入 / Fiber optic利用で料金・品質不満の可能性,長期契約特典: 1年契約への移行割引やポイント付与を提案する / 料金プラン見直し: 利用状況に合う低負担プランを提案する / サポート加入キャンペーン: 初月無料のTechSupportを提案する
7587-LFT,Male,0,No,No,7,Yes,No,Fiber optic,No,Yes,Yes,No,Yes,No,Month-to-month,Yes,Mailed check,71.08,473.88,0,0.8607965058831627,High,月額契約で解約しやすい / 利用期間が短い / TechSupport未加入 / OnlineSecurity未加入 / Fiber optic利用で料金・品質不満の可能性,長期契約特典: 1年契約への移行割引やポイント付与を提案する / オンボーディング強化: 初期活用サポートや利用定着メールを送る / サポート加入キャンペーン: 初月無料のTechSupportを提案する
7087-NBU,Female,0,No,No,30,Yes,No,Fiber optic,No,Yes,Yes,No,Yes,Yes,Month-to-month,Yes,Electronic check,89.74,2711.69,1,0.8604362158539868,High,月額契約で解約しやすい / 月額料金が高い / TechSupport未加入 / OnlineSecurity未加入 / Electronic check利用,長期契約特典: 1年契約への移行割引やポイント付与を提案する / 料金プラン見直し: 利用状況に合う低負担プランを提案する / サポート加入キャンペーン: 初月無料のTechSupportを提案する
7632-TBQ,Male,0,Yes,No,3,No,No phone service,Fiber optic,No,No,Yes,Yes,No,No,Month-to-month,No,Electronic check,55.23,116.59,1,0.8604040138544453,High,月額契約で解約しやすい / 利用期間が短い / OnlineSecurity未加入 / Electronic check利用 / Fiber optic利用で料金・品質不満の可能性,長期契約特典: 1年契約への移行割引やポイント付与を提案する / オンボーディング強化: 初期活用サポートや利用定着メールを送る / セキュリティ提案: OnlineSecurityの価値を説明し利用を促す
4359-MEI,Male,0,Yes,No,26,Yes,No,Fiber optic,No,No,Yes,No,Yes,Yes,Month-to-month,Yes,Electronic check,84.88,2140.64,0,0.8603533605097207,High,月額契約で解約しやすい / 月額料金が高い / TechSupport未加入 / OnlineSecurity未加入 / Electronic check利用,長期契約特典: 1年契約への移行割引やポイント付与を提案する / 料金プラン見直し: 利用状況に合う低負担プランを提案する / サポート加入キャンペーン: 初月無料のTechSupportを提案する
2958-GQI,Male,0,No,No,4,Yes,No,Fiber optic,Yes,Yes,Yes,No,No,Yes,One year,Yes,Electronic check,103.57,517.89,1,0.8595240362431782,High,月額料金が高い / 利用期間が短い / TechSupport未加入 / Electronic check利用 / Fiber optic利用で料金・品質不満の可能性,料金プラン見直し: 利用状況に合う低負担プランを提案する / オンボーディング強化: 初期活用サポートや利用定着メールを送る / サポート加入キャンペーン: 初月無料のTechSupportを提案する
9799-BCP,Female,1,Yes,Yes,3,Yes,Yes,Fiber optic,No,No,Yes,Yes,No,No,Month-to-month,Yes,Mailed check,63.89,243.97,0,0.8594665120374813,High,月額契約で解約しやすい / 利用期間が短い / OnlineSecurity未加入 / Fiber optic利用で料金・品質不満の可能性,長期契約特典: 1年契約への移行割引やポイント付与を提案する / オンボーディング強化: 初期活用サポートや利用定着メールを送る / セキュリティ提案: OnlineSecurityの価値を説明し利用を促す
6959-PHA,Female,0,No,No,19,No,No phone service,Fiber optic,Yes,Yes,No,No,No,Yes,Month-to-month,Yes,Bank transfer (automatic),90.44,1710.88,1,0.8593472880747884,High,月額契約で解約しやすい / 月額料金が高い / TechSupport未加入 / Fiber optic利用で料金・品質不満の可能性,長期契約特典: 1年契約への移行割引やポイント付与を提案する / 料金プラン見直し: 利用状況に合う低負担プランを提案する / サポート加入キャンペーン: 初月無料のTechSupportを提案する
2169-DPX,Male,0,No,No,12,Yes,No,Fiber optic,No,No,Yes,Yes,Yes,Yes,Month-to-month,Yes,Mailed check,94.44,1200.54,0,0.8592763545974142,High,月額契約で解約しやすい / 月額料金が高い / 利用期間が短い / OnlineSecurity未加入 / Fiber optic利用で料金・品質不満の可能性,長期契約特典: 1年契約への移行割引やポイント付与を提案する / 料金プラン見直し: 利用状況に合う低負担プランを提案する / オンボーディング強化: 初期活用サポートや利用定着メールを送る
8904-GAL,Female,0,No,No,18,Yes,Yes,Fiber optic,No,No,No,No,Yes,No,Month-to-month,No,Electronic check,88.1,1540.06,0,0.8588374147983556,High,月額契約で解約しやすい / 月額料金が高い / TechSupport未加入 / OnlineSecurity未加入 / Electronic check利用,長期契約特典: 1年契約への移行割引やポイント付与を提案する / 料金プラン見直し: 利用状況に合う低負担プランを提案する / サポート加入キャンペーン: 初月無料のTechSupportを提案する
6451-KBG,Male,0,No,No,15,Yes,No,Fiber optic,No,Yes,Yes,Yes,No,Yes,Month-to-month,No,Electronic check,81.81,1199.53,1,0.8585375930757662,High,月額契約で解約しやすい / 月額料金が高い / OnlineSecurity未加入 / Electronic check利用 / Fiber optic利用で料金・品質不満の可能性,長期契約特典: 1年契約への移行割引やポイント付与を提案する / 料金プラン見直し: 利用状況に合う低負担プランを提案する / セキュリティ提案: OnlineSecurityの価値を説明し利用を促す
1051-MON,Female,0,Yes,No,22,Yes,Yes,Fiber optic,No,No,Yes,No,Yes,No,Month-to-month,Yes,Electronic check,82.76,1826.73,1,0.8582793571495538,High,月額契約で解約しやすい / 月額料金が高い / TechSupport未加入 / OnlineSecurity未加入 / Electronic check利用,長期契約特典: 1年契約への移行割引やポイント付与を提案する / 料金プラン見直し: 利用状況に合う低負担プランを提案する / サポート加入キャンペーン: 初月無料のTechSupportを提案する
9616-POM,Female,0,Yes,Yes,8,Yes,No,Fiber optic,No,Yes,Yes,No,Yes,Yes,Month-to-month,No,Bank transfer (automatic),81.23,669.93,0,0.8581660749258129,High,月額契約で解約しやすい / 月額料金が高い / 利用期間が短い / TechSupport未加入 / OnlineSecurity未加入,長期契約特典: 1年契約への移行割引やポイント付与を提案する / 料金プラン見直し: 利用状況に合う低負担プランを提案する / オンボーディング強化: 初期活用サポートや利用定着メールを送る
7868-XKG,Male,0,No,Yes,9,Yes,No phone service,Fiber optic,Yes,No,No,No,No,No,Month-to-month,Yes,Mailed check,91.81,807.35,1,0.8581244575267173,High,月額契約で解約しやすい / 月額料金が高い / 利用期間が短い / TechSupport未加入 / Fiber optic利用で料金・品質不満の可能性,長期契約特典: 1年契約への移行割引やポイント付与を提案する / 料金プラン見直し: 利用状況に合う低負担プランを提案する / オンボーディング強化: 初期活用サポートや利用定着メールを送る
7842-FXS,Male,0,Yes,No,29,Yes,Yes,Fiber optic,No,Yes,Yes,No,Yes,Yes,Month-to-month,Yes,Electronic check,90.62,2695.97,1,0.8571828580039336,High,月額契約で解約しやすい / 月額料金が高い / TechSupport未加入 / OnlineSecurity未加入 / Electronic check利用,長期契約特典: 1年契約への移行割引やポイント付与を提案する / 料金プラン見直し: 利用状況に合う低負担プランを提案する / サポート加入キャンペーン: 初月無料のTechSupportを提案する
1734-KPE,Male,0,Yes,No,20,Yes,Yes,Fiber optic,No,No,No,No,No,Yes,Month-to-month,Yes,Bank transfer (automatic),87.28,1708.47,1,0.8571326016842742,High,月額契約で解約しやすい / 月額料金が高い / TechSupport未加入 / OnlineSecurity未加入 / Fiber optic利用で料金・品質不満の可能性,長期契約特典: 1年契約への移行割引やポイント付与を提案する / 料金プラン見直し: 利用状況に合う低負担プランを提案する / サポート加入キャンペーン: 初月無料のTechSupportを提案する
2155-ZUU,Male,0,Yes,No,13,Yes,No phone service,Fiber optic,Yes,No,No,No,Yes,Yes,Month-to-month,Yes,Credit card (automatic),82.93,1037.89,1,0.8569905531904501,High,月額契約で解約しやすい / 月額料金が高い / TechSupport未加入 / Fiber optic利用で料金・品質不満の可能性,長期契約特典: 1年契約への移行割引やポイント付与を提案する / 料金プラン見直し: 利用状況に合う低負担プランを提案する / サポート加入キャンペーン: 初月無料のTechSupportを提案する
3090-OEA,Female,0,No,No,6,Yes,Yes,Fiber optic,No,Yes,Yes,No,Yes,Yes,Month-to-month,Yes,Mailed check,56.59,370.51,1,0.8567429507716686,High,月額契約で解約しやすい / 利用期間が短い / TechSupport未加入 / OnlineSecurity未加入 / Fiber optic利用で料金・品質不満の可能性,長期契約特典: 1年契約への移行割引やポイント付与を提案する / オンボーディング強化: 初期活用サポートや利用定着メールを送る / サポート加入キャンペーン: 初月無料のTechSupportを提案する
5961-HVZ,Male,0,Yes,No,17,Yes,No phone service,Fiber optic,No,Yes,Yes,Yes,No,No,Month-to-month,Yes,Bank transfer (automatic),94.2,1621.51,0,0.8567347290204159,High,月額契約で解約しやすい / 月額料金が高い / OnlineSecurity未加入 / Fiber optic利用で料金・品質不満の可能性,長期契約特典: 1年契約への移行割引やポイント付与を提案する / 料金プラン見直し: 利用状況に合う低負担プランを提案する / セキュリティ提案: OnlineSecurityの価値を説明し利用を促す
1834-QMV,Female,1,No,No,8,Yes,Yes,Fiber optic,No,No,Yes,Yes,No,No,One year,Yes,Electronic check,95.84,791.57,0,0.8566981322275564,High,月額料金が高い / 利用期間が短い / OnlineSecurity未加入 / Electronic check利用 / Fiber optic利用で料金・品質不満の可能性,料金プラン見直し: 利用状況に合う低負担プランを提案する / オンボーディング強化: 初期活用サポートや利用定着メールを送る / セキュリティ提案: OnlineSecurityの価値を説明し利用を促す
9404-IUI,Female,0,Yes,No,7,Yes,No,Fiber optic,No,Yes,Yes,No,Yes,Yes,Month-to-month,No,Mailed check,81.17,542.9,1,0.8566878649167878,High,月額契約で解約しやすい / 月額料金が高い / 利用期間が短い / TechSupport未加入 / OnlineSecurity未加入,長期契約特典: 1年契約への移行割引やポイント付与を提案する / 料金プラン見直し: 利用状況に合う低負担プランを提案する / オンボーディング強化: 初期活用サポートや利用定着メールを送る
9374-QWB,Male,0,No,Yes,12,Yes,Yes,Fiber optic,No,No,Yes,No,No,Yes,Month-to-month,No,Electronic check,61.61,754.45,1,0.8565849717653932,High,月額契約で解約しやすい / 利用期間が短い / TechSupport未加入 / OnlineSecurity未加入 / Electronic check利用,長期契約特典: 1年契約への移行割引やポイント付与を提案する / オンボーディング強化: 初期活用サポートや利用定着メールを送る / サポート加入キャンペーン: 初月無料のTechSupportを提案する
6783-TUU,Female,0,Yes,No,7,Yes,No,Fiber optic,No,Yes,No,No,Yes,Yes,Month-to-month,Yes,Mailed check,63.3,419.85,0,0.8564213469196513,High,月額契約で解約しやすい / 利用期間が短い / TechSupport未加入 / OnlineSecurity未加入 / Fiber optic利用で料金・品質不満の可能性,長期契約特典: 1年契約への移行割引やポイント付与を提案する / オンボーディング強化: 初期活用サポートや利用定着メールを送る / サポート加入キャンペーン: 初月無料のTechSupportを提案する
7798-GQX,Male,0,Yes,No,4,Yes,No,Fiber optic,No,No,No,No,Yes,Yes,Month-to-month,No,Credit card (automatic),64.94,275.25,0,0.8562409098197308,High,月額契約で解約しやすい / 利用期間が短い / TechSupport未加入 / OnlineSecurity未加入 / Fiber optic利用で料金・品質不満の可能性,長期契約特典: 1年契約への移行割引やポイント付与を提案する / オンボーディング強化: 初期活用サポートや利用定着メールを送る / サポート加入キャンペーン: 初月無料のTechSupportを提案する
4649-KSW,Female,0,No,No,9,No,No phone service,Fiber optic,No,Yes,Yes,Yes,No,No,Month-to-month,Yes,Mailed check,73.82,668.58,0,0.8559824596741915,High,月額契約で解約しやすい / 利用期間が短い / OnlineSecurity未加入 / Fiber optic利用で料金・品質不満の可能性,長期契約特典: 1年契約への移行割引やポイント付与を提案する / オンボーディング強化: 初期活用サポートや利用定着メールを送る / セキュリティ提案: OnlineSecurityの価値を説明し利用を促す
6055-SGU,Male,1,No,Yes,31,Yes,No,Fiber optic,No,Yes,Yes,No,Yes,Yes,Month-to-month,Yes,Mailed check,107.2,3341.16,1,0.8557734062593094,High,月額契約で解約しやすい / 月額料金が高い / TechSupport未加入 / OnlineSecurity未加入 / Fiber optic利用で料金・品質不満の可能性,長期契約特典: 1年契約への移行割引やポイント付与を提案する / 料金プラン見直し: 利用状況に合う低負担プランを提案する / サポート加入キャンペーン: 初月無料のTechSupportを提案する
9783-QUW,Male,0,Yes,No,13,Yes,Yes,Fiber optic,No,No,Yes,No,Yes,Yes,Month-to-month,Yes,Mailed check,80.38,1057.25,1,0.8556888308893309,High,月額契約で解約しやすい / 月額料金が高い / TechSupport未加入 / OnlineSecurity未加入 / Fiber optic利用で料金・品質不満の可能性,長期契約特典: 1年契約への移行割引やポイント付与を提案する / 料金プラン見直し: 利用状況に合う低負担プランを提案する / サポート加入キャンペーン: 初月無料のTechSupportを提案する
3021-QQD,Male,0,No,No,4,Yes,Yes,Fiber optic,Yes,No,Yes,No,No,Yes,Month-to-month,No,Mailed check,91.06,388.57,1,0.8554620957111227,High,月額契約で解約しやすい / 月額料金が高い / 利用期間が短い / TechSupport未加入 / Fiber optic利用で料金・品質不満の可能性,長期契約特典: 1年契約への移行割引やポイント付与を提案する / 料金プラン見直し: 利用状況に合う低負担プランを提案する / オンボーディング強化: 初期活用サポートや利用定着メールを送る
7337-ADJ,Female,0,No,No,15,No,No,Fiber optic,No,Yes,No,No,No,Yes,Month-to-month,Yes,Mailed check,71.86,1033.96,0,0.8554566015297731,High,月額契約で解約しやすい / TechSupport未加入 / OnlineSecurity未加入 / Fiber optic利用で料金・品質不満の可能性,長期契約特典: 1年契約への移行割引やポイント付与を提案する / サポート加入キャンペーン: 初月無料のTechSupportを提案する / セキュリティ提案: OnlineSecurityの価値を説明し利用を促す
4083-ZYK,Female,0,Yes,No,23,Yes,Yes,Fiber optic,No,Yes,No,Yes,Yes,No,Month-to-month,Yes,Electronic check,102.22,2333.53,0,0.8549630715144015,High,月額契約で解約しやすい / 月額料金が高い / OnlineSecurity未加入 / Electronic check利用 / Fiber optic利用で料金・品質不満の可能性,長期契約特典: 1年契約への移行割引やポイント付与を提案する / 料金プラン見直し: 利用状況に合う低負担プランを提案する / セキュリティ提案: OnlineSecurityの価値を説明し利用を促す
5164-EFE,Female,1,Yes,Yes,26,Yes,No,Fiber optic,No,Yes,No,Yes,Yes,No,Month-to-month,Yes,Electronic check,92.44,2423.76,0,0.8549448316803312,High,月額契約で解約しやすい / 月額料金が高い / OnlineSecurity未加入 / Electronic check利用 / Fiber optic利用で料金・品質不満の可能性,長期契約特典: 1年契約への移行割引やポイント付与を提案する / 料金プラン見直し: 利用状況に合う低負担プランを提案する / セキュリティ提案: OnlineSecurityの価値を説明し利用を促す
4975-NOX,Female,0,Yes,No,27,Yes,Yes,Fiber optic,No,No,No,No,Yes,Yes,Month-to-month,Yes,Electronic check,85.36,2355.1,1,0.8547439338459114,High,月額契約で解約しやすい / 月額料金が高い / TechSupport未加入 / OnlineSecurity未加入 / Electronic check利用,長期契約特典: 1年契約への移行割引やポイント付与を提案する / 料金プラン見直し: 利用状況に合う低負担プランを提案する / サポート加入キャンペーン: 初月無料のTechSupportを提案する
9895-ETB,Female,0,No,No,1,Yes,Yes,DSL,No,Yes,No,No,No,Yes,Month-to-month,Yes,Electronic check,54.83,75.91,1,0.8542883521349919,High,月額契約で解約しやすい / 利用期間が短い / TechSupport未加入 / OnlineSecurity未加入 / Electronic check利用,長期契約特典: 1年契約への移行割引やポイント付与を提案する / オンボーディング強化: 初期活用サポートや利用定着メールを送る / サポート加入キャンペーン: 初月無料のTechSupportを提案する
7227-XVE,Male,0,No,No,21,Yes,No,Fiber optic,No,No,Yes,No,Yes,Yes,Month-to-month,Yes,Electronic check,62.54,1323.32,1,0.8541146541313593,High,月額契約で解約しやすい / TechSupport未加入 / OnlineSecurity未加入 / Electronic check利用 / Fiber optic利用で料金・品質不満の可能性,長期契約特典: 1年契約への移行割引やポイント付与を提案する / サポート加入キャンペーン: 初月無料のTechSupportを提案する / セキュリティ提案: OnlineSecurityの価値を説明し利用を促す
2305-OIP,Female,0,Yes,No,9,Yes,No,Fiber optic,No,Yes,Yes,No,No,Yes,Month-to-month,No,Bank transfer (automatic),71.59,633.84,1,0.8540503363458598,High,月額契約で解約しやすい / 利用期間が短い / TechSupport未加入 / OnlineSecurity未加入 / Fiber optic利用で料金・品質不満の可能性,長期契約特典: 1年契約への移行割引やポイント付与を提案する / オンボーディング強化: 初期活用サポートや利用定着メールを送る / サポート加入キャンペーン: 初月無料のTechSupportを提案する
7503-OYQ,Male,0,Yes,No,8,Yes,No,Fiber optic,No,Yes,No,No,No,Yes,Month-to-month,No,Credit card (automatic),67.42,563.5,1,0.8539591513577381,High,月額契約で解約しやすい / 利用期間が短い / TechSupport未加入 / OnlineSecurity未加入 / Fiber optic利用で料金・品質不満の可能性,長期契約特典: 1年契約への移行割引やポイント付与を提案する / オンボーディング強化: 初期活用サポートや利用定着メールを送る / サポート加入キャンペーン: 初月無料のTechSupportを提案する
9869-SRU,Male,1,Yes,No,2,Yes,Yes,Fiber optic,Yes,Yes,Yes,Yes,Yes,Yes,Month-to-month,No,Credit card (automatic),76.21,169.35,1,0.8538572646328748,High,月額契約で解約しやすい / 月額料金が高い / 利用期間が短い / Fiber optic利用で料金・品質不満の可能性,長期契約特典: 1年契約への移行割引やポイント付与を提案する / 料金プラン見直し: 利用状況に合う低負担プランを提案する / オンボーディング強化: 初期活用サポートや利用定着メールを送る
1465-QQD,Male,0,Yes,No,14,No,Yes,Fiber optic,No,Yes,Yes,No,Yes,Yes,Month-to-month,Yes,Mailed check,77.15,1049.17,1,0.8538150609567081,High,月額契約で解約しやすい / 月額料金が高い / TechSupport未加入 / OnlineSecurity未加入 / Fiber optic利用で料金・品質不満の可能性,長期契約特典: 1年契約への移行割引やポイント付与を提案する / 料金プラン見直し: 利用状況に合う低負担プランを提案する / サポート加入キャンペーン: 初月無料のTechSupportを提案する
8543-BGP,Female,0,Yes,Yes,15,No,No,Fiber optic,No,Yes,Yes,No,Yes,No,Month-to-month,No,Electronic check,80.86,1222.82,0,0.8535980053141102,High,月額契約で解約しやすい / 月額料金が高い / TechSupport未加入 / OnlineSecurity未加入 / Electronic check利用,長期契約特典: 1年契約への移行割引やポイント付与を提案する / 料金プラン見直し: 利用状況に合う低負担プランを提案する / サポート加入キャンペーン: 初月無料のTechSupportを提案する
1190-FWH,Male,0,No,Yes,8,No,No phone service,Fiber optic,Yes,Yes,Yes,No,No,No,Month-to-month,Yes,Credit card (automatic),68.78,526.41,1,0.8532485128337389,High,月額契約で解約しやすい / 利用期間が短い / TechSupport未加入 / Fiber optic利用で料金・品質不満の可能性,長期契約特典: 1年契約への移行割引やポイント付与を提案する / オンボーディング強化: 初期活用サポートや利用定着メールを送る / サポート加入キャンペーン: 初月無料のTechSupportを提案する
6656-ZYC,Female,1,No,No,19,Yes,No,Fiber optic,Yes,Yes,No,No,Yes,Yes,Month-to-month,Yes,Bank transfer (automatic),81.21,1505.47,0,0.8531078769951536,High,月額契約で解約しやすい / 月額料金が高い / TechSupport未加入 / Fiber optic利用で料金・品質不満の可能性,長期契約特典: 1年契約への移行割引やポイント付与を提案する / 料金プラン見直し: 利用状況に合う低負担プランを提案する / サポート加入キャンペーン: 初月無料のTechSupportを提案する
2855-QIS,Female,1,Yes,No,18,Yes,Yes,Fiber optic,No,No,Yes,Yes,No,Yes,Month-to-month,Yes,Credit card (automatic),70.47,1269.52,1,0.8530187995866352,High,月額契約で解約しやすい / OnlineSecurity未加入 / Fiber optic利用で料金・品質不満の可能性,長期契約特典: 1年契約への移行割引やポイント付与を提案する / セキュリティ提案: OnlineSecurityの価値を説明し利用を促す / 満足度確認: 通信品質・料金への不満をヒアリングする
4107-IVC,Male,1,Yes,No,17,Yes,Yes,Fiber optic,No,No,Yes,No,Yes,Yes,Month-to-month,No,Electronic check,53.01,966.7,1,0.8528606299619872,High,月額契約で解約しやすい / TechSupport未加入 / OnlineSecurity未加入 / Electronic check利用 / Fiber optic利用で料金・品質不満の可能性,長期契約特典: 1年契約への移行割引やポイント付与を提案する / サポート加入キャンペーン: 初月無料のTechSupportを提案する / セキュリティ提案: OnlineSecurityの価値を説明し利用を促す
6550-MDY,Male,1,No,Yes,9,Yes,No,Fiber optic,Yes,Yes,No,No,Yes,Yes,Month-to-month,Yes,Mailed check,69.61,659.95,1,0.8519997456244108,High,月額契約で解約しやすい / 利用期間が短い / TechSupport未加入 / Fiber optic利用で料金・品質不満の可能性,長期契約特典: 1年契約への移行割引やポイント付与を提案する / オンボーディング強化: 初期活用サポートや利用定着メールを送る / サポート加入キャンペーン: 初月無料のTechSupportを提案する
7245-MKV,Female,1,No,No,16,Yes,Yes,Fiber optic,Yes,Yes,No,No,No,Yes,Month-to-month,No,Bank transfer (automatic),88.38,1485.0,1,0.8518850860565238,High,月額契約で解約しやすい / 月額料金が高い / TechSupport未加入 / Fiber optic利用で料金・品質不満の可能性,長期契約特典: 1年契約への移行割引やポイント付与を提案する / 料金プラン見直し: 利用状況に合う低負担プランを提案する / サポート加入キャンペーン: 初月無料のTechSupportを提案する
5584-NWJ,Female,0,No,No,20,Yes,No,Fiber optic,No,Yes,No,No,No,Yes,Month-to-month,Yes,Bank transfer (automatic),76.06,1512.49,0,0.851241862430101,High,月額契約で解約しやすい / 月額料金が高い / TechSupport未加入 / OnlineSecurity未加入 / Fiber optic利用で料金・品質不満の可能性,長期契約特典: 1年契約への移行割引やポイント付与を提案する / 料金プラン見直し: 利用状況に合う低負担プランを提案する / サポート加入キャンペーン: 初月無料のTechSupportを提案する
8645-ZZV,Male,0,Yes,Yes,14,Yes,No,Fiber optic,No,No,No,No,Yes,No,Month-to-month,Yes,Credit card (automatic),83.66,1198.25,0,0.8511851527260832,High,月額契約で解約しやすい / 月額料金が高い / TechSupport未加入 / OnlineSecurity未加入 / Fiber optic利用で料金・品質不満の可能性,長期契約特典: 1年契約への移行割引やポイント付与を提案する / 料金プラン見直し: 利用状況に合う低負担プランを提案する / サポート加入キャンペーン: 初月無料のTechSupportを提案する
7208-QHG,Male,0,Yes,No,15,Yes,Yes,Fiber optic,No,Yes,No,No,No,No,Month-to-month,Yes,Credit card (automatic),74.72,1128.16,0,0.8510456803148132,High,月額契約で解約しやすい / TechSupport未加入 / OnlineSecurity未加入 / Fiber optic利用で料金・品質不満の可能性,長期契約特典: 1年契約への移行割引やポイント付与を提案する / サポート加入キャンペーン: 初月無料のTechSupportを提案する / セキュリティ提案: OnlineSecurityの価値を説明し利用を促す
8375-VLF,Male,0,No,No,9,Yes,No,Fiber optic,No,No,No,No,Yes,No,Month-to-month,No,Bank transfer (automatic),82.93,756.75,0,0.8508780004911585,High,月額契約で解約しやすい / 月額料金が高い / 利用期間が短い / TechSupport未加入 / OnlineSecurity未加入,長期契約特典: 1年契約への移行割引やポイント付与を提案する / 料金プラン見直し: 利用状況に合う低負担プランを提案する / オンボーディング強化: 初期活用サポートや利用定着メールを送る
6578-YYN,Female,1,Yes,No,11,Yes,Yes,Fiber optic,No,No,Yes,No,No,No,Month-to-month,Yes,Bank transfer (automatic),45.03,471.35,0,0.8502206847378255,High,月額契約で解約しやすい / 利用期間が短い / TechSupport未加入 / OnlineSecurity未加入 / Fiber optic利用で料金・品質不満の可能性,長期契約特典: 1年契約への移行割引やポイント付与を提案する / オンボーディング強化: 初期活用サポートや利用定着メールを送る / サポート加入キャンペーン: 初月無料のTechSupportを提案する
1015-WXF,Female,0,Yes,No,3,Yes,Yes,Fiber optic,No,Yes,Yes,Yes,No,No,Month-to-month,No,Bank transfer (automatic),81.89,193.73,1,0.8501698934758088,High,月額契約で解約しやすい / 月額料金が高い / 利用期間が短い / OnlineSecurity未加入 / Fiber optic利用で料金・品質不満の可能性,長期契約特典: 1年契約への移行割引やポイント付与を提案する / 料金プラン見直し: 利用状況に合う低負担プランを提案する / オンボーディング強化: 初期活用サポートや利用定着メールを送る
9711-CAJ,Female,0,Yes,No,14,Yes,No,Fiber optic,No,Yes,Yes,No,Yes,Yes,Month-to-month,No,Electronic check,63.13,877.96,1,0.8500883988285369,High,月額契約で解約しやすい / TechSupport未加入 / OnlineSecurity未加入 / Electronic check利用 / Fiber optic利用で料金・品質不満の可能性,長期契約特典: 1年契約への移行割引やポイント付与を提案する / サポート加入キャンペーン: 初月無料のTechSupportを提案する / セキュリティ提案: OnlineSecurityの価値を説明し利用を促す
8875-AKH,Male,0,No,No,17,No,No phone service,Fiber optic,No,Yes,No,No,No,No,Month-to-month,No,Credit card (automatic),80.9,1422.76,0,0.8500277978692412,High,月額契約で解約しやすい / 月額料金が高い / TechSupport未加入 / OnlineSecurity未加入 / Fiber optic利用で料金・品質不満の可能性,長期契約特典: 1年契約への移行割引やポイント付与を提案する / 料金プラン見直し: 利用状況に合う低負担プランを提案する / サポート加入キャンペーン: 初月無料のTechSupportを提案する
7700-CRF,Male,0,No,Yes,3,No,Yes,Fiber optic,No,No,No,Yes,Yes,Yes,Month-to-month,No,Electronic check,56.04,124.93,1,0.849631626103986,High,月額契約で解約しやすい / 利用期間が短い / OnlineSecurity未加入 / Electronic check利用 / Fiber optic利用で料金・品質不満の可能性,長期契約特典: 1年契約への移行割引やポイント付与を提案する / オンボーディング強化: 初期活用サポートや利用定着メールを送る / セキュリティ提案: OnlineSecurityの価値を説明し利用を促す
9914-VUU,Female,0,No,Yes,3,No,Yes,Fiber optic,No,No,Yes,No,Yes,No,Month-to-month,No,Credit card (automatic),65.17,202.28,1,0.8493030134083253,High,月額契約で解約しやすい / 利用期間が短い / TechSupport未加入 / OnlineSecurity未加入 / Fiber optic利用で料金・品質不満の可能性,長期契約特典: 1年契約への移行割引やポイント付与を提案する / オンボーディング強化: 初期活用サポートや利用定着メールを送る / サポート加入キャンペーン: 初月無料のTechSupportを提案する
4389-QCZ,Male,0,Yes,No,33,Yes,No,Fiber optic,No,No,Yes,No,Yes,Yes,Month-to-month,Yes,Electronic check,98.84,3300.01,0,0.8491552211643002,High,月額契約で解約しやすい / 月額料金が高い / TechSupport未加入 / OnlineSecurity未加入 / Electronic check利用,長期契約特典: 1年契約への移行割引やポイント付与を提案する / 料金プラン見直し: 利用状況に合う低負担プランを提案する / サポート加入キャンペーン: 初月無料のTechSupportを提案する
7085-CQS,Male,1,Yes,No,24,No,No,Fiber optic,No,No,No,Yes,Yes,No,Month-to-month,Yes,Electronic check,77.22,1896.49,0,0.8490686589642402,High,月額契約で解約しやすい / 月額料金が高い / OnlineSecurity未加入 / Electronic check利用 / Fiber optic利用で料金・品質不満の可能性,長期契約特典: 1年契約への移行割引やポイント付与を提案する / 料金プラン見直し: 利用状況に合う低負担プランを提案する / セキュリティ提案: OnlineSecurityの価値を説明し利用を促す
5810-SQX,Female,0,No,No,25,Yes,No,Fiber optic,No,Yes,Yes,No,No,Yes,Month-to-month,Yes,Bank transfer (automatic),87.57,2148.81,0,0.8490390190031049,High,月額契約で解約しやすい / 月額料金が高い / TechSupport未加入 / OnlineSecurity未加入 / Fiber optic利用で料金・品質不満の可能性,長期契約特典: 1年契約への移行割引やポイント付与を提案する / 料金プラン見直し: 利用状況に合う低負担プランを提案する / サポート加入キャンペーン: 初月無料のTechSupportを提案する
5560-VLR,Female,0,No,No,1,No,Yes,Fiber optic,No,No,No,No,No,No,One year,Yes,Electronic check,75.21,102.71,0,0.8488134005609966,High,月額料金が高い / 利用期間が短い / TechSupport未加入 / OnlineSecurity未加入 / Electronic check利用,料金プラン見直し: 利用状況に合う低負担プランを提案する / オンボーディング強化: 初期活用サポートや利用定着メールを送る / サポート加入キャンペーン: 初月無料のTechSupportを提案する
9441-OAD,Female,1,Yes,No,2,Yes,Yes,Fiber optic,No,Yes,No,No,Yes,No,One year,Yes,Credit card (automatic),83.74,118.6,1,0.8487523809598857,High,月額料金が高い / 利用期間が短い / TechSupport未加入 / OnlineSecurity未加入 / Fiber optic利用で料金・品質不満の可能性,料金プラン見直し: 利用状況に合う低負担プランを提案する / オンボーディング強化: 初期活用サポートや利用定着メールを送る / サポート加入キャンペーン: 初月無料のTechSupportを提案する
4041-ZDC,Female,0,Yes,No,4,Yes,Yes,Fiber optic,No,Yes,Yes,Yes,Yes,Yes,Month-to-month,No,Bank transfer (automatic),78.53,297.6,1,0.8486650311742935,High,月額契約で解約しやすい / 月額料金が高い / 利用期間が短い / OnlineSecurity未加入 / Fiber optic利用で料金・品質不満の可能性,長期契約特典: 1年契約への移行割引やポイント付与を提案する / 料金プラン見直し: 利用状況に合う低負担プランを提案する / オンボーディング強化: 初期活用サポートや利用定着メールを送る
6072-LIB,Female,1,No,No,18,Yes,Yes,Fiber optic,No,No,No,Yes,No,No,Month-to-month,Yes,Mailed check,87.4,1632.64,1,0.8483693907092396,High,月額契約で解約しやすい / 月額料金が高い / OnlineSecurity未加入 / Fiber optic利用で料金・品質不満の可能性,長期契約特典: 1年契約への移行割引やポイント付与を提案する / 料金プラン見直し: 利用状況に合う低負担プランを提案する / セキュリティ提案: OnlineSecurityの価値を説明し利用を促す
7166-YQM,Male,0,No,No,9,Yes,No,Fiber optic,No,Yes,Yes,Yes,Yes,Yes,Month-to-month,No,Bank transfer (automatic),86.74,674.69,1,0.8482714475486062,High,月額契約で解約しやすい / 月額料金が高い / 利用期間が短い / OnlineSecurity未加入 / Fiber optic利用で料金・品質不満の可能性,長期契約特典: 1年契約への移行割引やポイント付与を提案する / 料金プラン見直し: 利用状況に合う低負担プランを提案する / オンボーディング強化: 初期活用サポートや利用定着メールを送る
8311-VTU,Female,1,No,Yes,17,Yes,No,Fiber optic,No,No,Yes,No,Yes,Yes,Month-to-month,No,Mailed check,82.88,1394.09,0,0.8480616958631524,High,月額契約で解約しやすい / 月額料金が高い / TechSupport未加入 / OnlineSecurity未加入 / Fiber optic利用で料金・品質不満の可能性,長期契約特典: 1年契約への移行割引やポイント付与を提案する / 料金プラン見直し: 利用状況に合う低負担プランを提案する / サポート加入キャンペーン: 初月無料のTechSupportを提案する
1810-QVM,Female,1,No,Yes,33,Yes,No,Fiber optic,Yes,No,Yes,No,No,Yes,Month-to-month,Yes,Electronic check,95.3,3090.65,1,0.8479554939790339,High,月額契約で解約しやすい / 月額料金が高い / TechSupport未加入 / Electronic check利用 / Fiber optic利用で料金・品質不満の可能性,長期契約特典: 1年契約への移行割引やポイント付与を提案する / 料金プラン見直し: 利用状況に合う低負担プランを提案する / サポート加入キャンペーン: 初月無料のTechSupportを提案する
9427-KML,Female,0,No,Yes,28,Yes,No,Fiber optic,No,Yes,No,No,No,No,Month-to-month,Yes,Electronic check,87.79,2428.13,1,0.8479533728393968,High,月額契約で解約しやすい / 月額料金が高い / TechSupport未加入 / OnlineSecurity未加入 / Electronic check利用,長期契約特典: 1年契約への移行割引やポイント付与を提案する / 料金プラン見直し: 利用状況に合う低負担プランを提案する / サポート加入キャンペーン: 初月無料のTechSupportを提案する
3935-PZR,Female,0,No,Yes,5,Yes,Yes,Fiber optic,No,No,No,Yes,Yes,Yes,Month-to-month,Yes,Mailed check,75.05,438.36,1,0.8479503087662151,High,月額契約で解約しやすい / 月額料金が高い / 利用期間が短い / OnlineSecurity未加入 / Fiber optic利用で料金・品質不満の可能性,長期契約特典: 1年契約への移行割引やポイント付与を提案する / 料金プラン見直し: 利用状況に合う低負担プランを提案する / オンボーディング強化: 初期活用サポートや利用定着メールを送る
5261-DDC,Male,1,No,No,38,Yes,No,Fiber optic,No,Yes,Yes,No,No,No,Month-to-month,Yes,Electronic check,86.65,3304.81,1,0.8479159891538373,High,月額契約で解約しやすい / 月額料金が高い / TechSupport未加入 / OnlineSecurity未加入 / Electronic check利用,長期契約特典: 1年契約への移行割引やポイント付与を提案する / 料金プラン見直し: 利用状況に合う低負担プランを提案する / サポート加入キャンペーン: 初月無料のTechSupportを提案する
3185-VTT,Female,0,No,No,21,Yes,No,Fiber optic,Yes,Yes,No,No,Yes,Yes,Month-to-month,Yes,Electronic check,82.81,1759.32,1,0.8478038675059146,High,月額契約で解約しやすい / 月額料金が高い / TechSupport未加入 / Electronic check利用 / Fiber optic利用で料金・品質不満の可能性,長期契約特典: 1年契約への移行割引やポイント付与を提案する / 料金プラン見直し: 利用状況に合う低負担プランを提案する / サポート加入キャンペーン: 初月無料のTechSupportを提案する
6240-IRR,Male,0,No,No,12,No,No,Fiber optic,Yes,Yes,Yes,Yes,No,Yes,Month-to-month,Yes,Credit card (automatic),90.37,1090.05,1,0.8477946597083722,High,月額契約で解約しやすい / 月額料金が高い / 利用期間が短い / Fiber optic利用で料金・品質不満の可能性,長期契約特典: 1年契約への移行割引やポイント付与を提案する / 料金プラン見直し: 利用状況に合う低負担プランを提案する / オンボーディング強化: 初期活用サポートや利用定着メールを送る
8404-ZSZ,Male,0,No,No,0,Yes,Yes,Fiber optic,No,Yes,No,No,Yes,Yes,Month-to-month,No,Mailed check,56.52,0.0,0,0.8477815702403607,High,月額契約で解約しやすい / 利用期間が短い / TechSupport未加入 / OnlineSecurity未加入 / Fiber optic利用で料金・品質不満の可能性,長期契約特典: 1年契約への移行割引やポイント付与を提案する / オンボーディング強化: 初期活用サポートや利用定着メールを送る / サポート加入キャンペーン: 初月無料のTechSupportを提案する
2420-XRL,Male,0,Yes,No,0,Yes,No,Fiber optic,Yes,No,No,No,Yes,No,Month-to-month,Yes,Bank transfer (automatic),67.87,0.0,1,0.8477044561910737,High,月額契約で解約しやすい / 利用期間が短い / TechSupport未加入 / Fiber optic利用で料金・品質不満の可能性,長期契約特典: 1年契約への移行割引やポイント付与を提案する / オンボーディング強化: 初期活用サポートや利用定着メールを送る / サポート加入キャンペーン: 初月無料のTechSupportを提案する
6227-YYL,Male,1,Yes,No,33,Yes,Yes,Fiber optic,No,Yes,Yes,Yes,Yes,Yes,Month-to-month,Yes,Electronic check,91.69,3032.12,1,0.8476454683584965,High,月額契約で解約しやすい / 月額料金が高い / OnlineSecurity未加入 / Electronic check利用 / Fiber optic利用で料金・品質不満の可能性,長期契約特典: 1年契約への移行割引やポイント付与を提案する / 料金プラン見直し: 利用状況に合う低負担プランを提案する / セキュリティ提案: OnlineSecurityの価値を説明し利用を促す
9612-MUI,Female,0,No,No,7,Yes,Yes,Fiber optic,No,Yes,Yes,No,Yes,No,Month-to-month,No,Credit card (automatic),69.69,518.39,1,0.8476030566123978,High,月額契約で解約しやすい / 利用期間が短い / TechSupport未加入 / OnlineSecurity未加入 / Fiber optic利用で料金・品質不満の可能性,長期契約特典: 1年契約への移行割引やポイント付与を提案する / オンボーディング強化: 初期活用サポートや利用定着メールを送る / サポート加入キャンペーン: 初月無料のTechSupportを提案する
6185-ZWY,Male,0,No,No,17,Yes,Yes,Fiber optic,No,Yes,No,No,No,No,Month-to-month,Yes,Credit card (automatic),73.36,1255.85,0,0.8473730298586087,High,月額契約で解約しやすい / TechSupport未加入 / OnlineSecurity未加入 / Fiber optic利用で料金・品質不満の可能性,長期契約特典: 1年契約への移行割引やポイント付与を提案する / サポート加入キャンペーン: 初月無料のTechSupportを提案する / セキュリティ提案: OnlineSecurityの価値を説明し利用を促す
9372-NGH,Female,1,Yes,Yes,25,Yes,No,Fiber optic,No,No,Yes,No,No,No,Month-to-month,No,Electronic check,81.16,2055.14,1,0.8472599900623015,High,月額契約で解約しやすい / 月額料金が高い / TechSupport未加入 / OnlineSecurity未加入 / Electronic check利用,長期契約特典: 1年契約への移行割引やポイント付与を提案する / 料金プラン見直し: 利用状況に合う低負担プランを提案する / サポート加入キャンペーン: 初月無料のTechSupportを提案する
5005-IJV,Male,0,No,No,6,Yes,Yes,Fiber optic,Yes,Yes,Yes,Yes,Yes,Yes,Month-to-month,Yes,Bank transfer (automatic),84.66,521.02,0,0.8472239072595164,High,月額契約で解約しやすい / 月額料金が高い / 利用期間が短い / Fiber optic利用で料金・品質不満の可能性,長期契約特典: 1年契約への移行割引やポイント付与を提案する / 料金プラン見直し: 利用状況に合う低負担プランを提案する / オンボーディング強化: 初期活用サポートや利用定着メールを送る
9254-WQN,Female,0,No,No,4,No,Yes,Fiber optic,No,No,No,Yes,Yes,No,Month-to-month,Yes,Bank transfer (automatic),65.1,268.68,0,0.847188023915911,High,月額契約で解約しやすい / 利用期間が短い / OnlineSecurity未加入 / Fiber optic利用で料金・品質不満の可能性,長期契約特典: 1年契約への移行割引やポイント付与を提案する / オンボーディング強化: 初期活用サポートや利用定着メールを送る / セキュリティ提案: OnlineSecurityの価値を説明し利用を促す
4365-NGO,Male,1,No,Yes,4,Yes,Yes,Fiber optic,Yes,No,Yes,No,Yes,No,Month-to-month,No,Credit card (automatic),71.26,261.49,0,0.8471073064595973,High,月額契約で解約しやすい / 利用期間が短い / TechSupport未加入 / Fiber optic利用で料金・品質不満の可能性,長期契約特典: 1年契約への移行割引やポイント付与を提案する / オンボーディング強化: 初期活用サポートや利用定着メールを送る / サポート加入キャンペーン: 初月無料のTechSupportを提案する
2203-TNL,Female,0,Yes,No,4,Yes,No,Fiber optic,Yes,Yes,No,Yes,No,Yes,Month-to-month,Yes,Mailed check,88.14,380.5,0,0.8471015575623341,High,月額契約で解約しやすい / 月額料金が高い / 利用期間が短い / Fiber optic利用で料金・品質不満の可能性,長期契約特典: 1年契約への移行割引やポイント付与を提案する / 料金プラン見直し: 利用状況に合う低負担プランを提案する / オンボーディング強化: 初期活用サポートや利用定着メールを送る
5057-ZKE,Female,1,No,No,17,Yes,No,Fiber optic,Yes,Yes,No,No,Yes,No,Month-to-month,Yes,Bank transfer (automatic),82.75,1488.39,1,0.8469554715635209,High,月額契約で解約しやすい / 月額料金が高い / TechSupport未加入 / Fiber optic利用で料金・品質不満の可能性,長期契約特典: 1年契約への移行割引やポイント付与を提案する / 料金プラン見直し: 利用状況に合う低負担プランを提案する / サポート加入キャンペーン: 初月無料のTechSupportを提案する
1702-LSQ,Female,0,No,No,16,Yes,Yes,Fiber optic,No,Yes,No,No,No,No,Month-to-month,Yes,Bank transfer (automatic),72.96,1140.56,1,0.8468466360015954,High,月額契約で解約しやすい / TechSupport未加入 / OnlineSecurity未加入 / Fiber optic利用で料金・品質不満の可能性,長期契約特典: 1年契約への移行割引やポイント付与を提案する / サポート加入キャンペーン: 初月無料のTechSupportを提案する / セキュリティ提案: OnlineSecurityの価値を説明し利用を促す
2622-EII,Male,0,No,Yes,2,Yes,No phone service,Fiber optic,No,Yes,No,Yes,Yes,Yes,One year,Yes,Electronic check,84.51,142.17,1,0.8468127754908019,High,月額料金が高い / 利用期間が短い / OnlineSecurity未加入 / Electronic check利用 / Fiber optic利用で料金・品質不満の可能性,料金プラン見直し: 利用状況に合う低負担プランを提案する / オンボーディング強化: 初期活用サポートや利用定着メールを送る / セキュリティ提案: OnlineSecurityの価値を説明し利用を促す
6856-KKO,Male,0,No,No,26,Yes,No,Fiber optic,No,Yes,Yes,No,No,Yes,Month-to-month,Yes,Bank transfer (automatic),89.97,2349.11,1,0.8467552696789044,High,月額契約で解約しやすい / 月額料金が高い / TechSupport未加入 / OnlineSecurity未加入 / Fiber optic利用で料金・品質不満の可能性,長期契約特典: 1年契約への移行割引やポイント付与を提案する / 料金プラン見直し: 利用状況に合う低負担プランを提案する / サポート加入キャンペーン: 初月無料のTechSupportを提案する
2380-GTV,Male,0,Yes,No,3,Yes,No,Fiber optic,Yes,No,No,No,Yes,No,Month-to-month,No,Electronic check,70.19,144.25,1,0.8465057251547251,High,月額契約で解約しやすい / 利用期間が短い / TechSupport未加入 / Electronic check利用 / Fiber optic利用で料金・品質不満の可能性,長期契約特典: 1年契約への移行割引やポイント付与を提案する / オンボーディング強化: 初期活用サポートや利用定着メールを送る / サポート加入キャンペーン: 初月無料のTechSupportを提案する
8064-MOY,Female,0,No,No,1,Yes,No,Fiber optic,No,No,No,No,Yes,No,Month-to-month,No,Mailed check,68.27,63.95,1,0.8464275600982604,High,月額契約で解約しやすい / 利用期間が短い / TechSupport未加入 / OnlineSecurity未加入 / Fiber optic利用で料金・品質不満の可能性,長期契約特典: 1年契約への移行割引やポイント付与を提案する / オンボーディング強化: 初期活用サポートや利用定着メールを送る / サポート加入キャンペーン: 初月無料のTechSupportを提案する
7647-APW,Female,0,No,No,14,Yes,No phone service,Fiber optic,No,Yes,Yes,No,Yes,Yes,Month-to-month,No,Bank transfer (automatic),69.1,942.35,1,0.8464100062942331,High,月額契約で解約しやすい / TechSupport未加入 / OnlineSecurity未加入 / Fiber optic利用で料金・品質不満の可能性,長期契約特典: 1年契約への移行割引やポイント付与を提案する / サポート加入キャンペーン: 初月無料のTechSupportを提案する / セキュリティ提案: OnlineSecurityの価値を説明し利用を促す
6333-XGC,Male,0,Yes,Yes,9,Yes,No phone service,Fiber optic,No,No,Yes,Yes,No,Yes,Month-to-month,No,Credit card (automatic),79.27,730.53,1,0.84606270046465,High,月額契約で解約しやすい / 月額料金が高い / 利用期間が短い / OnlineSecurity未加入 / Fiber optic利用で料金・品質不満の可能性,長期契約特典: 1年契約への移行割引やポイント付与を提案する / 料金プラン見直し: 利用状況に合う低負担プランを提案する / オンボーディング強化: 初期活用サポートや利用定着メールを送る
6136-QNS,Female,0,No,Yes,14,Yes,No,Fiber optic,No,No,Yes,No,No,No,Month-to-month,Yes,Credit card (automatic),70.19,1045.68,1,0.8457773565847605,High,月額契約で解約しやすい / TechSupport未加入 / OnlineSecurity未加入 / Fiber optic利用で料金・品質不満の可能性,長期契約特典: 1年契約への移行割引やポイント付与を提案する / サポート加入キャンペーン: 初月無料のTechSupportを提案する / セキュリティ提案: OnlineSecurityの価値を説明し利用を促す
1021-GGM,Female,0,No,No,29,Yes,No,Fiber optic,No,No,No,No,Yes,No,Month-to-month,Yes,Electronic check,90.5,2617.85,1,0.8456193487742768,High,月額契約で解約しやすい / 月額料金が高い / TechSupport未加入 / OnlineSecurity未加入 / Electronic check利用,長期契約特典: 1年契約への移行割引やポイント付与を提案する / 料金プラン見直し: 利用状況に合う低負担プランを提案する / サポート加入キャンペーン: 初月無料のTechSupportを提案する
6653-ODQ,Male,0,Yes,No,23,Yes,Yes,Fiber optic,No,Yes,Yes,No,Yes,No,Month-to-month,Yes,Electronic check,75.48,1696.04,1,0.8453796633800248,High,月額契約で解約しやすい / 月額料金が高い / TechSupport未加入 / OnlineSecurity未加入 / Electronic check利用,長期契約特典: 1年契約への移行割引やポイント付与を提案する / 料金プラン見直し: 利用状況に合う低負担プランを提案する / サポート加入キャンペーン: 初月無料のTechSupportを提案する
6943-JFU,Male,0,Yes,Yes,11,Yes,No phone service,Fiber optic,Yes,Yes,No,No,Yes,No,Month-to-month,Yes,Electronic check,63.84,668.78,0,0.8452759922098648,High,月額契約で解約しやすい / 利用期間が短い / TechSupport未加入 / Electronic check利用 / Fiber optic利用で料金・品質不満の可能性,長期契約特典: 1年契約への移行割引やポイント付与を提案する / オンボーディング強化: 初期活用サポートや利用定着メールを送る / サポート加入キャンペーン: 初月無料のTechSupportを提案する
7841-BUE,Male,1,Yes,No,17,Yes,Yes,DSL,No,Yes,No,No,No,Yes,Month-to-month,Yes,Electronic check,72.12,1227.67,1,0.8450954468159362,High,月額契約で解約しやすい / TechSupport未加入 / OnlineSecurity未加入 / Electronic check利用,長期契約特典: 1年契約への移行割引やポイント付与を提案する / サポート加入キャンペーン: 初月無料のTechSupportを提案する / セキュリティ提案: OnlineSecurityの価値を説明し利用を促す
2169-EXD,Male,0,Yes,Yes,9,No,Yes,Fiber optic,No,No,Yes,No,Yes,No,Month-to-month,Yes,Mailed check,75.64,618.12,1,0.8450856596484533,High,月額契約で解約しやすい / 月額料金が高い / 利用期間が短い / TechSupport未加入 / OnlineSecurity未加入,長期契約特典: 1年契約への移行割引やポイント付与を提案する / 料金プラン見直し: 利用状況に合う低負担プランを提案する / オンボーディング強化: 初期活用サポートや利用定着メールを送る
9813-ZCZ,Female,1,Yes,Yes,22,Yes,No,Fiber optic,No,No,Yes,Yes,Yes,Yes,Month-to-month,No,Electronic check,85.07,1824.24,0,0.8450785929008372,High,月額契約で解約しやすい / 月額料金が高い / OnlineSecurity未加入 / Electronic check利用 / Fiber optic利用で料金・品質不満の可能性,長期契約特典: 1年契約への移行割引やポイント付与を提案する / 料金プラン見直し: 利用状況に合う低負担プランを提案する / セキュリティ提案: OnlineSecurityの価値を説明し利用を促す
1402-LZZ,Female,0,No,No,4,Yes,No,Fiber optic,No,No,No,No,Yes,No,Month-to-month,No,Mailed check,74.89,307.98,1,0.8449454938265472,High,月額契約で解約しやすい / 利用期間が短い / TechSupport未加入 / OnlineSecurity未加入 / Fiber optic利用で料金・品質不満の可能性,長期契約特典: 1年契約への移行割引やポイント付与を提案する / オンボーディング強化: 初期活用サポートや利用定着メールを送る / サポート加入キャンペーン: 初月無料のTechSupportを提案する
5786-ZOY,Male,0,Yes,No,11,Yes,Yes,Fiber optic,No,No,Yes,No,Yes,Yes,Month-to-month,No,Credit card (automatic),74.51,818.1,1,0.8437150363001824,High,月額契約で解約しやすい / 利用期間が短い / TechSupport未加入 / OnlineSecurity未加入 / Fiber optic利用で料金・品質不満の可能性,長期契約特典: 1年契約への移行割引やポイント付与を提案する / オンボーディング強化: 初期活用サポートや利用定着メールを送る / サポート加入キャンペーン: 初月無料のTechSupportを提案する
3185-HCU,Female,0,No,Yes,7,Yes,Yes,Fiber optic,No,Yes,No,No,Yes,No,Month-to-month,Yes,Mailed check,67.04,530.19,1,0.8435863448924218,High,月額契約で解約しやすい / 利用期間が短い / TechSupport未加入 / OnlineSecurity未加入 / Fiber optic利用で料金・品質不満の可能性,長期契約特典: 1年契約への移行割引やポイント付与を提案する / オンボーディング強化: 初期活用サポートや利用定着メールを送る / サポート加入キャンペーン: 初月無料のTechSupportを提案する
2887-HKM,Male,1,No,No,42,Yes,No phone service,Fiber optic,No,No,Yes,No,No,Yes,Month-to-month,Yes,Electronic check,74.24,3201.45,1,0.8433531193763196,High,月額契約で解約しやすい / TechSupport未加入 / OnlineSecurity未加入 / Electronic check利用 / Fiber optic利用で料金・品質不満の可能性,長期契約特典: 1年契約への移行割引やポイント付与を提案する / サポート加入キャンペーン: 初月無料のTechSupportを提案する / セキュリティ提案: OnlineSecurityの価値を説明し利用を促す
7016-QVF,Male,0,No,No,18,Yes,Yes,Fiber optic,No,No,No,No,Yes,No,Month-to-month,Yes,Credit card (automatic),79.84,1410.58,1,0.8432188914975602,High,月額契約で解約しやすい / 月額料金が高い / TechSupport未加入 / OnlineSecurity未加入 / Fiber optic利用で料金・品質不満の可能性,長期契約特典: 1年契約への移行割引やポイント付与を提案する / 料金プラン見直し: 利用状況に合う低負担プランを提案する / サポート加入キャンペーン: 初月無料のTechSupportを提案する
5768-OLT,Male,1,Yes,No,14,Yes,No,Fiber optic,Yes,Yes,No,No,Yes,No,Month-to-month,Yes,Bank transfer (automatic),76.68,1034.9,0,0.8430870557613411,High,月額契約で解約しやすい / 月額料金が高い / TechSupport未加入 / Fiber optic利用で料金・品質不満の可能性,長期契約特典: 1年契約への移行割引やポイント付与を提案する / 料金プラン見直し: 利用状況に合う低負担プランを提案する / サポート加入キャンペーン: 初月無料のTechSupportを提案する
4258-XYC,Female,0,Yes,Yes,15,Yes,No,Fiber optic,No,No,No,Yes,No,Yes,Month-to-month,Yes,Bank transfer (automatic),88.78,1351.87,0,0.8430417980266733,High,月額契約で解約しやすい / 月額料金が高い / OnlineSecurity未加入 / Fiber optic利用で料金・品質不満の可能性,長期契約特典: 1年契約への移行割引やポイント付与を提案する / 料金プラン見直し: 利用状況に合う低負担プランを提案する / セキュリティ提案: OnlineSecurityの価値を説明し利用を促す
4009-MSU,Male,0,No,No,27,Yes,No,Fiber optic,No,No,No,No,Yes,Yes,Month-to-month,Yes,Electronic check,73.12,2024.44,0,0.8429495512111262,High,月額契約で解約しやすい / TechSupport未加入 / OnlineSecurity未加入 / Electronic check利用 / Fiber optic利用で料金・品質不満の可能性,長期契約特典: 1年契約への移行割引やポイント付与を提案する / サポート加入キャンペーン: 初月無料のTechSupportを提案する / セキュリティ提案: OnlineSecurityの価値を説明し利用を促す
4083-BFK,Male,0,No,Yes,9,No,Yes,Fiber optic,No,No,Yes,Yes,Yes,No,Month-to-month,Yes,Bank transfer (automatic),79.91,696.93,1,0.8429009971465156,High,月額契約で解約しやすい / 月額料金が高い / 利用期間が短い / OnlineSecurity未加入 / Fiber optic利用で料金・品質不満の可能性,長期契約特典: 1年契約への移行割引やポイント付与を提案する / 料金プラン見直し: 利用状況に合う低負担プランを提案する / オンボーディング強化: 初期活用サポートや利用定着メールを送る
4096-ROG,Female,0,Yes,Yes,0,Yes,Yes,DSL,No,No,No,No,No,Yes,Month-to-month,Yes,Electronic check,56.45,0.0,0,0.8423461723137127,High,月額契約で解約しやすい / 利用期間が短い / TechSupport未加入 / OnlineSecurity未加入 / Electronic check利用,長期契約特典: 1年契約への移行割引やポイント付与を提案する / オンボーディング強化: 初期活用サポートや利用定着メールを送る / サポート加入キャンペーン: 初月無料のTechSupportを提案する
1533-BXS,Male,1,Yes,No,5,Yes,Yes,Fiber optic,Yes,No,Yes,No,No,Yes,Month-to-month,No,Bank transfer (automatic),59.47,261.24,1,0.842187298631515,High,月額契約で解約しやすい / 利用期間が短い / TechSupport未加入 / Fiber optic利用で料金・品質不満の可能性,長期契約特典: 1年契約への移行割引やポイント付与を提案する / オンボーディング強化: 初期活用サポートや利用定着メールを送る / サポート加入キャンペーン: 初月無料のTechSupportを提案する
6266-ZFT,Male,0,Yes,No,22,Yes,No,Fiber optic,No,Yes,Yes,No,Yes,No,Month-to-month,Yes,Bank transfer (automatic),94.86,2025.91,0,0.8420393841394649,High,月額契約で解約しやすい / 月額料金が高い / TechSupport未加入 / OnlineSecurity未加入 / Fiber optic利用で料金・品質不満の可能性,長期契約特典: 1年契約への移行割引やポイント付与を提案する / 料金プラン見直し: 利用状況に合う低負担プランを提案する / サポート加入キャンペーン: 初月無料のTechSupportを提案する
3531-UII,Male,0,No,No,6,Yes,Yes,DSL,No,Yes,No,No,No,Yes,Month-to-month,Yes,Electronic check,59.81,335.19,0,0.8414618285778374,High,月額契約で解約しやすい / 利用期間が短い / TechSupport未加入 / OnlineSecurity未加入 / Electronic check利用,長期契約特典: 1年契約への移行割引やポイント付与を提案する / オンボーディング強化: 初期活用サポートや利用定着メールを送る / サポート加入キャンペーン: 初月無料のTechSupportを提案する
6972-VPC,Female,0,Yes,Yes,20,Yes,No,Fiber optic,No,Yes,Yes,Yes,Yes,Yes,Month-to-month,Yes,Electronic check,78.87,1575.04,0,0.8412745524751095,High,月額契約で解約しやすい / 月額料金が高い / OnlineSecurity未加入 / Electronic check利用 / Fiber optic利用で料金・品質不満の可能性,長期契約特典: 1年契約への移行割引やポイント付与を提案する / 料金プラン見直し: 利用状況に合う低負担プランを提案する / セキュリティ提案: OnlineSecurityの価値を説明し利用を促す
7103-NRD,Male,0,Yes,No,5,Yes,Yes,Fiber optic,No,Yes,Yes,Yes,No,No,Month-to-month,Yes,Mailed check,72.71,307.05,0,0.8411246938274602,High,月額契約で解約しやすい / 利用期間が短い / OnlineSecurity未加入 / Fiber optic利用で料金・品質不満の可能性,長期契約特典: 1年契約への移行割引やポイント付与を提案する / オンボーディング強化: 初期活用サポートや利用定着メールを送る / セキュリティ提案: OnlineSecurityの価値を説明し利用を促す
6229-KXS,Male,0,Yes,No,21,Yes,No phone service,Fiber optic,No,Yes,No,No,No,Yes,Month-to-month,Yes,Bank transfer (automatic),66.04,1332.67,1,0.8410916447815405,High,月額契約で解約しやすい / TechSupport未加入 / OnlineSecurity未加入 / Fiber optic利用で料金・品質不満の可能性,長期契約特典: 1年契約への移行割引やポイント付与を提案する / サポート加入キャンペーン: 初月無料のTechSupportを提案する / セキュリティ提案: OnlineSecurityの価値を説明し利用を促す
6031-GKJ,Male,0,Yes,Yes,27,Yes,No,Fiber optic,No,No,Yes,No,Yes,Yes,Month-to-month,Yes,Electronic check,80.84,2183.33,1,0.8406091137994818,High,月額契約で解約しやすい / 月額料金が高い / TechSupport未加入 / OnlineSecurity未加入 / Electronic check利用,長期契約特典: 1年契約への移行割引やポイント付与を提案する / 料金プラン見直し: 利用状況に合う低負担プランを提案する / サポート加入キャンペーン: 初月無料のTechSupportを提案する
1399-YPF,Male,0,No,Yes,13,Yes,No,Fiber optic,No,No,Yes,No,Yes,No,Month-to-month,No,Credit card (automatic),88.64,1194.96,1,0.8404764024832708,High,月額契約で解約しやすい / 月額料金が高い / TechSupport未加入 / OnlineSecurity未加入 / Fiber optic利用で料金・品質不満の可能性,長期契約特典: 1年契約への移行割引やポイント付与を提案する / 料金プラン見直し: 利用状況に合う低負担プランを提案する / サポート加入キャンペーン: 初月無料のTechSupportを提案する
5077-UAR,Male,0,Yes,No,10,Yes,No,Fiber optic,No,No,No,No,Yes,No,Month-to-month,No,Mailed check,92.37,874.82,1,0.8404609121106292,High,月額契約で解約しやすい / 月額料金が高い / 利用期間が短い / TechSupport未加入 / OnlineSecurity未加入,長期契約特典: 1年契約への移行割引やポイント付与を提案する / 料金プラン見直し: 利用状況に合う低負担プランを提案する / オンボーディング強化: 初期活用サポートや利用定着メールを送る
4214-ZJM,Male,0,Yes,No,19,Yes,No,Fiber optic,No,No,Yes,No,Yes,Yes,Month-to-month,Yes,Mailed check,86.94,1686.77,0,0.8401395243069769,High,月額契約で解約しやすい / 月額料金が高い / TechSupport未加入 / OnlineSecurity未加入 / Fiber optic利用で料金・品質不満の可能性,長期契約特典: 1年契約への移行割引やポイント付与を提案する / 料金プラン見直し: 利用状況に合う低負担プランを提案する / サポート加入キャンペーン: 初月無料のTechSupportを提案する
5843-JJH,Male,0,Yes,No,6,Yes,Yes,Fiber optic,No,Yes,No,No,Yes,No,Month-to-month,No,Bank transfer (automatic),71.42,386.28,1,0.8400876643700618,High,月額契約で解約しやすい / 利用期間が短い / TechSupport未加入 / OnlineSecurity未加入 / Fiber optic利用で料金・品質不満の可能性,長期契約特典: 1年契約への移行割引やポイント付与を提案する / オンボーディング強化: 初期活用サポートや利用定着メールを送る / サポート加入キャンペーン: 初月無料のTechSupportを提案する
7443-OYC,Female,0,No,Yes,28,Yes,Yes,Fiber optic,No,No,No,No,Yes,No,Month-to-month,Yes,Electronic check,89.98,2509.8,0,0.8398025614136205,High,月額契約で解約しやすい / 月額料金が高い / TechSupport未加入 / OnlineSecurity未加入 / Electronic check利用,長期契約特典: 1年契約への移行割引やポイント付与を提案する / 料金プラン見直し: 利用状況に合う低負担プランを提案する / サポート加入キャンペーン: 初月無料のTechSupportを提案する
1736-FKH,Female,0,Yes,Yes,0,No,Yes,Fiber optic,Yes,No,Yes,Yes,Yes,No,Month-to-month,No,Credit card (automatic),97.41,0.0,1,0.8397718807589275,High,月額契約で解約しやすい / 月額料金が高い / 利用期間が短い / Fiber optic利用で料金・品質不満の可能性,長期契約特典: 1年契約への移行割引やポイント付与を提案する / 料金プラン見直し: 利用状況に合う低負担プランを提案する / オンボーディング強化: 初期活用サポートや利用定着メールを送る
6063-WQM,Female,0,Yes,Yes,7,Yes,Yes,Fiber optic,No,No,Yes,Yes,No,No,Month-to-month,No,Electronic check,70.65,462.6,1,0.8397507622244023,High,月額契約で解約しやすい / 利用期間が短い / OnlineSecurity未加入 / Electronic check利用 / Fiber optic利用で料金・品質不満の可能性,長期契約特典: 1年契約への移行割引やポイント付与を提案する / オンボーディング強化: 初期活用サポートや利用定着メールを送る / セキュリティ提案: OnlineSecurityの価値を説明し利用を促す
7998-UIC,Male,0,No,Yes,12,Yes,No,Fiber optic,No,Yes,No,No,No,Yes,Month-to-month,No,Mailed check,82.1,949.87,1,0.839488823154177,High,月額契約で解約しやすい / 月額料金が高い / 利用期間が短い / TechSupport未加入 / OnlineSecurity未加入,長期契約特典: 1年契約への移行割引やポイント付与を提案する / 料金プラン見直し: 利用状況に合う低負担プランを提案する / オンボーディング強化: 初期活用サポートや利用定着メールを送る
2246-XYC,Male,0,No,No,3,Yes,Yes,Fiber optic,Yes,No,Yes,Yes,No,Yes,Month-to-month,Yes,Bank transfer (automatic),70.43,257.42,1,0.8392864283485255,High,月額契約で解約しやすい / 利用期間が短い / Fiber optic利用で料金・品質不満の可能性,長期契約特典: 1年契約への移行割引やポイント付与を提案する / オンボーディング強化: 初期活用サポートや利用定着メールを送る / 満足度確認: 通信品質・料金への不満をヒアリングする
1048-CUY,Female,0,Yes,No,2,Yes,Yes,Fiber optic,No,Yes,No,Yes,Yes,No,Month-to-month,No,Credit card (automatic),74.92,108.55,0,0.8387164030138466,High,月額契約で解約しやすい / 利用期間が短い / OnlineSecurity未加入 / Fiber optic利用で料金・品質不満の可能性,長期契約特典: 1年契約への移行割引やポイント付与を提案する / オンボーディング強化: 初期活用サポートや利用定着メールを送る / セキュリティ提案: OnlineSecurityの価値を説明し利用を促す
7774-MPD,Female,0,Yes,Yes,11,Yes,No,Fiber optic,No,No,No,No,No,Yes,Month-to-month,Yes,Credit card (automatic),53.61,629.99,0,0.8386004080547399,High,月額契約で解約しやすい / 利用期間が短い / TechSupport未加入 / OnlineSecurity未加入 / Fiber optic利用で料金・品質不満の可能性,長期契約特典: 1年契約への移行割引やポイント付与を提案する / オンボーディング強化: 初期活用サポートや利用定着メールを送る / サポート加入キャンペーン: 初月無料のTechSupportを提案する
4025-YLP,Male,0,Yes,No,2,Yes,Yes,Fiber optic,Yes,Yes,No,Yes,No,Yes,Month-to-month,No,Credit card (automatic),85.35,148.63,1,0.8385896259275447,High,月額契約で解約しやすい / 月額料金が高い / 利用期間が短い / Fiber optic利用で料金・品質不満の可能性,長期契約特典: 1年契約への移行割引やポイント付与を提案する / 料金プラン見直し: 利用状況に合う低負担プランを提案する / オンボーディング強化: 初期活用サポートや利用定着メールを送る
1210-XNE,Female,0,No,No,13,Yes,No phone service,Fiber optic,Yes,Yes,Yes,Yes,Yes,No,Month-to-month,Yes,Electronic check,72.62,895.39,1,0.838512897185436,High,月額契約で解約しやすい / Electronic check利用 / Fiber optic利用で料金・品質不満の可能性,長期契約特典: 1年契約への移行割引やポイント付与を提案する / 支払い方法変更: 自動支払いへの変更特典を提案する / 満足度確認: 通信品質・料金への不満をヒアリングする
2830-WIO,Female,0,No,No,14,Yes,Yes,Fiber optic,No,No,No,No,No,No,Month-to-month,No,Electronic check,60.77,883.79,1,0.8384394104805054,High,月額契約で解約しやすい / TechSupport未加入 / OnlineSecurity未加入 / Electronic check利用 / Fiber optic利用で料金・品質不満の可能性,長期契約特典: 1年契約への移行割引やポイント付与を提案する / サポート加入キャンペーン: 初月無料のTechSupportを提案する / セキュリティ提案: OnlineSecurityの価値を説明し利用を促す
9763-CSJ,Female,0,No,Yes,0,Yes,No,DSL,No,Yes,Yes,No,No,Yes,Month-to-month,No,Electronic check,65.19,0.0,0,0.8383862027010516,High,月額契約で解約しやすい / 利用期間が短い / TechSupport未加入 / OnlineSecurity未加入 / Electronic check利用,長期契約特典: 1年契約への移行割引やポイント付与を提案する / オンボーディング強化: 初期活用サポートや利用定着メールを送る / サポート加入キャンペーン: 初月無料のTechSupportを提案する
1800-FHN,Female,0,Yes,Yes,6,Yes,No,Fiber optic,No,No,No,Yes,Yes,Yes,Month-to-month,No,Credit card (automatic),82.36,542.62,0,0.8382484318364186,High,月額契約で解約しやすい / 月額料金が高い / 利用期間が短い / OnlineSecurity未加入 / Fiber optic利用で料金・品質不満の可能性,長期契約特典: 1年契約への移行割引やポイント付与を提案する / 料金プラン見直し: 利用状況に合う低負担プランを提案する / オンボーディング強化: 初期活用サポートや利用定着メールを送る
5816-BYX,Male,0,No,No,3,Yes,Yes,Fiber optic,No,Yes,No,Yes,No,No,Month-to-month,No,Mailed check,81.41,277.3,1,0.8378354359312123,High,月額契約で解約しやすい / 月額料金が高い / 利用期間が短い / OnlineSecurity未加入 / Fiber optic利用で料金・品質不満の可能性,長期契約特典: 1年契約への移行割引やポイント付与を提案する / 料金プラン見直し: 利用状況に合う低負担プランを提案する / オンボーディング強化: 初期活用サポートや利用定着メールを送る
6276-XOS,Male,0,No,No,15,Yes,Yes,Fiber optic,No,Yes,No,No,Yes,No,Month-to-month,Yes,Bank transfer (automatic),70.24,1078.46,1,0.8376260572665132,High,月額契約で解約しやすい / TechSupport未加入 / OnlineSecurity未加入 / Fiber optic利用で料金・品質不満の可能性,長期契約特典: 1年契約への移行割引やポイント付与を提案する / サポート加入キャンペーン: 初月無料のTechSupportを提案する / セキュリティ提案: OnlineSecurityの価値を説明し利用を促す
7975-KLC,Female,0,No,No,18,No,Yes,Fiber optic,Yes,No,No,No,No,Yes,Month-to-month,Yes,Electronic check,63.25,1102.77,0,0.8376100655610937,High,月額契約で解約しやすい / TechSupport未加入 / Electronic check利用 / Fiber optic利用で料金・品質不満の可能性,長期契約特典: 1年契約への移行割引やポイント付与を提案する / サポート加入キャンペーン: 初月無料のTechSupportを提案する / 支払い方法変更: 自動支払いへの変更特典を提案する
5319-HRU,Female,0,Yes,Yes,7,Yes,Yes,Fiber optic,No,No,No,No,No,Yes,Month-to-month,No,Bank transfer (automatic),64.68,375.47,1,0.8371771044171373,High,月額契約で解約しやすい / 利用期間が短い / TechSupport未加入 / OnlineSecurity未加入 / Fiber optic利用で料金・品質不満の可能性,長期契約特典: 1年契約への移行割引やポイント付与を提案する / オンボーディング強化: 初期活用サポートや利用定着メールを送る / サポート加入キャンペーン: 初月無料のTechSupportを提案する
9556-GAW,Male,0,No,No,21,Yes,No,Fiber optic,No,No,Yes,No,Yes,Yes,Month-to-month,No,Electronic check,72.01,1537.59,1,0.8368501316160015,High,月額契約で解約しやすい / TechSupport未加入 / OnlineSecurity未加入 / Electronic check利用 / Fiber optic利用で料金・品質不満の可能性,長期契約特典: 1年契約への移行割引やポイント付与を提案する / サポート加入キャンペーン: 初月無料のTechSupportを提案する / セキュリティ提案: OnlineSecurityの価値を説明し利用を促す
4665-MUW,Male,1,Yes,No,8,Yes,No,Fiber optic,Yes,Yes,Yes,Yes,Yes,No,Month-to-month,No,Credit card (automatic),91.11,765.05,1,0.8368180832097624,High,月額契約で解約しやすい / 月額料金が高い / 利用期間が短い / Fiber optic利用で料金・品質不満の可能性,長期契約特典: 1年契約への移行割引やポイント付与を提案する / 料金プラン見直し: 利用状況に合う低負担プランを提案する / オンボーディング強化: 初期活用サポートや利用定着メールを送る
1937-ZOG,Female,1,No,Yes,27,Yes,No phone service,Fiber optic,No,Yes,No,No,Yes,Yes,Month-to-month,No,Credit card (automatic),78.68,2187.32,0,0.8365883849013087,High,月額契約で解約しやすい / 月額料金が高い / TechSupport未加入 / OnlineSecurity未加入 / Fiber optic利用で料金・品質不満の可能性,長期契約特典: 1年契約への移行割引やポイント付与を提案する / 料金プラン見直し: 利用状況に合う低負担プランを提案する / サポート加入キャンペーン: 初月無料のTechSupportを提案する
4740-ZDK,Male,0,Yes,No,9,Yes,No,Fiber optic,No,Yes,No,No,No,No,Month-to-month,Yes,Mailed check,62.6,536.07,0,0.8365602638707509,High,月額契約で解約しやすい / 利用期間が短い / TechSupport未加入 / OnlineSecurity未加入 / Fiber optic利用で料金・品質不満の可能性,長期契約特典: 1年契約への移行割引やポイント付与を提案する / オンボーディング強化: 初期活用サポートや利用定着メールを送る / サポート加入キャンペーン: 初月無料のTechSupportを提案する
5196-NNK,Male,0,No,No,17,Yes,Yes,Fiber optic,No,No,No,No,No,No,Month-to-month,Yes,Bank transfer (automatic),72.17,1225.98,0,0.8364531402553026,High,月額契約で解約しやすい / TechSupport未加入 / OnlineSecurity未加入 / Fiber optic利用で料金・品質不満の可能性,長期契約特典: 1年契約への移行割引やポイント付与を提案する / サポート加入キャンペーン: 初月無料のTechSupportを提案する / セキュリティ提案: OnlineSecurityの価値を説明し利用を促す
6356-WAN,Male,0,No,Yes,23,Yes,No phone service,Fiber optic,No,Yes,No,No,No,Yes,Month-to-month,Yes,Credit card (automatic),66.84,1606.52,0,0.8363834545849963,High,月額契約で解約しやすい / TechSupport未加入 / OnlineSecurity未加入 / Fiber optic利用で料金・品質不満の可能性,長期契約特典: 1年契約への移行割引やポイント付与を提案する / サポート加入キャンペーン: 初月無料のTechSupportを提案する / セキュリティ提案: OnlineSecurityの価値を説明し利用を促す
2369-OJV,Male,0,No,Yes,20,No,No phone service,Fiber optic,No,No,Yes,No,Yes,No,Month-to-month,Yes,Bank transfer (automatic),75.09,1500.98,0,0.836199002868443,High,月額契約で解約しやすい / 月額料金が高い / TechSupport未加入 / OnlineSecurity未加入 / Fiber optic利用で料金・品質不満の可能性,長期契約特典: 1年契約への移行割引やポイント付与を提案する / 料金プラン見直し: 利用状況に合う低負担プランを提案する / サポート加入キャンペーン: 初月無料のTechSupportを提案する
3981-TQY,Male,0,No,No,14,Yes,No,Fiber optic,Yes,Yes,No,No,Yes,No,Month-to-month,Yes,Electronic check,67.33,896.04,1,0.8361550272634087,High,月額契約で解約しやすい / TechSupport未加入 / Electronic check利用 / Fiber optic利用で料金・品質不満の可能性,長期契約特典: 1年契約への移行割引やポイント付与を提案する / サポート加入キャンペーン: 初月無料のTechSupportを提案する / 支払い方法変更: 自動支払いへの変更特典を提案する
1926-VFA,Female,1,Yes,No,25,No,No,Fiber optic,No,No,No,No,Yes,Yes,Month-to-month,No,Credit card (automatic),81.96,1999.95,1,0.8361025919905026,High,月額契約で解約しやすい / 月額料金が高い / TechSupport未加入 / OnlineSecurity未加入 / Fiber optic利用で料金・品質不満の可能性,長期契約特典: 1年契約への移行割引やポイント付与を提案する / 料金プラン見直し: 利用状況に合う低負担プランを提案する / サポート加入キャンペーン: 初月無料のTechSupportを提案する
2901-ZEX,Female,0,No,No,25,Yes,No,Fiber optic,Yes,Yes,Yes,No,No,Yes,Month-to-month,Yes,Electronic check,81.08,2030.9,1,0.8360852146433724,High,月額契約で解約しやすい / 月額料金が高い / TechSupport未加入 / Electronic check利用 / Fiber optic利用で料金・品質不満の可能性,長期契約特典: 1年契約への移行割引やポイント付与を提案する / 料金プラン見直し: 利用状況に合う低負担プランを提案する / サポート加入キャンペーン: 初月無料のTechSupportを提案する
1040-MRH,Male,1,No,No,25,Yes,No,Fiber optic,Yes,Yes,Yes,No,No,No,Month-to-month,Yes,Electronic check,68.07,1733.12,0,0.835694489725201,High,月額契約で解約しやすい / TechSupport未加入 / Electronic check利用 / Fiber optic利用で料金・品質不満の可能性,長期契約特典: 1年契約への移行割引やポイント付与を提案する / サポート加入キャンペーン: 初月無料のTechSupportを提案する / 支払い方法変更: 自動支払いへの変更特典を提案する
4259-FXA,Male,0,No,No,5,Yes,No,Fiber optic,Yes,No,Yes,Yes,No,No,Month-to-month,Yes,Credit card (automatic),79.2,422.04,0,0.8355803712867926,High,月額契約で解約しやすい / 月額料金が高い / 利用期間が短い / Fiber optic利用で料金・品質不満の可能性,長期契約特典: 1年契約への移行割引やポイント付与を提案する / 料金プラン見直し: 利用状況に合う低負担プランを提案する / オンボーディング強化: 初期活用サポートや利用定着メールを送る
2247-VMG,Female,1,No,Yes,31,Yes,No,Fiber optic,No,Yes,Yes,No,Yes,No,Month-to-month,Yes,Credit card (automatic),90.01,2781.88,0,0.8355365527332381,High,月額契約で解約しやすい / 月額料金が高い / TechSupport未加入 / OnlineSecurity未加入 / Fiber optic利用で料金・品質不満の可能性,長期契約特典: 1年契約への移行割引やポイント付与を提案する / 料金プラン見直し: 利用状況に合う低負担プランを提案する / サポート加入キャンペーン: 初月無料のTechSupportを提案する
3459-VFY,Male,0,No,No,22,Yes,No,Fiber optic,No,No,No,Yes,Yes,Yes,Month-to-month,Yes,Electronic check,74.19,1602.46,1,0.8354120141097426,High,月額契約で解約しやすい / OnlineSecurity未加入 / Electronic check利用 / Fiber optic利用で料金・品質不満の可能性,長期契約特典: 1年契約への移行割引やポイント付与を提案する / セキュリティ提案: OnlineSecurityの価値を説明し利用を促す / 支払い方法変更: 自動支払いへの変更特典を提案する
6894-IEP,Female,0,No,No,12,Yes,Yes,Fiber optic,No,Yes,No,No,No,Yes,Month-to-month,Yes,Bank transfer (automatic),45.94,536.51,1,0.8350679237711424,High,月額契約で解約しやすい / 利用期間が短い / TechSupport未加入 / OnlineSecurity未加入 / Fiber optic利用で料金・品質不満の可能性,長期契約特典: 1年契約への移行割引やポイント付与を提案する / オンボーディング強化: 初期活用サポートや利用定着メールを送る / サポート加入キャンペーン: 初月無料のTechSupportを提案する
2709-UQQ,Female,0,Yes,No,25,Yes,No,Fiber optic,No,No,Yes,No,Yes,No,Month-to-month,Yes,Electronic check,75.67,1841.86,0,0.8350612065672979,High,月額契約で解約しやすい / 月額料金が高い / TechSupport未加入 / OnlineSecurity未加入 / Electronic check利用,長期契約特典: 1年契約への移行割引やポイント付与を提案する / 料金プラン見直し: 利用状況に合う低負担プランを提案する / サポート加入キャンペーン: 初月無料のTechSupportを提案する
5818-ZLB,Female,0,Yes,Yes,34,Yes,No phone service,Fiber optic,No,Yes,No,No,Yes,Yes,Month-to-month,Yes,Electronic check,84.15,2850.35,1,0.8350070594818206,High,月額契約で解約しやすい / 月額料金が高い / TechSupport未加入 / OnlineSecurity未加入 / Electronic check利用,長期契約特典: 1年契約への移行割引やポイント付与を提案する / 料金プラン見直し: 利用状況に合う低負担プランを提案する / サポート加入キャンペーン: 初月無料のTechSupportを提案する
7645-BNA,Female,0,No,No,21,Yes,No,Fiber optic,No,No,Yes,No,No,No,Month-to-month,Yes,Electronic check,55.87,1203.65,1,0.8349919021510804,High,月額契約で解約しやすい / TechSupport未加入 / OnlineSecurity未加入 / Electronic check利用 / Fiber optic利用で料金・品質不満の可能性,長期契約特典: 1年契約への移行割引やポイント付与を提案する / サポート加入キャンペーン: 初月無料のTechSupportを提案する / セキュリティ提案: OnlineSecurityの価値を説明し利用を促す
3123-FQK,Male,0,Yes,No,11,Yes,No,Fiber optic,No,Yes,Yes,No,Yes,No,Month-to-month,Yes,Bank transfer (automatic),61.07,618.57,1,0.8349899555559381,High,月額契約で解約しやすい / 利用期間が短い / TechSupport未加入 / OnlineSecurity未加入 / Fiber optic利用で料金・品質不満の可能性,長期契約特典: 1年契約への移行割引やポイント付与を提案する / オンボーディング強化: 初期活用サポートや利用定着メールを送る / サポート加入キャンペーン: 初月無料のTechSupportを提案する
3443-GZT,Male,1,No,Yes,25,Yes,Yes,Fiber optic,No,Yes,Yes,No,Yes,No,Month-to-month,No,Mailed check,107.17,2663.43,0,0.8348520653003444,High,月額契約で解約しやすい / 月額料金が高い / TechSupport未加入 / OnlineSecurity未加入 / Fiber optic利用で料金・品質不満の可能性,長期契約特典: 1年契約への移行割引やポイント付与を提案する / 料金プラン見直し: 利用状況に合う低負担プランを提案する / サポート加入キャンペーン: 初月無料のTechSupportを提案する
7860-RCF,Female,0,No,No,20,Yes,Yes,Fiber optic,No,No,No,Yes,No,Yes,Month-to-month,No,Electronic check,83.58,1668.11,1,0.8346124748580411,High,月額契約で解約しやすい / 月額料金が高い / OnlineSecurity未加入 / Electronic check利用 / Fiber optic利用で料金・品質不満の可能性,長期契約特典: 1年契約への移行割引やポイント付与を提案する / 料金プラン見直し: 利用状況に合う低負担プランを提案する / セキュリティ提案: OnlineSecurityの価値を説明し利用を促す
3739-HCY,Female,0,Yes,No,20,Yes,No,Fiber optic,No,Yes,No,Yes,No,No,Month-to-month,Yes,Electronic check,75.98,1510.67,1,0.8346015006650054,High,月額契約で解約しやすい / 月額料金が高い / OnlineSecurity未加入 / Electronic check利用 / Fiber optic利用で料金・品質不満の可能性,長期契約特典: 1年契約への移行割引やポイント付与を提案する / 料金プラン見直し: 利用状況に合う低負担プランを提案する / セキュリティ提案: OnlineSecurityの価値を説明し利用を促す
2784-LUW,Male,0,Yes,No,3,Yes,No,Fiber optic,Yes,Yes,No,Yes,Yes,Yes,Month-to-month,Yes,Mailed check,83.04,204.11,0,0.8345443694400885,High,月額契約で解約しやすい / 月額料金が高い / 利用期間が短い / Fiber optic利用で料金・品質不満の可能性,長期契約特典: 1年契約への移行割引やポイント付与を提案する / 料金プラン見直し: 利用状況に合う低負担プランを提案する / オンボーディング強化: 初期活用サポートや利用定着メールを送る
5514-UOW,Male,0,No,No,17,Yes,No,Fiber optic,No,No,Yes,No,No,Yes,Month-to-month,No,Credit card (automatic),75.79,1277.55,1,0.8345038947653631,High,月額契約で解約しやすい / 月額料金が高い / TechSupport未加入 / OnlineSecurity未加入 / Fiber optic利用で料金・品質不満の可能性,長期契約特典: 1年契約への移行割引やポイント付与を提案する / 料金プラン見直し: 利用状況に合う低負担プランを提案する / サポート加入キャンペーン: 初月無料のTechSupportを提案する
3703-YCM,Male,0,Yes,No,29,Yes,Yes,Fiber optic,No,Yes,No,No,Yes,No,Month-to-month,No,Electronic check,108.04,3092.42,1,0.8343743428405299,High,月額契約で解約しやすい / 月額料金が高い / TechSupport未加入 / OnlineSecurity未加入 / Electronic check利用,長期契約特典: 1年契約への移行割引やポイント付与を提案する / 料金プラン見直し: 利用状況に合う低負担プランを提案する / サポート加入キャンペーン: 初月無料のTechSupportを提案する
1619-TJR,Female,0,No,No,16,Yes,No,Fiber optic,No,No,No,No,Yes,No,Month-to-month,Yes,Bank transfer (automatic),71.64,1123.08,0,0.8342643110901999,High,月額契約で解約しやすい / TechSupport未加入 / OnlineSecurity未加入 / Fiber optic利用で料金・品質不満の可能性,長期契約特典: 1年契約への移行割引やポイント付与を提案する / サポート加入キャンペーン: 初月無料のTechSupportを提案する / セキュリティ提案: OnlineSecurityの価値を説明し利用を促す
2448-SFP,Female,1,Yes,No,20,Yes,Yes,Fiber optic,No,No,Yes,No,No,Yes,Month-to-month,No,Mailed check,78.22,1652.83,1,0.8342587990422822,High,月額契約で解約しやすい / 月額料金が高い / TechSupport未加入 / OnlineSecurity未加入 / Fiber optic利用で料金・品質不満の可能性,長期契約特典: 1年契約への移行割引やポイント付与を提案する / 料金プラン見直し: 利用状況に合う低負担プランを提案する / サポート加入キャンペーン: 初月無料のTechSupportを提案する
5693-CAP,Male,0,No,No,7,Yes,Yes,DSL,No,No,Yes,No,Yes,No,Month-to-month,Yes,Electronic check,73.12,495.64,1,0.8342106106457896,High,月額契約で解約しやすい / 利用期間が短い / TechSupport未加入 / OnlineSecurity未加入 / Electronic check利用,長期契約特典: 1年契約への移行割引やポイント付与を提案する / オンボーディング強化: 初期活用サポートや利用定着メールを送る / サポート加入キャンペーン: 初月無料のTechSupportを提案する
8941-SCT,Male,0,No,No,9,Yes,Yes,Fiber optic,No,No,Yes,No,No,No,Month-to-month,No,Bank transfer (automatic),68.58,647.93,0,0.8342022405768119,High,月額契約で解約しやすい / 利用期間が短い / TechSupport未加入 / OnlineSecurity未加入 / Fiber optic利用で料金・品質不満の可能性,長期契約特典: 1年契約への移行割引やポイント付与を提案する / オンボーディング強化: 初期活用サポートや利用定着メールを送る / サポート加入キャンペーン: 初月無料のTechSupportを提案する
3486-SEH,Female,0,No,No,0,Yes,No,Fiber optic,No,Yes,Yes,Yes,No,Yes,Month-to-month,No,Mailed check,60.78,0.0,1,0.8340153247246069,High,月額契約で解約しやすい / 利用期間が短い / OnlineSecurity未加入 / Fiber optic利用で料金・品質不満の可能性,長期契約特典: 1年契約への移行割引やポイント付与を提案する / オンボーディング強化: 初期活用サポートや利用定着メールを送る / セキュリティ提案: OnlineSecurityの価値を説明し利用を促す
8303-GTR,Female,0,Yes,Yes,0,No,No,Fiber optic,No,Yes,Yes,Yes,No,No,Month-to-month,No,Mailed check,76.59,0.0,1,0.8338629279883346,High,月額契約で解約しやすい / 月額料金が高い / 利用期間が短い / OnlineSecurity未加入 / Fiber optic利用で料金・品質不満の可能性,長期契約特典: 1年契約への移行割引やポイント付与を提案する / 料金プラン見直し: 利用状況に合う低負担プランを提案する / オンボーディング強化: 初期活用サポートや利用定着メールを送る
2195-HSK,Male,0,Yes,Yes,22,No,No,Fiber optic,No,Yes,No,No,No,No,Month-to-month,No,Electronic check,84.75,1851.41,1,0.8334020173132113,High,月額契約で解約しやすい / 月額料金が高い / TechSupport未加入 / OnlineSecurity未加入 / Electronic check利用,長期契約特典: 1年契約への移行割引やポイント付与を提案する / 料金プラン見直し: 利用状況に合う低負担プランを提案する / サポート加入キャンペーン: 初月無料のTechSupportを提案する
5933-IZF,Female,1,No,Yes,1,Yes,No,DSL,No,Yes,No,Yes,Yes,Yes,Month-to-month,Yes,Electronic check,48.44,53.39,1,0.8332190383318212,High,月額契約で解約しやすい / 利用期間が短い / OnlineSecurity未加入 / Electronic check利用,長期契約特典: 1年契約への移行割引やポイント付与を提案する / オンボーディング強化: 初期活用サポートや利用定着メールを送る / セキュリティ提案: OnlineSecurityの価値を説明し利用を促す
9165-TWJ,Female,0,No,No,10,Yes,Yes,Fiber optic,No,No,Yes,No,Yes,Yes,One year,Yes,Electronic check,85.41,849.07,1,0.8329792732389318,High,月額料金が高い / 利用期間が短い / TechSupport未加入 / OnlineSecurity未加入 / Electronic check利用,料金プラン見直し: 利用状況に合う低負担プランを提案する / オンボーディング強化: 初期活用サポートや利用定着メールを送る / サポート加入キャンペーン: 初月無料のTechSupportを提案する
2954-OXU,Female,1,Yes,Yes,19,Yes,No,Fiber optic,Yes,No,No,No,No,Yes,Month-to-month,Yes,Credit card (automatic),73.04,1381.06,1,0.8329321889790979,High,月額契約で解約しやすい / TechSupport未加入 / Fiber optic利用で料金・品質不満の可能性,長期契約特典: 1年契約への移行割引やポイント付与を提案する / サポート加入キャンペーン: 初月無料のTechSupportを提案する / 満足度確認: 通信品質・料金への不満をヒアリングする
6363-EWK,Male,0,No,Yes,20,Yes,Yes,Fiber optic,No,Yes,No,No,No,Yes,Month-to-month,No,Electronic check,66.86,1317.22,0,0.8327322332476519,High,月額契約で解約しやすい / TechSupport未加入 / OnlineSecurity未加入 / Electronic check利用 / Fiber optic利用で料金・品質不満の可能性,長期契約特典: 1年契約への移行割引やポイント付与を提案する / サポート加入キャンペーン: 初月無料のTechSupportを提案する / セキュリティ提案: OnlineSecurityの価値を説明し利用を促す
3187-RQL,Female,1,Yes,No,23,Yes,Yes,Fiber optic,No,No,No,No,Yes,No,Month-to-month,No,Electronic check,66.89,1565.84,1,0.832561094512313,High,月額契約で解約しやすい / TechSupport未加入 / OnlineSecurity未加入 / Electronic check利用 / Fiber optic利用で料金・品質不満の可能性,長期契約特典: 1年契約への移行割引やポイント付与を提案する / サポート加入キャンペーン: 初月無料のTechSupportを提案する / セキュリティ提案: OnlineSecurityの価値を説明し利用を促す
6426-WKL,Female,0,Yes,No,5,No,Yes,Fiber optic,No,Yes,Yes,No,No,Yes,One year,Yes,Electronic check,67.68,337.91,1,0.8318932470813724,High,利用期間が短い / TechSupport未加入 / OnlineSecurity未加入 / Electronic check利用 / Fiber optic利用で料金・品質不満の可能性,オンボーディング強化: 初期活用サポートや利用定着メールを送る / サポート加入キャンペーン: 初月無料のTechSupportを提案する / セキュリティ提案: OnlineSecurityの価値を説明し利用を促す
3631-PZV,Male,1,No,No,9,Yes,No,Fiber optic,Yes,No,Yes,No,Yes,No,Month-to-month,Yes,Bank transfer (automatic),54.22,463.28,0,0.8317254902870141,High,月額契約で解約しやすい / 利用期間が短い / TechSupport未加入 / Fiber optic利用で料金・品質不満の可能性,長期契約特典: 1年契約への移行割引やポイント付与を提案する / オンボーディング強化: 初期活用サポートや利用定着メールを送る / サポート加入キャンペーン: 初月無料のTechSupportを提案する
8507-PPP,Male,0,Yes,Yes,8,Yes,Yes,Fiber optic,No,No,Yes,No,Yes,No,Month-to-month,No,Electronic check,55.1,414.39,0,0.83136114684648,High,月額契約で解約しやすい / 利用期間が短い / TechSupport未加入 / OnlineSecurity未加入 / Electronic check利用,長期契約特典: 1年契約への移行割引やポイント付与を提案する / オンボーディング強化: 初期活用サポートや利用定着メールを送る / サポート加入キャンペーン: 初月無料のTechSupportを提案する
4187-HEM,Female,1,No,No,11,Yes,Yes,Fiber optic,Yes,Yes,Yes,No,Yes,No,Month-to-month,No,Bank transfer (automatic),75.71,800.35,0,0.8311710224224065,High,月額契約で解約しやすい / 月額料金が高い / 利用期間が短い / TechSupport未加入 / Fiber optic利用で料金・品質不満の可能性,長期契約特典: 1年契約への移行割引やポイント付与を提案する / 料金プラン見直し: 利用状況に合う低負担プランを提案する / オンボーディング強化: 初期活用サポートや利用定着メールを送る
6917-KWX,Male,0,Yes,No,17,Yes,No,Fiber optic,No,Yes,Yes,No,Yes,No,Month-to-month,Yes,Credit card (automatic),71.41,1226.6,1,0.8310430295802028,High,月額契約で解約しやすい / TechSupport未加入 / OnlineSecurity未加入 / Fiber optic利用で料金・品質不満の可能性,長期契約特典: 1年契約への移行割引やポイント付与を提案する / サポート加入キャンペーン: 初月無料のTechSupportを提案する / セキュリティ提案: OnlineSecurityの価値を説明し利用を促す
8529-FHE,Female,0,No,No,16,Yes,No,Fiber optic,No,Yes,Yes,No,Yes,No,Month-to-month,Yes,Bank transfer (automatic),66.98,1076.25,1,0.8308852028035612,High,月額契約で解約しやすい / TechSupport未加入 / OnlineSecurity未加入 / Fiber optic利用で料金・品質不満の可能性,長期契約特典: 1年契約への移行割引やポイント付与を提案する / サポート加入キャンペーン: 初月無料のTechSupportを提案する / セキュリティ提案: OnlineSecurityの価値を説明し利用を促す
9863-JSV,Male,1,Yes,No,25,No,No,Fiber optic,Yes,No,Yes,Yes,No,No,Month-to-month,Yes,Electronic check,89.36,2245.39,1,0.8308333100199738,High,月額契約で解約しやすい / 月額料金が高い / Electronic check利用 / Fiber optic利用で料金・品質不満の可能性,長期契約特典: 1年契約への移行割引やポイント付与を提案する / 料金プラン見直し: 利用状況に合う低負担プランを提案する / 支払い方法変更: 自動支払いへの変更特典を提案する
5536-LWQ,Female,1,Yes,No,36,Yes,No,Fiber optic,No,No,Yes,No,No,Yes,Month-to-month,Yes,Bank transfer (automatic),90.99,3265.52,0,0.8307294004825847,High,月額契約で解約しやすい / 月額料金が高い / TechSupport未加入 / OnlineSecurity未加入 / Fiber optic利用で料金・品質不満の可能性,長期契約特典: 1年契約への移行割引やポイント付与を提案する / 料金プラン見直し: 利用状況に合う低負担プランを提案する / サポート加入キャンペーン: 初月無料のTechSupportを提案する
3751-JPB,Female,0,Yes,No,5,Yes,No phone service,DSL,No,Yes,No,No,Yes,Yes,Month-to-month,Yes,Bank transfer (automatic),71.2,367.57,1,0.8305613074602748,High,月額契約で解約しやすい / 利用期間が短い / TechSupport未加入 / OnlineSecurity未加入,長期契約特典: 1年契約への移行割引やポイント付与を提案する / オンボーディング強化: 初期活用サポートや利用定着メールを送る / サポート加入キャンペーン: 初月無料のTechSupportを提案する
5971-KFH,Male,0,Yes,Yes,15,Yes,Yes,Fiber optic,No,Yes,Yes,No,Yes,Yes,Month-to-month,Yes,Bank transfer (automatic),64.96,992.14,1,0.8304804869160138,High,月額契約で解約しやすい / TechSupport未加入 / OnlineSecurity未加入 / Fiber optic利用で料金・品質不満の可能性,長期契約特典: 1年契約への移行割引やポイント付与を提案する / サポート加入キャンペーン: 初月無料のTechSupportを提案する / セキュリティ提案: OnlineSecurityの価値を説明し利用を促す
8644-TCL,Female,0,No,No,2,Yes,No,Fiber optic,No,No,Yes,No,No,Yes,One year,Yes,Bank transfer (automatic),81.26,128.45,0,0.8304254050941348,High,月額料金が高い / 利用期間が短い / TechSupport未加入 / OnlineSecurity未加入 / Fiber optic利用で料金・品質不満の可能性,料金プラン見直し: 利用状況に合う低負担プランを提案する / オンボーディング強化: 初期活用サポートや利用定着メールを送る / サポート加入キャンペーン: 初月無料のTechSupportを提案する
5017-SBB,Male,0,Yes,No,11,Yes,No,Fiber optic,No,No,No,Yes,Yes,No,Month-to-month,Yes,Mailed check,89.55,1030.68,1,0.8302523946632183,High,月額契約で解約しやすい / 月額料金が高い / 利用期間が短い / OnlineSecurity未加入 / Fiber optic利用で料金・品質不満の可能性,長期契約特典: 1年契約への移行割引やポイント付与を提案する / 料金プラン見直し: 利用状況に合う低負担プランを提案する / オンボーディング強化: 初期活用サポートや利用定着メールを送る
1882-CPL,Male,1,Yes,No,8,Yes,No,Fiber optic,No,No,Yes,Yes,Yes,No,Month-to-month,Yes,Bank transfer (automatic),49.67,407.88,0,0.8301607469773782,High,月額契約で解約しやすい / 利用期間が短い / OnlineSecurity未加入 / Fiber optic利用で料金・品質不満の可能性,長期契約特典: 1年契約への移行割引やポイント付与を提案する / オンボーディング強化: 初期活用サポートや利用定着メールを送る / セキュリティ提案: OnlineSecurityの価値を説明し利用を促す
2907-KDT,Female,0,Yes,Yes,14,Yes,Yes,Fiber optic,No,Yes,No,No,Yes,No,Month-to-month,Yes,Bank transfer (automatic),72.38,1018.11,1,0.8301149644827899,High,月額契約で解約しやすい / TechSupport未加入 / OnlineSecurity未加入 / Fiber optic利用で料金・品質不満の可能性,長期契約特典: 1年契約への移行割引やポイント付与を提案する / サポート加入キャンペーン: 初月無料のTechSupportを提案する / セキュリティ提案: OnlineSecurityの価値を説明し利用を促す
1551-SSG,Female,0,No,No,12,Yes,Yes,Fiber optic,No,No,No,No,Yes,No,Month-to-month,No,Bank transfer (automatic),78.67,967.3,1,0.8300308999295746,High,月額契約で解約しやすい / 月額料金が高い / 利用期間が短い / TechSupport未加入 / OnlineSecurity未加入,長期契約特典: 1年契約への移行割引やポイント付与を提案する / 料金プラン見直し: 利用状況に合う低負担プランを提案する / オンボーディング強化: 初期活用サポートや利用定着メールを送る
1580-KXI,Male,0,Yes,No,16,Yes,Yes,Fiber optic,No,Yes,No,No,Yes,No,Month-to-month,Yes,Bank transfer (automatic),72.68,1141.76,1,0.8299771155527352,High,月額契約で解約しやすい / TechSupport未加入 / OnlineSecurity未加入 / Fiber optic利用で料金・品質不満の可能性,長期契約特典: 1年契約への移行割引やポイント付与を提案する / サポート加入キャンペーン: 初月無料のTechSupportを提案する / セキュリティ提案: OnlineSecurityの価値を説明し利用を促す
6918-BNO,Female,0,No,No,14,No,No,Fiber optic,No,No,No,No,No,No,Month-to-month,No,Credit card (automatic),72.85,1004.92,1,0.8296592602733927,High,月額契約で解約しやすい / TechSupport未加入 / OnlineSecurity未加入 / Fiber optic利用で料金・品質不満の可能性,長期契約特典: 1年契約への移行割引やポイント付与を提案する / サポート加入キャンペーン: 初月無料のTechSupportを提案する / セキュリティ提案: OnlineSecurityの価値を説明し利用を促す
9461-EPX,Female,0,Yes,Yes,9,Yes,Yes,Fiber optic,No,No,Yes,Yes,No,Yes,Month-to-month,No,Bank transfer (automatic),83.54,759.05,1,0.8294759922061795,High,月額契約で解約しやすい / 月額料金が高い / 利用期間が短い / OnlineSecurity未加入 / Fiber optic利用で料金・品質不満の可能性,長期契約特典: 1年契約への移行割引やポイント付与を提案する / 料金プラン見直し: 利用状況に合う低負担プランを提案する / オンボーディング強化: 初期活用サポートや利用定着メールを送る
6454-ZUA,Female,0,No,No,16,Yes,Yes,Fiber optic,No,No,No,No,Yes,No,Month-to-month,Yes,Mailed check,78.0,1188.56,1,0.8288293227589539,High,月額契約で解約しやすい / 月額料金が高い / TechSupport未加入 / OnlineSecurity未加入 / Fiber optic利用で料金・品質不満の可能性,長期契約特典: 1年契約への移行割引やポイント付与を提案する / 料金プラン見直し: 利用状況に合う低負担プランを提案する / サポート加入キャンペーン: 初月無料のTechSupportを提案する
4164-QJA,Female,1,Yes,No,5,Yes,No phone service,DSL,No,Yes,No,Yes,No,No,Month-to-month,Yes,Electronic check,49.68,278.48,0,0.828811986498718,High,月額契約で解約しやすい / 利用期間が短い / OnlineSecurity未加入 / Electronic check利用,長期契約特典: 1年契約への移行割引やポイント付与を提案する / オンボーディング強化: 初期活用サポートや利用定着メールを送る / セキュリティ提案: OnlineSecurityの価値を説明し利用を促す
5535-EJA,Male,0,No,No,21,Yes,Yes,Fiber optic,No,No,Yes,No,No,No,Month-to-month,No,Electronic check,73.14,1540.0,0,0.8285489631679894,High,月額契約で解約しやすい / TechSupport未加入 / OnlineSecurity未加入 / Electronic check利用 / Fiber optic利用で料金・品質不満の可能性,長期契約特典: 1年契約への移行割引やポイント付与を提案する / サポート加入キャンペーン: 初月無料のTechSupportを提案する / セキュリティ提案: OnlineSecurityの価値を説明し利用を促す
4433-ODZ,Male,0,No,No,0,Yes,No,DSL,No,Yes,Yes,Yes,Yes,No,Month-to-month,Yes,Electronic check,68.66,0.0,1,0.8284698963736614,High,月額契約で解約しやすい / 利用期間が短い / OnlineSecurity未加入 / Electronic check利用,長期契約特典: 1年契約への移行割引やポイント付与を提案する / オンボーディング強化: 初期活用サポートや利用定着メールを送る / セキュリティ提案: OnlineSecurityの価値を説明し利用を促す
4752-JZH,Female,0,Yes,Yes,2,Yes,No,Fiber optic,No,No,Yes,Yes,No,Yes,Month-to-month,No,Mailed check,73.27,97.73,1,0.8283432176225239,High,月額契約で解約しやすい / 利用期間が短い / OnlineSecurity未加入 / Fiber optic利用で料金・品質不満の可能性,長期契約特典: 1年契約への移行割引やポイント付与を提案する / オンボーディング強化: 初期活用サポートや利用定着メールを送る / セキュリティ提案: OnlineSecurityの価値を説明し利用を促す
2797-SFF,Female,0,No,No,32,Yes,Yes,Fiber optic,No,Yes,No,No,Yes,Yes,Month-to-month,Yes,Bank transfer (automatic),101.56,3203.79,0,0.8280169658210408,High,月額契約で解約しやすい / 月額料金が高い / TechSupport未加入 / OnlineSecurity未加入 / Fiber optic利用で料金・品質不満の可能性,長期契約特典: 1年契約への移行割引やポイント付与を提案する / 料金プラン見直し: 利用状況に合う低負担プランを提案する / サポート加入キャンペーン: 初月無料のTechSupportを提案する
4988-JXK,Female,0,No,No,7,Yes,Yes,DSL,No,Yes,Yes,Yes,No,Yes,Month-to-month,Yes,Electronic check,71.65,482.59,1,0.8278266277387883,High,月額契約で解約しやすい / 利用期間が短い / OnlineSecurity未加入 / Electronic check利用,長期契約特典: 1年契約への移行割引やポイント付与を提案する / オンボーディング強化: 初期活用サポートや利用定着メールを送る / セキュリティ提案: OnlineSecurityの価値を説明し利用を促す
5624-OXQ,Female,0,No,No,29,Yes,Yes,Fiber optic,No,Yes,Yes,No,No,No,Month-to-month,No,Electronic check,92.55,2672.99,0,0.8272949382237273,High,月額契約で解約しやすい / 月額料金が高い / TechSupport未加入 / OnlineSecurity未加入 / Electronic check利用,長期契約特典: 1年契約への移行割引やポイント付与を提案する / 料金プラン見直し: 利用状況に合う低負担プランを提案する / サポート加入キャンペーン: 初月無料のTechSupportを提案する
7299-UAS,Female,1,Yes,No,29,Yes,Yes,Fiber optic,No,No,No,Yes,No,No,Month-to-month,Yes,Electronic check,75.27,2176.38,0,0.8272601075989047,High,月額契約で解約しやすい / 月額料金が高い / OnlineSecurity未加入 / Electronic check利用 / Fiber optic利用で料金・品質不満の可能性,長期契約特典: 1年契約への移行割引やポイント付与を提案する / 料金プラン見直し: 利用状況に合う低負担プランを提案する / セキュリティ提案: OnlineSecurityの価値を説明し利用を促す
5705-VEB,Male,1,No,No,4,No,No,DSL,No,Yes,No,Yes,No,Yes,Month-to-month,Yes,Electronic check,41.34,197.77,1,0.8270739195082351,High,月額契約で解約しやすい / 利用期間が短い / OnlineSecurity未加入 / Electronic check利用,長期契約特典: 1年契約への移行割引やポイント付与を提案する / オンボーディング強化: 初期活用サポートや利用定着メールを送る / セキュリティ提案: OnlineSecurityの価値を説明し利用を促す
9229-RXQ,Male,0,Yes,No,12,Yes,No,Fiber optic,No,Yes,No,Yes,Yes,No,Month-to-month,Yes,Credit card (automatic),75.71,891.73,1,0.8268492946184411,High,月額契約で解約しやすい / 月額料金が高い / 利用期間が短い / OnlineSecurity未加入 / Fiber optic利用で料金・品質不満の可能性,長期契約特典: 1年契約への移行割引やポイント付与を提案する / 料金プラン見直し: 利用状況に合う低負担プランを提案する / オンボーディング強化: 初期活用サポートや利用定着メールを送る
4020-XNT,Male,0,No,No,7,No,Yes,Fiber optic,No,No,No,Yes,No,Yes,Month-to-month,Yes,Mailed check,56.94,420.6,1,0.8268272190140175,High,月額契約で解約しやすい / 利用期間が短い / OnlineSecurity未加入 / Fiber optic利用で料金・品質不満の可能性,長期契約特典: 1年契約への移行割引やポイント付与を提案する / オンボーディング強化: 初期活用サポートや利用定着メールを送る / セキュリティ提案: OnlineSecurityの価値を説明し利用を促す
6893-SRS,Male,0,Yes,Yes,21,Yes,Yes,Fiber optic,No,Yes,No,No,Yes,Yes,Month-to-month,Yes,Credit card (automatic),76.43,1629.9,1,0.8266661728970152,High,月額契約で解約しやすい / 月額料金が高い / TechSupport未加入 / OnlineSecurity未加入 / Fiber optic利用で料金・品質不満の可能性,長期契約特典: 1年契約への移行割引やポイント付与を提案する / 料金プラン見直し: 利用状況に合う低負担プランを提案する / サポート加入キャンペーン: 初月無料のTechSupportを提案する
2467-EQQ,Female,0,Yes,No,24,Yes,No,Fiber optic,Yes,Yes,Yes,No,No,No,Month-to-month,Yes,Electronic check,87.81,2133.58,1,0.8263111468889555,High,月額契約で解約しやすい / 月額料金が高い / TechSupport未加入 / Electronic check利用 / Fiber optic利用で料金・品質不満の可能性,長期契約特典: 1年契約への移行割引やポイント付与を提案する / 料金プラン見直し: 利用状況に合う低負担プランを提案する / サポート加入キャンペーン: 初月無料のTechSupportを提案する
8282-PMV,Female,1,No,No,12,Yes,No,Fiber optic,Yes,Yes,No,No,Yes,Yes,Month-to-month,No,Electronic check,42.84,447.23,1,0.826269378507402,High,月額契約で解約しやすい / 利用期間が短い / TechSupport未加入 / Electronic check利用 / Fiber optic利用で料金・品質不満の可能性,長期契約特典: 1年契約への移行割引やポイント付与を提案する / オンボーディング強化: 初期活用サポートや利用定着メールを送る / サポート加入キャンペーン: 初月無料のTechSupportを提案する
3729-EBO,Female,0,No,No,30,Yes,No,Fiber optic,No,No,Yes,No,Yes,Yes,Month-to-month,No,Electronic check,91.35,2846.52,0,0.8262579682863691,High,月額契約で解約しやすい / 月額料金が高い / TechSupport未加入 / OnlineSecurity未加入 / Electronic check利用,長期契約特典: 1年契約への移行割引やポイント付与を提案する / 料金プラン見直し: 利用状況に合う低負担プランを提案する / サポート加入キャンペーン: 初月無料のTechSupportを提案する
7428-IOM,Male,0,Yes,Yes,1,Yes,Yes,Fiber optic,No,No,No,No,Yes,No,Month-to-month,No,Bank transfer (automatic),58.66,2.13,1,0.8262495924231967,High,月額契約で解約しやすい / 利用期間が短い / TechSupport未加入 / OnlineSecurity未加入 / Fiber optic利用で料金・品質不満の可能性,長期契約特典: 1年契約への移行割引やポイント付与を提案する / オンボーディング強化: 初期活用サポートや利用定着メールを送る / サポート加入キャンペーン: 初月無料のTechSupportを提案する
5240-ZPT,Male,0,No,Yes,11,Yes,No,Fiber optic,No,No,No,No,Yes,No,Month-to-month,No,Mailed check,88.39,1036.74,1,0.825526886044494,High,月額契約で解約しやすい / 月額料金が高い / 利用期間が短い / TechSupport未加入 / OnlineSecurity未加入,長期契約特典: 1年契約への移行割引やポイント付与を提案する / 料金プラン見直し: 利用状況に合う低負担プランを提案する / オンボーディング強化: 初期活用サポートや利用定着メールを送る
9877-MJQ,Male,0,No,No,31,Yes,No,Fiber optic,Yes,Yes,No,No,Yes,Yes,Month-to-month,Yes,Electronic check,98.43,2986.56,0,0.8252752517793304,High,月額契約で解約しやすい / 月額料金が高い / TechSupport未加入 / Electronic check利用 / Fiber optic利用で料金・品質不満の可能性,長期契約特典: 1年契約への移行割引やポイント付与を提案する / 料金プラン見直し: 利用状況に合う低負担プランを提案する / サポート加入キャンペーン: 初月無料のTechSupportを提案する
5019-TAW,Male,0,No,No,31,Yes,Yes,Fiber optic,No,No,No,No,Yes,Yes,Month-to-month,Yes,Credit card (automatic),95.75,2903.33,1,0.8252482147637894,High,月額契約で解約しやすい / 月額料金が高い / TechSupport未加入 / OnlineSecurity未加入 / Fiber optic利用で料金・品質不満の可能性,長期契約特典: 1年契約への移行割引やポイント付与を提案する / 料金プラン見直し: 利用状況に合う低負担プランを提案する / サポート加入キャンペーン: 初月無料のTechSupportを提案する
6732-VFG,Female,0,Yes,Yes,16,Yes,Yes,Fiber optic,No,No,No,Yes,Yes,Yes,Month-to-month,Yes,Mailed check,95.11,1498.89,0,0.8250220384513501,High,月額契約で解約しやすい / 月額料金が高い / OnlineSecurity未加入 / Fiber optic利用で料金・品質不満の可能性,長期契約特典: 1年契約への移行割引やポイント付与を提案する / 料金プラン見直し: 利用状況に合う低負担プランを提案する / セキュリティ提案: OnlineSecurityの価値を説明し利用を促す
8118-AXO,Female,0,Yes,No,14,Yes,No,Fiber optic,Yes,Yes,Yes,No,Yes,Yes,Month-to-month,No,Bank transfer (automatic),97.09,1345.51,0,0.8249215711042654,High,月額契約で解約しやすい / 月額料金が高い / TechSupport未加入 / Fiber optic利用で料金・品質不満の可能性,長期契約特典: 1年契約への移行割引やポイント付与を提案する / 料金プラン見直し: 利用状況に合う低負担プランを提案する / サポート加入キャンペーン: 初月無料のTechSupportを提案する
4943-QZI,Female,0,No,No,12,Yes,No,Fiber optic,No,Yes,Yes,Yes,Yes,No,Month-to-month,Yes,Credit card (automatic),68.54,811.24,1,0.8243609744059045,High,月額契約で解約しやすい / 利用期間が短い / OnlineSecurity未加入 / Fiber optic利用で料金・品質不満の可能性,長期契約特典: 1年契約への移行割引やポイント付与を提案する / オンボーディング強化: 初期活用サポートや利用定着メールを送る / セキュリティ提案: OnlineSecurityの価値を説明し利用を促す
8357-IYC,Male,0,Yes,No,14,Yes,No phone service,Fiber optic,No,Yes,No,No,Yes,Yes,Month-to-month,No,Mailed check,71.88,1027.21,1,0.8243274502910268,High,月額契約で解約しやすい / TechSupport未加入 / OnlineSecurity未加入 / Fiber optic利用で料金・品質不満の可能性,長期契約特典: 1年契約への移行割引やポイント付与を提案する / サポート加入キャンペーン: 初月無料のTechSupportを提案する / セキュリティ提案: OnlineSecurityの価値を説明し利用を促す
2516-DWN,Male,1,No,No,23,Yes,No,Fiber optic,No,No,Yes,Yes,Yes,No,Month-to-month,Yes,Electronic check,56.4,1351.58,1,0.8240103865389102,High,月額契約で解約しやすい / OnlineSecurity未加入 / Electronic check利用 / Fiber optic利用で料金・品質不満の可能性,長期契約特典: 1年契約への移行割引やポイント付与を提案する / セキュリティ提案: OnlineSecurityの価値を説明し利用を促す / 支払い方法変更: 自動支払いへの変更特典を提案する
7932-XTH,Female,0,Yes,Yes,0,Yes,Yes,DSL,No,Yes,No,No,No,Yes,Month-to-month,Yes,Mailed check,75.24,0.0,1,0.8236411093297088,High,月額契約で解約しやすい / 月額料金が高い / 利用期間が短い / TechSupport未加入 / OnlineSecurity未加入,長期契約特典: 1年契約への移行割引やポイント付与を提案する / 料金プラン見直し: 利用状況に合う低負担プランを提案する / オンボーディング強化: 初期活用サポートや利用定着メールを送る
4450-XTT,Male,0,No,No,2,Yes,Yes,Fiber optic,No,Yes,Yes,Yes,No,No,Month-to-month,No,Mailed check,70.32,142.96,0,0.8233532335799915,High,月額契約で解約しやすい / 利用期間が短い / OnlineSecurity未加入 / Fiber optic利用で料金・品質不満の可能性,長期契約特典: 1年契約への移行割引やポイント付与を提案する / オンボーディング強化: 初期活用サポートや利用定着メールを送る / セキュリティ提案: OnlineSecurityの価値を説明し利用を促す
2755-FMQ,Female,0,No,No,10,Yes,Yes,Fiber optic,No,No,No,No,Yes,No,Month-to-month,No,Credit card (automatic),66.4,659.22,1,0.8232946297282699,High,月額契約で解約しやすい / 利用期間が短い / TechSupport未加入 / OnlineSecurity未加入 / Fiber optic利用で料金・品質不満の可能性,長期契約特典: 1年契約への移行割引やポイント付与を提案する / オンボーディング強化: 初期活用サポートや利用定着メールを送る / サポート加入キャンペーン: 初月無料のTechSupportを提案する
5629-CTZ,Male,0,No,No,34,Yes,No,Fiber optic,No,No,No,No,Yes,Yes,Month-to-month,Yes,Electronic check,80.89,2720.84,1,0.8232677893460633,High,月額契約で解約しやすい / 月額料金が高い / TechSupport未加入 / OnlineSecurity未加入 / Electronic check利用,長期契約特典: 1年契約への移行割引やポイント付与を提案する / 料金プラン見直し: 利用状況に合う低負担プランを提案する / サポート加入キャンペーン: 初月無料のTechSupportを提案する
4038-BIM,Female,0,No,Yes,9,Yes,Yes,DSL,No,No,Yes,No,Yes,Yes,Month-to-month,Yes,Electronic check,67.25,585.58,0,0.8232464958850522,High,月額契約で解約しやすい / 利用期間が短い / TechSupport未加入 / OnlineSecurity未加入 / Electronic check利用,長期契約特典: 1年契約への移行割引やポイント付与を提案する / オンボーディング強化: 初期活用サポートや利用定着メールを送る / サポート加入キャンペーン: 初月無料のTechSupportを提案する
8872-LDP,Female,0,Yes,No,21,Yes,No,Fiber optic,No,No,Yes,No,Yes,No,Month-to-month,No,Electronic check,78.29,1643.34,1,0.8232429864773266,High,月額契約で解約しやすい / 月額料金が高い / TechSupport未加入 / OnlineSecurity未加入 / Electronic check利用,長期契約特典: 1年契約への移行割引やポイント付与を提案する / 料金プラン見直し: 利用状況に合う低負担プランを提案する / サポート加入キャンペーン: 初月無料のTechSupportを提案する
8514-WVL,Male,0,Yes,No,6,Yes,Yes,Fiber optic,No,Yes,No,Yes,No,No,Month-to-month,No,Bank transfer (automatic),76.47,507.63,1,0.8225357713037105,High,月額契約で解約しやすい / 月額料金が高い / 利用期間が短い / OnlineSecurity未加入 / Fiber optic利用で料金・品質不満の可能性,長期契約特典: 1年契約への移行割引やポイント付与を提案する / 料金プラン見直し: 利用状況に合う低負担プランを提案する / オンボーディング強化: 初期活用サポートや利用定着メールを送る
9010-DWM,Male,0,No,No,19,Yes,No,Fiber optic,Yes,Yes,No,No,No,Yes,Month-to-month,Yes,Credit card (automatic),78.68,1413.62,1,0.822468899462027,High,月額契約で解約しやすい / 月額料金が高い / TechSupport未加入 / Fiber optic利用で料金・品質不満の可能性,長期契約特典: 1年契約への移行割引やポイント付与を提案する / 料金プラン見直し: 利用状況に合う低負担プランを提案する / サポート加入キャンペーン: 初月無料のTechSupportを提案する
2175-DAK,Male,1,No,No,19,No,No,DSL,No,No,No,No,No,Yes,Month-to-month,Yes,Electronic check,58.71,1121.33,1,0.8221736322974266,High,月額契約で解約しやすい / TechSupport未加入 / OnlineSecurity未加入 / Electronic check利用,長期契約特典: 1年契約への移行割引やポイント付与を提案する / サポート加入キャンペーン: 初月無料のTechSupportを提案する / セキュリティ提案: OnlineSecurityの価値を説明し利用を促す
4488-RNT,Male,0,No,No,21,Yes,No,Fiber optic,No,Yes,No,No,No,Yes,Month-to-month,No,Electronic check,57.6,1213.57,1,0.8219501317578851,High,月額契約で解約しやすい / TechSupport未加入 / OnlineSecurity未加入 / Electronic check利用 / Fiber optic利用で料金・品質不満の可能性,長期契約特典: 1年契約への移行割引やポイント付与を提案する / サポート加入キャンペーン: 初月無料のTechSupportを提案する / セキュリティ提案: OnlineSecurityの価値を説明し利用を促す
7752-AMS,Female,0,No,No,22,Yes,Yes,Fiber optic,No,No,Yes,Yes,No,Yes,Month-to-month,No,Electronic check,80.77,1760.51,1,0.8217877438179828,High,月額契約で解約しやすい / 月額料金が高い / OnlineSecurity未加入 / Electronic check利用 / Fiber optic利用で料金・品質不満の可能性,長期契約特典: 1年契約への移行割引やポイント付与を提案する / 料金プラン見直し: 利用状況に合う低負担プランを提案する / セキュリティ提案: OnlineSecurityの価値を説明し利用を促す
8402-PWM,Male,0,Yes,No,22,Yes,Yes,Fiber optic,No,No,Yes,Yes,No,Yes,Month-to-month,Yes,Electronic check,65.58,1418.97,1,0.8216211846008089,High,月額契約で解約しやすい / OnlineSecurity未加入 / Electronic check利用 / Fiber optic利用で料金・品質不満の可能性,長期契約特典: 1年契約への移行割引やポイント付与を提案する / セキュリティ提案: OnlineSecurityの価値を説明し利用を促す / 支払い方法変更: 自動支払いへの変更特典を提案する
6093-HAM,Female,0,No,No,15,Yes,Yes,Fiber optic,No,Yes,No,No,No,No,Month-to-month,No,Electronic check,51.71,779.66,0,0.8213876020314733,High,月額契約で解約しやすい / TechSupport未加入 / OnlineSecurity未加入 / Electronic check利用 / Fiber optic利用で料金・品質不満の可能性,長期契約特典: 1年契約への移行割引やポイント付与を提案する / サポート加入キャンペーン: 初月無料のTechSupportを提案する / セキュリティ提案: OnlineSecurityの価値を説明し利用を促す
5507-EFQ,Female,1,Yes,No,4,Yes,No,Fiber optic,No,No,No,No,No,No,One year,Yes,Bank transfer (automatic),75.07,364.97,1,0.8211585669663369,High,月額料金が高い / 利用期間が短い / TechSupport未加入 / OnlineSecurity未加入 / Fiber optic利用で料金・品質不満の可能性,料金プラン見直し: 利用状況に合う低負担プランを提案する / オンボーディング強化: 初期活用サポートや利用定着メールを送る / サポート加入キャンペーン: 初月無料のTechSupportを提案する
5956-SKW,Female,0,No,No,18,Yes,No,Fiber optic,No,No,No,No,No,No,Month-to-month,Yes,Credit card (automatic),61.58,1081.83,1,0.8211050499892645,High,月額契約で解約しやすい / TechSupport未加入 / OnlineSecurity未加入 / Fiber optic利用で料金・品質不満の可能性,長期契約特典: 1年契約への移行割引やポイント付与を提案する / サポート加入キャンペーン: 初月無料のTechSupportを提案する / セキュリティ提案: OnlineSecurityの価値を説明し利用を促す
1888-VHS,Male,0,No,Yes,21,Yes,No,Fiber optic,No,Yes,Yes,Yes,Yes,Yes,Month-to-month,Yes,Electronic check,66.2,1434.7,1,0.820992407165125,High,月額契約で解約しやすい / OnlineSecurity未加入 / Electronic check利用 / Fiber optic利用で料金・品質不満の可能性,長期契約特典: 1年契約への移行割引やポイント付与を提案する / セキュリティ提案: OnlineSecurityの価値を説明し利用を促す / 支払い方法変更: 自動支払いへの変更特典を提案する
5799-JMW,Male,1,Yes,No,35,Yes,Yes,Fiber optic,Yes,No,Yes,No,No,Yes,Month-to-month,Yes,Electronic check,84.67,3008.92,1,0.8207521007902842,High,月額契約で解約しやすい / 月額料金が高い / TechSupport未加入 / Electronic check利用 / Fiber optic利用で料金・品質不満の可能性,長期契約特典: 1年契約への移行割引やポイント付与を提案する / 料金プラン見直し: 利用状況に合う低負担プランを提案する / サポート加入キャンペーン: 初月無料のTechSupportを提案する
8950-PSZ,Female,0,No,No,0,Yes,Yes,Fiber optic,No,No,Yes,Yes,No,Yes,One year,Yes,Electronic check,67.66,0.0,1,0.8206676960129957,High,利用期間が短い / OnlineSecurity未加入 / Electronic check利用 / Fiber optic利用で料金・品質不満の可能性,オンボーディング強化: 初期活用サポートや利用定着メールを送る / セキュリティ提案: OnlineSecurityの価値を説明し利用を促す / 支払い方法変更: 自動支払いへの変更特典を提案する
1971-DZY,Male,0,Yes,Yes,12,Yes,No,Fiber optic,Yes,Yes,Yes,Yes,Yes,Yes,Month-to-month,Yes,Bank transfer (automatic),94.54,1092.64,1,0.8202522371705016,High,月額契約で解約しやすい / 月額料金が高い / 利用期間が短い / Fiber optic利用で料金・品質不満の可能性,長期契約特典: 1年契約への移行割引やポイント付与を提案する / 料金プラン見直し: 利用状況に合う低負担プランを提案する / オンボーディング強化: 初期活用サポートや利用定着メールを送る
8393-DUS,Male,0,Yes,Yes,19,Yes,No,Fiber optic,No,No,Yes,No,No,No,Month-to-month,Yes,Bank transfer (automatic),76.95,1459.62,1,0.8200216558320527,High,月額契約で解約しやすい / 月額料金が高い / TechSupport未加入 / OnlineSecurity未加入 / Fiber optic利用で料金・品質不満の可能性,長期契約特典: 1年契約への移行割引やポイント付与を提案する / 料金プラン見直し: 利用状況に合う低負担プランを提案する / サポート加入キャンペーン: 初月無料のTechSupportを提案する
2951-PVP,Female,0,Yes,No,1,Yes,No,Fiber optic,No,No,No,Yes,No,Yes,Month-to-month,No,Credit card (automatic),50.77,0.0,1,0.8199140571989922,High,月額契約で解約しやすい / 利用期間が短い / OnlineSecurity未加入 / Fiber optic利用で料金・品質不満の可能性,長期契約特典: 1年契約への移行割引やポイント付与を提案する / オンボーディング強化: 初期活用サポートや利用定着メールを送る / セキュリティ提案: OnlineSecurityの価値を説明し利用を促す
5786-ZCJ,Male,0,Yes,No,6,Yes,Yes,Fiber optic,Yes,No,No,No,Yes,No,Month-to-month,Yes,Mailed check,76.58,432.0,1,0.819636465868188,High,月額契約で解約しやすい / 月額料金が高い / 利用期間が短い / TechSupport未加入 / Fiber optic利用で料金・品質不満の可能性,長期契約特典: 1年契約への移行割引やポイント付与を提案する / 料金プラン見直し: 利用状況に合う低負担プランを提案する / オンボーディング強化: 初期活用サポートや利用定着メールを送る
5032-WBD,Female,0,Yes,Yes,15,No,No,Fiber optic,No,Yes,No,No,Yes,Yes,Month-to-month,No,Bank transfer (automatic),75.49,1126.18,0,0.8190937589230306,High,月額契約で解約しやすい / 月額料金が高い / TechSupport未加入 / OnlineSecurity未加入 / Fiber optic利用で料金・品質不満の可能性,長期契約特典: 1年契約への移行割引やポイント付与を提案する / 料金プラン見直し: 利用状況に合う低負担プランを提案する / サポート加入キャンペーン: 初月無料のTechSupportを提案する
2879-AZJ,Female,0,No,No,21,Yes,No,Fiber optic,No,No,No,No,Yes,Yes,Month-to-month,Yes,Mailed check,76.17,1632.62,1,0.8190755910635504,High,月額契約で解約しやすい / 月額料金が高い / TechSupport未加入 / OnlineSecurity未加入 / Fiber optic利用で料金・品質不満の可能性,長期契約特典: 1年契約への移行割引やポイント付与を提案する / 料金プラン見直し: 利用状況に合う低負担プランを提案する / サポート加入キャンペーン: 初月無料のTechSupportを提案する
2536-UXX,Male,0,Yes,Yes,13,Yes,No,Fiber optic,Yes,No,Yes,Yes,Yes,No,Month-to-month,Yes,Electronic check,84.89,1042.52,1,0.8190091972270322,High,月額契約で解約しやすい / 月額料金が高い / Electronic check利用 / Fiber optic利用で料金・品質不満の可能性,長期契約特典: 1年契約への移行割引やポイント付与を提案する / 料金プラン見直し: 利用状況に合う低負担プランを提案する / 支払い方法変更: 自動支払いへの変更特典を提案する
5873-KST,Female,0,No,Yes,4,Yes,Yes,Fiber optic,Yes,No,No,Yes,No,No,Month-to-month,No,Electronic check,72.81,292.11,1,0.8189735307719198,High,月額契約で解約しやすい / 利用期間が短い / Electronic check利用 / Fiber optic利用で料金・品質不満の可能性,長期契約特典: 1年契約への移行割引やポイント付与を提案する / オンボーディング強化: 初期活用サポートや利用定着メールを送る / 支払い方法変更: 自動支払いへの変更特典を提案する
8746-WKU,Female,0,No,No,26,No,No,Fiber optic,No,Yes,No,Yes,Yes,Yes,Month-to-month,Yes,Electronic check,70.7,1861.59,0,0.8189580401343183,High,月額契約で解約しやすい / OnlineSecurity未加入 / Electronic check利用 / Fiber optic利用で料金・品質不満の可能性,長期契約特典: 1年契約への移行割引やポイント付与を提案する / セキュリティ提案: OnlineSecurityの価値を説明し利用を促す / 支払い方法変更: 自動支払いへの変更特典を提案する
2152-FUU,Female,1,No,No,41,Yes,Yes,Fiber optic,No,Yes,Yes,No,Yes,Yes,Month-to-month,No,Electronic check,92.83,3807.75,1,0.8188436594209436,High,月額契約で解約しやすい / 月額料金が高い / TechSupport未加入 / OnlineSecurity未加入 / Electronic check利用,長期契約特典: 1年契約への移行割引やポイント付与を提案する / 料金プラン見直し: 利用状況に合う低負担プランを提案する / サポート加入キャンペーン: 初月無料のTechSupportを提案する
3455-YYC,Female,0,No,No,29,No,No,Fiber optic,No,No,No,No,No,Yes,Month-to-month,Yes,Credit card (automatic),77.61,2251.04,1,0.8187790171280006,High,月額契約で解約しやすい / 月額料金が高い / TechSupport未加入 / OnlineSecurity未加入 / Fiber optic利用で料金・品質不満の可能性,長期契約特典: 1年契約への移行割引やポイント付与を提案する / 料金プラン見直し: 利用状況に合う低負担プランを提案する / サポート加入キャンペーン: 初月無料のTechSupportを提案する
6163-ELK,Female,0,Yes,No,18,Yes,Yes,Fiber optic,Yes,Yes,Yes,No,No,Yes,Month-to-month,Yes,Credit card (automatic),77.96,1469.74,0,0.8185614358138606,High,月額契約で解約しやすい / 月額料金が高い / TechSupport未加入 / Fiber optic利用で料金・品質不満の可能性,長期契約特典: 1年契約への移行割引やポイント付与を提案する / 料金プラン見直し: 利用状況に合う低負担プランを提案する / サポート加入キャンペーン: 初月無料のTechSupportを提案する
3729-QBA,Female,0,No,No,29,No,Yes,Fiber optic,No,No,No,Yes,Yes,Yes,Month-to-month,Yes,Electronic check,81.27,2358.7,0,0.8182620791097691,High,月額契約で解約しやすい / 月額料金が高い / OnlineSecurity未加入 / Electronic check利用 / Fiber optic利用で料金・品質不満の可能性,長期契約特典: 1年契約への移行割引やポイント付与を提案する / 料金プラン見直し: 利用状況に合う低負担プランを提案する / セキュリティ提案: OnlineSecurityの価値を説明し利用を促す
6675-RKY,Female,0,No,No,22,Yes,Yes,Fiber optic,No,No,Yes,No,Yes,No,Month-to-month,Yes,Credit card (automatic),75.02,1659.01,1,0.8182290363594096,High,月額契約で解約しやすい / 月額料金が高い / TechSupport未加入 / OnlineSecurity未加入 / Fiber optic利用で料金・品質不満の可能性,長期契約特典: 1年契約への移行割引やポイント付与を提案する / 料金プラン見直し: 利用状況に合う低負担プランを提案する / サポート加入キャンペーン: 初月無料のTechSupportを提案する
1371-HFH,Female,0,Yes,No,24,No,No,Fiber optic,No,No,No,Yes,Yes,Yes,Month-to-month,Yes,Credit card (automatic),93.01,2276.17,1,0.8182214003381012,High,月額契約で解約しやすい / 月額料金が高い / OnlineSecurity未加入 / Fiber optic利用で料金・品質不満の可能性,長期契約特典: 1年契約への移行割引やポイント付与を提案する / 料金プラン見直し: 利用状況に合う低負担プランを提案する / セキュリティ提案: OnlineSecurityの価値を説明し利用を促す
7153-NRK,Female,0,No,Yes,3,Yes,No phone service,Fiber optic,Yes,No,No,No,No,Yes,One year,No,Electronic check,92.65,271.73,1,0.8178543154582754,High,月額料金が高い / 利用期間が短い / TechSupport未加入 / Electronic check利用 / Fiber optic利用で料金・品質不満の可能性,料金プラン見直し: 利用状況に合う低負担プランを提案する / オンボーディング強化: 初期活用サポートや利用定着メールを送る / サポート加入キャンペーン: 初月無料のTechSupportを提案する
2645-AAR,Male,0,No,Yes,20,Yes,No,Fiber optic,No,No,Yes,No,Yes,Yes,Month-to-month,No,Credit card (automatic),84.78,1690.02,1,0.817828607089435,High,月額契約で解約しやすい / 月額料金が高い / TechSupport未加入 / OnlineSecurity未加入 / Fiber optic利用で料金・品質不満の可能性,長期契約特典: 1年契約への移行割引やポイント付与を提案する / 料金プラン見直し: 利用状況に合う低負担プランを提案する / サポート加入キャンペーン: 初月無料のTechSupportを提案する
2012-SRG,Female,0,No,No,30,Yes,Yes,Fiber optic,No,Yes,Yes,No,Yes,No,Month-to-month,Yes,Electronic check,73.35,2179.61,1,0.8175730512098712,High,月額契約で解約しやすい / TechSupport未加入 / OnlineSecurity未加入 / Electronic check利用 / Fiber optic利用で料金・品質不満の可能性,長期契約特典: 1年契約への移行割引やポイント付与を提案する / サポート加入キャンペーン: 初月無料のTechSupportを提案する / セキュリティ提案: OnlineSecurityの価値を説明し利用を促す
7145-XYT,Female,1,No,Yes,18,Yes,Yes,Fiber optic,No,No,No,No,Yes,No,Month-to-month,Yes,Mailed check,60.01,1118.14,1,0.8174914000475567,High,月額契約で解約しやすい / TechSupport未加入 / OnlineSecurity未加入 / Fiber optic利用で料金・品質不満の可能性,長期契約特典: 1年契約への移行割引やポイント付与を提案する / サポート加入キャンペーン: 初月無料のTechSupportを提案する / セキュリティ提案: OnlineSecurityの価値を説明し利用を促す
5141-MDF,Male,0,No,No,10,Yes,No,Fiber optic,Yes,No,Yes,Yes,Yes,No,Month-to-month,No,Electronic check,85.63,818.22,1,0.8173046237436322,High,月額契約で解約しやすい / 月額料金が高い / 利用期間が短い / Electronic check利用 / Fiber optic利用で料金・品質不満の可能性,長期契約特典: 1年契約への移行割引やポイント付与を提案する / 料金プラン見直し: 利用状況に合う低負担プランを提案する / オンボーディング強化: 初期活用サポートや利用定着メールを送る
6993-YNA,Female,0,Yes,No,20,Yes,No,Fiber optic,Yes,No,No,No,No,No,Month-to-month,Yes,Electronic check,74.51,1537.47,1,0.8170338857574128,High,月額契約で解約しやすい / TechSupport未加入 / Electronic check利用 / Fiber optic利用で料金・品質不満の可能性,長期契約特典: 1年契約への移行割引やポイント付与を提案する / サポート加入キャンペーン: 初月無料のTechSupportを提案する / 支払い方法変更: 自動支払いへの変更特典を提案する
3181-QWU,Male,1,No,No,13,No,No,DSL,No,No,Yes,No,No,Yes,Month-to-month,Yes,Electronic check,39.4,476.97,1,0.8165986892039813,High,月額契約で解約しやすい / TechSupport未加入 / OnlineSecurity未加入 / Electronic check利用,長期契約特典: 1年契約への移行割引やポイント付与を提案する / サポート加入キャンペーン: 初月無料のTechSupportを提案する / セキュリティ提案: OnlineSecurityの価値を説明し利用を促す
6612-KXN,Female,1,Yes,No,1,Yes,No,Fiber optic,Yes,Yes,No,No,No,Yes,One year,Yes,Mailed check,85.2,0.0,0,0.8164066325264608,High,月額料金が高い / 利用期間が短い / TechSupport未加入 / Fiber optic利用で料金・品質不満の可能性,料金プラン見直し: 利用状況に合う低負担プランを提案する / オンボーディング強化: 初期活用サポートや利用定着メールを送る / サポート加入キャンペーン: 初月無料のTechSupportを提案する
7742-XBS,Male,0,No,No,20,Yes,No,Fiber optic,No,Yes,No,No,Yes,No,Month-to-month,No,Credit card (automatic),87.57,1773.5,0,0.8157715469832599,High,月額契約で解約しやすい / 月額料金が高い / TechSupport未加入 / OnlineSecurity未加入 / Fiber optic利用で料金・品質不満の可能性,長期契約特典: 1年契約への移行割引やポイント付与を提案する / 料金プラン見直し: 利用状況に合う低負担プランを提案する / サポート加入キャンペーン: 初月無料のTechSupportを提案する
2735-RCC,Male,0,Yes,No,7,No,No,DSL,No,Yes,Yes,No,No,No,Month-to-month,Yes,Electronic check,58.87,416.98,1,0.8157071182156587,High,月額契約で解約しやすい / 利用期間が短い / TechSupport未加入 / OnlineSecurity未加入 / Electronic check利用,長期契約特典: 1年契約への移行割引やポイント付与を提案する / オンボーディング強化: 初期活用サポートや利用定着メールを送る / サポート加入キャンペーン: 初月無料のTechSupportを提案する
9059-AVH,Female,0,No,Yes,13,Yes,No,Fiber optic,No,No,No,Yes,Yes,Yes,Month-to-month,No,Bank transfer (automatic),87.44,1151.47,1,0.8154318153588506,High,月額契約で解約しやすい / 月額料金が高い / OnlineSecurity未加入 / Fiber optic利用で料金・品質不満の可能性,長期契約特典: 1年契約への移行割引やポイント付与を提案する / 料金プラン見直し: 利用状況に合う低負担プランを提案する / セキュリティ提案: OnlineSecurityの価値を説明し利用を促す
3637-SKW,Female,0,Yes,No,18,Yes,Yes,Fiber optic,No,No,Yes,No,Yes,Yes,Month-to-month,Yes,Bank transfer (automatic),60.59,1130.49,0,0.8153764204426802,High,月額契約で解約しやすい / TechSupport未加入 / OnlineSecurity未加入 / Fiber optic利用で料金・品質不満の可能性,長期契約特典: 1年契約への移行割引やポイント付与を提案する / サポート加入キャンペーン: 初月無料のTechSupportを提案する / セキュリティ提案: OnlineSecurityの価値を説明し利用を促す
4389-MSI,Male,0,Yes,Yes,11,Yes,No phone service,Fiber optic,No,No,Yes,No,Yes,Yes,Month-to-month,No,Mailed check,65.21,668.18,0,0.8151558811330931,High,月額契約で解約しやすい / 利用期間が短い / TechSupport未加入 / OnlineSecurity未加入 / Fiber optic利用で料金・品質不満の可能性,長期契約特典: 1年契約への移行割引やポイント付与を提案する / オンボーディング強化: 初期活用サポートや利用定着メールを送る / サポート加入キャンペーン: 初月無料のTechSupportを提案する
8784-UCQ,Female,0,Yes,Yes,11,Yes,No,Fiber optic,No,No,Yes,No,No,No,Month-to-month,No,Mailed check,80.62,834.97,1,0.8149487526265792,High,月額契約で解約しやすい / 月額料金が高い / 利用期間が短い / TechSupport未加入 / OnlineSecurity未加入,長期契約特典: 1年契約への移行割引やポイント付与を提案する / 料金プラン見直し: 利用状況に合う低負担プランを提案する / オンボーディング強化: 初期活用サポートや利用定着メールを送る
7612-MQQ,Female,0,No,Yes,0,Yes,No,Fiber optic,Yes,Yes,Yes,Yes,No,No,Month-to-month,Yes,Bank transfer (automatic),62.03,0.0,1,0.8149083567784823,High,月額契約で解約しやすい / 利用期間が短い / Fiber optic利用で料金・品質不満の可能性,長期契約特典: 1年契約への移行割引やポイント付与を提案する / オンボーディング強化: 初期活用サポートや利用定着メールを送る / 満足度確認: 通信品質・料金への不満をヒアリングする
9993-IUM,Female,1,Yes,Yes,39,Yes,No,Fiber optic,No,No,Yes,No,No,Yes,Month-to-month,Yes,Electronic check,69.46,2726.35,1,0.8147992876396198,High,月額契約で解約しやすい / TechSupport未加入 / OnlineSecurity未加入 / Electronic check利用 / Fiber optic利用で料金・品質不満の可能性,長期契約特典: 1年契約への移行割引やポイント付与を提案する / サポート加入キャンペーン: 初月無料のTechSupportを提案する / セキュリティ提案: OnlineSecurityの価値を説明し利用を促す
5740-NPC,Male,0,Yes,No,0,Yes,Yes,Fiber optic,Yes,No,Yes,No,Yes,Yes,Month-to-month,No,Mailed check,67.42,0.0,1,0.8146861616221046,High,月額契約で解約しやすい / 利用期間が短い / TechSupport未加入 / Fiber optic利用で料金・品質不満の可能性,長期契約特典: 1年契約への移行割引やポイント付与を提案する / オンボーディング強化: 初期活用サポートや利用定着メールを送る / サポート加入キャンペーン: 初月無料のTechSupportを提案する
5119-ROP,Female,0,Yes,No,18,Yes,Yes,Fiber optic,No,No,No,No,Yes,Yes,Month-to-month,No,Mailed check,90.5,1690.67,1,0.8146615227296468,High,月額契約で解約しやすい / 月額料金が高い / TechSupport未加入 / OnlineSecurity未加入 / Fiber optic利用で料金・品質不満の可能性,長期契約特典: 1年契約への移行割引やポイント付与を提案する / 料金プラン見直し: 利用状況に合う低負担プランを提案する / サポート加入キャンペーン: 初月無料のTechSupportを提案する
2114-NAM,Male,0,Yes,No,22,Yes,Yes,Fiber optic,No,Yes,Yes,No,No,Yes,Month-to-month,Yes,Bank transfer (automatic),64.43,1403.55,1,0.8144086228284886,High,月額契約で解約しやすい / TechSupport未加入 / OnlineSecurity未加入 / Fiber optic利用で料金・品質不満の可能性,長期契約特典: 1年契約への移行割引やポイント付与を提案する / サポート加入キャンペーン: 初月無料のTechSupportを提案する / セキュリティ提案: OnlineSecurityの価値を説明し利用を促す
1941-IAI,Female,0,No,No,24,Yes,No phone service,Fiber optic,Yes,Yes,Yes,No,No,Yes,Month-to-month,Yes,Bank transfer (automatic),78.94,1876.82,1,0.814157230713952,High,月額契約で解約しやすい / 月額料金が高い / TechSupport未加入 / Fiber optic利用で料金・品質不満の可能性,長期契約特典: 1年契約への移行割引やポイント付与を提案する / 料金プラン見直し: 利用状況に合う低負担プランを提案する / サポート加入キャンペーン: 初月無料のTechSupportを提案する
3387-UDU,Male,0,No,No,7,Yes,Yes,Fiber optic,No,No,No,Yes,Yes,No,Month-to-month,Yes,Credit card (automatic),54.71,408.34,0,0.8141524014304371,High,月額契約で解約しやすい / 利用期間が短い / OnlineSecurity未加入 / Fiber optic利用で料金・品質不満の可能性,長期契約特典: 1年契約への移行割引やポイント付与を提案する / オンボーディング強化: 初期活用サポートや利用定着メールを送る / セキュリティ提案: OnlineSecurityの価値を説明し利用を促す
8888-NDQ,Female,0,No,Yes,31,No,Yes,Fiber optic,No,No,Yes,No,Yes,No,Month-to-month,No,Electronic check,101.27,3166.9,0,0.814067332169815,High,月額契約で解約しやすい / 月額料金が高い / TechSupport未加入 / OnlineSecurity未加入 / Electronic check利用,長期契約特典: 1年契約への移行割引やポイント付与を提案する / 料金プラン見直し: 利用状況に合う低負担プランを提案する / サポート加入キャンペーン: 初月無料のTechSupportを提案する
1526-YBJ,Female,0,No,No,13,Yes,Yes,DSL,No,Yes,Yes,No,Yes,Yes,Month-to-month,No,Electronic check,84.6,1073.45,1,0.8137987848839437,High,月額契約で解約しやすい / 月額料金が高い / TechSupport未加入 / OnlineSecurity未加入 / Electronic check利用,長期契約特典: 1年契約への移行割引やポイント付与を提案する / 料金プラン見直し: 利用状況に合う低負担プランを提案する / サポート加入キャンペーン: 初月無料のTechSupportを提案する
7436-NOQ,Male,1,No,No,8,Yes,No,DSL,No,No,Yes,No,No,No,Month-to-month,No,Electronic check,57.03,425.06,1,0.8137973361065912,High,月額契約で解約しやすい / 利用期間が短い / TechSupport未加入 / OnlineSecurity未加入 / Electronic check利用,長期契約特典: 1年契約への移行割引やポイント付与を提案する / オンボーディング強化: 初期活用サポートや利用定着メールを送る / サポート加入キャンペーン: 初月無料のTechSupportを提案する
3471-COE,Female,0,No,Yes,0,Yes,Yes,Fiber optic,No,No,Yes,No,No,No,One year,Yes,Credit card (automatic),79.59,0.0,0,0.8137396029189197,High,月額料金が高い / 利用期間が短い / TechSupport未加入 / OnlineSecurity未加入 / Fiber optic利用で料金・品質不満の可能性,料金プラン見直し: 利用状況に合う低負担プランを提案する / オンボーディング強化: 初期活用サポートや利用定着メールを送る / サポート加入キャンペーン: 初月無料のTechSupportを提案する
7458-GIL,Male,0,Yes,No,1,Yes,Yes,Fiber optic,Yes,No,Yes,Yes,Yes,No,Month-to-month,Yes,Mailed check,78.55,125.05,1,0.8136492018927005,High,月額契約で解約しやすい / 月額料金が高い / 利用期間が短い / Fiber optic利用で料金・品質不満の可能性,長期契約特典: 1年契約への移行割引やポイント付与を提案する / 料金プラン見直し: 利用状況に合う低負担プランを提案する / オンボーディング強化: 初期活用サポートや利用定着メールを送る
7210-RTZ,Male,0,No,No,10,Yes,Yes,DSL,No,No,Yes,No,No,Yes,Month-to-month,No,Electronic check,74.62,703.85,1,0.8135644784171894,High,月額契約で解約しやすい / 利用期間が短い / TechSupport未加入 / OnlineSecurity未加入 / Electronic check利用,長期契約特典: 1年契約への移行割引やポイント付与を提案する / オンボーディング強化: 初期活用サポートや利用定着メールを送る / サポート加入キャンペーン: 初月無料のTechSupportを提案する
9604-KYY,Male,0,Yes,No,16,Yes,Yes,Fiber optic,No,No,Yes,No,No,No,Month-to-month,Yes,Bank transfer (automatic),60.4,965.94,0,0.8135077453482495,High,月額契約で解約しやすい / TechSupport未加入 / OnlineSecurity未加入 / Fiber optic利用で料金・品質不満の可能性,長期契約特典: 1年契約への移行割引やポイント付与を提案する / サポート加入キャンペーン: 初月無料のTechSupportを提案する / セキュリティ提案: OnlineSecurityの価値を説明し利用を促す
3052-RIH,Female,0,Yes,Yes,22,Yes,Yes,Fiber optic,No,Yes,No,Yes,No,Yes,Month-to-month,No,Bank transfer (automatic),109.65,2363.3,0,0.8130461846225224,High,月額契約で解約しやすい / 月額料金が高い / OnlineSecurity未加入 / Fiber optic利用で料金・品質不満の可能性,長期契約特典: 1年契約への移行割引やポイント付与を提案する / 料金プラン見直し: 利用状況に合う低負担プランを提案する / セキュリティ提案: OnlineSecurityの価値を説明し利用を促す
4276-RIU,Female,0,Yes,No,10,Yes,No,Fiber optic,Yes,Yes,Yes,No,No,No,Month-to-month,Yes,Mailed check,75.37,749.67,1,0.812559615991502,High,月額契約で解約しやすい / 月額料金が高い / 利用期間が短い / TechSupport未加入 / Fiber optic利用で料金・品質不満の可能性,長期契約特典: 1年契約への移行割引やポイント付与を提案する / 料金プラン見直し: 利用状況に合う低負担プランを提案する / オンボーディング強化: 初期活用サポートや利用定着メールを送る
7485-TJZ,Male,0,No,No,13,Yes,No,Fiber optic,Yes,Yes,Yes,No,Yes,No,Month-to-month,No,Electronic check,70.42,895.59,1,0.8123733271013632,High,月額契約で解約しやすい / TechSupport未加入 / Electronic check利用 / Fiber optic利用で料金・品質不満の可能性,長期契約特典: 1年契約への移行割引やポイント付与を提案する / サポート加入キャンペーン: 初月無料のTechSupportを提案する / 支払い方法変更: 自動支払いへの変更特典を提案する
5081-QUB,Male,0,Yes,No,29,Yes,No,Fiber optic,No,Yes,No,No,Yes,No,Month-to-month,Yes,Bank transfer (automatic),99.3,2897.8,0,0.8117020072134622,High,月額契約で解約しやすい / 月額料金が高い / TechSupport未加入 / OnlineSecurity未加入 / Fiber optic利用で料金・品質不満の可能性,長期契約特典: 1年契約への移行割引やポイント付与を提案する / 料金プラン見直し: 利用状況に合う低負担プランを提案する / サポート加入キャンペーン: 初月無料のTechSupportを提案する
4856-MHT,Female,1,Yes,No,22,Yes,Yes,Fiber optic,Yes,Yes,No,Yes,Yes,Yes,Month-to-month,Yes,Bank transfer (automatic),90.41,2008.3,1,0.8116987767098656,High,月額契約で解約しやすい / 月額料金が高い / Fiber optic利用で料金・品質不満の可能性,長期契約特典: 1年契約への移行割引やポイント付与を提案する / 料金プラン見直し: 利用状況に合う低負担プランを提案する / 満足度確認: 通信品質・料金への不満をヒアリングする
9100-FGD,Male,0,Yes,Yes,4,Yes,No,Fiber optic,Yes,Yes,Yes,Yes,No,No,Month-to-month,Yes,Credit card (automatic),71.81,327.08,1,0.8114416730214282,High,月額契約で解約しやすい / 利用期間が短い / Fiber optic利用で料金・品質不満の可能性,長期契約特典: 1年契約への移行割引やポイント付与を提案する / オンボーディング強化: 初期活用サポートや利用定着メールを送る / 満足度確認: 通信品質・料金への不満をヒアリングする
1419-JFN,Female,0,Yes,No,18,Yes,Yes,Fiber optic,Yes,No,No,Yes,No,Yes,Month-to-month,Yes,Electronic check,75.92,1456.14,1,0.8112562721982028,High,月額契約で解約しやすい / 月額料金が高い / Electronic check利用 / Fiber optic利用で料金・品質不満の可能性,長期契約特典: 1年契約への移行割引やポイント付与を提案する / 料金プラン見直し: 利用状況に合う低負担プランを提案する / 支払い方法変更: 自動支払いへの変更特典を提案する
8231-BFJ,Male,0,No,No,24,Yes,Yes,Fiber optic,Yes,Yes,No,Yes,No,Yes,Month-to-month,Yes,Electronic check,86.92,2207.97,0,0.811235560722152,High,月額契約で解約しやすい / 月額料金が高い / Electronic check利用 / Fiber optic利用で料金・品質不満の可能性,長期契約特典: 1年契約への移行割引やポイント付与を提案する / 料金プラン見直し: 利用状況に合う低負担プランを提案する / 支払い方法変更: 自動支払いへの変更特典を提案する
3765-KJU,Male,1,Yes,No,23,Yes,No,Fiber optic,No,Yes,No,No,Yes,No,Month-to-month,No,Credit card (automatic),74.36,1733.96,1,0.8112019901216801,High,月額契約で解約しやすい / TechSupport未加入 / OnlineSecurity未加入 / Fiber optic利用で料金・品質不満の可能性,長期契約特典: 1年契約への移行割引やポイント付与を提案する / サポート加入キャンペーン: 初月無料のTechSupportを提案する / セキュリティ提案: OnlineSecurityの価値を説明し利用を促す
8362-QAA,Female,0,No,Yes,34,Yes,No,Fiber optic,No,No,No,No,Yes,No,Month-to-month,Yes,Electronic check,90.63,3096.77,1,0.811178998009303,High,月額契約で解約しやすい / 月額料金が高い / TechSupport未加入 / OnlineSecurity未加入 / Electronic check利用,長期契約特典: 1年契約への移行割引やポイント付与を提案する / 料金プラン見直し: 利用状況に合う低負担プランを提案する / サポート加入キャンペーン: 初月無料のTechSupportを提案する
5778-BXE,Male,0,No,No,13,Yes,No,Fiber optic,Yes,No,No,Yes,No,No,Month-to-month,Yes,Electronic check,68.09,912.89,1,0.8110219641760539,High,月額契約で解約しやすい / Electronic check利用 / Fiber optic利用で料金・品質不満の可能性,長期契約特典: 1年契約への移行割引やポイント付与を提案する / 支払い方法変更: 自動支払いへの変更特典を提案する / 満足度確認: 通信品質・料金への不満をヒアリングする
3215-UQT,Female,0,Yes,No,11,Yes,No phone service,Fiber optic,Yes,No,No,No,No,Yes,One year,Yes,Electronic check,90.44,935.67,1,0.810953167007656,High,月額料金が高い / 利用期間が短い / TechSupport未加入 / Electronic check利用 / Fiber optic利用で料金・品質不満の可能性,料金プラン見直し: 利用状況に合う低負担プランを提案する / オンボーディング強化: 初期活用サポートや利用定着メールを送る / サポート加入キャンペーン: 初月無料のTechSupportを提案する
7599-WFR,Female,0,Yes,No,2,Yes,Yes,DSL,Yes,No,No,No,Yes,No,Month-to-month,Yes,Electronic check,76.9,171.01,0,0.8107545534617882,High,月額契約で解約しやすい / 月額料金が高い / 利用期間が短い / TechSupport未加入 / Electronic check利用,長期契約特典: 1年契約への移行割引やポイント付与を提案する / 料金プラン見直し: 利用状況に合う低負担プランを提案する / オンボーディング強化: 初期活用サポートや利用定着メールを送る
7680-YQD,Female,0,Yes,No,9,Yes,No,DSL,No,Yes,Yes,No,No,Yes,Month-to-month,Yes,Electronic check,53.15,431.89,1,0.8105760906966207,High,月額契約で解約しやすい / 利用期間が短い / TechSupport未加入 / OnlineSecurity未加入 / Electronic check利用,長期契約特典: 1年契約への移行割引やポイント付与を提案する / オンボーディング強化: 初期活用サポートや利用定着メールを送る / サポート加入キャンペーン: 初月無料のTechSupportを提案する
3571-IAR,Male,0,Yes,No,9,Yes,No,Fiber optic,Yes,Yes,Yes,No,Yes,Yes,Month-to-month,Yes,Bank transfer (automatic),58.48,607.66,1,0.8103346378726997,High,月額契約で解約しやすい / 利用期間が短い / TechSupport未加入 / Fiber optic利用で料金・品質不満の可能性,長期契約特典: 1年契約への移行割引やポイント付与を提案する / オンボーディング強化: 初期活用サポートや利用定着メールを送る / サポート加入キャンペーン: 初月無料のTechSupportを提案する
2614-SJA,Male,0,Yes,No,21,Yes,No,Fiber optic,No,No,Yes,No,Yes,No,Month-to-month,No,Bank transfer (automatic),96.27,2010.88,1,0.8100575594590694,High,月額契約で解約しやすい / 月額料金が高い / TechSupport未加入 / OnlineSecurity未加入 / Fiber optic利用で料金・品質不満の可能性,長期契約特典: 1年契約への移行割引やポイント付与を提案する / 料金プラン見直し: 利用状況に合う低負担プランを提案する / サポート加入キャンペーン: 初月無料のTechSupportを提案する
1249-ZSI,Female,0,Yes,No,17,No,No,Fiber optic,Yes,No,No,No,Yes,Yes,Month-to-month,Yes,Bank transfer (automatic),78.12,1363.9,1,0.8092672573360664,High,月額契約で解約しやすい / 月額料金が高い / TechSupport未加入 / Fiber optic利用で料金・品質不満の可能性,長期契約特典: 1年契約への移行割引やポイント付与を提案する / 料金プラン見直し: 利用状況に合う低負担プランを提案する / サポート加入キャンペーン: 初月無料のTechSupportを提案する
8864-LWR,Male,0,Yes,Yes,8,Yes,No,Fiber optic,Yes,No,No,No,Yes,Yes,Month-to-month,Yes,Bank transfer (automatic),62.95,517.13,1,0.8090411739621194,High,月額契約で解約しやすい / 利用期間が短い / TechSupport未加入 / Fiber optic利用で料金・品質不満の可能性,長期契約特典: 1年契約への移行割引やポイント付与を提案する / オンボーディング強化: 初期活用サポートや利用定着メールを送る / サポート加入キャンペーン: 初月無料のTechSupportを提案する
3606-REU,Male,0,Yes,No,3,No,Yes,Fiber optic,Yes,Yes,No,No,Yes,No,Month-to-month,No,Mailed check,77.88,218.02,1,0.8087989724373083,High,月額契約で解約しやすい / 月額料金が高い / 利用期間が短い / TechSupport未加入 / Fiber optic利用で料金・品質不満の可能性,長期契約特典: 1年契約への移行割引やポイント付与を提案する / 料金プラン見直し: 利用状況に合う低負担プランを提案する / オンボーディング強化: 初期活用サポートや利用定着メールを送る
8969-DEX,Female,0,Yes,No,1,Yes,Yes,DSL,No,No,Yes,No,Yes,No,Month-to-month,Yes,Credit card (automatic),67.99,34.95,0,0.8087780712929135,High,月額契約で解約しやすい / 利用期間が短い / TechSupport未加入 / OnlineSecurity未加入,長期契約特典: 1年契約への移行割引やポイント付与を提案する / オンボーディング強化: 初期活用サポートや利用定着メールを送る / サポート加入キャンペーン: 初月無料のTechSupportを提案する
8863-BNS,Female,0,No,Yes,29,Yes,No phone service,Fiber optic,No,No,No,No,No,No,Month-to-month,Yes,Bank transfer (automatic),83.33,2429.39,0,0.8087456256283639,High,月額契約で解約しやすい / 月額料金が高い / TechSupport未加入 / OnlineSecurity未加入 / Fiber optic利用で料金・品質不満の可能性,長期契約特典: 1年契約への移行割引やポイント付与を提案する / 料金プラン見直し: 利用状況に合う低負担プランを提案する / サポート加入キャンペーン: 初月無料のTechSupportを提案する
3643-WUW,Male,1,Yes,No,30,No,No,Fiber optic,No,Yes,Yes,Yes,Yes,Yes,Month-to-month,Yes,Bank transfer (automatic),81.56,2428.87,0,0.8086385272191697,High,月額契約で解約しやすい / 月額料金が高い / OnlineSecurity未加入 / Fiber optic利用で料金・品質不満の可能性,長期契約特典: 1年契約への移行割引やポイント付与を提案する / 料金プラン見直し: 利用状況に合う低負担プランを提案する / セキュリティ提案: OnlineSecurityの価値を説明し利用を促す
7367-ALU,Male,1,No,No,44,Yes,Yes,Fiber optic,No,Yes,No,No,No,No,Month-to-month,No,Electronic check,104.96,4627.1,1,0.8085793367473301,High,月額契約で解約しやすい / 月額料金が高い / TechSupport未加入 / OnlineSecurity未加入 / Electronic check利用,長期契約特典: 1年契約への移行割引やポイント付与を提案する / 料金プラン見直し: 利用状況に合う低負担プランを提案する / サポート加入キャンペーン: 初月無料のTechSupportを提案する
9673-HXC,Male,1,Yes,No,20,Yes,No,Fiber optic,Yes,Yes,No,No,Yes,No,Month-to-month,Yes,Bank transfer (automatic),73.95,1527.9,1,0.8081478071465719,High,月額契約で解約しやすい / TechSupport未加入 / Fiber optic利用で料金・品質不満の可能性,長期契約特典: 1年契約への移行割引やポイント付与を提案する / サポート加入キャンペーン: 初月無料のTechSupportを提案する / 満足度確認: 通信品質・料金への不満をヒアリングする
4719-TCH,Male,0,Yes,Yes,9,Yes,No,Fiber optic,No,Yes,No,No,No,Yes,Month-to-month,No,Credit card (automatic),50.17,496.39,0,0.8078917037717014,High,月額契約で解約しやすい / 利用期間が短い / TechSupport未加入 / OnlineSecurity未加入 / Fiber optic利用で料金・品質不満の可能性,長期契約特典: 1年契約への移行割引やポイント付与を提案する / オンボーディング強化: 初期活用サポートや利用定着メールを送る / サポート加入キャンペーン: 初月無料のTechSupportを提案する
1740-TNX,Female,0,No,No,25,No,No phone service,Fiber optic,No,No,Yes,Yes,No,Yes,Month-to-month,Yes,Bank transfer (automatic),71.14,1717.88,1,0.8078348539186222,High,月額契約で解約しやすい / OnlineSecurity未加入 / Fiber optic利用で料金・品質不満の可能性,長期契約特典: 1年契約への移行割引やポイント付与を提案する / セキュリティ提案: OnlineSecurityの価値を説明し利用を促す / 満足度確認: 通信品質・料金への不満をヒアリングする
7463-CGK,Female,0,Yes,No,13,Yes,No,Fiber optic,No,No,No,Yes,Yes,No,Month-to-month,Yes,Electronic check,49.34,592.6,0,0.8076325186723927,High,月額契約で解約しやすい / OnlineSecurity未加入 / Electronic check利用 / Fiber optic利用で料金・品質不満の可能性,長期契約特典: 1年契約への移行割引やポイント付与を提案する / セキュリティ提案: OnlineSecurityの価値を説明し利用を促す / 支払い方法変更: 自動支払いへの変更特典を提案する
5399-WUJ,Female,1,No,Yes,29,Yes,No,Fiber optic,Yes,No,Yes,No,Yes,No,Month-to-month,Yes,Electronic check,74.93,2165.94,1,0.8075815265061009,High,月額契約で解約しやすい / TechSupport未加入 / Electronic check利用 / Fiber optic利用で料金・品質不満の可能性,長期契約特典: 1年契約への移行割引やポイント付与を提案する / サポート加入キャンペーン: 初月無料のTechSupportを提案する / 支払い方法変更: 自動支払いへの変更特典を提案する
6847-ZMR,Male,0,No,No,9,Yes,Yes,Fiber optic,Yes,No,Yes,Yes,No,Yes,Month-to-month,Yes,Bank transfer (automatic),68.76,617.89,1,0.8075085206350584,High,月額契約で解約しやすい / 利用期間が短い / Fiber optic利用で料金・品質不満の可能性,長期契約特典: 1年契約への移行割引やポイント付与を提案する / オンボーディング強化: 初期活用サポートや利用定着メールを送る / 満足度確認: 通信品質・料金への不満をヒアリングする
3381-BJX,Female,0,Yes,No,19,Yes,No,Fiber optic,No,Yes,No,No,Yes,Yes,Month-to-month,No,Bank transfer (automatic),77.57,1511.63,0,0.8074528910743759,High,月額契約で解約しやすい / 月額料金が高い / TechSupport未加入 / OnlineSecurity未加入 / Fiber optic利用で料金・品質不満の可能性,長期契約特典: 1年契約への移行割引やポイント付与を提案する / 料金プラン見直し: 利用状況に合う低負担プランを提案する / サポート加入キャンペーン: 初月無料のTechSupportを提案する
3318-ZOI,Male,0,Yes,No,26,Yes,No,Fiber optic,No,Yes,No,No,No,Yes,Month-to-month,Yes,Mailed check,82.61,2207.72,0,0.8073977099220202,High,月額契約で解約しやすい / 月額料金が高い / TechSupport未加入 / OnlineSecurity未加入 / Fiber optic利用で料金・品質不満の可能性,長期契約特典: 1年契約への移行割引やポイント付与を提案する / 料金プラン見直し: 利用状況に合う低負担プランを提案する / サポート加入キャンペーン: 初月無料のTechSupportを提案する
3196-ZME,Female,0,Yes,No,8,Yes,Yes,Fiber optic,No,Yes,No,Yes,Yes,Yes,Month-to-month,Yes,Bank transfer (automatic),48.98,384.41,1,0.8072845163193483,High,月額契約で解約しやすい / 利用期間が短い / OnlineSecurity未加入 / Fiber optic利用で料金・品質不満の可能性,長期契約特典: 1年契約への移行割引やポイント付与を提案する / オンボーディング強化: 初期活用サポートや利用定着メールを送る / セキュリティ提案: OnlineSecurityの価値を説明し利用を促す
1743-EOF,Female,0,Yes,Yes,8,Yes,No,Fiber optic,Yes,Yes,Yes,Yes,Yes,Yes,Month-to-month,Yes,Credit card (automatic),73.84,606.02,0,0.8072504915273785,High,月額契約で解約しやすい / 利用期間が短い / Fiber optic利用で料金・品質不満の可能性,長期契約特典: 1年契約への移行割引やポイント付与を提案する / オンボーディング強化: 初期活用サポートや利用定着メールを送る / 満足度確認: 通信品質・料金への不満をヒアリングする
1520-DJH,Female,0,Yes,No,7,Yes,No,Fiber optic,Yes,No,No,No,No,No,Month-to-month,No,Bank transfer (automatic),77.84,578.35,1,0.807138563558862,High,月額契約で解約しやすい / 月額料金が高い / 利用期間が短い / TechSupport未加入 / Fiber optic利用で料金・品質不満の可能性,長期契約特典: 1年契約への移行割引やポイント付与を提案する / 料金プラン見直し: 利用状況に合う低負担プランを提案する / オンボーディング強化: 初期活用サポートや利用定着メールを送る
2873-ULX,Male,0,No,No,35,Yes,No phone service,Fiber optic,No,Yes,No,No,No,Yes,Month-to-month,No,Electronic check,77.41,2781.39,1,0.8071239846422155,High,月額契約で解約しやすい / 月額料金が高い / TechSupport未加入 / OnlineSecurity未加入 / Electronic check利用,長期契約特典: 1年契約への移行割引やポイント付与を提案する / 料金プラン見直し: 利用状況に合う低負担プランを提案する / サポート加入キャンペーン: 初月無料のTechSupportを提案する
9380-WFP,Female,1,No,Yes,43,No,Yes,Fiber optic,No,Yes,No,No,Yes,Yes,Month-to-month,Yes,Electronic check,73.37,3153.05,0,0.8070469172023441,High,月額契約で解約しやすい / TechSupport未加入 / OnlineSecurity未加入 / Electronic check利用 / Fiber optic利用で料金・品質不満の可能性,長期契約特典: 1年契約への移行割引やポイント付与を提案する / サポート加入キャンペーン: 初月無料のTechSupportを提案する / セキュリティ提案: OnlineSecurityの価値を説明し利用を促す
5526-CZU,Male,1,No,Yes,7,Yes,No phone service,DSL,No,No,Yes,No,Yes,No,Month-to-month,Yes,Credit card (automatic),51.03,332.48,0,0.8069233820944984,High,月額契約で解約しやすい / 利用期間が短い / TechSupport未加入 / OnlineSecurity未加入,長期契約特典: 1年契約への移行割引やポイント付与を提案する / オンボーディング強化: 初期活用サポートや利用定着メールを送る / サポート加入キャンペーン: 初月無料のTechSupportを提案する
5064-OBY,Male,0,Yes,Yes,6,No,No,Fiber optic,No,No,Yes,Yes,No,Yes,One year,Yes,Electronic check,83.12,540.74,1,0.8068570622832225,High,月額料金が高い / 利用期間が短い / OnlineSecurity未加入 / Electronic check利用 / Fiber optic利用で料金・品質不満の可能性,料金プラン見直し: 利用状況に合う低負担プランを提案する / オンボーディング強化: 初期活用サポートや利用定着メールを送る / セキュリティ提案: OnlineSecurityの価値を説明し利用を促す
7412-ILF,Female,1,Yes,Yes,19,Yes,No,Fiber optic,Yes,No,No,No,Yes,Yes,Month-to-month,Yes,Bank transfer (automatic),66.62,1245.52,1,0.8065843449428495,High,月額契約で解約しやすい / TechSupport未加入 / Fiber optic利用で料金・品質不満の可能性,長期契約特典: 1年契約への移行割引やポイント付与を提案する / サポート加入キャンペーン: 初月無料のTechSupportを提案する / 満足度確認: 通信品質・料金への不満をヒアリングする
2839-QBA,Male,0,No,Yes,7,Yes,No,Fiber optic,No,No,No,No,No,No,One year,Yes,Electronic check,75.41,516.6,1,0.8059803388248028,High,月額料金が高い / 利用期間が短い / TechSupport未加入 / OnlineSecurity未加入 / Electronic check利用,料金プラン見直し: 利用状況に合う低負担プランを提案する / オンボーディング強化: 初期活用サポートや利用定着メールを送る / サポート加入キャンペーン: 初月無料のTechSupportを提案する
6032-VIJ,Female,0,Yes,No,10,No,Yes,Fiber optic,No,Yes,Yes,No,No,Yes,One year,No,Electronic check,86.06,895.82,0,0.8058461485032707,High,月額料金が高い / 利用期間が短い / TechSupport未加入 / OnlineSecurity未加入 / Electronic check利用,料金プラン見直し: 利用状況に合う低負担プランを提案する / オンボーディング強化: 初期活用サポートや利用定着メールを送る / サポート加入キャンペーン: 初月無料のTechSupportを提案する
4822-LDR,Female,1,Yes,No,30,No,No,Fiber optic,No,Yes,No,Yes,Yes,Yes,Month-to-month,Yes,Bank transfer (automatic),79.92,2314.28,1,0.8058002412275845,High,月額契約で解約しやすい / 月額料金が高い / OnlineSecurity未加入 / Fiber optic利用で料金・品質不満の可能性,長期契約特典: 1年契約への移行割引やポイント付与を提案する / 料金プラン見直し: 利用状況に合う低負担プランを提案する / セキュリティ提案: OnlineSecurityの価値を説明し利用を促す
7455-AKB,Male,0,No,No,10,No,Yes,Fiber optic,No,No,No,No,No,No,One year,Yes,Electronic check,75.85,789.44,0,0.8055879661695992,High,月額料金が高い / 利用期間が短い / TechSupport未加入 / OnlineSecurity未加入 / Electronic check利用,料金プラン見直し: 利用状況に合う低負担プランを提案する / オンボーディング強化: 初期活用サポートや利用定着メールを送る / サポート加入キャンペーン: 初月無料のTechSupportを提案する
9871-WQO,Female,0,No,No,14,Yes,No,Fiber optic,No,Yes,No,No,Yes,Yes,One year,Yes,Electronic check,80.4,1134.43,0,0.8055273537487114,High,月額料金が高い / TechSupport未加入 / OnlineSecurity未加入 / Electronic check利用 / Fiber optic利用で料金・品質不満の可能性,料金プラン見直し: 利用状況に合う低負担プランを提案する / サポート加入キャンペーン: 初月無料のTechSupportを提案する / セキュリティ提案: OnlineSecurityの価値を説明し利用を促す
3954-HCT,Female,0,Yes,No,17,Yes,Yes,Fiber optic,Yes,No,No,No,Yes,No,Month-to-month,Yes,Electronic check,64.88,1081.38,1,0.8053967756361302,High,月額契約で解約しやすい / TechSupport未加入 / Electronic check利用 / Fiber optic利用で料金・品質不満の可能性,長期契約特典: 1年契約への移行割引やポイント付与を提案する / サポート加入キャンペーン: 初月無料のTechSupportを提案する / 支払い方法変更: 自動支払いへの変更特典を提案する
4733-DYE,Female,0,No,No,8,Yes,No,Fiber optic,Yes,No,Yes,Yes,No,No,Month-to-month,Yes,Mailed check,82.59,648.73,1,0.8051231967497982,High,月額契約で解約しやすい / 月額料金が高い / 利用期間が短い / Fiber optic利用で料金・品質不満の可能性,長期契約特典: 1年契約への移行割引やポイント付与を提案する / 料金プラン見直し: 利用状況に合う低負担プランを提案する / オンボーディング強化: 初期活用サポートや利用定着メールを送る
9041-ZAR,Male,0,Yes,Yes,3,Yes,Yes,DSL,No,Yes,Yes,No,No,Yes,Month-to-month,Yes,Mailed check,73.31,207.44,1,0.8051216260483419,High,月額契約で解約しやすい / 利用期間が短い / TechSupport未加入 / OnlineSecurity未加入,長期契約特典: 1年契約への移行割引やポイント付与を提案する / オンボーディング強化: 初期活用サポートや利用定着メールを送る / サポート加入キャンペーン: 初月無料のTechSupportを提案する
4339-EBN,Female,1,Yes,No,18,No,Yes,Fiber optic,No,No,Yes,Yes,No,No,Month-to-month,No,Bank transfer (automatic),73.57,1245.24,1,0.8049963368152834,High,月額契約で解約しやすい / OnlineSecurity未加入 / Fiber optic利用で料金・品質不満の可能性,長期契約特典: 1年契約への移行割引やポイント付与を提案する / セキュリティ提案: OnlineSecurityの価値を説明し利用を促す / 満足度確認: 通信品質・料金への不満をヒアリングする
3254-ELD,Male,0,No,No,6,Yes,No,Fiber optic,Yes,No,Yes,Yes,Yes,Yes,Month-to-month,Yes,Mailed check,72.43,391.95,1,0.8047749371616749,High,月額契約で解約しやすい / 利用期間が短い / Fiber optic利用で料金・品質不満の可能性,長期契約特典: 1年契約への移行割引やポイント付与を提案する / オンボーディング強化: 初期活用サポートや利用定着メールを送る / 満足度確認: 通信品質・料金への不満をヒアリングする
7227-AHS,Male,0,Yes,No,26,Yes,No,Fiber optic,No,No,Yes,No,Yes,No,Month-to-month,Yes,Credit card (automatic),83.74,2150.08,1,0.8047670378158758,High,月額契約で解約しやすい / 月額料金が高い / TechSupport未加入 / OnlineSecurity未加入 / Fiber optic利用で料金・品質不満の可能性,長期契約特典: 1年契約への移行割引やポイント付与を提案する / 料金プラン見直し: 利用状況に合う低負担プランを提案する / サポート加入キャンペーン: 初月無料のTechSupportを提案する
3505-ZLP,Female,1,No,No,29,Yes,No,Fiber optic,Yes,Yes,Yes,No,Yes,No,Month-to-month,Yes,Electronic check,65.36,1884.18,0,0.8047222799995597,High,月額契約で解約しやすい / TechSupport未加入 / Electronic check利用 / Fiber optic利用で料金・品質不満の可能性,長期契約特典: 1年契約への移行割引やポイント付与を提案する / サポート加入キャンペーン: 初月無料のTechSupportを提案する / 支払い方法変更: 自動支払いへの変更特典を提案する
1887-OCY,Female,0,No,No,30,Yes,Yes,Fiber optic,Yes,Yes,Yes,No,No,Yes,Month-to-month,Yes,Electronic check,77.53,2286.86,1,0.8046781952285518,High,月額契約で解約しやすい / 月額料金が高い / TechSupport未加入 / Electronic check利用 / Fiber optic利用で料金・品質不満の可能性,長期契約特典: 1年契約への移行割引やポイント付与を提案する / 料金プラン見直し: 利用状況に合う低負担プランを提案する / サポート加入キャンペーン: 初月無料のTechSupportを提案する
6033-VVH,Female,0,Yes,No,10,Yes,Yes,Fiber optic,Yes,No,No,No,No,No,Month-to-month,No,Electronic check,61.57,629.74,0,0.8045989742357731,High,月額契約で解約しやすい / 利用期間が短い / TechSupport未加入 / Electronic check利用 / Fiber optic利用で料金・品質不満の可能性,長期契約特典: 1年契約への移行割引やポイント付与を提案する / オンボーディング強化: 初期活用サポートや利用定着メールを送る / サポート加入キャンペーン: 初月無料のTechSupportを提案する
7775-EIV,Male,0,No,No,33,Yes,Yes,Fiber optic,No,Yes,No,No,No,Yes,Month-to-month,Yes,Electronic check,60.44,2006.33,1,0.804425145696805,High,月額契約で解約しやすい / TechSupport未加入 / OnlineSecurity未加入 / Electronic check利用 / Fiber optic利用で料金・品質不満の可能性,長期契約特典: 1年契約への移行割引やポイント付与を提案する / サポート加入キャンペーン: 初月無料のTechSupportを提案する / セキュリティ提案: OnlineSecurityの価値を説明し利用を促す
7240-CTZ,Female,0,No,Yes,24,Yes,Yes,Fiber optic,No,Yes,No,No,No,Yes,Month-to-month,No,Electronic check,61.49,1488.56,1,0.8042875631460294,High,月額契約で解約しやすい / TechSupport未加入 / OnlineSecurity未加入 / Electronic check利用 / Fiber optic利用で料金・品質不満の可能性,長期契約特典: 1年契約への移行割引やポイント付与を提案する / サポート加入キャンペーン: 初月無料のTechSupportを提案する / セキュリティ提案: OnlineSecurityの価値を説明し利用を促す
7358-JDL,Male,1,No,No,20,Yes,No phone service,DSL,Yes,Yes,Yes,No,No,No,Month-to-month,Yes,Electronic check,76.29,1541.96,1,0.8041546540284031,High,月額契約で解約しやすい / 月額料金が高い / TechSupport未加入 / Electronic check利用,長期契約特典: 1年契約への移行割引やポイント付与を提案する / 料金プラン見直し: 利用状況に合う低負担プランを提案する / サポート加入キャンペーン: 初月無料のTechSupportを提案する
4219-JAS,Female,0,Yes,No,23,Yes,No,Fiber optic,No,No,Yes,Yes,Yes,No,Month-to-month,Yes,Electronic check,73.12,1689.44,1,0.8040175941656378,High,月額契約で解約しやすい / OnlineSecurity未加入 / Electronic check利用 / Fiber optic利用で料金・品質不満の可能性,長期契約特典: 1年契約への移行割引やポイント付与を提案する / セキュリティ提案: OnlineSecurityの価値を説明し利用を促す / 支払い方法変更: 自動支払いへの変更特典を提案する
4350-WDP,Female,0,Yes,No,30,Yes,Yes,Fiber optic,No,Yes,No,No,Yes,No,Month-to-month,Yes,Bank transfer (automatic),97.9,2975.74,1,0.8039460754436115,High,月額契約で解約しやすい / 月額料金が高い / TechSupport未加入 / OnlineSecurity未加入 / Fiber optic利用で料金・品質不満の可能性,長期契約特典: 1年契約への移行割引やポイント付与を提案する / 料金プラン見直し: 利用状況に合う低負担プランを提案する / サポート加入キャンペーン: 初月無料のTechSupportを提案する
6870-ZEO,Male,0,Yes,Yes,19,Yes,No,Fiber optic,No,No,Yes,No,Yes,No,Month-to-month,Yes,Credit card (automatic),69.59,1334.73,1,0.8038326732363713,High,月額契約で解約しやすい / TechSupport未加入 / OnlineSecurity未加入 / Fiber optic利用で料金・品質不満の可能性,長期契約特典: 1年契約への移行割引やポイント付与を提案する / サポート加入キャンペーン: 初月無料のTechSupportを提案する / セキュリティ提案: OnlineSecurityの価値を説明し利用を促す
2341-WPX,Female,0,No,No,10,Yes,No,DSL,No,No,Yes,No,No,Yes,Month-to-month,Yes,Electronic check,50.2,514.88,0,0.8037604392808105,High,月額契約で解約しやすい / 利用期間が短い / TechSupport未加入 / OnlineSecurity未加入 / Electronic check利用,長期契約特典: 1年契約への移行割引やポイント付与を提案する / オンボーディング強化: 初期活用サポートや利用定着メールを送る / サポート加入キャンペーン: 初月無料のTechSupportを提案する
3169-PME,Female,0,No,No,1,Yes,Yes,Fiber optic,Yes,Yes,Yes,Yes,No,Yes,Month-to-month,No,Mailed check,71.4,0.0,0,0.8037524471132922,High,月額契約で解約しやすい / 利用期間が短い / Fiber optic利用で料金・品質不満の可能性,長期契約特典: 1年契約への移行割引やポイント付与を提案する / オンボーディング強化: 初期活用サポートや利用定着メールを送る / 満足度確認: 通信品質・料金への不満をヒアリングする
2797-YZR,Female,0,No,No,20,Yes,Yes,Fiber optic,No,Yes,Yes,No,No,No,Month-to-month,Yes,Mailed check,68.19,1375.34,1,0.8035666023335438,High,月額契約で解約しやすい / TechSupport未加入 / OnlineSecurity未加入 / Fiber optic利用で料金・品質不満の可能性,長期契約特典: 1年契約への移行割引やポイント付与を提案する / サポート加入キャンペーン: 初月無料のTechSupportを提案する / セキュリティ提案: OnlineSecurityの価値を説明し利用を促す
4133-MKB,Male,0,Yes,No,11,Yes,No,Fiber optic,No,No,No,Yes,No,Yes,Month-to-month,Yes,Mailed check,61.18,644.57,1,0.803530224589704,High,月額契約で解約しやすい / 利用期間が短い / OnlineSecurity未加入 / Fiber optic利用で料金・品質不満の可能性,長期契約特典: 1年契約への移行割引やポイント付与を提案する / オンボーディング強化: 初期活用サポートや利用定着メールを送る / セキュリティ提案: OnlineSecurityの価値を説明し利用を促す
7663-INK,Female,0,No,No,7,Yes,No phone service,DSL,No,No,Yes,No,Yes,No,Month-to-month,Yes,Electronic check,46.01,302.51,1,0.803375882703597,High,月額契約で解約しやすい / 利用期間が短い / TechSupport未加入 / OnlineSecurity未加入 / Electronic check利用,長期契約特典: 1年契約への移行割引やポイント付与を提案する / オンボーディング強化: 初期活用サポートや利用定着メールを送る / サポート加入キャンペーン: 初月無料のTechSupportを提案する
4546-OAJ,Female,0,No,No,32,Yes,Yes,Fiber optic,No,No,No,No,No,Yes,Month-to-month,Yes,Electronic check,58.8,1947.87,0,0.803334214058525,High,月額契約で解約しやすい / TechSupport未加入 / OnlineSecurity未加入 / Electronic check利用 / Fiber optic利用で料金・品質不満の可能性,長期契約特典: 1年契約への移行割引やポイント付与を提案する / サポート加入キャンペーン: 初月無料のTechSupportを提案する / セキュリティ提案: OnlineSecurityの価値を説明し利用を促す
3207-LLM,Male,0,No,No,22,Yes,No,Fiber optic,No,Yes,No,No,Yes,Yes,Month-to-month,No,Credit card (automatic),76.25,1725.3,1,0.80315140325848,High,月額契約で解約しやすい / 月額料金が高い / TechSupport未加入 / OnlineSecurity未加入 / Fiber optic利用で料金・品質不満の可能性,長期契約特典: 1年契約への移行割引やポイント付与を提案する / 料金プラン見直し: 利用状況に合う低負担プランを提案する / サポート加入キャンペーン: 初月無料のTechSupportを提案する
1143-KAH,Female,0,No,Yes,31,No,No,Fiber optic,No,Yes,No,No,Yes,Yes,Month-to-month,No,Electronic check,82.23,2520.93,0,0.8031396463657617,High,月額契約で解約しやすい / 月額料金が高い / TechSupport未加入 / OnlineSecurity未加入 / Electronic check利用,長期契約特典: 1年契約への移行割引やポイント付与を提案する / 料金プラン見直し: 利用状況に合う低負担プランを提案する / サポート加入キャンペーン: 初月無料のTechSupportを提案する
9267-GTF,Male,0,No,No,19,Yes,Yes,Fiber optic,No,No,Yes,Yes,Yes,Yes,Month-to-month,Yes,Electronic check,47.84,886.19,1,0.8030755325910104,High,月額契約で解約しやすい / OnlineSecurity未加入 / Electronic check利用 / Fiber optic利用で料金・品質不満の可能性,長期契約特典: 1年契約への移行割引やポイント付与を提案する / セキュリティ提案: OnlineSecurityの価値を説明し利用を促す / 支払い方法変更: 自動支払いへの変更特典を提案する
1907-SCO,Female,1,No,No,29,No,No phone service,Fiber optic,Yes,Yes,No,No,No,Yes,Month-to-month,Yes,Mailed check,70.84,2045.09,1,0.8030034691053946,High,月額契約で解約しやすい / TechSupport未加入 / Fiber optic利用で料金・品質不満の可能性,長期契約特典: 1年契約への移行割引やポイント付与を提案する / サポート加入キャンペーン: 初月無料のTechSupportを提案する / 満足度確認: 通信品質・料金への不満をヒアリングする
3544-QOP,Female,0,No,No,23,Yes,No,Fiber optic,No,No,Yes,No,No,Yes,Month-to-month,Yes,Mailed check,67.3,1581.14,0,0.8027726064795718,High,月額契約で解約しやすい / TechSupport未加入 / OnlineSecurity未加入 / Fiber optic利用で料金・品質不満の可能性,長期契約特典: 1年契約への移行割引やポイント付与を提案する / サポート加入キャンペーン: 初月無料のTechSupportを提案する / セキュリティ提案: OnlineSecurityの価値を説明し利用を促す
2403-ESP,Female,0,Yes,No,42,Yes,Yes,Fiber optic,No,Yes,No,No,No,Yes,Month-to-month,Yes,Electronic check,91.78,3928.76,1,0.802683529712227,High,月額契約で解約しやすい / 月額料金が高い / TechSupport未加入 / OnlineSecurity未加入 / Electronic check利用,長期契約特典: 1年契約への移行割引やポイント付与を提案する / 料金プラン見直し: 利用状況に合う低負担プランを提案する / サポート加入キャンペーン: 初月無料のTechSupportを提案する
4420-TIZ,Male,1,Yes,No,9,Yes,No,Fiber optic,Yes,No,Yes,Yes,No,No,Month-to-month,Yes,Bank transfer (automatic),58.1,554.15,1,0.8026252098349606,High,月額契約で解約しやすい / 利用期間が短い / Fiber optic利用で料金・品質不満の可能性,長期契約特典: 1年契約への移行割引やポイント付与を提案する / オンボーディング強化: 初期活用サポートや利用定着メールを送る / 満足度確認: 通信品質・料金への不満をヒアリングする
3542-HNA,Female,0,Yes,No,10,Yes,Yes,Fiber optic,Yes,No,Yes,No,No,Yes,Month-to-month,No,Mailed check,81.47,756.02,1,0.8023788924951776,High,月額契約で解約しやすい / 月額料金が高い / 利用期間が短い / TechSupport未加入 / Fiber optic利用で料金・品質不満の可能性,長期契約特典: 1年契約への移行割引やポイント付与を提案する / 料金プラン見直し: 利用状況に合う低負担プランを提案する / オンボーディング強化: 初期活用サポートや利用定着メールを送る
1615-NGH,Male,0,Yes,No,25,Yes,No,Fiber optic,No,Yes,No,No,No,No,Month-to-month,Yes,Bank transfer (automatic),77.51,1937.19,1,0.8023140094122656,High,月額契約で解約しやすい / 月額料金が高い / TechSupport未加入 / OnlineSecurity未加入 / Fiber optic利用で料金・品質不満の可能性,長期契約特典: 1年契約への移行割引やポイント付与を提案する / 料金プラン見直し: 利用状況に合う低負担プランを提案する / サポート加入キャンペーン: 初月無料のTechSupportを提案する
6995-DZV,Female,1,Yes,No,24,Yes,No,Fiber optic,No,Yes,No,No,No,No,Month-to-month,Yes,Bank transfer (automatic),49.54,1141.63,0,0.802087300494146,High,月額契約で解約しやすい / TechSupport未加入 / OnlineSecurity未加入 / Fiber optic利用で料金・品質不満の可能性,長期契約特典: 1年契約への移行割引やポイント付与を提案する / サポート加入キャンペーン: 初月無料のTechSupportを提案する / セキュリティ提案: OnlineSecurityの価値を説明し利用を促す
1054-UAM,Male,0,Yes,No,4,Yes,No,DSL,No,Yes,No,No,No,No,Month-to-month,No,Electronic check,66.84,299.27,0,0.802086155449189,High,月額契約で解約しやすい / 利用期間が短い / TechSupport未加入 / OnlineSecurity未加入 / Electronic check利用,長期契約特典: 1年契約への移行割引やポイント付与を提案する / オンボーディング強化: 初期活用サポートや利用定着メールを送る / サポート加入キャンペーン: 初月無料のTechSupportを提案する
5544-TZP,Female,1,No,No,5,Yes,No phone service,Fiber optic,No,No,No,Yes,Yes,No,One year,Yes,Credit card (automatic),72.36,359.24,1,0.8017907131202272,High,利用期間が短い / OnlineSecurity未加入 / Fiber optic利用で料金・品質不満の可能性,オンボーディング強化: 初期活用サポートや利用定着メールを送る / セキュリティ提案: OnlineSecurityの価値を説明し利用を促す / 満足度確認: 通信品質・料金への不満をヒアリングする
1813-VVM,Female,0,No,No,17,Yes,No phone service,Fiber optic,Yes,No,No,Yes,Yes,No,Month-to-month,Yes,Electronic check,66.79,1184.64,1,0.801538320973244,High,月額契約で解約しやすい / Electronic check利用 / Fiber optic利用で料金・品質不満の可能性,長期契約特典: 1年契約への移行割引やポイント付与を提案する / 支払い方法変更: 自動支払いへの変更特典を提案する / 満足度確認: 通信品質・料金への不満をヒアリングする
5521-RKM,Male,0,No,Yes,2,Yes,No,Fiber optic,Yes,Yes,Yes,No,Yes,Yes,Month-to-month,No,Bank transfer (automatic),55.79,57.76,0,0.8011726913792672,High,月額契約で解約しやすい / 利用期間が短い / TechSupport未加入 / Fiber optic利用で料金・品質不満の可能性,長期契約特典: 1年契約への移行割引やポイント付与を提案する / オンボーディング強化: 初期活用サポートや利用定着メールを送る / サポート加入キャンペーン: 初月無料のTechSupportを提案する
3915-WQP,Male,0,No,No,1,Yes,No,DSL,No,No,No,No,Yes,Yes,Month-to-month,No,Electronic check,51.55,46.05,1,0.8011538963877365,High,月額契約で解約しやすい / 利用期間が短い / TechSupport未加入 / OnlineSecurity未加入 / Electronic check利用,長期契約特典: 1年契約への移行割引やポイント付与を提案する / オンボーディング強化: 初期活用サポートや利用定着メールを送る / サポート加入キャンペーン: 初月無料のTechSupportを提案する
3530-UKC,Female,0,Yes,No,6,Yes,No,Fiber optic,Yes,Yes,Yes,No,Yes,Yes,Month-to-month,No,Credit card (automatic),60.94,356.05,0,0.8010953314012406,High,月額契約で解約しやすい / 利用期間が短い / TechSupport未加入 / Fiber optic利用で料金・品質不満の可能性,長期契約特典: 1年契約への移行割引やポイント付与を提案する / オンボーディング強化: 初期活用サポートや利用定着メールを送る / サポート加入キャンペーン: 初月無料のTechSupportを提案する
1985-UBZ,Female,1,Yes,No,22,Yes,Yes,Fiber optic,No,No,No,No,No,Yes,Month-to-month,No,Mailed check,65.7,1414.95,1,0.8009813198166559,High,月額契約で解約しやすい / TechSupport未加入 / OnlineSecurity未加入 / Fiber optic利用で料金・品質不満の可能性,長期契約特典: 1年契約への移行割引やポイント付与を提案する / サポート加入キャンペーン: 初月無料のTechSupportを提案する / セキュリティ提案: OnlineSecurityの価値を説明し利用を促す
6729-VVK,Female,0,Yes,Yes,24,Yes,No,Fiber optic,No,No,No,Yes,Yes,No,Month-to-month,Yes,Electronic check,80.63,1924.65,1,0.8005055149814835,High,月額契約で解約しやすい / 月額料金が高い / OnlineSecurity未加入 / Electronic check利用 / Fiber optic利用で料金・品質不満の可能性,長期契約特典: 1年契約への移行割引やポイント付与を提案する / 料金プラン見直し: 利用状況に合う低負担プランを提案する / セキュリティ提案: OnlineSecurityの価値を説明し利用を促す
5685-ZMA,Female,0,No,Yes,9,Yes,Yes,DSL,No,No,Yes,No,No,No,Month-to-month,Yes,Electronic check,61.49,604.47,0,0.8001462846046015,High,月額契約で解約しやすい / 利用期間が短い / TechSupport未加入 / OnlineSecurity未加入 / Electronic check利用,長期契約特典: 1年契約への移行割引やポイント付与を提案する / オンボーディング強化: 初期活用サポートや利用定着メールを送る / サポート加入キャンペーン: 初月無料のTechSupportを提案する
2704-WBK,Male,1,No,No,12,Yes,Yes,Fiber optic,No,Yes,Yes,No,Yes,No,One year,Yes,Electronic check,59.89,731.68,0,0.8000261385198757,High,利用期間が短い / TechSupport未加入 / OnlineSecurity未加入 / Electronic check利用 / Fiber optic利用で料金・品質不満の可能性,オンボーディング強化: 初期活用サポートや利用定着メールを送る / サポート加入キャンペーン: 初月無料のTechSupportを提案する / セキュリティ提案: OnlineSecurityの価値を説明し利用を促す
5804-ZHX,Female,0,Yes,No,34,Yes,Yes,Fiber optic,No,No,No,No,No,Yes,Month-to-month,No,Electronic check,89.04,3017.89,0,0.800000314959925,High,月額契約で解約しやすい / 月額料金が高い / TechSupport未加入 / OnlineSecurity未加入 / Electronic check利用,長期契約特典: 1年契約への移行割引やポイント付与を提案する / 料金プラン見直し: 利用状況に合う低負担プランを提案する / サポート加入キャンペーン: 初月無料のTechSupportを提案する
9901-RAO,Male,0,Yes,No,33,Yes,No phone service,Fiber optic,No,No,No,Yes,Yes,Yes,Month-to-month,No,Electronic check,100.09,3257.72,1,0.799876850806342,High,月額契約で解約しやすい / 月額料金が高い / OnlineSecurity未加入 / Electronic check利用 / Fiber optic利用で料金・品質不満の可能性,長期契約特典: 1年契約への移行割引やポイント付与を提案する / 料金プラン見直し: 利用状況に合う低負担プランを提案する / セキュリティ提案: OnlineSecurityの価値を説明し利用を促す
2282-OCY,Male,0,No,No,24,No,Yes,Fiber optic,No,No,Yes,No,No,No,Month-to-month,Yes,Mailed check,77.34,1889.59,1,0.7996387085908023,High,月額契約で解約しやすい / 月額料金が高い / TechSupport未加入 / OnlineSecurity未加入 / Fiber optic利用で料金・品質不満の可能性,長期契約特典: 1年契約への移行割引やポイント付与を提案する / 料金プラン見直し: 利用状況に合う低負担プランを提案する / サポート加入キャンペーン: 初月無料のTechSupportを提案する
6678-LDC,Female,0,Yes,No,2,Yes,Yes,DSL,No,Yes,Yes,No,No,No,Month-to-month,No,Credit card (automatic),78.37,139.19,1,0.7995882592029505,High,月額契約で解約しやすい / 月額料金が高い / 利用期間が短い / TechSupport未加入 / OnlineSecurity未加入,長期契約特典: 1年契約への移行割引やポイント付与を提案する / 料金プラン見直し: 利用状況に合う低負担プランを提案する / オンボーディング強化: 初期活用サポートや利用定着メールを送る
4329-CFX,Male,0,Yes,No,19,Yes,Yes,Fiber optic,Yes,No,Yes,No,No,Yes,One year,Yes,Electronic check,119.0,2319.88,0,0.7994659551625161,High,月額料金が高い / TechSupport未加入 / Electronic check利用 / Fiber optic利用で料金・品質不満の可能性,料金プラン見直し: 利用状況に合う低負担プランを提案する / サポート加入キャンペーン: 初月無料のTechSupportを提案する / 支払い方法変更: 自動支払いへの変更特典を提案する
5055-ESS,Female,0,No,Yes,22,Yes,No,Fiber optic,No,No,Yes,Yes,Yes,Yes,Month-to-month,Yes,Bank transfer (automatic),83.39,1859.36,0,0.7994205520330038,High,月額契約で解約しやすい / 月額料金が高い / OnlineSecurity未加入 / Fiber optic利用で料金・品質不満の可能性,長期契約特典: 1年契約への移行割引やポイント付与を提案する / 料金プラン見直し: 利用状況に合う低負担プランを提案する / セキュリティ提案: OnlineSecurityの価値を説明し利用を促す
9317-ASR,Male,0,No,No,0,Yes,Yes,DSL,No,Yes,No,No,No,Yes,Month-to-month,Yes,Mailed check,55.29,0.0,0,0.7993862127510348,High,月額契約で解約しやすい / 利用期間が短い / TechSupport未加入 / OnlineSecurity未加入,長期契約特典: 1年契約への移行割引やポイント付与を提案する / オンボーディング強化: 初期活用サポートや利用定着メールを送る / サポート加入キャンペーン: 初月無料のTechSupportを提案する
9205-WJL,Female,1,No,No,18,Yes,Yes,Fiber optic,Yes,Yes,No,No,No,No,One year,Yes,Electronic check,96.41,1753.2,1,0.7990666409289662,High,月額料金が高い / TechSupport未加入 / Electronic check利用 / Fiber optic利用で料金・品質不満の可能性,料金プラン見直し: 利用状況に合う低負担プランを提案する / サポート加入キャンペーン: 初月無料のTechSupportを提案する / 支払い方法変更: 自動支払いへの変更特典を提案する
9895-HQD,Male,0,Yes,Yes,41,Yes,No phone service,Fiber optic,No,Yes,Yes,No,Yes,Yes,Month-to-month,Yes,Electronic check,83.97,3461.97,1,0.7990570791372739,High,月額契約で解約しやすい / 月額料金が高い / TechSupport未加入 / OnlineSecurity未加入 / Electronic check利用,長期契約特典: 1年契約への移行割引やポイント付与を提案する / 料金プラン見直し: 利用状況に合う低負担プランを提案する / サポート加入キャンペーン: 初月無料のTechSupportを提案する
4420-JBO,Male,0,No,Yes,11,Yes,No,Fiber optic,Yes,Yes,Yes,Yes,Yes,No,Month-to-month,Yes,Mailed check,96.3,1117.72,0,0.7990314189011618,High,月額契約で解約しやすい / 月額料金が高い / 利用期間が短い / Fiber optic利用で料金・品質不満の可能性,長期契約特典: 1年契約への移行割引やポイント付与を提案する / 料金プラン見直し: 利用状況に合う低負担プランを提案する / オンボーディング強化: 初期活用サポートや利用定着メールを送る
3404-KZB,Male,0,Yes,No,4,No,No,DSL,Yes,Yes,No,No,Yes,No,Month-to-month,Yes,Electronic check,72.0,262.26,1,0.7986584776469198,High,月額契約で解約しやすい / 利用期間が短い / TechSupport未加入 / Electronic check利用,長期契約特典: 1年契約への移行割引やポイント付与を提案する / オンボーディング強化: 初期活用サポートや利用定着メールを送る / サポート加入キャンペーン: 初月無料のTechSupportを提案する
8587-MLI,Female,0,Yes,No,14,Yes,No,Fiber optic,No,No,No,Yes,Yes,Yes,Month-to-month,Yes,Mailed check,70.52,999.17,1,0.7986061937194026,High,月額契約で解約しやすい / OnlineSecurity未加入 / Fiber optic利用で料金・品質不満の可能性,長期契約特典: 1年契約への移行割引やポイント付与を提案する / セキュリティ提案: OnlineSecurityの価値を説明し利用を促す / 満足度確認: 通信品質・料金への不満をヒアリングする
8774-CJP,Female,0,No,No,18,Yes,No,Fiber optic,Yes,No,Yes,No,No,No,Month-to-month,Yes,Bank transfer (automatic),78.17,1435.13,1,0.7985797049542683,High,月額契約で解約しやすい / 月額料金が高い / TechSupport未加入 / Fiber optic利用で料金・品質不満の可能性,長期契約特典: 1年契約への移行割引やポイント付与を提案する / 料金プラン見直し: 利用状況に合う低負担プランを提案する / サポート加入キャンペーン: 初月無料のTechSupportを提案する
8572-XYB,Male,0,No,Yes,10,No,Yes,Fiber optic,No,Yes,Yes,Yes,No,No,Month-to-month,No,Credit card (automatic),68.91,718.59,1,0.7983286688727429,High,月額契約で解約しやすい / 利用期間が短い / OnlineSecurity未加入 / Fiber optic利用で料金・品質不満の可能性,長期契約特典: 1年契約への移行割引やポイント付与を提案する / オンボーディング強化: 初期活用サポートや利用定着メールを送る / セキュリティ提案: OnlineSecurityの価値を説明し利用を促す
4089-FGD,Female,1,No,Yes,45,Yes,No,Fiber optic,No,Yes,No,No,No,Yes,Month-to-month,Yes,Electronic check,71.75,3233.78,1,0.7982058844816228,High,月額契約で解約しやすい / TechSupport未加入 / OnlineSecurity未加入 / Electronic check利用 / Fiber optic利用で料金・品質不満の可能性,長期契約特典: 1年契約への移行割引やポイント付与を提案する / サポート加入キャンペーン: 初月無料のTechSupportを提案する / セキュリティ提案: OnlineSecurityの価値を説明し利用を促す
2590-GNV,Female,0,No,No,10,Yes,No,Fiber optic,Yes,Yes,Yes,No,Yes,No,Month-to-month,Yes,Mailed check,68.53,717.2,0,0.7980074409869317,High,月額契約で解約しやすい / 利用期間が短い / TechSupport未加入 / Fiber optic利用で料金・品質不満の可能性,長期契約特典: 1年契約への移行割引やポイント付与を提案する / オンボーディング強化: 初期活用サポートや利用定着メールを送る / サポート加入キャンペーン: 初月無料のTechSupportを提案する
8403-RSD,Female,0,Yes,No,22,Yes,No,Fiber optic,No,No,No,No,No,Yes,Month-to-month,No,Mailed check,87.97,1966.06,0,0.7980006114940037,High,月額契約で解約しやすい / 月額料金が高い / TechSupport未加入 / OnlineSecurity未加入 / Fiber optic利用で料金・品質不満の可能性,長期契約特典: 1年契約への移行割引やポイント付与を提案する / 料金プラン見直し: 利用状況に合う低負担プランを提案する / サポート加入キャンペーン: 初月無料のTechSupportを提案する
2388-NYL,Female,0,Yes,No,10,No,No,Fiber optic,Yes,No,Yes,Yes,Yes,No,Month-to-month,Yes,Mailed check,90.38,869.71,1,0.7978616817620717,High,月額契約で解約しやすい / 月額料金が高い / 利用期間が短い / Fiber optic利用で料金・品質不満の可能性,長期契約特典: 1年契約への移行割引やポイント付与を提案する / 料金プラン見直し: 利用状況に合う低負担プランを提案する / オンボーディング強化: 初期活用サポートや利用定着メールを送る
5612-SES,Female,0,No,No,22,Yes,Yes,Fiber optic,No,Yes,Yes,Yes,No,No,Month-to-month,Yes,Bank transfer (automatic),81.09,1815.4,1,0.7977395481850663,High,月額契約で解約しやすい / 月額料金が高い / OnlineSecurity未加入 / Fiber optic利用で料金・品質不満の可能性,長期契約特典: 1年契約への移行割引やポイント付与を提案する / 料金プラン見直し: 利用状況に合う低負担プランを提案する / セキュリティ提案: OnlineSecurityの価値を説明し利用を促す
2530-SFF,Female,0,Yes,No,20,Yes,Yes,Fiber optic,No,Yes,Yes,Yes,No,No,Month-to-month,Yes,Credit card (automatic),76.46,1548.92,0,0.7976360997584774,High,月額契約で解約しやすい / 月額料金が高い / OnlineSecurity未加入 / Fiber optic利用で料金・品質不満の可能性,長期契約特典: 1年契約への移行割引やポイント付与を提案する / 料金プラン見直し: 利用状況に合う低負担プランを提案する / セキュリティ提案: OnlineSecurityの価値を説明し利用を促す
9798-XWD,Male,1,No,No,20,Yes,No,Fiber optic,No,Yes,Yes,Yes,Yes,Yes,Month-to-month,No,Bank transfer (automatic),66.06,1266.55,0,0.7976289722258877,High,月額契約で解約しやすい / OnlineSecurity未加入 / Fiber optic利用で料金・品質不満の可能性,長期契約特典: 1年契約への移行割引やポイント付与を提案する / セキュリティ提案: OnlineSecurityの価値を説明し利用を促す / 満足度確認: 通信品質・料金への不満をヒアリングする
5578-RVI,Male,1,Yes,No,4,Yes,Yes,Fiber optic,No,Yes,Yes,No,Yes,No,One year,No,Bank transfer (automatic),84.28,380.05,1,0.7974294513436034,High,月額料金が高い / 利用期間が短い / TechSupport未加入 / OnlineSecurity未加入 / Fiber optic利用で料金・品質不満の可能性,料金プラン見直し: 利用状況に合う低負担プランを提案する / オンボーディング強化: 初期活用サポートや利用定着メールを送る / サポート加入キャンペーン: 初月無料のTechSupportを提案する
9634-ZKG,Female,0,No,Yes,19,Yes,No,Fiber optic,No,No,Yes,Yes,No,Yes,Month-to-month,Yes,Bank transfer (automatic),69.02,1275.82,0,0.7971933461914107,High,月額契約で解約しやすい / OnlineSecurity未加入 / Fiber optic利用で料金・品質不満の可能性,長期契約特典: 1年契約への移行割引やポイント付与を提案する / セキュリティ提案: OnlineSecurityの価値を説明し利用を促す / 満足度確認: 通信品質・料金への不満をヒアリングする
3079-QVK,Male,1,No,No,13,Yes,No,Fiber optic,Yes,No,Yes,No,Yes,No,Month-to-month,No,Mailed check,74.52,941.61,1,0.796642628458808,High,月額契約で解約しやすい / TechSupport未加入 / Fiber optic利用で料金・品質不満の可能性,長期契約特典: 1年契約への移行割引やポイント付与を提案する / サポート加入キャンペーン: 初月無料のTechSupportを提案する / 満足度確認: 通信品質・料金への不満をヒアリングする
5521-CEM,Female,0,Yes,No,0,Yes,No,Fiber optic,No,Yes,No,Yes,Yes,No,One year,No,Electronic check,90.31,0.0,0,0.7963137822173714,High,月額料金が高い / 利用期間が短い / OnlineSecurity未加入 / Electronic check利用 / Fiber optic利用で料金・品質不満の可能性,料金プラン見直し: 利用状況に合う低負担プランを提案する / オンボーディング強化: 初期活用サポートや利用定着メールを送る / セキュリティ提案: OnlineSecurityの価値を説明し利用を促す
4431-FFJ,Male,1,No,No,37,Yes,No,Fiber optic,No,Yes,Yes,Yes,No,Yes,Month-to-month,Yes,Electronic check,62.15,2354.93,1,0.796199130965476,High,月額契約で解約しやすい / OnlineSecurity未加入 / Electronic check利用 / Fiber optic利用で料金・品質不満の可能性,長期契約特典: 1年契約への移行割引やポイント付与を提案する / セキュリティ提案: OnlineSecurityの価値を説明し利用を促す / 支払い方法変更: 自動支払いへの変更特典を提案する
1654-QGQ,Female,0,No,Yes,33,Yes,Yes,Fiber optic,No,No,Yes,No,No,No,Month-to-month,No,Electronic check,95.51,3210.04,1,0.7960746526832342,High,月額契約で解約しやすい / 月額料金が高い / TechSupport未加入 / OnlineSecurity未加入 / Electronic check利用,長期契約特典: 1年契約への移行割引やポイント付与を提案する / 料金プラン見直し: 利用状況に合う低負担プランを提案する / サポート加入キャンペーン: 初月無料のTechSupportを提案する
7057-ISA,Female,0,Yes,No,2,Yes,No,Fiber optic,No,No,No,Yes,No,Yes,One year,Yes,Electronic check,65.23,100.34,1,0.7957899986744704,High,利用期間が短い / OnlineSecurity未加入 / Electronic check利用 / Fiber optic利用で料金・品質不満の可能性,オンボーディング強化: 初期活用サポートや利用定着メールを送る / セキュリティ提案: OnlineSecurityの価値を説明し利用を促す / 支払い方法変更: 自動支払いへの変更特典を提案する
3561-FQR,Female,1,Yes,Yes,4,No,Yes,DSL,No,No,No,No,Yes,Yes,Month-to-month,Yes,Credit card (automatic),42.07,186.55,1,0.7954473255166464,High,月額契約で解約しやすい / 利用期間が短い / TechSupport未加入 / OnlineSecurity未加入,長期契約特典: 1年契約への移行割引やポイント付与を提案する / オンボーディング強化: 初期活用サポートや利用定着メールを送る / サポート加入キャンペーン: 初月無料のTechSupportを提案する
8775-SHX,Female,0,No,No,11,Yes,Yes,Fiber optic,No,No,Yes,No,Yes,Yes,Month-to-month,No,Mailed check,56.9,663.72,0,0.7954448012902701,High,月額契約で解約しやすい / 利用期間が短い / TechSupport未加入 / OnlineSecurity未加入 / Fiber optic利用で料金・品質不満の可能性,長期契約特典: 1年契約への移行割引やポイント付与を提案する / オンボーディング強化: 初期活用サポートや利用定着メールを送る / サポート加入キャンペーン: 初月無料のTechSupportを提案する
4286-TAE,Male,0,No,No,28,No,No,Fiber optic,No,Yes,No,No,No,Yes,Month-to-month,No,Electronic check,59.35,1633.69,1,0.7953601832516712,High,月額契約で解約しやすい / TechSupport未加入 / OnlineSecurity未加入 / Electronic check利用 / Fiber optic利用で料金・品質不満の可能性,長期契約特典: 1年契約への移行割引やポイント付与を提案する / サポート加入キャンペーン: 初月無料のTechSupportを提案する / セキュリティ提案: OnlineSecurityの価値を説明し利用を促す
2169-UWR,Male,0,No,No,10,Yes,Yes,Fiber optic,Yes,Yes,No,No,No,No,Month-to-month,No,Credit card (automatic),71.41,752.58,1,0.7952159214455217,High,月額契約で解約しやすい / 利用期間が短い / TechSupport未加入 / Fiber optic利用で料金・品質不満の可能性,長期契約特典: 1年契約への移行割引やポイント付与を提案する / オンボーディング強化: 初期活用サポートや利用定着メールを送る / サポート加入キャンペーン: 初月無料のTechSupportを提案する
9196-GLU,Female,0,Yes,Yes,5,Yes,Yes,DSL,No,Yes,No,No,Yes,No,Month-to-month,Yes,Electronic check,56.59,329.96,0,0.7945910940079848,High,月額契約で解約しやすい / 利用期間が短い / TechSupport未加入 / OnlineSecurity未加入 / Electronic check利用,長期契約特典: 1年契約への移行割引やポイント付与を提案する / オンボーディング強化: 初期活用サポートや利用定着メールを送る / サポート加入キャンペーン: 初月無料のTechSupportを提案する
3955-TDL,Male,0,Yes,No,11,No,No,Fiber optic,No,No,Yes,Yes,No,No,Month-to-month,Yes,Credit card (automatic),51.12,568.21,1,0.7945644093487111,High,月額契約で解約しやすい / 利用期間が短い / OnlineSecurity未加入 / Fiber optic利用で料金・品質不満の可能性,長期契約特典: 1年契約への移行割引やポイント付与を提案する / オンボーディング強化: 初期活用サポートや利用定着メールを送る / セキュリティ提案: OnlineSecurityの価値を説明し利用を促す
2924-GNL,Male,0,Yes,No,10,No,No phone service,Fiber optic,No,Yes,Yes,No,Yes,No,One year,Yes,Credit card (automatic),85.24,905.08,0,0.7944513808648755,High,月額料金が高い / 利用期間が短い / TechSupport未加入 / OnlineSecurity未加入 / Fiber optic利用で料金・品質不満の可能性,料金プラン見直し: 利用状況に合う低負担プランを提案する / オンボーディング強化: 初期活用サポートや利用定着メールを送る / サポート加入キャンペーン: 初月無料のTechSupportを提案する
5475-CXK,Female,0,Yes,Yes,24,Yes,No phone service,Fiber optic,Yes,No,Yes,Yes,No,Yes,Month-to-month,No,Electronic check,96.71,2329.64,1,0.7943599235123118,High,月額契約で解約しやすい / 月額料金が高い / Electronic check利用 / Fiber optic利用で料金・品質不満の可能性,長期契約特典: 1年契約への移行割引やポイント付与を提案する / 料金プラン見直し: 利用状況に合う低負担プランを提案する / 支払い方法変更: 自動支払いへの変更特典を提案する
3733-VJD,Female,0,No,No,8,Yes,Yes,Fiber optic,No,No,Yes,No,Yes,Yes,One year,Yes,Credit card (automatic),80.43,653.43,0,0.7942760588226386,High,月額料金が高い / 利用期間が短い / TechSupport未加入 / OnlineSecurity未加入 / Fiber optic利用で料金・品質不満の可能性,料金プラン見直し: 利用状況に合う低負担プランを提案する / オンボーディング強化: 初期活用サポートや利用定着メールを送る / サポート加入キャンペーン: 初月無料のTechSupportを提案する
5397-BPK,Female,0,Yes,No,19,Yes,No phone service,DSL,No,Yes,Yes,No,No,Yes,Month-to-month,Yes,Electronic check,59.71,1132.6,1,0.794031129162265,High,月額契約で解約しやすい / TechSupport未加入 / OnlineSecurity未加入 / Electronic check利用,長期契約特典: 1年契約への移行割引やポイント付与を提案する / サポート加入キャンペーン: 初月無料のTechSupportを提案する / セキュリティ提案: OnlineSecurityの価値を説明し利用を促す
4758-ZKX,Male,0,Yes,No,25,No,Yes,DSL,No,No,Yes,No,No,Yes,Month-to-month,Yes,Electronic check,88.04,2196.63,1,0.793927926665938,High,月額契約で解約しやすい / 月額料金が高い / TechSupport未加入 / OnlineSecurity未加入 / Electronic check利用,長期契約特典: 1年契約への移行割引やポイント付与を提案する / 料金プラン見直し: 利用状況に合う低負担プランを提案する / サポート加入キャンペーン: 初月無料のTechSupportを提案する
1187-EDS,Male,1,Yes,Yes,18,Yes,Yes,Fiber optic,Yes,Yes,No,No,Yes,No,Month-to-month,No,Mailed check,96.04,1713.55,1,0.7938635854410785,High,月額契約で解約しやすい / 月額料金が高い / TechSupport未加入 / Fiber optic利用で料金・品質不満の可能性,長期契約特典: 1年契約への移行割引やポイント付与を提案する / 料金プラン見直し: 利用状況に合う低負担プランを提案する / サポート加入キャンペーン: 初月無料のTechSupportを提案する
4270-XPG,Female,0,No,No,4,Yes,Yes,DSL,No,Yes,No,No,No,Yes,Month-to-month,No,Electronic check,49.07,200.69,1,0.793812823570019,High,月額契約で解約しやすい / 利用期間が短い / TechSupport未加入 / OnlineSecurity未加入 / Electronic check利用,長期契約特典: 1年契約への移行割引やポイント付与を提案する / オンボーディング強化: 初期活用サポートや利用定着メールを送る / サポート加入キャンペーン: 初月無料のTechSupportを提案する
8853-BYA,Female,0,Yes,No,18,Yes,Yes,Fiber optic,No,No,Yes,Yes,Yes,No,Month-to-month,Yes,Credit card (automatic),75.46,1341.17,0,0.7938009588530575,High,月額契約で解約しやすい / 月額料金が高い / OnlineSecurity未加入 / Fiber optic利用で料金・品質不満の可能性,長期契約特典: 1年契約への移行割引やポイント付与を提案する / 料金プラン見直し: 利用状況に合う低負担プランを提案する / セキュリティ提案: OnlineSecurityの価値を説明し利用を促す
4671-XJN,Male,0,Yes,No,29,Yes,No phone service,Fiber optic,No,No,No,No,Yes,Yes,Month-to-month,No,Electronic check,64.01,1841.98,1,0.7937207787005893,High,月額契約で解約しやすい / TechSupport未加入 / OnlineSecurity未加入 / Electronic check利用 / Fiber optic利用で料金・品質不満の可能性,長期契約特典: 1年契約への移行割引やポイント付与を提案する / サポート加入キャンペーン: 初月無料のTechSupportを提案する / セキュリティ提案: OnlineSecurityの価値を説明し利用を促す
2925-UDF,Male,0,Yes,No,5,Yes,No,Fiber optic,Yes,No,No,No,Yes,No,One year,Yes,Electronic check,91.75,468.19,1,0.7936382450837263,High,月額料金が高い / 利用期間が短い / TechSupport未加入 / Electronic check利用 / Fiber optic利用で料金・品質不満の可能性,料金プラン見直し: 利用状況に合う低負担プランを提案する / オンボーディング強化: 初期活用サポートや利用定着メールを送る / サポート加入キャンペーン: 初月無料のTechSupportを提案する
6322-QRS,Male,0,Yes,No,13,Yes,No,Fiber optic,Yes,Yes,No,No,No,Yes,Month-to-month,No,Electronic check,52.3,689.94,1,0.7936237499816665,High,月額契約で解約しやすい / TechSupport未加入 / Electronic check利用 / Fiber optic利用で料金・品質不満の可能性,長期契約特典: 1年契約への移行割引やポイント付与を提案する / サポート加入キャンペーン: 初月無料のTechSupportを提案する / 支払い方法変更: 自動支払いへの変更特典を提案する
8277-EGP,Male,0,No,Yes,11,Yes,Yes,Fiber optic,No,Yes,Yes,No,Yes,No,Month-to-month,No,Mailed check,69.37,741.0,1,0.793412676295717,High,月額契約で解約しやすい / 利用期間が短い / TechSupport未加入 / OnlineSecurity未加入 / Fiber optic利用で料金・品質不満の可能性,長期契約特典: 1年契約への移行割引やポイント付与を提案する / オンボーディング強化: 初期活用サポートや利用定着メールを送る / サポート加入キャンペーン: 初月無料のTechSupportを提案する
7333-WLM,Female,0,No,Yes,4,Yes,Yes,Fiber optic,Yes,No,Yes,Yes,Yes,No,Month-to-month,No,Credit card (automatic),83.39,396.58,0,0.7932420571250578,High,月額契約で解約しやすい / 月額料金が高い / 利用期間が短い / Fiber optic利用で料金・品質不満の可能性,長期契約特典: 1年契約への移行割引やポイント付与を提案する / 料金プラン見直し: 利用状況に合う低負担プランを提案する / オンボーディング強化: 初期活用サポートや利用定着メールを送る
6602-CWO,Male,1,No,No,30,No,No phone service,Fiber optic,No,Yes,No,Yes,No,Yes,Month-to-month,No,Mailed check,84.07,2524.31,0,0.7932252642719045,High,月額契約で解約しやすい / 月額料金が高い / OnlineSecurity未加入 / Fiber optic利用で料金・品質不満の可能性,長期契約特典: 1年契約への移行割引やポイント付与を提案する / 料金プラン見直し: 利用状況に合う低負担プランを提案する / セキュリティ提案: OnlineSecurityの価値を説明し利用を促す
5976-MIY,Female,0,Yes,No,34,Yes,Yes,Fiber optic,No,Yes,Yes,No,No,No,Month-to-month,Yes,Electronic check,71.62,2466.63,1,0.7929691712433452,High,月額契約で解約しやすい / TechSupport未加入 / OnlineSecurity未加入 / Electronic check利用 / Fiber optic利用で料金・品質不満の可能性,長期契約特典: 1年契約への移行割引やポイント付与を提案する / サポート加入キャンペーン: 初月無料のTechSupportを提案する / セキュリティ提案: OnlineSecurityの価値を説明し利用を促す
2795-NST,Female,1,No,Yes,33,Yes,No,Fiber optic,No,No,No,Yes,Yes,Yes,Month-to-month,No,Electronic check,83.62,2742.91,1,0.7928801634944942,High,月額契約で解約しやすい / 月額料金が高い / OnlineSecurity未加入 / Electronic check利用 / Fiber optic利用で料金・品質不満の可能性,長期契約特典: 1年契約への移行割引やポイント付与を提案する / 料金プラン見直し: 利用状況に合う低負担プランを提案する / セキュリティ提案: OnlineSecurityの価値を説明し利用を促す
9945-EKT,Male,1,No,No,28,Yes,No,Fiber optic,No,Yes,No,No,Yes,Yes,One year,Yes,Electronic check,90.07,2484.23,0,0.7928306688434889,High,月額料金が高い / TechSupport未加入 / OnlineSecurity未加入 / Electronic check利用 / Fiber optic利用で料金・品質不満の可能性,料金プラン見直し: 利用状況に合う低負担プランを提案する / サポート加入キャンペーン: 初月無料のTechSupportを提案する / セキュリティ提案: OnlineSecurityの価値を説明し利用を促す
8575-VGZ,Male,0,Yes,Yes,6,Yes,No phone service,Fiber optic,Yes,Yes,Yes,Yes,Yes,Yes,Month-to-month,Yes,Bank transfer (automatic),54.81,248.09,1,0.7925935306363767,High,月額契約で解約しやすい / 利用期間が短い / Fiber optic利用で料金・品質不満の可能性,長期契約特典: 1年契約への移行割引やポイント付与を提案する / オンボーディング強化: 初期活用サポートや利用定着メールを送る / 満足度確認: 通信品質・料金への不満をヒアリングする
2497-LHP,Female,1,No,Yes,10,Yes,No,DSL,No,No,Yes,No,Yes,No,Month-to-month,No,Electronic check,60.59,556.15,1,0.7925796796626743,High,月額契約で解約しやすい / 利用期間が短い / TechSupport未加入 / OnlineSecurity未加入 / Electronic check利用,長期契約特典: 1年契約への移行割引やポイント付与を提案する / オンボーディング強化: 初期活用サポートや利用定着メールを送る / サポート加入キャンペーン: 初月無料のTechSupportを提案する
9822-WAW,Female,1,Yes,Yes,16,Yes,Yes,DSL,No,Yes,No,No,Yes,No,Month-to-month,Yes,Electronic check,60.51,962.24,1,0.7924272185399532,High,月額契約で解約しやすい / TechSupport未加入 / OnlineSecurity未加入 / Electronic check利用,長期契約特典: 1年契約への移行割引やポイント付与を提案する / サポート加入キャンペーン: 初月無料のTechSupportを提案する / セキュリティ提案: OnlineSecurityの価値を説明し利用を促す
6886-SYS,Male,0,No,No,21,No,No,Fiber optic,Yes,No,Yes,Yes,Yes,Yes,Month-to-month,Yes,Electronic check,70.72,1488.4,1,0.7923950893220257,High,月額契約で解約しやすい / Electronic check利用 / Fiber optic利用で料金・品質不満の可能性,長期契約特典: 1年契約への移行割引やポイント付与を提案する / 支払い方法変更: 自動支払いへの変更特典を提案する / 満足度確認: 通信品質・料金への不満をヒアリングする
2790-PCS,Male,1,Yes,No,24,Yes,Yes,DSL,No,Yes,No,No,No,Yes,Month-to-month,Yes,Electronic check,62.01,1500.85,0,0.7923796636004597,High,月額契約で解約しやすい / TechSupport未加入 / OnlineSecurity未加入 / Electronic check利用,長期契約特典: 1年契約への移行割引やポイント付与を提案する / サポート加入キャンペーン: 初月無料のTechSupportを提案する / セキュリティ提案: OnlineSecurityの価値を説明し利用を促す
6295-NPW,Male,0,No,No,30,Yes,No,Fiber optic,No,Yes,Yes,Yes,No,Yes,Month-to-month,No,Electronic check,86.22,2601.87,1,0.792049463525827,High,月額契約で解約しやすい / 月額料金が高い / OnlineSecurity未加入 / Electronic check利用 / Fiber optic利用で料金・品質不満の可能性,長期契約特典: 1年契約への移行割引やポイント付与を提案する / 料金プラン見直し: 利用状況に合う低負担プランを提案する / セキュリティ提案: OnlineSecurityの価値を説明し利用を促す
6430-MVQ,Male,0,Yes,Yes,11,Yes,No,Fiber optic,No,No,No,Yes,Yes,No,Month-to-month,No,Bank transfer (automatic),85.63,1007.42,1,0.7919457156087237,High,月額契約で解約しやすい / 月額料金が高い / 利用期間が短い / OnlineSecurity未加入 / Fiber optic利用で料金・品質不満の可能性,長期契約特典: 1年契約への移行割引やポイント付与を提案する / 料金プラン見直し: 利用状況に合う低負担プランを提案する / オンボーディング強化: 初期活用サポートや利用定着メールを送る
8059-TWD,Male,0,No,No,21,Yes,Yes,Fiber optic,Yes,Yes,No,No,No,Yes,Month-to-month,No,Electronic check,67.94,1392.89,1,0.7919029951381241,High,月額契約で解約しやすい / TechSupport未加入 / Electronic check利用 / Fiber optic利用で料金・品質不満の可能性,長期契約特典: 1年契約への移行割引やポイント付与を提案する / サポート加入キャンペーン: 初月無料のTechSupportを提案する / 支払い方法変更: 自動支払いへの変更特典を提案する
7493-NQS,Female,0,Yes,No,2,Yes,No,DSL,Yes,No,Yes,No,No,Yes,Month-to-month,Yes,Electronic check,53.5,125.24,0,0.7918419148350346,High,月額契約で解約しやすい / 利用期間が短い / TechSupport未加入 / Electronic check利用,長期契約特典: 1年契約への移行割引やポイント付与を提案する / オンボーディング強化: 初期活用サポートや利用定着メールを送る / サポート加入キャンペーン: 初月無料のTechSupportを提案する
6817-RUA,Male,0,Yes,No,22,Yes,Yes,Fiber optic,Yes,Yes,Yes,Yes,Yes,Yes,Month-to-month,Yes,Electronic check,78.78,1748.67,1,0.7916757197161101,High,月額契約で解約しやすい / 月額料金が高い / Electronic check利用 / Fiber optic利用で料金・品質不満の可能性,長期契約特典: 1年契約への移行割引やポイント付与を提案する / 料金プラン見直し: 利用状況に合う低負担プランを提案する / 支払い方法変更: 自動支払いへの変更特典を提案する
7839-DFH,Female,0,Yes,No,1,Yes,Yes,DSL,No,No,Yes,No,Yes,Yes,Month-to-month,No,Electronic check,50.34,79.19,1,0.7914438516080219,High,月額契約で解約しやすい / 利用期間が短い / TechSupport未加入 / OnlineSecurity未加入 / Electronic check利用,長期契約特典: 1年契約への移行割引やポイント付与を提案する / オンボーディング強化: 初期活用サポートや利用定着メールを送る / サポート加入キャンペーン: 初月無料のTechSupportを提案する
4289-CDW,Male,0,Yes,No,11,Yes,No,Fiber optic,No,Yes,No,Yes,Yes,No,One year,Yes,Electronic check,98.81,1030.78,1,0.7914279285852206,High,月額料金が高い / 利用期間が短い / OnlineSecurity未加入 / Electronic check利用 / Fiber optic利用で料金・品質不満の可能性,料金プラン見直し: 利用状況に合う低負担プランを提案する / オンボーディング強化: 初期活用サポートや利用定着メールを送る / セキュリティ提案: OnlineSecurityの価値を説明し利用を促す
8896-LDE,Male,0,No,No,21,Yes,No,Fiber optic,No,No,No,Yes,No,Yes,Month-to-month,No,Electronic check,63.15,1311.84,1,0.7910716118699502,High,月額契約で解約しやすい / OnlineSecurity未加入 / Electronic check利用 / Fiber optic利用で料金・品質不満の可能性,長期契約特典: 1年契約への移行割引やポイント付与を提案する / セキュリティ提案: OnlineSecurityの価値を説明し利用を促す / 支払い方法変更: 自動支払いへの変更特典を提案する
3344-PJH,Female,0,Yes,No,30,Yes,No,Fiber optic,Yes,Yes,Yes,No,Yes,Yes,Month-to-month,Yes,Electronic check,79.77,2396.85,1,0.7909054774379308,High,月額契約で解約しやすい / 月額料金が高い / TechSupport未加入 / Electronic check利用 / Fiber optic利用で料金・品質不満の可能性,長期契約特典: 1年契約への移行割引やポイント付与を提案する / 料金プラン見直し: 利用状況に合う低負担プランを提案する / サポート加入キャンペーン: 初月無料のTechSupportを提案する
5115-QXO,Male,1,Yes,No,6,Yes,No,Fiber optic,No,Yes,No,No,Yes,No,One year,No,Mailed check,94.98,517.95,1,0.7903028205816686,High,月額料金が高い / 利用期間が短い / TechSupport未加入 / OnlineSecurity未加入 / Fiber optic利用で料金・品質不満の可能性,料金プラン見直し: 利用状況に合う低負担プランを提案する / オンボーディング強化: 初期活用サポートや利用定着メールを送る / サポート加入キャンペーン: 初月無料のTechSupportを提案する
1652-WVN,Male,0,No,No,37,Yes,No phone service,Fiber optic,No,No,Yes,No,No,No,Month-to-month,Yes,Electronic check,63.73,2329.71,1,0.7902413665043163,High,月額契約で解約しやすい / TechSupport未加入 / OnlineSecurity未加入 / Electronic check利用 / Fiber optic利用で料金・品質不満の可能性,長期契約特典: 1年契約への移行割引やポイント付与を提案する / サポート加入キャンペーン: 初月無料のTechSupportを提案する / セキュリティ提案: OnlineSecurityの価値を説明し利用を促す
2129-CGI,Female,0,Yes,Yes,34,Yes,No,Fiber optic,No,Yes,No,No,No,No,Month-to-month,No,Electronic check,98.36,3330.92,1,0.7901040628191026,High,月額契約で解約しやすい / 月額料金が高い / TechSupport未加入 / OnlineSecurity未加入 / Electronic check利用,長期契約特典: 1年契約への移行割引やポイント付与を提案する / 料金プラン見直し: 利用状況に合う低負担プランを提案する / サポート加入キャンペーン: 初月無料のTechSupportを提案する
2871-FUM,Male,0,No,No,23,Yes,No,Fiber optic,Yes,No,No,Yes,Yes,Yes,Month-to-month,Yes,Electronic check,78.5,1791.14,0,0.7898010487744703,High,月額契約で解約しやすい / 月額料金が高い / Electronic check利用 / Fiber optic利用で料金・品質不満の可能性,長期契約特典: 1年契約への移行割引やポイント付与を提案する / 料金プラン見直し: 利用状況に合う低負担プランを提案する / 支払い方法変更: 自動支払いへの変更特典を提案する
5829-ZBV,Male,0,No,No,3,No,Yes,DSL,No,No,No,Yes,No,Yes,Month-to-month,No,Electronic check,62.84,200.52,1,0.7897211286445152,High,月額契約で解約しやすい / 利用期間が短い / OnlineSecurity未加入 / Electronic check利用,長期契約特典: 1年契約への移行割引やポイント付与を提案する / オンボーディング強化: 初期活用サポートや利用定着メールを送る / セキュリティ提案: OnlineSecurityの価値を説明し利用を促す
6768-DHO,Female,0,Yes,No,6,Yes,Yes,Fiber optic,Yes,No,No,Yes,No,No,Month-to-month,No,Electronic check,62.81,368.06,0,0.7894752660341745,High,月額契約で解約しやすい / 利用期間が短い / Electronic check利用 / Fiber optic利用で料金・品質不満の可能性,長期契約特典: 1年契約への移行割引やポイント付与を提案する / オンボーディング強化: 初期活用サポートや利用定着メールを送る / 支払い方法変更: 自動支払いへの変更特典を提案する
3503-QNX,Male,0,Yes,No,21,Yes,No,Fiber optic,No,Yes,Yes,No,No,No,Month-to-month,Yes,Mailed check,68.33,1412.65,0,0.7892467680159294,High,月額契約で解約しやすい / TechSupport未加入 / OnlineSecurity未加入 / Fiber optic利用で料金・品質不満の可能性,長期契約特典: 1年契約への移行割引やポイント付与を提案する / サポート加入キャンペーン: 初月無料のTechSupportを提案する / セキュリティ提案: OnlineSecurityの価値を説明し利用を促す
9664-NCQ,Female,0,Yes,No,9,Yes,No,DSL,No,Yes,No,No,Yes,Yes,Month-to-month,Yes,Bank transfer (automatic),71.24,633.63,1,0.7889297661069188,High,月額契約で解約しやすい / 利用期間が短い / TechSupport未加入 / OnlineSecurity未加入,長期契約特典: 1年契約への移行割引やポイント付与を提案する / オンボーディング強化: 初期活用サポートや利用定着メールを送る / サポート加入キャンペーン: 初月無料のTechSupportを提案する
6151-ZYT,Male,0,Yes,No,21,Yes,Yes,Fiber optic,Yes,No,No,Yes,Yes,Yes,Month-to-month,Yes,Electronic check,77.62,1647.63,0,0.7888683807121959,High,月額契約で解約しやすい / 月額料金が高い / Electronic check利用 / Fiber optic利用で料金・品質不満の可能性,長期契約特典: 1年契約への移行割引やポイント付与を提案する / 料金プラン見直し: 利用状況に合う低負担プランを提案する / 支払い方法変更: 自動支払いへの変更特典を提案する
6708-XIO,Male,0,No,No,14,No,Yes,Fiber optic,No,No,Yes,No,Yes,No,One year,Yes,Bank transfer (automatic),105.22,1480.26,0,0.7886483593425669,High,月額料金が高い / TechSupport未加入 / OnlineSecurity未加入 / Fiber optic利用で料金・品質不満の可能性,料金プラン見直し: 利用状況に合う低負担プランを提案する / サポート加入キャンペーン: 初月無料のTechSupportを提案する / セキュリティ提案: OnlineSecurityの価値を説明し利用を促す
2668-TII,Female,1,Yes,No,4,Yes,Yes,Fiber optic,Yes,No,No,No,No,Yes,One year,Yes,Credit card (automatic),70.41,258.64,1,0.7884289113093057,High,利用期間が短い / TechSupport未加入 / Fiber optic利用で料金・品質不満の可能性,オンボーディング強化: 初期活用サポートや利用定着メールを送る / サポート加入キャンペーン: 初月無料のTechSupportを提案する / 満足度確認: 通信品質・料金への不満をヒアリングする
1805-FIU,Male,0,Yes,No,18,Yes,No,Fiber optic,Yes,Yes,Yes,No,No,Yes,Month-to-month,No,Electronic check,61.68,1121.0,0,0.7883950834138335,High,月額契約で解約しやすい / TechSupport未加入 / Electronic check利用 / Fiber optic利用で料金・品質不満の可能性,長期契約特典: 1年契約への移行割引やポイント付与を提案する / サポート加入キャンペーン: 初月無料のTechSupportを提案する / 支払い方法変更: 自動支払いへの変更特典を提案する
4669-CBB,Female,1,Yes,No,13,Yes,No,DSL,No,Yes,Yes,Yes,No,Yes,Month-to-month,Yes,Electronic check,49.05,650.08,1,0.7883911521621417,High,月額契約で解約しやすい / OnlineSecurity未加入 / Electronic check利用,長期契約特典: 1年契約への移行割引やポイント付与を提案する / セキュリティ提案: OnlineSecurityの価値を説明し利用を促す / 支払い方法変更: 自動支払いへの変更特典を提案する
9040-XAX,Female,0,Yes,Yes,1,Yes,No phone service,DSL,Yes,Yes,No,No,No,No,Month-to-month,Yes,Bank transfer (automatic),74.73,84.63,0,0.7883774714985242,High,月額契約で解約しやすい / 利用期間が短い / TechSupport未加入,長期契約特典: 1年契約への移行割引やポイント付与を提案する / オンボーディング強化: 初期活用サポートや利用定着メールを送る / サポート加入キャンペーン: 初月無料のTechSupportを提案する
6501-OUH,Male,0,Yes,No,21,Yes,No,Fiber optic,Yes,No,No,No,No,No,Month-to-month,Yes,Mailed check,96.82,2016.41,1,0.7882500382998148,High,月額契約で解約しやすい / 月額料金が高い / TechSupport未加入 / Fiber optic利用で料金・品質不満の可能性,長期契約特典: 1年契約への移行割引やポイント付与を提案する / 料金プラン見直し: 利用状況に合う低負担プランを提案する / サポート加入キャンペーン: 初月無料のTechSupportを提案する
2784-JVI,Male,0,Yes,No,18,No,Yes,Fiber optic,Yes,Yes,No,No,No,No,Month-to-month,Yes,Bank transfer (automatic),74.94,1375.67,1,0.7881991226688346,High,月額契約で解約しやすい / TechSupport未加入 / Fiber optic利用で料金・品質不満の可能性,長期契約特典: 1年契約への移行割引やポイント付与を提案する / サポート加入キャンペーン: 初月無料のTechSupportを提案する / 満足度確認: 通信品質・料金への不満をヒアリングする
7617-SIX,Male,0,No,No,2,Yes,No,Fiber optic,Yes,No,Yes,No,No,No,One year,Yes,Electronic check,72.7,194.91,1,0.788135343187127,High,利用期間が短い / TechSupport未加入 / Electronic check利用 / Fiber optic利用で料金・品質不満の可能性,オンボーディング強化: 初期活用サポートや利用定着メールを送る / サポート加入キャンペーン: 初月無料のTechSupportを提案する / 支払い方法変更: 自動支払いへの変更特典を提案する
1045-LQB,Male,0,Yes,Yes,0,Yes,Yes,DSL,No,Yes,Yes,Yes,No,No,Month-to-month,Yes,Electronic check,54.91,0.0,0,0.7880375002138768,High,月額契約で解約しやすい / 利用期間が短い / OnlineSecurity未加入 / Electronic check利用,長期契約特典: 1年契約への移行割引やポイント付与を提案する / オンボーディング強化: 初期活用サポートや利用定着メールを送る / セキュリティ提案: OnlineSecurityの価値を説明し利用を促す
6572-XHY,Female,1,No,Yes,26,Yes,No,DSL,No,Yes,No,No,No,Yes,Month-to-month,Yes,Electronic check,65.04,1679.43,1,0.7877730109298444,High,月額契約で解約しやすい / TechSupport未加入 / OnlineSecurity未加入 / Electronic check利用,長期契約特典: 1年契約への移行割引やポイント付与を提案する / サポート加入キャンペーン: 初月無料のTechSupportを提案する / セキュリティ提案: OnlineSecurityの価値を説明し利用を促す
6376-VED,Male,0,No,No,13,Yes,No,Fiber optic,No,No,Yes,No,No,No,One year,No,Electronic check,95.27,1230.64,0,0.7873756600004685,High,月額料金が高い / TechSupport未加入 / OnlineSecurity未加入 / Electronic check利用 / Fiber optic利用で料金・品質不満の可能性,料金プラン見直し: 利用状況に合う低負担プランを提案する / サポート加入キャンペーン: 初月無料のTechSupportを提案する / セキュリティ提案: OnlineSecurityの価値を説明し利用を促す
4596-QYQ,Male,0,Yes,No,7,Yes,No,DSL,Yes,No,No,No,Yes,No,Month-to-month,Yes,Electronic check,78.74,540.8,0,0.787273638595074,High,月額契約で解約しやすい / 月額料金が高い / 利用期間が短い / TechSupport未加入 / Electronic check利用,長期契約特典: 1年契約への移行割引やポイント付与を提案する / 料金プラン見直し: 利用状況に合う低負担プランを提案する / オンボーディング強化: 初期活用サポートや利用定着メールを送る
9604-LTK,Male,1,No,No,39,Yes,No,Fiber optic,Yes,No,No,No,No,Yes,Month-to-month,Yes,Electronic check,73.08,2855.32,1,0.787247463541359,High,月額契約で解約しやすい / TechSupport未加入 / Electronic check利用 / Fiber optic利用で料金・品質不満の可能性,長期契約特典: 1年契約への移行割引やポイント付与を提案する / サポート加入キャンペーン: 初月無料のTechSupportを提案する / 支払い方法変更: 自動支払いへの変更特典を提案する
8205-JND,Female,0,Yes,No,42,Yes,No,Fiber optic,No,Yes,No,No,No,Yes,Month-to-month,Yes,Electronic check,81.89,3427.04,1,0.787186741250183,High,月額契約で解約しやすい / 月額料金が高い / TechSupport未加入 / OnlineSecurity未加入 / Electronic check利用,長期契約特典: 1年契約への移行割引やポイント付与を提案する / 料金プラン見直し: 利用状況に合う低負担プランを提案する / サポート加入キャンペーン: 初月無料のTechSupportを提案する
2467-MIV,Female,0,Yes,Yes,19,Yes,No,Fiber optic,Yes,No,No,No,No,No,Month-to-month,No,Electronic check,81.72,1547.67,1,0.787146532179321,High,月額契約で解約しやすい / 月額料金が高い / TechSupport未加入 / Electronic check利用 / Fiber optic利用で料金・品質不満の可能性,長期契約特典: 1年契約への移行割引やポイント付与を提案する / 料金プラン見直し: 利用状況に合う低負担プランを提案する / サポート加入キャンペーン: 初月無料のTechSupportを提案する
9303-FEZ,Female,0,No,No,3,Yes,No,DSL,No,Yes,No,No,No,Yes,Month-to-month,No,Bank transfer (automatic),65.7,223.17,0,0.7870649767683517,High,月額契約で解約しやすい / 利用期間が短い / TechSupport未加入 / OnlineSecurity未加入,長期契約特典: 1年契約への移行割引やポイント付与を提案する / オンボーディング強化: 初期活用サポートや利用定着メールを送る / サポート加入キャンペーン: 初月無料のTechSupportを提案する
1124-YKT,Male,0,No,Yes,23,Yes,No phone service,Fiber optic,No,Yes,No,No,Yes,No,Month-to-month,No,Bank transfer (automatic),78.73,1810.3,1,0.7868752053337312,High,月額契約で解約しやすい / 月額料金が高い / TechSupport未加入 / OnlineSecurity未加入 / Fiber optic利用で料金・品質不満の可能性,長期契約特典: 1年契約への移行割引やポイント付与を提案する / 料金プラン見直し: 利用状況に合う低負担プランを提案する / サポート加入キャンペーン: 初月無料のTechSupportを提案する
9123-VYF,Female,0,Yes,No,31,Yes,No,Fiber optic,No,No,No,No,No,Yes,Month-to-month,Yes,Credit card (automatic),73.14,2237.25,1,0.7862639788779194,High,月額契約で解約しやすい / TechSupport未加入 / OnlineSecurity未加入 / Fiber optic利用で料金・品質不満の可能性,長期契約特典: 1年契約への移行割引やポイント付与を提案する / サポート加入キャンペーン: 初月無料のTechSupportを提案する / セキュリティ提案: OnlineSecurityの価値を説明し利用を促す
8523-HQB,Female,0,No,Yes,34,Yes,No,Fiber optic,No,No,Yes,No,Yes,No,Month-to-month,Yes,Bank transfer (automatic),102.35,3485.58,0,0.7860791134033339,High,月額契約で解約しやすい / 月額料金が高い / TechSupport未加入 / OnlineSecurity未加入 / Fiber optic利用で料金・品質不満の可能性,長期契約特典: 1年契約への移行割引やポイント付与を提案する / 料金プラン見直し: 利用状況に合う低負担プランを提案する / サポート加入キャンペーン: 初月無料のTechSupportを提案する
8116-TXH,Male,0,Yes,No,18,Yes,Yes,Fiber optic,Yes,No,No,No,No,Yes,Month-to-month,Yes,Bank transfer (automatic),67.98,1211.66,0,0.7858813574799587,High,月額契約で解約しやすい / TechSupport未加入 / Fiber optic利用で料金・品質不満の可能性,長期契約特典: 1年契約への移行割引やポイント付与を提案する / サポート加入キャンペーン: 初月無料のTechSupportを提案する / 満足度確認: 通信品質・料金への不満をヒアリングする
5587-IKF,Female,0,No,No,27,Yes,No,Fiber optic,Yes,Yes,No,No,No,No,Month-to-month,No,Electronic check,91.25,2399.73,1,0.7857919709445306,High,月額契約で解約しやすい / 月額料金が高い / TechSupport未加入 / Electronic check利用 / Fiber optic利用で料金・品質不満の可能性,長期契約特典: 1年契約への移行割引やポイント付与を提案する / 料金プラン見直し: 利用状況に合う低負担プランを提案する / サポート加入キャンペーン: 初月無料のTechSupportを提案する
1785-MXI,Female,0,Yes,No,13,No,Yes,Fiber optic,No,Yes,No,No,No,No,Month-to-month,No,Credit card (automatic),51.15,696.04,1,0.7856658435801955,High,月額契約で解約しやすい / TechSupport未加入 / OnlineSecurity未加入 / Fiber optic利用で料金・品質不満の可能性,長期契約特典: 1年契約への移行割引やポイント付与を提案する / サポート加入キャンペーン: 初月無料のTechSupportを提案する / セキュリティ提案: OnlineSecurityの価値を説明し利用を促す
2200-TMY,Male,0,Yes,No,4,Yes,Yes,DSL,No,No,Yes,No,No,Yes,Month-to-month,Yes,Bank transfer (automatic),54.72,154.89,1,0.7855973608094884,High,月額契約で解約しやすい / 利用期間が短い / TechSupport未加入 / OnlineSecurity未加入,長期契約特典: 1年契約への移行割引やポイント付与を提案する / オンボーディング強化: 初期活用サポートや利用定着メールを送る / サポート加入キャンペーン: 初月無料のTechSupportを提案する
3377-SVC,Male,0,No,No,21,No,No,Fiber optic,No,Yes,Yes,Yes,No,No,Month-to-month,Yes,Mailed check,79.63,1732.28,1,0.78555805300503,High,月額契約で解約しやすい / 月額料金が高い / OnlineSecurity未加入 / Fiber optic利用で料金・品質不満の可能性,長期契約特典: 1年契約への移行割引やポイント付与を提案する / 料金プラン見直し: 利用状況に合う低負担プランを提案する / セキュリティ提案: OnlineSecurityの価値を説明し利用を促す
4653-YSS,Male,0,No,No,22,Yes,Yes,Fiber optic,Yes,Yes,No,No,Yes,No,Month-to-month,Yes,Electronic check,62.52,1390.3,1,0.7852745205505457,High,月額契約で解約しやすい / TechSupport未加入 / Electronic check利用 / Fiber optic利用で料金・品質不満の可能性,長期契約特典: 1年契約への移行割引やポイント付与を提案する / サポート加入キャンペーン: 初月無料のTechSupportを提案する / 支払い方法変更: 自動支払いへの変更特典を提案する
5219-WQG,Male,0,Yes,Yes,21,Yes,No,Fiber optic,No,Yes,No,No,Yes,Yes,Month-to-month,No,Bank transfer (automatic),77.45,1549.35,1,0.785225601414224,High,月額契約で解約しやすい / 月額料金が高い / TechSupport未加入 / OnlineSecurity未加入 / Fiber optic利用で料金・品質不満の可能性,長期契約特典: 1年契約への移行割引やポイント付与を提案する / 料金プラン見直し: 利用状況に合う低負担プランを提案する / サポート加入キャンペーン: 初月無料のTechSupportを提案する
5789-FXK,Male,0,Yes,No,6,No,No,DSL,Yes,Yes,No,No,Yes,No,Month-to-month,Yes,Electronic check,71.03,428.28,1,0.7851373769214198,High,月額契約で解約しやすい / 利用期間が短い / TechSupport未加入 / Electronic check利用,長期契約特典: 1年契約への移行割引やポイント付与を提案する / オンボーディング強化: 初期活用サポートや利用定着メールを送る / サポート加入キャンペーン: 初月無料のTechSupportを提案する
8584-JAJ,Male,1,No,No,11,Yes,No phone service,DSL,No,No,No,No,Yes,Yes,Month-to-month,Yes,Mailed check,48.85,532.06,1,0.7851323077659093,High,月額契約で解約しやすい / 利用期間が短い / TechSupport未加入 / OnlineSecurity未加入,長期契約特典: 1年契約への移行割引やポイント付与を提案する / オンボーディング強化: 初期活用サポートや利用定着メールを送る / サポート加入キャンペーン: 初月無料のTechSupportを提案する
5626-PWZ,Female,0,Yes,No,18,Yes,Yes,Fiber optic,Yes,Yes,No,No,No,No,Month-to-month,No,Credit card (automatic),92.17,1762.3,1,0.7849640285001963,High,月額契約で解約しやすい / 月額料金が高い / TechSupport未加入 / Fiber optic利用で料金・品質不満の可能性,長期契約特典: 1年契約への移行割引やポイント付与を提案する / 料金プラン見直し: 利用状況に合う低負担プランを提案する / サポート加入キャンペーン: 初月無料のTechSupportを提案する
4130-GCN,Male,0,No,No,35,Yes,No,Fiber optic,No,Yes,No,No,Yes,Yes,Month-to-month,Yes,Bank transfer (automatic),86.91,3031.26,1,0.7848396515002983,High,月額契約で解約しやすい / 月額料金が高い / TechSupport未加入 / OnlineSecurity未加入 / Fiber optic利用で料金・品質不満の可能性,長期契約特典: 1年契約への移行割引やポイント付与を提案する / 料金プラン見直し: 利用状況に合う低負担プランを提案する / サポート加入キャンペーン: 初月無料のTechSupportを提案する
9664-NMH,Male,0,No,Yes,11,No,No,Fiber optic,No,No,Yes,No,Yes,No,One year,No,Electronic check,95.8,1065.67,1,0.7845432213587994,High,月額料金が高い / 利用期間が短い / TechSupport未加入 / OnlineSecurity未加入 / Electronic check利用,料金プラン見直し: 利用状況に合う低負担プランを提案する / オンボーディング強化: 初期活用サポートや利用定着メールを送る / サポート加入キャンペーン: 初月無料のTechSupportを提案する
9533-IXE,Female,0,Yes,No,11,Yes,No,DSL,Yes,Yes,Yes,No,No,Yes,Month-to-month,Yes,Electronic check,70.54,807.56,1,0.7843941780246468,High,月額契約で解約しやすい / 利用期間が短い / TechSupport未加入 / Electronic check利用,長期契約特典: 1年契約への移行割引やポイント付与を提案する / オンボーディング強化: 初期活用サポートや利用定着メールを送る / サポート加入キャンペーン: 初月無料のTechSupportを提案する
6188-HJH,Male,1,No,No,24,Yes,No,Fiber optic,Yes,Yes,No,Yes,Yes,No,Month-to-month,Yes,Credit card (automatic),84.39,1989.26,0,0.7843842357302332,High,月額契約で解約しやすい / 月額料金が高い / Fiber optic利用で料金・品質不満の可能性,長期契約特典: 1年契約への移行割引やポイント付与を提案する / 料金プラン見直し: 利用状況に合う低負担プランを提案する / 満足度確認: 通信品質・料金への不満をヒアリングする
8135-SFB,Male,0,Yes,No,19,Yes,No,Fiber optic,No,Yes,No,No,Yes,No,Month-to-month,No,Mailed check,86.52,1697.04,0,0.7843283150594621,High,月額契約で解約しやすい / 月額料金が高い / TechSupport未加入 / OnlineSecurity未加入 / Fiber optic利用で料金・品質不満の可能性,長期契約特典: 1年契約への移行割引やポイント付与を提案する / 料金プラン見直し: 利用状況に合う低負担プランを提案する / サポート加入キャンペーン: 初月無料のTechSupportを提案する
2520-LJM,Female,0,No,No,20,Yes,No,Fiber optic,Yes,No,Yes,No,Yes,Yes,Month-to-month,Yes,Mailed check,80.26,1606.07,1,0.7842307463768884,High,月額契約で解約しやすい / 月額料金が高い / TechSupport未加入 / Fiber optic利用で料金・品質不満の可能性,長期契約特典: 1年契約への移行割引やポイント付与を提案する / 料金プラン見直し: 利用状況に合う低負担プランを提案する / サポート加入キャンペーン: 初月無料のTechSupportを提案する
6194-FMS,Male,1,Yes,No,1,No,Yes,DSL,Yes,No,No,No,Yes,Yes,Month-to-month,No,Electronic check,47.9,0.0,1,0.7841950092379422,High,月額契約で解約しやすい / 利用期間が短い / TechSupport未加入 / Electronic check利用,長期契約特典: 1年契約への移行割引やポイント付与を提案する / オンボーディング強化: 初期活用サポートや利用定着メールを送る / サポート加入キャンペーン: 初月無料のTechSupportを提案する
5998-YSP,Male,0,Yes,No,27,Yes,No,Fiber optic,Yes,No,No,Yes,No,Yes,Month-to-month,Yes,Credit card (automatic),108.68,2886.25,1,0.7840501199654488,High,月額契約で解約しやすい / 月額料金が高い / Fiber optic利用で料金・品質不満の可能性,長期契約特典: 1年契約への移行割引やポイント付与を提案する / 料金プラン見直し: 利用状況に合う低負担プランを提案する / 満足度確認: 通信品質・料金への不満をヒアリングする
9740-DHV,Male,1,No,No,5,Yes,No,DSL,Yes,Yes,No,No,No,Yes,Month-to-month,Yes,Bank transfer (automatic),53.08,209.75,1,0.7839537877138903,High,月額契約で解約しやすい / 利用期間が短い / TechSupport未加入,長期契約特典: 1年契約への移行割引やポイント付与を提案する / オンボーディング強化: 初期活用サポートや利用定着メールを送る / サポート加入キャンペーン: 初月無料のTechSupportを提案する
6890-HQK,Male,0,No,No,10,Yes,No,Fiber optic,No,No,No,No,No,Yes,One year,Yes,Mailed check,89.74,866.59,1,0.7838904667661907,High,月額料金が高い / 利用期間が短い / TechSupport未加入 / OnlineSecurity未加入 / Fiber optic利用で料金・品質不満の可能性,料金プラン見直し: 利用状況に合う低負担プランを提案する / オンボーディング強化: 初期活用サポートや利用定着メールを送る / サポート加入キャンペーン: 初月無料のTechSupportを提案する
8266-EZH,Female,0,No,Yes,5,No,No,DSL,No,Yes,Yes,Yes,Yes,Yes,Month-to-month,Yes,Bank transfer (automatic),74.75,374.9,0,0.7838041133088783,High,月額契約で解約しやすい / 利用期間が短い / OnlineSecurity未加入,長期契約特典: 1年契約への移行割引やポイント付与を提案する / オンボーディング強化: 初期活用サポートや利用定着メールを送る / セキュリティ提案: OnlineSecurityの価値を説明し利用を促す
4767-MXQ,Male,1,Yes,Yes,46,Yes,Yes,Fiber optic,No,Yes,Yes,No,Yes,Yes,Month-to-month,Yes,Electronic check,77.55,3590.94,1,0.7836994762581256,High,月額契約で解約しやすい / 月額料金が高い / TechSupport未加入 / OnlineSecurity未加入 / Electronic check利用,長期契約特典: 1年契約への移行割引やポイント付与を提案する / 料金プラン見直し: 利用状況に合う低負担プランを提案する / サポート加入キャンペーン: 初月無料のTechSupportを提案する
9137-ZKG,Male,0,Yes,No,10,Yes,No phone service,Fiber optic,Yes,No,Yes,Yes,Yes,Yes,Month-to-month,No,Bank transfer (automatic),76.68,779.03,1,0.783600346945854,High,月額契約で解約しやすい / 月額料金が高い / 利用期間が短い / Fiber optic利用で料金・品質不満の可能性,長期契約特典: 1年契約への移行割引やポイント付与を提案する / 料金プラン見直し: 利用状況に合う低負担プランを提案する / オンボーディング強化: 初期活用サポートや利用定着メールを送る
6225-XJN,Female,0,No,No,33,Yes,Yes,Fiber optic,No,Yes,Yes,Yes,No,No,Month-to-month,Yes,Electronic check,79.85,2618.55,1,0.7835834996084994,High,月額契約で解約しやすい / 月額料金が高い / OnlineSecurity未加入 / Electronic check利用 / Fiber optic利用で料金・品質不満の可能性,長期契約特典: 1年契約への移行割引やポイント付与を提案する / 料金プラン見直し: 利用状況に合う低負担プランを提案する / セキュリティ提案: OnlineSecurityの価値を説明し利用を促す
5825-PWX,Female,0,No,No,23,Yes,Yes,Fiber optic,Yes,Yes,Yes,Yes,Yes,No,Month-to-month,No,Electronic check,103.13,2368.95,1,0.7835654135429876,High,月額契約で解約しやすい / 月額料金が高い / Electronic check利用 / Fiber optic利用で料金・品質不満の可能性,長期契約特典: 1年契約への移行割引やポイント付与を提案する / 料金プラン見直し: 利用状況に合う低負担プランを提案する / 支払い方法変更: 自動支払いへの変更特典を提案する
1778-KWC,Female,0,Yes,Yes,35,No,No,Fiber optic,Yes,Yes,Yes,No,Yes,Yes,Month-to-month,Yes,Electronic check,93.87,3238.7,1,0.7834607160471339,High,月額契約で解約しやすい / 月額料金が高い / TechSupport未加入 / Electronic check利用 / Fiber optic利用で料金・品質不満の可能性,長期契約特典: 1年契約への移行割引やポイント付与を提案する / 料金プラン見直し: 利用状況に合う低負担プランを提案する / サポート加入キャンペーン: 初月無料のTechSupportを提案する
4594-NYR,Female,0,No,No,14,Yes,No phone service,DSL,No,Yes,Yes,No,No,Yes,Month-to-month,Yes,Electronic check,37.28,488.67,1,0.7832091986983644,High,月額契約で解約しやすい / TechSupport未加入 / OnlineSecurity未加入 / Electronic check利用,長期契約特典: 1年契約への移行割引やポイント付与を提案する / サポート加入キャンペーン: 初月無料のTechSupportを提案する / セキュリティ提案: OnlineSecurityの価値を説明し利用を促す
4738-EKK,Male,0,No,Yes,26,Yes,Yes,Fiber optic,No,Yes,No,Yes,Yes,Yes,Month-to-month,No,Electronic check,81.89,2143.31,0,0.7828980345891106,High,月額契約で解約しやすい / 月額料金が高い / OnlineSecurity未加入 / Electronic check利用 / Fiber optic利用で料金・品質不満の可能性,長期契約特典: 1年契約への移行割引やポイント付与を提案する / 料金プラン見直し: 利用状況に合う低負担プランを提案する / セキュリティ提案: OnlineSecurityの価値を説明し利用を促す
7460-PIO,Male,0,No,No,42,Yes,No,Fiber optic,No,Yes,No,No,No,No,Month-to-month,Yes,Electronic check,87.1,3686.87,1,0.7827347490328308,High,月額契約で解約しやすい / 月額料金が高い / TechSupport未加入 / OnlineSecurity未加入 / Electronic check利用,長期契約特典: 1年契約への移行割引やポイント付与を提案する / 料金プラン見直し: 利用状況に合う低負担プランを提案する / サポート加入キャンペーン: 初月無料のTechSupportを提案する
5645-PMI,Male,0,No,Yes,14,Yes,No,Fiber optic,No,Yes,No,No,Yes,No,Month-to-month,No,Mailed check,72.54,957.97,1,0.7826750150166742,High,月額契約で解約しやすい / TechSupport未加入 / OnlineSecurity未加入 / Fiber optic利用で料金・品質不満の可能性,長期契約特典: 1年契約への移行割引やポイント付与を提案する / サポート加入キャンペーン: 初月無料のTechSupportを提案する / セキュリティ提案: OnlineSecurityの価値を説明し利用を促す
4433-BNZ,Male,0,Yes,No,13,Yes,No,Fiber optic,No,No,No,No,Yes,No,One year,No,Electronic check,103.08,1380.5,1,0.7826617558805639,High,月額料金が高い / TechSupport未加入 / OnlineSecurity未加入 / Electronic check利用 / Fiber optic利用で料金・品質不満の可能性,料金プラン見直し: 利用状況に合う低負担プランを提案する / サポート加入キャンペーン: 初月無料のTechSupportを提案する / セキュリティ提案: OnlineSecurityの価値を説明し利用を促す
4163-ZIX,Male,0,No,No,10,Yes,Yes,Fiber optic,Yes,No,No,No,Yes,No,Month-to-month,No,Mailed check,83.89,841.18,1,0.7825263057589797,High,月額契約で解約しやすい / 月額料金が高い / 利用期間が短い / TechSupport未加入 / Fiber optic利用で料金・品質不満の可能性,長期契約特典: 1年契約への移行割引やポイント付与を提案する / 料金プラン見直し: 利用状況に合う低負担プランを提案する / オンボーディング強化: 初期活用サポートや利用定着メールを送る
3736-MQU,Female,1,No,No,7,Yes,No,DSL,No,Yes,Yes,No,Yes,Yes,Month-to-month,Yes,Mailed check,45.05,287.68,1,0.7824023603377545,High,月額契約で解約しやすい / 利用期間が短い / TechSupport未加入 / OnlineSecurity未加入,長期契約特典: 1年契約への移行割引やポイント付与を提案する / オンボーディング強化: 初期活用サポートや利用定着メールを送る / サポート加入キャンペーン: 初月無料のTechSupportを提案する
9720-ARJ,Male,0,Yes,No,25,Yes,No phone service,Fiber optic,Yes,No,No,No,No,No,Month-to-month,Yes,Electronic check,59.41,1524.29,1,0.7822802095846516,High,月額契約で解約しやすい / TechSupport未加入 / Electronic check利用 / Fiber optic利用で料金・品質不満の可能性,長期契約特典: 1年契約への移行割引やポイント付与を提案する / サポート加入キャンペーン: 初月無料のTechSupportを提案する / 支払い方法変更: 自動支払いへの変更特典を提案する
4493-NYH,Female,0,No,No,36,Yes,No,Fiber optic,No,No,Yes,No,Yes,Yes,Month-to-month,Yes,Credit card (automatic),85.09,3034.78,0,0.7822187942995066,High,月額契約で解約しやすい / 月額料金が高い / TechSupport未加入 / OnlineSecurity未加入 / Fiber optic利用で料金・品質不満の可能性,長期契約特典: 1年契約への移行割引やポイント付与を提案する / 料金プラン見直し: 利用状況に合う低負担プランを提案する / サポート加入キャンペーン: 初月無料のTechSupportを提案する
2943-DYV,Male,0,No,Yes,30,Yes,No,Fiber optic,No,Yes,Yes,No,Yes,No,Month-to-month,Yes,Credit card (automatic),82.61,2459.64,1,0.7820019050994406,High,月額契約で解約しやすい / 月額料金が高い / TechSupport未加入 / OnlineSecurity未加入 / Fiber optic利用で料金・品質不満の可能性,長期契約特典: 1年契約への移行割引やポイント付与を提案する / 料金プラン見直し: 利用状況に合う低負担プランを提案する / サポート加入キャンペーン: 初月無料のTechSupportを提案する
8844-YYP,Female,0,Yes,Yes,21,Yes,No,Fiber optic,No,No,No,Yes,No,Yes,Month-to-month,Yes,Credit card (automatic),68.77,1413.17,0,0.7814418919463303,High,月額契約で解約しやすい / OnlineSecurity未加入 / Fiber optic利用で料金・品質不満の可能性,長期契約特典: 1年契約への移行割引やポイント付与を提案する / セキュリティ提案: OnlineSecurityの価値を説明し利用を促す / 満足度確認: 通信品質・料金への不満をヒアリングする
3906-NSA,Female,0,No,No,21,Yes,Yes,Fiber optic,Yes,Yes,No,No,Yes,Yes,Month-to-month,Yes,Mailed check,81.2,1740.14,1,0.7813669630441967,High,月額契約で解約しやすい / 月額料金が高い / TechSupport未加入 / Fiber optic利用で料金・品質不満の可能性,長期契約特典: 1年契約への移行割引やポイント付与を提案する / 料金プラン見直し: 利用状況に合う低負担プランを提案する / サポート加入キャンペーン: 初月無料のTechSupportを提案する
8382-YHM,Female,0,No,Yes,11,No,No,Fiber optic,Yes,Yes,Yes,Yes,Yes,No,Month-to-month,No,Electronic check,71.21,756.48,0,0.7811207438157003,High,月額契約で解約しやすい / 利用期間が短い / Electronic check利用 / Fiber optic利用で料金・品質不満の可能性,長期契約特典: 1年契約への移行割引やポイント付与を提案する / オンボーディング強化: 初期活用サポートや利用定着メールを送る / 支払い方法変更: 自動支払いへの変更特典を提案する
4020-OWJ,Female,0,Yes,No,1,Yes,No,DSL,No,No,Yes,No,Yes,No,Month-to-month,No,Electronic check,54.54,49.18,1,0.780922018918009,High,月額契約で解約しやすい / 利用期間が短い / TechSupport未加入 / OnlineSecurity未加入 / Electronic check利用,長期契約特典: 1年契約への移行割引やポイント付与を提案する / オンボーディング強化: 初期活用サポートや利用定着メールを送る / サポート加入キャンペーン: 初月無料のTechSupportを提案する
1998-UPW,Female,0,Yes,Yes,2,Yes,No,DSL,No,No,Yes,No,Yes,No,Month-to-month,No,Electronic check,61.86,122.41,0,0.7807502929530357,High,月額契約で解約しやすい / 利用期間が短い / TechSupport未加入 / OnlineSecurity未加入 / Electronic check利用,長期契約特典: 1年契約への移行割引やポイント付与を提案する / オンボーディング強化: 初期活用サポートや利用定着メールを送る / サポート加入キャンペーン: 初月無料のTechSupportを提案する
9453-EOH,Female,0,No,No,36,Yes,No,Fiber optic,No,No,No,No,No,Yes,Month-to-month,No,Electronic check,79.18,2813.2,0,0.7806190217774008,High,月額契約で解約しやすい / 月額料金が高い / TechSupport未加入 / OnlineSecurity未加入 / Electronic check利用,長期契約特典: 1年契約への移行割引やポイント付与を提案する / 料金プラン見直し: 利用状況に合う低負担プランを提案する / サポート加入キャンペーン: 初月無料のTechSupportを提案する
9310-UGH,Female,0,No,Yes,0,Yes,Yes,Fiber optic,No,Yes,No,No,No,Yes,One year,No,Mailed check,84.05,0.0,1,0.7805080164036092,High,月額料金が高い / 利用期間が短い / TechSupport未加入 / OnlineSecurity未加入 / Fiber optic利用で料金・品質不満の可能性,料金プラン見直し: 利用状況に合う低負担プランを提案する / オンボーディング強化: 初期活用サポートや利用定着メールを送る / サポート加入キャンペーン: 初月無料のTechSupportを提案する
1575-EJC,Male,0,No,Yes,6,Yes,Yes,Fiber optic,No,Yes,Yes,No,Yes,Yes,One year,Yes,Credit card (automatic),72.49,414.38,1,0.7796999409345078,High,利用期間が短い / TechSupport未加入 / OnlineSecurity未加入 / Fiber optic利用で料金・品質不満の可能性,オンボーディング強化: 初期活用サポートや利用定着メールを送る / サポート加入キャンペーン: 初月無料のTechSupportを提案する / セキュリティ提案: OnlineSecurityの価値を説明し利用を促す
3801-BSH,Male,1,No,No,46,No,No,Fiber optic,No,Yes,No,No,No,No,Month-to-month,Yes,Electronic check,67.85,3168.41,1,0.7796191622329226,High,月額契約で解約しやすい / TechSupport未加入 / OnlineSecurity未加入 / Electronic check利用 / Fiber optic利用で料金・品質不満の可能性,長期契約特典: 1年契約への移行割引やポイント付与を提案する / サポート加入キャンペーン: 初月無料のTechSupportを提案する / セキュリティ提案: OnlineSecurityの価値を説明し利用を促す
4914-XQE,Male,0,No,Yes,3,Yes,Yes,DSL,Yes,Yes,No,No,No,Yes,Month-to-month,Yes,Electronic check,51.12,133.04,1,0.7794427954263816,High,月額契約で解約しやすい / 利用期間が短い / TechSupport未加入 / Electronic check利用,長期契約特典: 1年契約への移行割引やポイント付与を提案する / オンボーディング強化: 初期活用サポートや利用定着メールを送る / サポート加入キャンペーン: 初月無料のTechSupportを提案する
5903-JUV,Male,0,Yes,Yes,15,Yes,No,Fiber optic,No,Yes,Yes,No,No,Yes,Month-to-month,No,Mailed check,62.85,938.06,1,0.779182257672917,High,月額契約で解約しやすい / TechSupport未加入 / OnlineSecurity未加入 / Fiber optic利用で料金・品質不満の可能性,長期契約特典: 1年契約への移行割引やポイント付与を提案する / サポート加入キャンペーン: 初月無料のTechSupportを提案する / セキュリティ提案: OnlineSecurityの価値を説明し利用を促す
6137-FMH,Male,0,Yes,No,14,Yes,No phone service,DSL,No,No,No,No,No,Yes,Month-to-month,Yes,Bank transfer (automatic),66.87,938.99,0,0.7786625390918245,High,月額契約で解約しやすい / TechSupport未加入 / OnlineSecurity未加入,長期契約特典: 1年契約への移行割引やポイント付与を提案する / サポート加入キャンペーン: 初月無料のTechSupportを提案する / セキュリティ提案: OnlineSecurityの価値を説明し利用を促す
7169-GHS,Male,0,No,Yes,23,Yes,No,Fiber optic,No,Yes,Yes,Yes,Yes,Yes,Month-to-month,No,Electronic check,69.92,1613.33,0,0.7786109372355678,High,月額契約で解約しやすい / OnlineSecurity未加入 / Electronic check利用 / Fiber optic利用で料金・品質不満の可能性,長期契約特典: 1年契約への移行割引やポイント付与を提案する / セキュリティ提案: OnlineSecurityの価値を説明し利用を促す / 支払い方法変更: 自動支払いへの変更特典を提案する
3530-PHK,Male,0,Yes,No,27,Yes,No phone service,Fiber optic,Yes,Yes,No,No,No,Yes,Month-to-month,No,Electronic check,70.61,1864.82,1,0.7784791762168539,High,月額契約で解約しやすい / TechSupport未加入 / Electronic check利用 / Fiber optic利用で料金・品質不満の可能性,長期契約特典: 1年契約への移行割引やポイント付与を提案する / サポート加入キャンペーン: 初月無料のTechSupportを提案する / 支払い方法変更: 自動支払いへの変更特典を提案する
5247-SRS,Female,0,Yes,No,21,Yes,No,Fiber optic,No,No,Yes,Yes,Yes,Yes,Month-to-month,No,Bank transfer (automatic),89.47,1904.16,1,0.7784597278794687,High,月額契約で解約しやすい / 月額料金が高い / OnlineSecurity未加入 / Fiber optic利用で料金・品質不満の可能性,長期契約特典: 1年契約への移行割引やポイント付与を提案する / 料金プラン見直し: 利用状況に合う低負担プランを提案する / セキュリティ提案: OnlineSecurityの価値を説明し利用を促す
9330-CVZ,Female,0,Yes,Yes,13,Yes,Yes,Fiber optic,No,Yes,Yes,Yes,No,Yes,Month-to-month,No,Bank transfer (automatic),67.09,897.26,1,0.7784319454175436,High,月額契約で解約しやすい / OnlineSecurity未加入 / Fiber optic利用で料金・品質不満の可能性,長期契約特典: 1年契約への移行割引やポイント付与を提案する / セキュリティ提案: OnlineSecurityの価値を説明し利用を促す / 満足度確認: 通信品質・料金への不満をヒアリングする
7470-UWU,Female,0,No,No,0,Yes,No,Fiber optic,No,Yes,No,No,No,Yes,One year,Yes,Mailed check,59.93,0.0,1,0.7783396215947431,High,利用期間が短い / TechSupport未加入 / OnlineSecurity未加入 / Fiber optic利用で料金・品質不満の可能性,オンボーディング強化: 初期活用サポートや利用定着メールを送る / サポート加入キャンペーン: 初月無料のTechSupportを提案する / セキュリティ提案: OnlineSecurityの価値を説明し利用を促す
3262-YMV,Female,1,No,No,5,Yes,No,Fiber optic,No,Yes,No,Yes,Yes,Yes,One year,Yes,Credit card (automatic),60.64,296.73,1,0.7778740951029489,High,利用期間が短い / OnlineSecurity未加入 / Fiber optic利用で料金・品質不満の可能性,オンボーディング強化: 初期活用サポートや利用定着メールを送る / セキュリティ提案: OnlineSecurityの価値を説明し利用を促す / 満足度確認: 通信品質・料金への不満をヒアリングする
4727-BZQ,Female,0,No,Yes,12,Yes,Yes,Fiber optic,No,Yes,No,Yes,Yes,No,Month-to-month,Yes,Mailed check,64.81,800.7,0,0.7773702607415998,High,月額契約で解約しやすい / 利用期間が短い / OnlineSecurity未加入 / Fiber optic利用で料金・品質不満の可能性,長期契約特典: 1年契約への移行割引やポイント付与を提案する / オンボーディング強化: 初期活用サポートや利用定着メールを送る / セキュリティ提案: OnlineSecurityの価値を説明し利用を促す
5522-UHU,Female,1,No,No,20,Yes,No,Fiber optic,Yes,No,No,Yes,Yes,No,Month-to-month,Yes,Mailed check,84.51,1717.65,0,0.7771017304150059,High,月額契約で解約しやすい / 月額料金が高い / Fiber optic利用で料金・品質不満の可能性,長期契約特典: 1年契約への移行割引やポイント付与を提案する / 料金プラン見直し: 利用状況に合う低負担プランを提案する / 満足度確認: 通信品質・料金への不満をヒアリングする
7157-VGB,Male,0,No,No,6,Yes,Yes,Fiber optic,No,No,No,No,Yes,Yes,One year,Yes,Bank transfer (automatic),72.36,462.38,1,0.7768177255816922,High,利用期間が短い / TechSupport未加入 / OnlineSecurity未加入 / Fiber optic利用で料金・品質不満の可能性,オンボーディング強化: 初期活用サポートや利用定着メールを送る / サポート加入キャンペーン: 初月無料のTechSupportを提案する / セキュリティ提案: OnlineSecurityの価値を説明し利用を促す
8988-HHO,Female,0,No,No,31,Yes,No,Fiber optic,No,Yes,Yes,No,Yes,Yes,Month-to-month,No,Mailed check,100.64,3119.22,0,0.7765155785896795,High,月額契約で解約しやすい / 月額料金が高い / TechSupport未加入 / OnlineSecurity未加入 / Fiber optic利用で料金・品質不満の可能性,長期契約特典: 1年契約への移行割引やポイント付与を提案する / 料金プラン見直し: 利用状況に合う低負担プランを提案する / サポート加入キャンペーン: 初月無料のTechSupportを提案する
8984-FFZ,Male,0,No,No,6,Yes,Yes,DSL,No,No,Yes,No,No,Yes,Month-to-month,Yes,Credit card (automatic),48.21,235.39,0,0.7765126440351479,High,月額契約で解約しやすい / 利用期間が短い / TechSupport未加入 / OnlineSecurity未加入,長期契約特典: 1年契約への移行割引やポイント付与を提案する / オンボーディング強化: 初期活用サポートや利用定着メールを送る / サポート加入キャンペーン: 初月無料のTechSupportを提案する
2640-EOO,Female,0,Yes,No,30,No,Yes,Fiber optic,Yes,No,Yes,No,No,Yes,Month-to-month,Yes,Bank transfer (automatic),93.49,2853.26,0,0.7764117817778585,High,月額契約で解約しやすい / 月額料金が高い / TechSupport未加入 / Fiber optic利用で料金・品質不満の可能性,長期契約特典: 1年契約への移行割引やポイント付与を提案する / 料金プラン見直し: 利用状況に合う低負担プランを提案する / サポート加入キャンペーン: 初月無料のTechSupportを提案する
1519-NAG,Male,0,No,Yes,12,Yes,Yes,Fiber optic,Yes,No,No,No,No,No,Month-to-month,No,Credit card (automatic),75.04,933.49,0,0.7762395414865646,High,月額契約で解約しやすい / 月額料金が高い / 利用期間が短い / TechSupport未加入 / Fiber optic利用で料金・品質不満の可能性,長期契約特典: 1年契約への移行割引やポイント付与を提案する / 料金プラン見直し: 利用状況に合う低負担プランを提案する / オンボーディング強化: 初期活用サポートや利用定着メールを送る
6280-GID,Male,0,No,No,15,Yes,Yes,Fiber optic,No,No,No,No,Yes,No,One year,Yes,Electronic check,81.77,1190.3,1,0.7761407255956548,High,月額料金が高い / TechSupport未加入 / OnlineSecurity未加入 / Electronic check利用 / Fiber optic利用で料金・品質不満の可能性,料金プラン見直し: 利用状況に合う低負担プランを提案する / サポート加入キャンペーン: 初月無料のTechSupportを提案する / セキュリティ提案: OnlineSecurityの価値を説明し利用を促す
9093-CQM,Male,0,No,No,15,Yes,No phone service,Fiber optic,Yes,No,No,No,Yes,Yes,Month-to-month,No,Mailed check,73.05,1150.73,1,0.7751979894776007,High,月額契約で解約しやすい / TechSupport未加入 / Fiber optic利用で料金・品質不満の可能性,長期契約特典: 1年契約への移行割引やポイント付与を提案する / サポート加入キャンペーン: 初月無料のTechSupportを提案する / 満足度確認: 通信品質・料金への不満をヒアリングする
9284-QQE,Female,0,Yes,No,0,Yes,Yes,Fiber optic,No,Yes,Yes,Yes,No,Yes,One year,Yes,Bank transfer (automatic),71.17,0.0,0,0.7749988053173482,High,利用期間が短い / OnlineSecurity未加入 / Fiber optic利用で料金・品質不満の可能性,オンボーディング強化: 初期活用サポートや利用定着メールを送る / セキュリティ提案: OnlineSecurityの価値を説明し利用を促す / 満足度確認: 通信品質・料金への不満をヒアリングする
4178-YVC,Male,0,No,No,4,Yes,Yes,Fiber optic,Yes,No,Yes,Yes,Yes,No,Month-to-month,No,Mailed check,81.9,237.25,1,0.7748432378454306,High,月額契約で解約しやすい / 月額料金が高い / 利用期間が短い / Fiber optic利用で料金・品質不満の可能性,長期契約特典: 1年契約への移行割引やポイント付与を提案する / 料金プラン見直し: 利用状況に合う低負担プランを提案する / オンボーディング強化: 初期活用サポートや利用定着メールを送る
5867-SCS,Female,1,Yes,Yes,6,No,Yes,Fiber optic,No,Yes,Yes,Yes,Yes,Yes,One year,No,Electronic check,67.44,432.16,0,0.7747530565097783,High,利用期間が短い / OnlineSecurity未加入 / Electronic check利用 / Fiber optic利用で料金・品質不満の可能性,オンボーディング強化: 初期活用サポートや利用定着メールを送る / セキュリティ提案: OnlineSecurityの価値を説明し利用を促す / 支払い方法変更: 自動支払いへの変更特典を提案する
6379-CZI,Male,0,Yes,No,31,Yes,No phone service,Fiber optic,No,No,No,Yes,Yes,Yes,Month-to-month,Yes,Credit card (automatic),82.39,2598.29,0,0.7747367727294207,High,月額契約で解約しやすい / 月額料金が高い / OnlineSecurity未加入 / Fiber optic利用で料金・品質不満の可能性,長期契約特典: 1年契約への移行割引やポイント付与を提案する / 料金プラン見直し: 利用状況に合う低負担プランを提案する / セキュリティ提案: OnlineSecurityの価値を説明し利用を促す
3304-ZVI,Female,0,No,No,3,Yes,No,Fiber optic,Yes,Yes,No,No,Yes,Yes,One year,Yes,Electronic check,62.16,152.28,1,0.7745801748673574,High,利用期間が短い / TechSupport未加入 / Electronic check利用 / Fiber optic利用で料金・品質不満の可能性,オンボーディング強化: 初期活用サポートや利用定着メールを送る / サポート加入キャンペーン: 初月無料のTechSupportを提案する / 支払い方法変更: 自動支払いへの変更特典を提案する
8040-QLW,Male,0,Yes,No,8,Yes,Yes,Fiber optic,No,Yes,Yes,No,No,No,One year,No,Electronic check,79.03,637.75,1,0.774541545474622,High,月額料金が高い / 利用期間が短い / TechSupport未加入 / OnlineSecurity未加入 / Electronic check利用,料金プラン見直し: 利用状況に合う低負担プランを提案する / オンボーディング強化: 初期活用サポートや利用定着メールを送る / サポート加入キャンペーン: 初月無料のTechSupportを提案する
7928-XBK,Female,0,Yes,No,24,No,Yes,Fiber optic,No,Yes,Yes,Yes,Yes,No,Month-to-month,Yes,Bank transfer (automatic),81.79,1978.63,1,0.7743460925183265,High,月額契約で解約しやすい / 月額料金が高い / OnlineSecurity未加入 / Fiber optic利用で料金・品質不満の可能性,長期契約特典: 1年契約への移行割引やポイント付与を提案する / 料金プラン見直し: 利用状況に合う低負担プランを提案する / セキュリティ提案: OnlineSecurityの価値を説明し利用を促す
6305-WJA,Male,0,Yes,Yes,24,Yes,No,Fiber optic,Yes,No,No,No,No,No,Month-to-month,Yes,Electronic check,70.04,1720.9,1,0.7741708020631042,High,月額契約で解約しやすい / TechSupport未加入 / Electronic check利用 / Fiber optic利用で料金・品質不満の可能性,長期契約特典: 1年契約への移行割引やポイント付与を提案する / サポート加入キャンペーン: 初月無料のTechSupportを提案する / 支払い方法変更: 自動支払いへの変更特典を提案する
8956-HLX,Female,1,No,No,10,Yes,No,Fiber optic,Yes,Yes,No,No,Yes,Yes,One year,Yes,Mailed check,89.49,878.02,1,0.7741310945178375,High,月額料金が高い / 利用期間が短い / TechSupport未加入 / Fiber optic利用で料金・品質不満の可能性,料金プラン見直し: 利用状況に合う低負担プランを提案する / オンボーディング強化: 初期活用サポートや利用定着メールを送る / サポート加入キャンペーン: 初月無料のTechSupportを提案する
9592-XEM,Male,0,No,No,18,Yes,Yes,Fiber optic,Yes,Yes,Yes,Yes,Yes,Yes,Month-to-month,Yes,Bank transfer (automatic),79.23,1457.87,1,0.7738690380948956,High,月額契約で解約しやすい / 月額料金が高い / Fiber optic利用で料金・品質不満の可能性,長期契約特典: 1年契約への移行割引やポイント付与を提案する / 料金プラン見直し: 利用状況に合う低負担プランを提案する / 満足度確認: 通信品質・料金への不満をヒアリングする
3781-XWS,Male,0,No,No,9,Yes,Yes,Fiber optic,Yes,Yes,No,No,Yes,Yes,One year,Yes,Credit card (automatic),97.54,864.21,0,0.7738253908810878,High,月額料金が高い / 利用期間が短い / TechSupport未加入 / Fiber optic利用で料金・品質不満の可能性,料金プラン見直し: 利用状況に合う低負担プランを提案する / オンボーディング強化: 初期活用サポートや利用定着メールを送る / サポート加入キャンペーン: 初月無料のTechSupportを提案する
4140-RVN,Female,0,No,Yes,16,Yes,Yes,Fiber optic,No,Yes,No,No,Yes,Yes,One year,No,Electronic check,96.13,1565.1,1,0.7738196062858466,High,月額料金が高い / TechSupport未加入 / OnlineSecurity未加入 / Electronic check利用 / Fiber optic利用で料金・品質不満の可能性,料金プラン見直し: 利用状況に合う低負担プランを提案する / サポート加入キャンペーン: 初月無料のTechSupportを提案する / セキュリティ提案: OnlineSecurityの価値を説明し利用を促す
6747-TWZ,Male,0,No,Yes,48,Yes,No,Fiber optic,No,No,Yes,No,No,Yes,Month-to-month,Yes,Electronic check,97.7,4709.03,1,0.7737349597965847,High,月額契約で解約しやすい / 月額料金が高い / TechSupport未加入 / OnlineSecurity未加入 / Electronic check利用,長期契約特典: 1年契約への移行割引やポイント付与を提案する / 料金プラン見直し: 利用状況に合う低負担プランを提案する / サポート加入キャンペーン: 初月無料のTechSupportを提案する
4023-PGD,Male,0,No,No,9,Yes,No,DSL,No,Yes,Yes,No,No,No,Month-to-month,Yes,Electronic check,42.47,402.19,0,0.7737167398923114,High,月額契約で解約しやすい / 利用期間が短い / TechSupport未加入 / OnlineSecurity未加入 / Electronic check利用,長期契約特典: 1年契約への移行割引やポイント付与を提案する / オンボーディング強化: 初期活用サポートや利用定着メールを送る / サポート加入キャンペーン: 初月無料のTechSupportを提案する
9762-KQW,Female,1,No,No,39,No,No,Fiber optic,No,Yes,No,No,No,Yes,Month-to-month,Yes,Bank transfer (automatic),57.97,2230.34,0,0.7734004067285322,High,月額契約で解約しやすい / TechSupport未加入 / OnlineSecurity未加入 / Fiber optic利用で料金・品質不満の可能性,長期契約特典: 1年契約への移行割引やポイント付与を提案する / サポート加入キャンペーン: 初月無料のTechSupportを提案する / セキュリティ提案: OnlineSecurityの価値を説明し利用を促す
5780-HXU,Male,0,No,No,37,Yes,Yes,Fiber optic,Yes,No,Yes,No,No,Yes,Month-to-month,Yes,Electronic check,85.36,3187.39,1,0.7733595905479823,High,月額契約で解約しやすい / 月額料金が高い / TechSupport未加入 / Electronic check利用 / Fiber optic利用で料金・品質不満の可能性,長期契約特典: 1年契約への移行割引やポイント付与を提案する / 料金プラン見直し: 利用状況に合う低負担プランを提案する / サポート加入キャンペーン: 初月無料のTechSupportを提案する
2424-PPK,Male,0,Yes,No,29,Yes,No,Fiber optic,No,No,No,No,Yes,Yes,Month-to-month,Yes,Credit card (automatic),66.58,1926.08,1,0.7732383042773371,High,月額契約で解約しやすい / TechSupport未加入 / OnlineSecurity未加入 / Fiber optic利用で料金・品質不満の可能性,長期契約特典: 1年契約への移行割引やポイント付与を提案する / サポート加入キャンペーン: 初月無料のTechSupportを提案する / セキュリティ提案: OnlineSecurityの価値を説明し利用を促す
3900-ZSL,Male,0,Yes,Yes,4,Yes,No,Fiber optic,No,Yes,No,Yes,Yes,No,Month-to-month,Yes,Bank transfer (automatic),38.99,143.21,1,0.7731944878520286,High,月額契約で解約しやすい / 利用期間が短い / OnlineSecurity未加入 / Fiber optic利用で料金・品質不満の可能性,長期契約特典: 1年契約への移行割引やポイント付与を提案する / オンボーディング強化: 初期活用サポートや利用定着メールを送る / セキュリティ提案: OnlineSecurityの価値を説明し利用を促す
1360-AZY,Male,0,Yes,No,38,Yes,No,Fiber optic,No,Yes,Yes,No,No,No,Month-to-month,No,Electronic check,95.84,3661.82,1,0.7730918236333048,High,月額契約で解約しやすい / 月額料金が高い / TechSupport未加入 / OnlineSecurity未加入 / Electronic check利用,長期契約特典: 1年契約への移行割引やポイント付与を提案する / 料金プラン見直し: 利用状況に合う低負担プランを提案する / サポート加入キャンペーン: 初月無料のTechSupportを提案する
4203-CLE,Male,0,Yes,Yes,17,Yes,No,Fiber optic,Yes,No,No,No,Yes,Yes,Month-to-month,Yes,Bank transfer (automatic),69.04,1170.16,0,0.773043518747239,High,月額契約で解約しやすい / TechSupport未加入 / Fiber optic利用で料金・品質不満の可能性,長期契約特典: 1年契約への移行割引やポイント付与を提案する / サポート加入キャンペーン: 初月無料のTechSupportを提案する / 満足度確認: 通信品質・料金への不満をヒアリングする
5725-GJJ,Male,0,No,No,26,Yes,Yes,Fiber optic,Yes,Yes,No,No,Yes,No,Month-to-month,No,Electronic check,87.87,2244.02,1,0.7726855389865226,High,月額契約で解約しやすい / 月額料金が高い / TechSupport未加入 / Electronic check利用 / Fiber optic利用で料金・品質不満の可能性,長期契約特典: 1年契約への移行割引やポイント付与を提案する / 料金プラン見直し: 利用状況に合う低負担プランを提案する / サポート加入キャンペーン: 初月無料のTechSupportを提案する
3014-FJX,Male,0,Yes,No,7,Yes,Yes,DSL,Yes,Yes,Yes,No,No,Yes,Month-to-month,Yes,Electronic check,55.99,374.38,1,0.7726142397574192,High,月額契約で解約しやすい / 利用期間が短い / TechSupport未加入 / Electronic check利用,長期契約特典: 1年契約への移行割引やポイント付与を提案する / オンボーディング強化: 初期活用サポートや利用定着メールを送る / サポート加入キャンペーン: 初月無料のTechSupportを提案する
3043-CGZ,Female,0,No,No,24,Yes,Yes,Fiber optic,No,No,Yes,Yes,Yes,No,Month-to-month,Yes,Credit card (automatic),76.98,1796.16,1,0.7724152056209982,High,月額契約で解約しやすい / 月額料金が高い / OnlineSecurity未加入 / Fiber optic利用で料金・品質不満の可能性,長期契約特典: 1年契約への移行割引やポイント付与を提案する / 料金プラン見直し: 利用状況に合う低負担プランを提案する / セキュリティ提案: OnlineSecurityの価値を説明し利用を促す
8353-ABH,Female,0,Yes,No,9,Yes,No phone service,DSL,No,No,Yes,No,Yes,Yes,Month-to-month,Yes,Bank transfer (automatic),53.96,422.92,0,0.7723927870195012,High,月額契約で解約しやすい / 利用期間が短い / TechSupport未加入 / OnlineSecurity未加入,長期契約特典: 1年契約への移行割引やポイント付与を提案する / オンボーディング強化: 初期活用サポートや利用定着メールを送る / サポート加入キャンペーン: 初月無料のTechSupportを提案する
2081-TND,Female,1,Yes,No,20,Yes,Yes,DSL,No,Yes,Yes,No,No,No,Month-to-month,Yes,Electronic check,50.49,1017.3,0,0.7723070315442297,High,月額契約で解約しやすい / TechSupport未加入 / OnlineSecurity未加入 / Electronic check利用,長期契約特典: 1年契約への移行割引やポイント付与を提案する / サポート加入キャンペーン: 初月無料のTechSupportを提案する / セキュリティ提案: OnlineSecurityの価値を説明し利用を促す
5955-JFY,Female,0,No,Yes,1,Yes,No,Fiber optic,No,Yes,No,No,No,No,One year,Yes,Bank transfer (automatic),65.33,48.35,0,0.7721065580494986,High,利用期間が短い / TechSupport未加入 / OnlineSecurity未加入 / Fiber optic利用で料金・品質不満の可能性,オンボーディング強化: 初期活用サポートや利用定着メールを送る / サポート加入キャンペーン: 初月無料のTechSupportを提案する / セキュリティ提案: OnlineSecurityの価値を説明し利用を促す
8664-RKS,Female,0,No,Yes,21,Yes,No phone service,Fiber optic,No,No,Yes,No,Yes,No,Month-to-month,No,Bank transfer (automatic),66.73,1431.29,1,0.7720652602767495,High,月額契約で解約しやすい / TechSupport未加入 / OnlineSecurity未加入 / Fiber optic利用で料金・品質不満の可能性,長期契約特典: 1年契約への移行割引やポイント付与を提案する / サポート加入キャンペーン: 初月無料のTechSupportを提案する / セキュリティ提案: OnlineSecurityの価値を説明し利用を促す
8013-ILD,Male,0,Yes,No,7,No,No,DSL,No,Yes,No,No,No,Yes,Month-to-month,Yes,Bank transfer (automatic),52.8,399.52,1,0.7719204428259074,High,月額契約で解約しやすい / 利用期間が短い / TechSupport未加入 / OnlineSecurity未加入,長期契約特典: 1年契約への移行割引やポイント付与を提案する / オンボーディング強化: 初期活用サポートや利用定着メールを送る / サポート加入キャンペーン: 初月無料のTechSupportを提案する
6245-BYS,Female,0,No,No,3,Yes,No,DSL,No,No,No,No,Yes,No,Month-to-month,No,Credit card (automatic),71.31,221.64,1,0.7719070761873073,High,月額契約で解約しやすい / 利用期間が短い / TechSupport未加入 / OnlineSecurity未加入,長期契約特典: 1年契約への移行割引やポイント付与を提案する / オンボーディング強化: 初期活用サポートや利用定着メールを送る / サポート加入キャンペーン: 初月無料のTechSupportを提案する
3235-BLJ,Female,0,No,No,6,Yes,Yes,DSL,No,Yes,No,Yes,No,No,Month-to-month,No,Electronic check,71.93,443.39,1,0.7718755061159804,High,月額契約で解約しやすい / 利用期間が短い / OnlineSecurity未加入 / Electronic check利用,長期契約特典: 1年契約への移行割引やポイント付与を提案する / オンボーディング強化: 初期活用サポートや利用定着メールを送る / セキュリティ提案: OnlineSecurityの価値を説明し利用を促す
9749-ABZ,Male,1,Yes,No,38,Yes,No,Fiber optic,No,No,Yes,No,Yes,Yes,Month-to-month,No,Credit card (automatic),88.01,3351.31,1,0.7717327782833185,High,月額契約で解約しやすい / 月額料金が高い / TechSupport未加入 / OnlineSecurity未加入 / Fiber optic利用で料金・品質不満の可能性,長期契約特典: 1年契約への移行割引やポイント付与を提案する / 料金プラン見直し: 利用状況に合う低負担プランを提案する / サポート加入キャンペーン: 初月無料のTechSupportを提案する
5134-AOT,Male,0,Yes,No,13,Yes,No,Fiber optic,Yes,No,Yes,Yes,Yes,No,Month-to-month,Yes,Mailed check,89.8,1169.09,1,0.771706114387477,High,月額契約で解約しやすい / 月額料金が高い / Fiber optic利用で料金・品質不満の可能性,長期契約特典: 1年契約への移行割引やポイント付与を提案する / 料金プラン見直し: 利用状況に合う低負担プランを提案する / 満足度確認: 通信品質・料金への不満をヒアリングする
3753-WMR,Male,0,Yes,Yes,29,Yes,Yes,Fiber optic,Yes,Yes,No,No,No,No,Month-to-month,Yes,Electronic check,81.19,2368.56,1,0.7715710922109651,High,月額契約で解約しやすい / 月額料金が高い / TechSupport未加入 / Electronic check利用 / Fiber optic利用で料金・品質不満の可能性,長期契約特典: 1年契約への移行割引やポイント付与を提案する / 料金プラン見直し: 利用状況に合う低負担プランを提案する / サポート加入キャンペーン: 初月無料のTechSupportを提案する
1688-MRJ,Female,0,Yes,Yes,38,Yes,No phone service,Fiber optic,No,No,No,No,No,No,Month-to-month,Yes,Electronic check,69.09,2694.05,0,0.7715414402932619,High,月額契約で解約しやすい / TechSupport未加入 / OnlineSecurity未加入 / Electronic check利用 / Fiber optic利用で料金・品質不満の可能性,長期契約特典: 1年契約への移行割引やポイント付与を提案する / サポート加入キャンペーン: 初月無料のTechSupportを提案する / セキュリティ提案: OnlineSecurityの価値を説明し利用を促す
5407-JWJ,Male,0,No,Yes,0,Yes,Yes,DSL,No,No,No,No,Yes,No,Month-to-month,Yes,Credit card (automatic),51.75,0.0,1,0.771493272927098,High,月額契約で解約しやすい / 利用期間が短い / TechSupport未加入 / OnlineSecurity未加入,長期契約特典: 1年契約への移行割引やポイント付与を提案する / オンボーディング強化: 初期活用サポートや利用定着メールを送る / サポート加入キャンペーン: 初月無料のTechSupportを提案する
1293-MPH,Male,0,Yes,No,13,Yes,No,Fiber optic,Yes,No,No,No,Yes,No,Month-to-month,Yes,Credit card (automatic),59.07,742.53,0,0.7714696603045964,High,月額契約で解約しやすい / TechSupport未加入 / Fiber optic利用で料金・品質不満の可能性,長期契約特典: 1年契約への移行割引やポイント付与を提案する / サポート加入キャンペーン: 初月無料のTechSupportを提案する / 満足度確認: 通信品質・料金への不満をヒアリングする
8510-FSI,Male,1,Yes,No,21,Yes,Yes,Fiber optic,Yes,No,Yes,No,No,Yes,Month-to-month,No,Bank transfer (automatic),64.63,1334.83,0,0.7711636004620545,High,月額契約で解約しやすい / TechSupport未加入 / Fiber optic利用で料金・品質不満の可能性,長期契約特典: 1年契約への移行割引やポイント付与を提案する / サポート加入キャンペーン: 初月無料のTechSupportを提案する / 満足度確認: 通信品質・料金への不満をヒアリングする
2431-TQC,Female,1,No,Yes,31,Yes,Yes,Fiber optic,No,No,No,No,Yes,Yes,Month-to-month,No,Credit card (automatic),68.4,2119.13,1,0.7711487935310605,High,月額契約で解約しやすい / TechSupport未加入 / OnlineSecurity未加入 / Fiber optic利用で料金・品質不満の可能性,長期契約特典: 1年契約への移行割引やポイント付与を提案する / サポート加入キャンペーン: 初月無料のTechSupportを提案する / セキュリティ提案: OnlineSecurityの価値を説明し利用を促す
1748-FIV,Female,0,Yes,No,23,Yes,No,Fiber optic,No,Yes,Yes,No,Yes,No,One year,Yes,Electronic check,102.76,2360.37,0,0.7710183885655447,High,月額料金が高い / TechSupport未加入 / OnlineSecurity未加入 / Electronic check利用 / Fiber optic利用で料金・品質不満の可能性,料金プラン見直し: 利用状況に合う低負担プランを提案する / サポート加入キャンペーン: 初月無料のTechSupportを提案する / セキュリティ提案: OnlineSecurityの価値を説明し利用を促す
8052-HRK,Male,0,Yes,No,4,Yes,Yes,DSL,No,No,Yes,Yes,No,Yes,Month-to-month,Yes,Mailed check,75.39,296.85,1,0.7708761277936326,High,月額契約で解約しやすい / 月額料金が高い / 利用期間が短い / OnlineSecurity未加入,長期契約特典: 1年契約への移行割引やポイント付与を提案する / 料金プラン見直し: 利用状況に合う低負担プランを提案する / オンボーディング強化: 初期活用サポートや利用定着メールを送る
6046-VGF,Female,0,Yes,Yes,17,Yes,No,Fiber optic,No,Yes,Yes,No,No,Yes,One year,Yes,Electronic check,75.65,1190.3,1,0.7705146931472423,High,月額料金が高い / TechSupport未加入 / OnlineSecurity未加入 / Electronic check利用 / Fiber optic利用で料金・品質不満の可能性,料金プラン見直し: 利用状況に合う低負担プランを提案する / サポート加入キャンペーン: 初月無料のTechSupportを提案する / セキュリティ提案: OnlineSecurityの価値を説明し利用を促す
1125-MKB,Female,0,Yes,No,1,Yes,No,Fiber optic,Yes,Yes,Yes,Yes,Yes,No,One year,Yes,Electronic check,86.01,84.83,1,0.7704027014899058,High,月額料金が高い / 利用期間が短い / Electronic check利用 / Fiber optic利用で料金・品質不満の可能性,料金プラン見直し: 利用状況に合う低負担プランを提案する / オンボーディング強化: 初期活用サポートや利用定着メールを送る / 支払い方法変更: 自動支払いへの変更特典を提案する
8306-EWW,Male,0,No,No,9,Yes,No,Fiber optic,No,No,No,No,No,Yes,One year,Yes,Credit card (automatic),68.9,581.42,1,0.7703864915936784,High,利用期間が短い / TechSupport未加入 / OnlineSecurity未加入 / Fiber optic利用で料金・品質不満の可能性,オンボーディング強化: 初期活用サポートや利用定着メールを送る / サポート加入キャンペーン: 初月無料のTechSupportを提案する / セキュリティ提案: OnlineSecurityの価値を説明し利用を促す
8425-YHM,Female,0,Yes,No,13,Yes,No,Fiber optic,No,No,Yes,No,No,No,Month-to-month,No,Mailed check,60.03,833.78,1,0.7703675209703754,High,月額契約で解約しやすい / TechSupport未加入 / OnlineSecurity未加入 / Fiber optic利用で料金・品質不満の可能性,長期契約特典: 1年契約への移行割引やポイント付与を提案する / サポート加入キャンペーン: 初月無料のTechSupportを提案する / セキュリティ提案: OnlineSecurityの価値を説明し利用を促す
5457-CJJ,Male,0,No,No,2,Yes,No phone service,DSL,No,No,Yes,Yes,Yes,No,Month-to-month,Yes,Credit card (automatic),57.47,162.6,0,0.7699940206211897,High,月額契約で解約しやすい / 利用期間が短い / OnlineSecurity未加入,長期契約特典: 1年契約への移行割引やポイント付与を提案する / オンボーディング強化: 初期活用サポートや利用定着メールを送る / セキュリティ提案: OnlineSecurityの価値を説明し利用を促す
9428-KEV,Female,1,Yes,No,20,Yes,Yes,Fiber optic,No,Yes,Yes,Yes,No,No,Month-to-month,No,Bank transfer (automatic),63.35,1309.33,1,0.7699325211718463,High,月額契約で解約しやすい / OnlineSecurity未加入 / Fiber optic利用で料金・品質不満の可能性,長期契約特典: 1年契約への移行割引やポイント付与を提案する / セキュリティ提案: OnlineSecurityの価値を説明し利用を促す / 満足度確認: 通信品質・料金への不満をヒアリングする
7253-JVZ,Female,0,No,No,11,No,No,Fiber optic,No,Yes,No,Yes,No,Yes,One year,No,Electronic check,87.04,982.39,0,0.7699312344066664,High,月額料金が高い / 利用期間が短い / OnlineSecurity未加入 / Electronic check利用 / Fiber optic利用で料金・品質不満の可能性,料金プラン見直し: 利用状況に合う低負担プランを提案する / オンボーディング強化: 初期活用サポートや利用定着メールを送る / セキュリティ提案: OnlineSecurityの価値を説明し利用を促す
4761-UZR,Male,0,No,No,9,Yes,No,DSL,Yes,Yes,Yes,No,No,Yes,Month-to-month,Yes,Credit card (automatic),74.74,649.93,1,0.769837187308983,High,月額契約で解約しやすい / 利用期間が短い / TechSupport未加入,長期契約特典: 1年契約への移行割引やポイント付与を提案する / オンボーディング強化: 初期活用サポートや利用定着メールを送る / サポート加入キャンペーン: 初月無料のTechSupportを提案する
2984-HJQ,Female,0,No,No,29,Yes,No phone service,Fiber optic,Yes,No,Yes,Yes,Yes,No,Month-to-month,Yes,Electronic check,83.29,2411.0,1,0.7696612542438045,High,月額契約で解約しやすい / 月額料金が高い / Electronic check利用 / Fiber optic利用で料金・品質不満の可能性,長期契約特典: 1年契約への移行割引やポイント付与を提案する / 料金プラン見直し: 利用状況に合う低負担プランを提案する / 支払い方法変更: 自動支払いへの変更特典を提案する
7063-LQP,Male,0,Yes,No,19,Yes,No,Fiber optic,No,No,Yes,Yes,Yes,No,Month-to-month,Yes,Credit card (automatic),67.08,1268.06,1,0.7696214629454021,High,月額契約で解約しやすい / OnlineSecurity未加入 / Fiber optic利用で料金・品質不満の可能性,長期契約特典: 1年契約への移行割引やポイント付与を提案する / セキュリティ提案: OnlineSecurityの価値を説明し利用を促す / 満足度確認: 通信品質・料金への不満をヒアリングする
5200-TOS,Male,0,Yes,No,40,Yes,Yes,Fiber optic,No,Yes,Yes,No,No,Yes,Month-to-month,Yes,Bank transfer (automatic),94.31,3825.14,1,0.7693931637125856,High,月額契約で解約しやすい / 月額料金が高い / TechSupport未加入 / OnlineSecurity未加入 / Fiber optic利用で料金・品質不満の可能性,長期契約特典: 1年契約への移行割引やポイント付与を提案する / 料金プラン見直し: 利用状況に合う低負担プランを提案する / サポート加入キャンペーン: 初月無料のTechSupportを提案する
4185-LIK,Female,1,Yes,No,34,Yes,Yes,Fiber optic,No,Yes,No,No,Yes,No,Month-to-month,No,Mailed check,98.66,3387.48,0,0.7692314163255116,High,月額契約で解約しやすい / 月額料金が高い / TechSupport未加入 / OnlineSecurity未加入 / Fiber optic利用で料金・品質不満の可能性,長期契約特典: 1年契約への移行割引やポイント付与を提案する / 料金プラン見直し: 利用状況に合う低負担プランを提案する / サポート加入キャンペーン: 初月無料のTechSupportを提案する
4554-PAB,Female,0,No,Yes,27,Yes,Yes,Fiber optic,Yes,Yes,No,No,No,Yes,Month-to-month,Yes,Bank transfer (automatic),83.84,2330.88,0,0.7690346767841355,High,月額契約で解約しやすい / 月額料金が高い / TechSupport未加入 / Fiber optic利用で料金・品質不満の可能性,長期契約特典: 1年契約への移行割引やポイント付与を提案する / 料金プラン見直し: 利用状況に合う低負担プランを提案する / サポート加入キャンペーン: 初月無料のTechSupportを提案する
6000-TNT,Female,1,Yes,No,45,Yes,Yes,Fiber optic,No,Yes,No,No,No,Yes,Month-to-month,Yes,Mailed check,94.47,4259.91,0,0.7690000068561788,High,月額契約で解約しやすい / 月額料金が高い / TechSupport未加入 / OnlineSecurity未加入 / Fiber optic利用で料金・品質不満の可能性,長期契約特典: 1年契約への移行割引やポイント付与を提案する / 料金プラン見直し: 利用状況に合う低負担プランを提案する / サポート加入キャンペーン: 初月無料のTechSupportを提案する
5378-KDQ,Female,0,No,No,1,Yes,Yes,DSL,No,Yes,Yes,No,No,Yes,Month-to-month,No,Mailed check,60.92,24.46,1,0.7689927212731813,High,月額契約で解約しやすい / 利用期間が短い / TechSupport未加入 / OnlineSecurity未加入,長期契約特典: 1年契約への移行割引やポイント付与を提案する / オンボーディング強化: 初期活用サポートや利用定着メールを送る / サポート加入キャンペーン: 初月無料のTechSupportを提案する
2967-JJV,Female,1,Yes,Yes,41,Yes,Yes,Fiber optic,No,Yes,No,No,Yes,Yes,Month-to-month,Yes,Mailed check,92.99,3850.66,1,0.7685466672578254,High,月額契約で解約しやすい / 月額料金が高い / TechSupport未加入 / OnlineSecurity未加入 / Fiber optic利用で料金・品質不満の可能性,長期契約特典: 1年契約への移行割引やポイント付与を提案する / 料金プラン見直し: 利用状況に合う低負担プランを提案する / サポート加入キャンペーン: 初月無料のTechSupportを提案する
7658-VKH,Male,0,No,No,7,No,Yes,Fiber optic,No,Yes,No,No,Yes,Yes,One year,No,Electronic check,63.04,510.43,1,0.7681884372734499,High,利用期間が短い / TechSupport未加入 / OnlineSecurity未加入 / Electronic check利用 / Fiber optic利用で料金・品質不満の可能性,オンボーディング強化: 初期活用サポートや利用定着メールを送る / サポート加入キャンペーン: 初月無料のTechSupportを提案する / セキュリティ提案: OnlineSecurityの価値を説明し利用を促す
1144-KMO,Female,1,No,Yes,10,Yes,Yes,DSL,No,No,Yes,No,Yes,Yes,Month-to-month,Yes,Electronic check,21.49,205.54,1,0.7679614867673813,High,月額契約で解約しやすい / 利用期間が短い / TechSupport未加入 / OnlineSecurity未加入 / Electronic check利用,長期契約特典: 1年契約への移行割引やポイント付与を提案する / オンボーディング強化: 初期活用サポートや利用定着メールを送る / サポート加入キャンペーン: 初月無料のTechSupportを提案する
9148-AQG,Female,0,No,Yes,13,Yes,Yes,DSL,No,Yes,Yes,No,Yes,No,Month-to-month,Yes,Electronic check,59.1,772.46,0,0.7679489686246466,High,月額契約で解約しやすい / TechSupport未加入 / OnlineSecurity未加入 / Electronic check利用,長期契約特典: 1年契約への移行割引やポイント付与を提案する / サポート加入キャンペーン: 初月無料のTechSupportを提案する / セキュリティ提案: OnlineSecurityの価値を説明し利用を促す
8675-IFL,Female,0,Yes,No,10,Yes,Yes,Fiber optic,Yes,Yes,No,No,Yes,Yes,Month-to-month,No,Mailed check,69.26,654.57,0,0.7678554689495896,High,月額契約で解約しやすい / 利用期間が短い / TechSupport未加入 / Fiber optic利用で料金・品質不満の可能性,長期契約特典: 1年契約への移行割引やポイント付与を提案する / オンボーディング強化: 初期活用サポートや利用定着メールを送る / サポート加入キャンペーン: 初月無料のTechSupportを提案する
4822-QER,Male,0,Yes,No,8,Yes,Yes,Fiber optic,No,No,No,No,No,Yes,One year,No,Credit card (automatic),88.92,751.23,1,0.7675907925890594,High,月額料金が高い / 利用期間が短い / TechSupport未加入 / OnlineSecurity未加入 / Fiber optic利用で料金・品質不満の可能性,料金プラン見直し: 利用状況に合う低負担プランを提案する / オンボーディング強化: 初期活用サポートや利用定着メールを送る / サポート加入キャンペーン: 初月無料のTechSupportを提案する
8505-DRV,Female,0,Yes,No,19,Yes,No,DSL,No,Yes,Yes,No,No,No,Month-to-month,Yes,Electronic check,68.11,1201.85,0,0.7674152210469364,High,月額契約で解約しやすい / TechSupport未加入 / OnlineSecurity未加入 / Electronic check利用,長期契約特典: 1年契約への移行割引やポイント付与を提案する / サポート加入キャンペーン: 初月無料のTechSupportを提案する / セキュリティ提案: OnlineSecurityの価値を説明し利用を促す
6628-ZJH,Female,0,Yes,No,11,Yes,No phone service,Fiber optic,No,Yes,No,Yes,No,No,One year,No,Electronic check,91.94,1054.05,1,0.7674070679604481,High,月額料金が高い / 利用期間が短い / OnlineSecurity未加入 / Electronic check利用 / Fiber optic利用で料金・品質不満の可能性,料金プラン見直し: 利用状況に合う低負担プランを提案する / オンボーディング強化: 初期活用サポートや利用定着メールを送る / セキュリティ提案: OnlineSecurityの価値を説明し利用を促す
1243-VZN,Male,1,No,No,19,Yes,No,DSL,No,No,Yes,No,Yes,Yes,Month-to-month,Yes,Electronic check,37.67,715.3,0,0.7673344562652483,High,月額契約で解約しやすい / TechSupport未加入 / OnlineSecurity未加入 / Electronic check利用,長期契約特典: 1年契約への移行割引やポイント付与を提案する / サポート加入キャンペーン: 初月無料のTechSupportを提案する / セキュリティ提案: OnlineSecurityの価値を説明し利用を促す
3825-QLF,Male,0,No,No,42,No,No,Fiber optic,No,No,Yes,No,No,No,Month-to-month,Yes,Electronic check,76.74,3211.24,0,0.7673147361286056,High,月額契約で解約しやすい / 月額料金が高い / TechSupport未加入 / OnlineSecurity未加入 / Electronic check利用,長期契約特典: 1年契約への移行割引やポイント付与を提案する / 料金プラン見直し: 利用状況に合う低負担プランを提案する / サポート加入キャンペーン: 初月無料のTechSupportを提案する
2160-QTV,Male,0,No,No,41,Yes,No phone service,Fiber optic,No,No,No,No,No,No,Month-to-month,Yes,Electronic check,65.09,2725.87,1,0.7669506169540109,High,月額契約で解約しやすい / TechSupport未加入 / OnlineSecurity未加入 / Electronic check利用 / Fiber optic利用で料金・品質不満の可能性,長期契約特典: 1年契約への移行割引やポイント付与を提案する / サポート加入キャンペーン: 初月無料のTechSupportを提案する / セキュリティ提案: OnlineSecurityの価値を説明し利用を促す
8918-IXI,Female,0,No,No,21,No,No,DSL,No,No,No,No,No,Yes,Month-to-month,Yes,Electronic check,59.16,1234.97,1,0.7668170528771715,High,月額契約で解約しやすい / TechSupport未加入 / OnlineSecurity未加入 / Electronic check利用,長期契約特典: 1年契約への移行割引やポイント付与を提案する / サポート加入キャンペーン: 初月無料のTechSupportを提案する / セキュリティ提案: OnlineSecurityの価値を説明し利用を促す
6241-QQE,Female,0,No,No,13,No,No phone service,DSL,No,Yes,Yes,No,Yes,Yes,Month-to-month,No,Electronic check,48.78,621.72,0,0.7667402354109809,High,月額契約で解約しやすい / TechSupport未加入 / OnlineSecurity未加入 / Electronic check利用,長期契約特典: 1年契約への移行割引やポイント付与を提案する / サポート加入キャンペーン: 初月無料のTechSupportを提案する / セキュリティ提案: OnlineSecurityの価値を説明し利用を促す
4879-UHE,Female,0,No,No,25,Yes,No,Fiber optic,No,No,Yes,No,Yes,No,Month-to-month,Yes,Bank transfer (automatic),60.37,1515.5,1,0.7666459816372555,High,月額契約で解約しやすい / TechSupport未加入 / OnlineSecurity未加入 / Fiber optic利用で料金・品質不満の可能性,長期契約特典: 1年契約への移行割引やポイント付与を提案する / サポート加入キャンペーン: 初月無料のTechSupportを提案する / セキュリティ提案: OnlineSecurityの価値を説明し利用を促す
7727-ZOG,Male,0,No,Yes,25,Yes,Yes,Fiber optic,No,No,No,No,No,Yes,Month-to-month,No,Bank transfer (automatic),73.06,1781.73,1,0.7666108273991799,High,月額契約で解約しやすい / TechSupport未加入 / OnlineSecurity未加入 / Fiber optic利用で料金・品質不満の可能性,長期契約特典: 1年契約への移行割引やポイント付与を提案する / サポート加入キャンペーン: 初月無料のTechSupportを提案する / セキュリティ提案: OnlineSecurityの価値を説明し利用を促す
1850-PAU,Female,0,Yes,Yes,7,No,No,DSL,No,No,Yes,No,No,Yes,Month-to-month,No,Electronic check,51.84,392.72,0,0.7662478680713496,High,月額契約で解約しやすい / 利用期間が短い / TechSupport未加入 / OnlineSecurity未加入 / Electronic check利用,長期契約特典: 1年契約への移行割引やポイント付与を提案する / オンボーディング強化: 初期活用サポートや利用定着メールを送る / サポート加入キャンペーン: 初月無料のTechSupportを提案する
9721-KIG,Female,0,Yes,No,17,Yes,Yes,Fiber optic,No,Yes,Yes,Yes,No,No,Month-to-month,No,Mailed check,86.0,1465.07,0,0.7661334893754477,High,月額契約で解約しやすい / 月額料金が高い / OnlineSecurity未加入 / Fiber optic利用で料金・品質不満の可能性,長期契約特典: 1年契約への移行割引やポイント付与を提案する / 料金プラン見直し: 利用状況に合う低負担プランを提案する / セキュリティ提案: OnlineSecurityの価値を説明し利用を促す
5861-QHC,Male,0,No,No,22,Yes,No,Fiber optic,Yes,No,Yes,Yes,Yes,Yes,Month-to-month,Yes,Bank transfer (automatic),87.76,1851.19,0,0.7660087663559417,High,月額契約で解約しやすい / 月額料金が高い / Fiber optic利用で料金・品質不満の可能性,長期契約特典: 1年契約への移行割引やポイント付与を提案する / 料金プラン見直し: 利用状況に合う低負担プランを提案する / 満足度確認: 通信品質・料金への不満をヒアリングする
7236-XSP,Female,0,No,Yes,15,Yes,Yes,Fiber optic,Yes,No,No,Yes,Yes,No,Month-to-month,Yes,Mailed check,94.28,1407.93,1,0.7658074367792597,High,月額契約で解約しやすい / 月額料金が高い / Fiber optic利用で料金・品質不満の可能性,長期契約特典: 1年契約への移行割引やポイント付与を提案する / 料金プラン見直し: 利用状況に合う低負担プランを提案する / 満足度確認: 通信品質・料金への不満をヒアリングする
7245-CFS,Male,1,No,Yes,18,Yes,No phone service,Fiber optic,No,No,No,No,Yes,Yes,One year,No,Bank transfer (automatic),89.76,1576.62,0,0.765758259120486,High,月額料金が高い / TechSupport未加入 / OnlineSecurity未加入 / Fiber optic利用で料金・品質不満の可能性,料金プラン見直し: 利用状況に合う低負担プランを提案する / サポート加入キャンペーン: 初月無料のTechSupportを提案する / セキュリティ提案: OnlineSecurityの価値を説明し利用を促す
6777-WDL,Male,0,Yes,No,9,Yes,No,DSL,No,Yes,No,Yes,No,Yes,Month-to-month,Yes,Electronic check,52.46,414.78,1,0.7654650808414873,High,月額契約で解約しやすい / 利用期間が短い / OnlineSecurity未加入 / Electronic check利用,長期契約特典: 1年契約への移行割引やポイント付与を提案する / オンボーディング強化: 初期活用サポートや利用定着メールを送る / セキュリティ提案: OnlineSecurityの価値を説明し利用を促す
1541-KIA,Female,0,Yes,Yes,29,No,Yes,Fiber optic,No,No,No,No,No,Yes,Month-to-month,No,Credit card (automatic),82.39,2461.64,1,0.765405907599324,High,月額契約で解約しやすい / 月額料金が高い / TechSupport未加入 / OnlineSecurity未加入 / Fiber optic利用で料金・品質不満の可能性,長期契約特典: 1年契約への移行割引やポイント付与を提案する / 料金プラン見直し: 利用状況に合う低負担プランを提案する / サポート加入キャンペーン: 初月無料のTechSupportを提案する
1045-EQY,Male,0,No,No,21,Yes,Yes,Fiber optic,No,Yes,No,No,Yes,No,Month-to-month,Yes,Mailed check,58.26,1172.66,1,0.7652647335640587,High,月額契約で解約しやすい / TechSupport未加入 / OnlineSecurity未加入 / Fiber optic利用で料金・品質不満の可能性,長期契約特典: 1年契約への移行割引やポイント付与を提案する / サポート加入キャンペーン: 初月無料のTechSupportを提案する / セキュリティ提案: OnlineSecurityの価値を説明し利用を促す
5637-ZET,Female,0,Yes,Yes,32,Yes,Yes,Fiber optic,No,Yes,No,Yes,Yes,Yes,Month-to-month,Yes,Electronic check,73.62,2377.3,0,0.7651176007754915,High,月額契約で解約しやすい / OnlineSecurity未加入 / Electronic check利用 / Fiber optic利用で料金・品質不満の可能性,長期契約特典: 1年契約への移行割引やポイント付与を提案する / セキュリティ提案: OnlineSecurityの価値を説明し利用を促す / 支払い方法変更: 自動支払いへの変更特典を提案する
8301-LTA,Female,0,Yes,No,19,Yes,Yes,Fiber optic,No,No,No,No,No,No,Month-to-month,Yes,Mailed check,54.69,1072.42,0,0.7650231457959725,High,月額契約で解約しやすい / TechSupport未加入 / OnlineSecurity未加入 / Fiber optic利用で料金・品質不満の可能性,長期契約特典: 1年契約への移行割引やポイント付与を提案する / サポート加入キャンペーン: 初月無料のTechSupportを提案する / セキュリティ提案: OnlineSecurityの価値を説明し利用を促す
9426-MOE,Female,0,Yes,No,34,Yes,No,Fiber optic,No,Yes,No,No,No,No,Month-to-month,No,Electronic check,79.43,2683.09,0,0.764993718821752,High,月額契約で解約しやすい / 月額料金が高い / TechSupport未加入 / OnlineSecurity未加入 / Electronic check利用,長期契約特典: 1年契約への移行割引やポイント付与を提案する / 料金プラン見直し: 利用状況に合う低負担プランを提案する / サポート加入キャンペーン: 初月無料のTechSupportを提案する
3825-FUT,Female,1,No,No,12,Yes,No,Fiber optic,No,Yes,No,No,Yes,No,One year,Yes,Mailed check,76.24,927.13,1,0.76489818363998,High,月額料金が高い / 利用期間が短い / TechSupport未加入 / OnlineSecurity未加入 / Fiber optic利用で料金・品質不満の可能性,料金プラン見直し: 利用状況に合う低負担プランを提案する / オンボーディング強化: 初期活用サポートや利用定着メールを送る / サポート加入キャンペーン: 初月無料のTechSupportを提案する
8824-FXK,Male,1,No,No,33,Yes,Yes,Fiber optic,No,Yes,No,No,Yes,No,Month-to-month,Yes,Mailed check,67.24,2224.42,1,0.7648311396157816,High,月額契約で解約しやすい / TechSupport未加入 / OnlineSecurity未加入 / Fiber optic利用で料金・品質不満の可能性,長期契約特典: 1年契約への移行割引やポイント付与を提案する / サポート加入キャンペーン: 初月無料のTechSupportを提案する / セキュリティ提案: OnlineSecurityの価値を説明し利用を促す
7698-TJJ,Female,0,No,No,27,Yes,No,DSL,No,No,No,No,No,Yes,Month-to-month,Yes,Electronic check,77.8,2138.45,1,0.7648294025065743,High,月額契約で解約しやすい / 月額料金が高い / TechSupport未加入 / OnlineSecurity未加入 / Electronic check利用,長期契約特典: 1年契約への移行割引やポイント付与を提案する / 料金プラン見直し: 利用状況に合う低負担プランを提案する / サポート加入キャンペーン: 初月無料のTechSupportを提案する
7109-MGM,Female,1,No,No,49,Yes,Yes,Fiber optic,No,No,Yes,No,No,Yes,Month-to-month,Yes,Credit card (automatic),85.8,4185.67,1,0.7647520183373212,High,月額契約で解約しやすい / 月額料金が高い / TechSupport未加入 / OnlineSecurity未加入 / Fiber optic利用で料金・品質不満の可能性,長期契約特典: 1年契約への移行割引やポイント付与を提案する / 料金プラン見直し: 利用状況に合う低負担プランを提案する / サポート加入キャンペーン: 初月無料のTechSupportを提案する
3123-BSX,Male,0,No,No,39,Yes,No,Fiber optic,No,No,No,No,Yes,Yes,Month-to-month,Yes,Electronic check,63.83,2493.75,1,0.7647056824102785,High,月額契約で解約しやすい / TechSupport未加入 / OnlineSecurity未加入 / Electronic check利用 / Fiber optic利用で料金・品質不満の可能性,長期契約特典: 1年契約への移行割引やポイント付与を提案する / サポート加入キャンペーン: 初月無料のTechSupportを提案する / セキュリティ提案: OnlineSecurityの価値を説明し利用を促す
8974-FAM,Male,1,Yes,Yes,15,Yes,Yes,Fiber optic,No,Yes,No,No,Yes,No,One year,No,Electronic check,80.96,1145.15,0,0.7646993703754366,High,月額料金が高い / TechSupport未加入 / OnlineSecurity未加入 / Electronic check利用 / Fiber optic利用で料金・品質不満の可能性,料金プラン見直し: 利用状況に合う低負担プランを提案する / サポート加入キャンペーン: 初月無料のTechSupportを提案する / セキュリティ提案: OnlineSecurityの価値を説明し利用を促す
8444-FBP,Male,0,Yes,No,8,Yes,Yes,DSL,No,No,No,No,No,Yes,Month-to-month,Yes,Bank transfer (automatic),56.37,410.95,1,0.7645243139550485,High,月額契約で解約しやすい / 利用期間が短い / TechSupport未加入 / OnlineSecurity未加入,長期契約特典: 1年契約への移行割引やポイント付与を提案する / オンボーディング強化: 初期活用サポートや利用定着メールを送る / サポート加入キャンペーン: 初月無料のTechSupportを提案する
7705-EJZ,Male,0,Yes,Yes,10,No,No,DSL,No,No,No,No,No,Yes,Month-to-month,Yes,Mailed check,72.78,736.2,0,0.7640625541653758,High,月額契約で解約しやすい / 利用期間が短い / TechSupport未加入 / OnlineSecurity未加入,長期契約特典: 1年契約への移行割引やポイント付与を提案する / オンボーディング強化: 初期活用サポートや利用定着メールを送る / サポート加入キャンペーン: 初月無料のTechSupportを提案する
9235-JSO,Male,0,Yes,Yes,19,Yes,Yes,Fiber optic,No,Yes,No,No,No,Yes,One year,Yes,Electronic check,80.27,1462.86,1,0.7638917728511762,High,月額料金が高い / TechSupport未加入 / OnlineSecurity未加入 / Electronic check利用 / Fiber optic利用で料金・品質不満の可能性,料金プラン見直し: 利用状況に合う低負担プランを提案する / サポート加入キャンペーン: 初月無料のTechSupportを提案する / セキュリティ提案: OnlineSecurityの価値を説明し利用を促す
2987-BEF,Male,0,Yes,No,30,Yes,No,Fiber optic,No,No,No,No,Yes,No,Month-to-month,Yes,Bank transfer (automatic),79.42,2349.31,0,0.7638858621592767,High,月額契約で解約しやすい / 月額料金が高い / TechSupport未加入 / OnlineSecurity未加入 / Fiber optic利用で料金・品質不満の可能性,長期契約特典: 1年契約への移行割引やポイント付与を提案する / 料金プラン見直し: 利用状況に合う低負担プランを提案する / サポート加入キャンペーン: 初月無料のTechSupportを提案する
7410-JDX,Male,0,No,No,3,No,No phone service,DSL,No,No,Yes,No,Yes,No,Month-to-month,Yes,Bank transfer (automatic),39.95,118.21,0,0.7638208211337365,High,月額契約で解約しやすい / 利用期間が短い / TechSupport未加入 / OnlineSecurity未加入,長期契約特典: 1年契約への移行割引やポイント付与を提案する / オンボーディング強化: 初期活用サポートや利用定着メールを送る / サポート加入キャンペーン: 初月無料のTechSupportを提案する
9661-EKK,Female,1,No,No,41,Yes,Yes,Fiber optic,No,No,Yes,Yes,Yes,Yes,Month-to-month,Yes,Electronic check,63.95,2673.81,1,0.7636664202077932,High,月額契約で解約しやすい / OnlineSecurity未加入 / Electronic check利用 / Fiber optic利用で料金・品質不満の可能性,長期契約特典: 1年契約への移行割引やポイント付与を提案する / セキュリティ提案: OnlineSecurityの価値を説明し利用を促す / 支払い方法変更: 自動支払いへの変更特典を提案する
3587-YMV,Male,0,No,No,27,Yes,No phone service,Fiber optic,Yes,No,No,No,No,No,Month-to-month,No,Electronic check,71.53,1882.84,1,0.7635334465072708,High,月額契約で解約しやすい / TechSupport未加入 / Electronic check利用 / Fiber optic利用で料金・品質不満の可能性,長期契約特典: 1年契約への移行割引やポイント付与を提案する / サポート加入キャンペーン: 初月無料のTechSupportを提案する / 支払い方法変更: 自動支払いへの変更特典を提案する
2877-SJE,Female,0,Yes,Yes,19,Yes,No,Fiber optic,No,Yes,No,No,No,No,Month-to-month,No,Bank transfer (automatic),67.58,1307.98,1,0.7634828558131938,High,月額契約で解約しやすい / TechSupport未加入 / OnlineSecurity未加入 / Fiber optic利用で料金・品質不満の可能性,長期契約特典: 1年契約への移行割引やポイント付与を提案する / サポート加入キャンペーン: 初月無料のTechSupportを提案する / セキュリティ提案: OnlineSecurityの価値を説明し利用を促す
1175-EVF,Female,0,Yes,Yes,26,Yes,Yes,Fiber optic,Yes,No,Yes,No,Yes,Yes,Month-to-month,Yes,Bank transfer (automatic),88.45,2299.83,0,0.7633930681949523,High,月額契約で解約しやすい / 月額料金が高い / TechSupport未加入 / Fiber optic利用で料金・品質不満の可能性,長期契約特典: 1年契約への移行割引やポイント付与を提案する / 料金プラン見直し: 利用状況に合う低負担プランを提案する / サポート加入キャンペーン: 初月無料のTechSupportを提案する
7853-JSC,Male,0,No,Yes,33,Yes,Yes,Fiber optic,Yes,No,Yes,No,No,No,Month-to-month,Yes,Electronic check,85.9,2932.58,1,0.7633112461126454,High,月額契約で解約しやすい / 月額料金が高い / TechSupport未加入 / Electronic check利用 / Fiber optic利用で料金・品質不満の可能性,長期契約特典: 1年契約への移行割引やポイント付与を提案する / 料金プラン見直し: 利用状況に合う低負担プランを提案する / サポート加入キャンペーン: 初月無料のTechSupportを提案する
3384-RSP,Male,0,No,No,9,Yes,No,DSL,No,Yes,No,No,Yes,Yes,Month-to-month,Yes,Mailed check,65.01,540.58,0,0.7631953721880921,High,月額契約で解約しやすい / 利用期間が短い / TechSupport未加入 / OnlineSecurity未加入,長期契約特典: 1年契約への移行割引やポイント付与を提案する / オンボーディング強化: 初期活用サポートや利用定着メールを送る / サポート加入キャンペーン: 初月無料のTechSupportを提案する
3388-HKF,Female,0,Yes,Yes,15,Yes,No,Fiber optic,No,No,No,No,Yes,No,Month-to-month,No,Credit card (automatic),59.81,889.04,0,0.763149504122532,High,月額契約で解約しやすい / TechSupport未加入 / OnlineSecurity未加入 / Fiber optic利用で料金・品質不満の可能性,長期契約特典: 1年契約への移行割引やポイント付与を提案する / サポート加入キャンペーン: 初月無料のTechSupportを提案する / セキュリティ提案: OnlineSecurityの価値を説明し利用を促す
7871-QUT,Female,0,No,No,17,Yes,No,DSL,No,Yes,No,No,No,Yes,Month-to-month,Yes,Credit card (automatic),68.14,1126.81,1,0.7630378345357146,High,月額契約で解約しやすい / TechSupport未加入 / OnlineSecurity未加入,長期契約特典: 1年契約への移行割引やポイント付与を提案する / サポート加入キャンペーン: 初月無料のTechSupportを提案する / セキュリティ提案: OnlineSecurityの価値を説明し利用を促す
1745-RAV,Male,0,Yes,No,15,Yes,Yes,Fiber optic,No,Yes,No,No,Yes,Yes,One year,Yes,Bank transfer (automatic),92.3,1394.21,1,0.7628504110601793,High,月額料金が高い / TechSupport未加入 / OnlineSecurity未加入 / Fiber optic利用で料金・品質不満の可能性,料金プラン見直し: 利用状況に合う低負担プランを提案する / サポート加入キャンペーン: 初月無料のTechSupportを提案する / セキュリティ提案: OnlineSecurityの価値を説明し利用を促す
3974-IYN,Female,0,Yes,No,31,No,Yes,Fiber optic,No,No,No,No,Yes,No,Month-to-month,No,Electronic check,73.91,2271.76,0,0.7623046533277309,High,月額契約で解約しやすい / TechSupport未加入 / OnlineSecurity未加入 / Electronic check利用 / Fiber optic利用で料金・品質不満の可能性,長期契約特典: 1年契約への移行割引やポイント付与を提案する / サポート加入キャンペーン: 初月無料のTechSupportを提案する / セキュリティ提案: OnlineSecurityの価値を説明し利用を促す
7040-XQT,Female,0,No,No,46,Yes,No phone service,Fiber optic,No,Yes,Yes,No,No,No,Month-to-month,Yes,Electronic check,73.91,3422.02,1,0.7622367862059741,High,月額契約で解約しやすい / TechSupport未加入 / OnlineSecurity未加入 / Electronic check利用 / Fiber optic利用で料金・品質不満の可能性,長期契約特典: 1年契約への移行割引やポイント付与を提案する / サポート加入キャンペーン: 初月無料のTechSupportを提案する / セキュリティ提案: OnlineSecurityの価値を説明し利用を促す
5189-VQX,Male,0,No,No,4,Yes,No,DSL,Yes,No,No,No,Yes,Yes,Month-to-month,No,Electronic check,65.19,243.39,1,0.7621136755723538,High,月額契約で解約しやすい / 利用期間が短い / TechSupport未加入 / Electronic check利用,長期契約特典: 1年契約への移行割引やポイント付与を提案する / オンボーディング強化: 初期活用サポートや利用定着メールを送る / サポート加入キャンペーン: 初月無料のTechSupportを提案する
3872-OKB,Male,0,Yes,No,12,Yes,No,DSL,No,No,Yes,No,Yes,Yes,Month-to-month,Yes,Credit card (automatic),65.48,808.73,0,0.7620304414685062,High,月額契約で解約しやすい / 利用期間が短い / TechSupport未加入 / OnlineSecurity未加入,長期契約特典: 1年契約への移行割引やポイント付与を提案する / オンボーディング強化: 初期活用サポートや利用定着メールを送る / サポート加入キャンペーン: 初月無料のTechSupportを提案する
1240-TTX,Male,0,Yes,No,34,No,Yes,Fiber optic,No,Yes,Yes,Yes,No,No,Month-to-month,Yes,Electronic check,74.55,2525.25,1,0.7614639700762295,High,月額契約で解約しやすい / OnlineSecurity未加入 / Electronic check利用 / Fiber optic利用で料金・品質不満の可能性,長期契約特典: 1年契約への移行割引やポイント付与を提案する / セキュリティ提案: OnlineSecurityの価値を説明し利用を促す / 支払い方法変更: 自動支払いへの変更特典を提案する
3649-QFT,Female,0,Yes,No,30,Yes,Yes,Fiber optic,Yes,Yes,Yes,Yes,No,Yes,Month-to-month,Yes,Electronic check,81.73,2485.42,1,0.7613984709322115,High,月額契約で解約しやすい / 月額料金が高い / Electronic check利用 / Fiber optic利用で料金・品質不満の可能性,長期契約特典: 1年契約への移行割引やポイント付与を提案する / 料金プラン見直し: 利用状況に合う低負担プランを提案する / 支払い方法変更: 自動支払いへの変更特典を提案する
2040-KSV,Female,1,No,No,26,Yes,No phone service,Fiber optic,No,Yes,No,No,No,No,One year,Yes,Bank transfer (automatic),88.22,2320.14,0,0.7613972941893283,High,月額料金が高い / TechSupport未加入 / OnlineSecurity未加入 / Fiber optic利用で料金・品質不満の可能性,料金プラン見直し: 利用状況に合う低負担プランを提案する / サポート加入キャンペーン: 初月無料のTechSupportを提案する / セキュリティ提案: OnlineSecurityの価値を説明し利用を促す
5623-EFA,Male,0,No,No,5,Yes,Yes,DSL,Yes,No,No,No,No,No,Month-to-month,Yes,Electronic check,54.69,285.29,1,0.7613911977944887,High,月額契約で解約しやすい / 利用期間が短い / TechSupport未加入 / Electronic check利用,長期契約特典: 1年契約への移行割引やポイント付与を提案する / オンボーディング強化: 初期活用サポートや利用定着メールを送る / サポート加入キャンペーン: 初月無料のTechSupportを提案する
5506-WXK,Female,1,No,Yes,40,Yes,No,Fiber optic,Yes,Yes,No,No,No,Yes,Month-to-month,Yes,Bank transfer (automatic),93.56,3782.93,1,0.7609001140575135,High,月額契約で解約しやすい / 月額料金が高い / TechSupport未加入 / Fiber optic利用で料金・品質不満の可能性,長期契約特典: 1年契約への移行割引やポイント付与を提案する / 料金プラン見直し: 利用状況に合う低負担プランを提案する / サポート加入キャンペーン: 初月無料のTechSupportを提案する
8854-JRY,Female,0,No,No,26,Yes,No,Fiber optic,No,Yes,No,Yes,Yes,Yes,Month-to-month,Yes,Mailed check,78.75,2051.58,1,0.7605199072752702,High,月額契約で解約しやすい / 月額料金が高い / OnlineSecurity未加入 / Fiber optic利用で料金・品質不満の可能性,長期契約特典: 1年契約への移行割引やポイント付与を提案する / 料金プラン見直し: 利用状況に合う低負担プランを提案する / セキュリティ提案: OnlineSecurityの価値を説明し利用を促す
6077-HVP,Female,0,Yes,No,25,No,No phone service,DSL,No,No,Yes,No,Yes,Yes,Month-to-month,Yes,Electronic check,63.96,1602.75,1,0.7603968194037737,High,月額契約で解約しやすい / TechSupport未加入 / OnlineSecurity未加入 / Electronic check利用,長期契約特典: 1年契約への移行割引やポイント付与を提案する / サポート加入キャンペーン: 初月無料のTechSupportを提案する / セキュリティ提案: OnlineSecurityの価値を説明し利用を促す
2864-NHG,Male,0,No,No,4,Yes,No,Fiber optic,No,Yes,Yes,Yes,No,Yes,One year,Yes,Bank transfer (automatic),70.94,254.68,1,0.7603336059740633,High,利用期間が短い / OnlineSecurity未加入 / Fiber optic利用で料金・品質不満の可能性,オンボーディング強化: 初期活用サポートや利用定着メールを送る / セキュリティ提案: OnlineSecurityの価値を説明し利用を促す / 満足度確認: 通信品質・料金への不満をヒアリングする
4413-EKB,Male,0,No,Yes,22,Yes,Yes,Fiber optic,No,No,Yes,No,No,No,One year,Yes,Electronic check,94.49,2105.04,1,0.7602912111062329,High,月額料金が高い / TechSupport未加入 / OnlineSecurity未加入 / Electronic check利用 / Fiber optic利用で料金・品質不満の可能性,料金プラン見直し: 利用状況に合う低負担プランを提案する / サポート加入キャンペーン: 初月無料のTechSupportを提案する / セキュリティ提案: OnlineSecurityの価値を説明し利用を促す
3337-IUM,Male,0,No,No,33,No,No,Fiber optic,No,No,No,Yes,Yes,Yes,Month-to-month,No,Electronic check,84.21,2775.98,0,0.7596987822239707,High,月額契約で解約しやすい / 月額料金が高い / OnlineSecurity未加入 / Electronic check利用 / Fiber optic利用で料金・品質不満の可能性,長期契約特典: 1年契約への移行割引やポイント付与を提案する / 料金プラン見直し: 利用状況に合う低負担プランを提案する / セキュリティ提案: OnlineSecurityの価値を説明し利用を促す
4282-DHR,Male,0,Yes,No,43,Yes,Yes,Fiber optic,No,Yes,No,Yes,No,Yes,Month-to-month,Yes,Electronic check,94.25,4046.58,1,0.7594374226694809,High,月額契約で解約しやすい / 月額料金が高い / OnlineSecurity未加入 / Electronic check利用 / Fiber optic利用で料金・品質不満の可能性,長期契約特典: 1年契約への移行割引やポイント付与を提案する / 料金プラン見直し: 利用状況に合う低負担プランを提案する / セキュリティ提案: OnlineSecurityの価値を説明し利用を促す
6770-WSH,Male,0,No,No,5,Yes,Yes,Fiber optic,Yes,Yes,Yes,No,No,Yes,One year,Yes,Electronic check,56.48,249.12,1,0.7592700606748908,High,利用期間が短い / TechSupport未加入 / Electronic check利用 / Fiber optic利用で料金・品質不満の可能性,オンボーディング強化: 初期活用サポートや利用定着メールを送る / サポート加入キャンペーン: 初月無料のTechSupportを提案する / 支払い方法変更: 自動支払いへの変更特典を提案する
1681-IFN,Female,1,No,No,1,No,Yes,No,No internet service,No internet service,No internet service,No internet service,No internet service,No internet service,Month-to-month,Yes,Electronic check,35.67,0.0,0,0.7590743131558693,High,月額契約で解約しやすい / 利用期間が短い / Electronic check利用,長期契約特典: 1年契約への移行割引やポイント付与を提案する / オンボーディング強化: 初期活用サポートや利用定着メールを送る / 支払い方法変更: 自動支払いへの変更特典を提案する
8478-RMR,Male,1,No,Yes,34,Yes,No,Fiber optic,No,Yes,No,No,Yes,No,Month-to-month,Yes,Mailed check,73.19,2532.37,1,0.7589265185256227,High,月額契約で解約しやすい / TechSupport未加入 / OnlineSecurity未加入 / Fiber optic利用で料金・品質不満の可能性,長期契約特典: 1年契約への移行割引やポイント付与を提案する / サポート加入キャンペーン: 初月無料のTechSupportを提案する / セキュリティ提案: OnlineSecurityの価値を説明し利用を促す
6326-FWU,Male,0,No,No,7,Yes,Yes,DSL,No,No,Yes,Yes,No,No,Month-to-month,No,Electronic check,70.93,579.5,0,0.7588159569427533,High,月額契約で解約しやすい / 利用期間が短い / OnlineSecurity未加入 / Electronic check利用,長期契約特典: 1年契約への移行割引やポイント付与を提案する / オンボーディング強化: 初期活用サポートや利用定着メールを送る / セキュリティ提案: OnlineSecurityの価値を説明し利用を促す
8442-AAU,Female,0,No,No,13,Yes,No,DSL,No,Yes,No,Yes,No,Yes,Month-to-month,Yes,Credit card (automatic),74.61,914.89,1,0.7584822942823718,High,月額契約で解約しやすい / OnlineSecurity未加入,長期契約特典: 1年契約への移行割引やポイント付与を提案する / セキュリティ提案: OnlineSecurityの価値を説明し利用を促す
4255-LZB,Female,0,No,No,25,Yes,No,Fiber optic,Yes,No,No,No,Yes,No,Month-to-month,Yes,Credit card (automatic),80.11,1941.04,0,0.7583582892741076,High,月額契約で解約しやすい / 月額料金が高い / TechSupport未加入 / Fiber optic利用で料金・品質不満の可能性,長期契約特典: 1年契約への移行割引やポイント付与を提案する / 料金プラン見直し: 利用状況に合う低負担プランを提案する / サポート加入キャンペーン: 初月無料のTechSupportを提案する
2400-PJZ,Male,0,Yes,No,36,Yes,Yes,Fiber optic,No,Yes,No,Yes,No,Yes,Month-to-month,No,Electronic check,93.78,3370.88,1,0.7582805172152858,High,月額契約で解約しやすい / 月額料金が高い / OnlineSecurity未加入 / Electronic check利用 / Fiber optic利用で料金・品質不満の可能性,長期契約特典: 1年契約への移行割引やポイント付与を提案する / 料金プラン見直し: 利用状況に合う低負担プランを提案する / セキュリティ提案: OnlineSecurityの価値を説明し利用を促す
6938-RJQ,Female,0,No,No,12,No,Yes,DSL,No,No,No,No,No,Yes,Month-to-month,No,Credit card (automatic),72.18,848.93,1,0.7581862494493965,High,月額契約で解約しやすい / 利用期間が短い / TechSupport未加入 / OnlineSecurity未加入,長期契約特典: 1年契約への移行割引やポイント付与を提案する / オンボーディング強化: 初期活用サポートや利用定着メールを送る / サポート加入キャンペーン: 初月無料のTechSupportを提案する
1202-STK,Female,0,No,No,38,No,Yes,Fiber optic,Yes,Yes,No,No,Yes,No,Month-to-month,Yes,Electronic check,92.12,3445.01,0,0.7581346725029756,High,月額契約で解約しやすい / 月額料金が高い / TechSupport未加入 / Electronic check利用 / Fiber optic利用で料金・品質不満の可能性,長期契約特典: 1年契約への移行割引やポイント付与を提案する / 料金プラン見直し: 利用状況に合う低負担プランを提案する / サポート加入キャンペーン: 初月無料のTechSupportを提案する
2960-NGN,Male,0,No,No,24,Yes,Yes,Fiber optic,No,No,No,Yes,No,No,Month-to-month,Yes,Credit card (automatic),67.85,1670.19,0,0.758114024209241,High,月額契約で解約しやすい / OnlineSecurity未加入 / Fiber optic利用で料金・品質不満の可能性,長期契約特典: 1年契約への移行割引やポイント付与を提案する / セキュリティ提案: OnlineSecurityの価値を説明し利用を促す / 満足度確認: 通信品質・料金への不満をヒアリングする
2990-CCB,Female,0,Yes,No,31,Yes,Yes,Fiber optic,No,Yes,No,Yes,Yes,No,Month-to-month,Yes,Electronic check,72.47,2304.14,1,0.7576358929898953,High,月額契約で解約しやすい / OnlineSecurity未加入 / Electronic check利用 / Fiber optic利用で料金・品質不満の可能性,長期契約特典: 1年契約への移行割引やポイント付与を提案する / セキュリティ提案: OnlineSecurityの価値を説明し利用を促す / 支払い方法変更: 自動支払いへの変更特典を提案する
1924-YKA,Female,0,Yes,No,28,Yes,No,Fiber optic,Yes,Yes,Yes,No,No,Yes,Month-to-month,No,Electronic check,73.88,2085.5,0,0.757335792801464,High,月額契約で解約しやすい / TechSupport未加入 / Electronic check利用 / Fiber optic利用で料金・品質不満の可能性,長期契約特典: 1年契約への移行割引やポイント付与を提案する / サポート加入キャンペーン: 初月無料のTechSupportを提案する / 支払い方法変更: 自動支払いへの変更特典を提案する
6653-SJI,Male,0,No,No,11,No,No phone service,Fiber optic,No,No,Yes,No,Yes,No,One year,Yes,Credit card (automatic),68.41,712.81,1,0.757108533351083,High,利用期間が短い / TechSupport未加入 / OnlineSecurity未加入 / Fiber optic利用で料金・品質不満の可能性,オンボーディング強化: 初期活用サポートや利用定着メールを送る / サポート加入キャンペーン: 初月無料のTechSupportを提案する / セキュリティ提案: OnlineSecurityの価値を説明し利用を促す
9644-PUN,Male,0,Yes,No,6,Yes,Yes,Fiber optic,Yes,No,Yes,Yes,Yes,No,Month-to-month,No,Bank transfer (automatic),75.42,440.11,1,0.7570015655759936,High,月額契約で解約しやすい / 月額料金が高い / 利用期間が短い / Fiber optic利用で料金・品質不満の可能性,長期契約特典: 1年契約への移行割引やポイント付与を提案する / 料金プラン見直し: 利用状況に合う低負担プランを提案する / オンボーディング強化: 初期活用サポートや利用定着メールを送る
2492-SCO,Female,0,No,No,19,Yes,Yes,Fiber optic,No,No,Yes,Yes,No,Yes,Month-to-month,No,Mailed check,74.69,1419.65,0,0.7569322016612229,High,月額契約で解約しやすい / OnlineSecurity未加入 / Fiber optic利用で料金・品質不満の可能性,長期契約特典: 1年契約への移行割引やポイント付与を提案する / セキュリティ提案: OnlineSecurityの価値を説明し利用を促す / 満足度確認: 通信品質・料金への不満をヒアリングする
3294-CFL,Male,0,Yes,No,32,Yes,Yes,Fiber optic,No,No,Yes,No,No,Yes,Month-to-month,Yes,Mailed check,75.32,2372.01,0,0.756509205230159,High,月額契約で解約しやすい / 月額料金が高い / TechSupport未加入 / OnlineSecurity未加入 / Fiber optic利用で料金・品質不満の可能性,長期契約特典: 1年契約への移行割引やポイント付与を提案する / 料金プラン見直し: 利用状況に合う低負担プランを提案する / サポート加入キャンペーン: 初月無料のTechSupportを提案する
7947-ABV,Female,1,Yes,No,24,Yes,Yes,Fiber optic,No,No,Yes,No,No,Yes,One year,Yes,Bank transfer (automatic),87.1,2087.78,0,0.7564429694790478,High,月額料金が高い / TechSupport未加入 / OnlineSecurity未加入 / Fiber optic利用で料金・品質不満の可能性,料金プラン見直し: 利用状況に合う低負担プランを提案する / サポート加入キャンペーン: 初月無料のTechSupportを提案する / セキュリティ提案: OnlineSecurityの価値を説明し利用を促す
9756-EPU,Male,0,Yes,No,1,Yes,No phone service,DSL,Yes,Yes,No,No,Yes,No,Month-to-month,No,Electronic check,57.31,80.92,0,0.7563739430638857,High,月額契約で解約しやすい / 利用期間が短い / TechSupport未加入 / Electronic check利用,長期契約特典: 1年契約への移行割引やポイント付与を提案する / オンボーディング強化: 初期活用サポートや利用定着メールを送る / サポート加入キャンペーン: 初月無料のTechSupportを提案する
4392-AYG,Male,0,Yes,No,19,Yes,Yes,Fiber optic,Yes,Yes,No,No,No,Yes,Month-to-month,Yes,Bank transfer (automatic),55.25,1051.68,1,0.7563664268945132,High,月額契約で解約しやすい / TechSupport未加入 / Fiber optic利用で料金・品質不満の可能性,長期契約特典: 1年契約への移行割引やポイント付与を提案する / サポート加入キャンペーン: 初月無料のTechSupportを提案する / 満足度確認: 通信品質・料金への不満をヒアリングする
4178-UNR,Female,0,No,No,0,Yes,Yes,Fiber optic,Yes,No,No,Yes,No,No,Month-to-month,No,Mailed check,61.12,0.0,0,0.756297574614646,High,月額契約で解約しやすい / 利用期間が短い / Fiber optic利用で料金・品質不満の可能性,長期契約特典: 1年契約への移行割引やポイント付与を提案する / オンボーディング強化: 初期活用サポートや利用定着メールを送る / 満足度確認: 通信品質・料金への不満をヒアリングする
6741-MXB,Female,0,Yes,Yes,18,Yes,Yes,Fiber optic,No,Yes,No,No,Yes,No,Month-to-month,No,Mailed check,75.47,1298.96,1,0.7560346384088227,High,月額契約で解約しやすい / 月額料金が高い / TechSupport未加入 / OnlineSecurity未加入 / Fiber optic利用で料金・品質不満の可能性,長期契約特典: 1年契約への移行割引やポイント付与を提案する / 料金プラン見直し: 利用状況に合う低負担プランを提案する / サポート加入キャンペーン: 初月無料のTechSupportを提案する
8909-CGV,Female,0,Yes,No,19,Yes,No,DSL,No,Yes,No,No,Yes,Yes,Month-to-month,Yes,Electronic check,58.79,1110.03,1,0.7559336443999728,High,月額契約で解約しやすい / TechSupport未加入 / OnlineSecurity未加入 / Electronic check利用,長期契約特典: 1年契約への移行割引やポイント付与を提案する / サポート加入キャンペーン: 初月無料のTechSupportを提案する / セキュリティ提案: OnlineSecurityの価値を説明し利用を促す
6362-EGJ,Female,1,No,No,34,Yes,Yes,Fiber optic,No,No,Yes,Yes,No,No,Month-to-month,Yes,Credit card (automatic),68.23,2277.87,1,0.7558678285102453,High,月額契約で解約しやすい / OnlineSecurity未加入 / Fiber optic利用で料金・品質不満の可能性,長期契約特典: 1年契約への移行割引やポイント付与を提案する / セキュリティ提案: OnlineSecurityの価値を説明し利用を促す / 満足度確認: 通信品質・料金への不満をヒアリングする
5075-RNR,Female,0,No,Yes,40,Yes,No,Fiber optic,Yes,Yes,Yes,No,No,Yes,Month-to-month,Yes,Electronic check,88.65,3562.35,0,0.7557086196658099,High,月額契約で解約しやすい / 月額料金が高い / TechSupport未加入 / Electronic check利用 / Fiber optic利用で料金・品質不満の可能性,長期契約特典: 1年契約への移行割引やポイント付与を提案する / 料金プラン見直し: 利用状況に合う低負担プランを提案する / サポート加入キャンペーン: 初月無料のTechSupportを提案する
1608-ZRS,Male,0,No,Yes,4,Yes,Yes,Fiber optic,Yes,No,No,No,No,No,One year,No,Electronic check,87.9,275.64,0,0.7556483125972683,High,月額料金が高い / 利用期間が短い / TechSupport未加入 / Electronic check利用 / Fiber optic利用で料金・品質不満の可能性,料金プラン見直し: 利用状況に合う低負担プランを提案する / オンボーディング強化: 初期活用サポートや利用定着メールを送る / サポート加入キャンペーン: 初月無料のTechSupportを提案する
8487-PGC,Female,1,No,Yes,4,No,No,Fiber optic,Yes,Yes,Yes,No,No,No,One year,Yes,Bank transfer (automatic),64.69,271.06,0,0.7551814227207524,High,利用期間が短い / TechSupport未加入 / Fiber optic利用で料金・品質不満の可能性,オンボーディング強化: 初期活用サポートや利用定着メールを送る / サポート加入キャンペーン: 初月無料のTechSupportを提案する / 満足度確認: 通信品質・料金への不満をヒアリングする
8177-EJC,Male,0,Yes,No,26,Yes,No,Fiber optic,Yes,No,No,No,Yes,Yes,Month-to-month,Yes,Credit card (automatic),76.83,2041.18,1,0.7551575420165786,High,月額契約で解約しやすい / 月額料金が高い / TechSupport未加入 / Fiber optic利用で料金・品質不満の可能性,長期契約特典: 1年契約への移行割引やポイント付与を提案する / 料金プラン見直し: 利用状況に合う低負担プランを提案する / サポート加入キャンペーン: 初月無料のTechSupportを提案する
4149-ZWT,Female,0,No,No,17,Yes,No,Fiber optic,No,No,Yes,Yes,Yes,No,Month-to-month,No,Credit card (automatic),69.58,1174.73,0,0.7541117099902593,High,月額契約で解約しやすい / OnlineSecurity未加入 / Fiber optic利用で料金・品質不満の可能性,長期契約特典: 1年契約への移行割引やポイント付与を提案する / セキュリティ提案: OnlineSecurityの価値を説明し利用を促す / 満足度確認: 通信品質・料金への不満をヒアリングする
7990-OPV,Female,1,Yes,Yes,48,Yes,Yes,Fiber optic,No,No,No,Yes,No,Yes,Month-to-month,Yes,Electronic check,88.78,4280.53,1,0.7540715578239292,High,月額契約で解約しやすい / 月額料金が高い / OnlineSecurity未加入 / Electronic check利用 / Fiber optic利用で料金・品質不満の可能性,長期契約特典: 1年契約への移行割引やポイント付与を提案する / 料金プラン見直し: 利用状況に合う低負担プランを提案する / セキュリティ提案: OnlineSecurityの価値を説明し利用を促す
7452-DGT,Female,0,No,No,15,Yes,No,DSL,No,Yes,Yes,No,Yes,No,Month-to-month,Yes,Electronic check,52.31,789.43,1,0.7536610684984019,High,月額契約で解約しやすい / TechSupport未加入 / OnlineSecurity未加入 / Electronic check利用,長期契約特典: 1年契約への移行割引やポイント付与を提案する / サポート加入キャンペーン: 初月無料のTechSupportを提案する / セキュリティ提案: OnlineSecurityの価値を説明し利用を促す
3822-TTM,Male,0,Yes,No,8,Yes,Yes,DSL,No,Yes,No,No,Yes,Yes,Month-to-month,No,Electronic check,50.41,401.25,0,0.7536424881214071,High,月額契約で解約しやすい / 利用期間が短い / TechSupport未加入 / OnlineSecurity未加入 / Electronic check利用,長期契約特典: 1年契約への移行割引やポイント付与を提案する / オンボーディング強化: 初期活用サポートや利用定着メールを送る / サポート加入キャンペーン: 初月無料のTechSupportを提案する
6577-FND,Female,0,Yes,No,10,Yes,Yes,Fiber optic,No,No,Yes,No,Yes,Yes,One year,Yes,Bank transfer (automatic),75.38,756.58,1,0.7536294032439926,High,月額料金が高い / 利用期間が短い / TechSupport未加入 / OnlineSecurity未加入 / Fiber optic利用で料金・品質不満の可能性,料金プラン見直し: 利用状況に合う低負担プランを提案する / オンボーディング強化: 初期活用サポートや利用定着メールを送る / サポート加入キャンペーン: 初月無料のTechSupportを提案する
3484-NNP,Female,0,No,Yes,23,Yes,No phone service,Fiber optic,No,Yes,No,Yes,No,No,Month-to-month,No,Bank transfer (automatic),77.69,1752.46,1,0.7536053623928356,High,月額契約で解約しやすい / 月額料金が高い / OnlineSecurity未加入 / Fiber optic利用で料金・品質不満の可能性,長期契約特典: 1年契約への移行割引やポイント付与を提案する / 料金プラン見直し: 利用状況に合う低負担プランを提案する / セキュリティ提案: OnlineSecurityの価値を説明し利用を促す
6072-GTG,Female,0,Yes,No,24,Yes,No phone service,Fiber optic,Yes,No,No,No,No,Yes,Month-to-month,Yes,Bank transfer (automatic),56.78,1347.05,1,0.7535883480969974,High,月額契約で解約しやすい / TechSupport未加入 / Fiber optic利用で料金・品質不満の可能性,長期契約特典: 1年契約への移行割引やポイント付与を提案する / サポート加入キャンペーン: 初月無料のTechSupportを提案する / 満足度確認: 通信品質・料金への不満をヒアリングする
7877-GFK,Female,0,No,Yes,8,Yes,No,DSL,No,No,Yes,No,No,No,Month-to-month,Yes,Mailed check,69.6,562.89,1,0.7533319727943059,High,月額契約で解約しやすい / 利用期間が短い / TechSupport未加入 / OnlineSecurity未加入,長期契約特典: 1年契約への移行割引やポイント付与を提案する / オンボーディング強化: 初期活用サポートや利用定着メールを送る / サポート加入キャンペーン: 初月無料のTechSupportを提案する
4066-VQR,Female,0,No,No,20,Yes,Yes,DSL,No,Yes,No,No,No,Yes,Month-to-month,Yes,Electronic check,51.39,1041.81,1,0.7527655618156003,High,月額契約で解約しやすい / TechSupport未加入 / OnlineSecurity未加入 / Electronic check利用,長期契約特典: 1年契約への移行割引やポイント付与を提案する / サポート加入キャンペーン: 初月無料のTechSupportを提案する / セキュリティ提案: OnlineSecurityの価値を説明し利用を促す
3519-APL,Female,0,No,No,38,Yes,No,Fiber optic,Yes,No,Yes,No,Yes,No,Month-to-month,Yes,Electronic check,93.22,3513.21,0,0.7524950367917643,High,月額契約で解約しやすい / 月額料金が高い / TechSupport未加入 / Electronic check利用 / Fiber optic利用で料金・品質不満の可能性,長期契約特典: 1年契約への移行割引やポイント付与を提案する / 料金プラン見直し: 利用状況に合う低負担プランを提案する / サポート加入キャンペーン: 初月無料のTechSupportを提案する
8627-HAW,Male,0,No,Yes,13,Yes,No,Fiber optic,No,No,No,No,No,No,One year,Yes,Credit card (automatic),86.7,1065.58,1,0.7524757173228479,High,月額料金が高い / TechSupport未加入 / OnlineSecurity未加入 / Fiber optic利用で料金・品質不満の可能性,料金プラン見直し: 利用状況に合う低負担プランを提案する / サポート加入キャンペーン: 初月無料のTechSupportを提案する / セキュリティ提案: OnlineSecurityの価値を説明し利用を促す
1194-DMH,Male,0,No,No,4,Yes,Yes,DSL,No,No,No,No,No,No,Month-to-month,No,Electronic check,43.04,125.05,0,0.7522322517681973,High,月額契約で解約しやすい / 利用期間が短い / TechSupport未加入 / OnlineSecurity未加入 / Electronic check利用,長期契約特典: 1年契約への移行割引やポイント付与を提案する / オンボーディング強化: 初期活用サポートや利用定着メールを送る / サポート加入キャンペーン: 初月無料のTechSupportを提案する
9043-BWE,Female,0,Yes,No,22,Yes,No,Fiber optic,Yes,Yes,No,Yes,No,No,Month-to-month,Yes,Electronic check,65.89,1437.63,0,0.7521535891150934,High,月額契約で解約しやすい / Electronic check利用 / Fiber optic利用で料金・品質不満の可能性,長期契約特典: 1年契約への移行割引やポイント付与を提案する / 支払い方法変更: 自動支払いへの変更特典を提案する / 満足度確認: 通信品質・料金への不満をヒアリングする
9186-QTT,Female,0,Yes,No,6,Yes,No,DSL,No,Yes,Yes,No,No,Yes,Month-to-month,No,Electronic check,39.2,282.58,1,0.7521056226411481,High,月額契約で解約しやすい / 利用期間が短い / TechSupport未加入 / OnlineSecurity未加入 / Electronic check利用,長期契約特典: 1年契約への移行割引やポイント付与を提案する / オンボーディング強化: 初期活用サポートや利用定着メールを送る / サポート加入キャンペーン: 初月無料のTechSupportを提案する
4238-NOZ,Female,0,No,No,2,Yes,Yes,DSL,Yes,No,Yes,No,No,Yes,Month-to-month,Yes,Mailed check,63.82,157.01,1,0.7519461254614201,High,月額契約で解約しやすい / 利用期間が短い / TechSupport未加入,長期契約特典: 1年契約への移行割引やポイント付与を提案する / オンボーディング強化: 初期活用サポートや利用定着メールを送る / サポート加入キャンペーン: 初月無料のTechSupportを提案する
4191-RZR,Male,0,No,No,11,Yes,Yes,DSL,Yes,No,No,Yes,Yes,Yes,Month-to-month,Yes,Electronic check,79.12,919.04,0,0.7519207567118192,High,月額契約で解約しやすい / 月額料金が高い / 利用期間が短い / Electronic check利用,長期契約特典: 1年契約への移行割引やポイント付与を提案する / 料金プラン見直し: 利用状況に合う低負担プランを提案する / オンボーディング強化: 初期活用サポートや利用定着メールを送る
6758-SNQ,Male,0,No,Yes,19,Yes,Yes,Fiber optic,Yes,Yes,No,No,Yes,No,Month-to-month,No,Bank transfer (automatic),88.8,1653.95,0,0.7517198548439169,High,月額契約で解約しやすい / 月額料金が高い / TechSupport未加入 / Fiber optic利用で料金・品質不満の可能性,長期契約特典: 1年契約への移行割引やポイント付与を提案する / 料金プラン見直し: 利用状況に合う低負担プランを提案する / サポート加入キャンペーン: 初月無料のTechSupportを提案する
9162-QCD,Male,0,No,No,29,No,No,Fiber optic,No,No,No,Yes,No,Yes,Month-to-month,Yes,Bank transfer (automatic),68.1,1948.24,1,0.7512425813111162,High,月額契約で解約しやすい / OnlineSecurity未加入 / Fiber optic利用で料金・品質不満の可能性,長期契約特典: 1年契約への移行割引やポイント付与を提案する / セキュリティ提案: OnlineSecurityの価値を説明し利用を促す / 満足度確認: 通信品質・料金への不満をヒアリングする
8172-MIE,Male,0,Yes,Yes,2,Yes,Yes,Fiber optic,No,Yes,Yes,No,Yes,No,One year,Yes,Mailed check,76.25,176.95,0,0.7507609408821072,High,月額料金が高い / 利用期間が短い / TechSupport未加入 / OnlineSecurity未加入 / Fiber optic利用で料金・品質不満の可能性,料金プラン見直し: 利用状況に合う低負担プランを提案する / オンボーディング強化: 初期活用サポートや利用定着メールを送る / サポート加入キャンペーン: 初月無料のTechSupportを提案する
2878-OWQ,Female,0,No,Yes,27,Yes,No,Fiber optic,No,Yes,No,No,Yes,No,Month-to-month,Yes,Bank transfer (automatic),63.05,1705.32,0,0.7503512502509256,High,月額契約で解約しやすい / TechSupport未加入 / OnlineSecurity未加入 / Fiber optic利用で料金・品質不満の可能性,長期契約特典: 1年契約への移行割引やポイント付与を提案する / サポート加入キャンペーン: 初月無料のTechSupportを提案する / セキュリティ提案: OnlineSecurityの価値を説明し利用を促す
7956-PNI,Male,0,No,No,26,Yes,No phone service,Fiber optic,Yes,No,Yes,No,No,No,Month-to-month,Yes,Credit card (automatic),62.87,1640.43,0,0.7501924736685804,High,月額契約で解約しやすい / TechSupport未加入 / Fiber optic利用で料金・品質不満の可能性,長期契約特典: 1年契約への移行割引やポイント付与を提案する / サポート加入キャンペーン: 初月無料のTechSupportを提案する / 満足度確認: 通信品質・料金への不満をヒアリングする
1118-LQW,Female,0,No,No,30,Yes,Yes,Fiber optic,Yes,No,No,No,Yes,Yes,Month-to-month,Yes,Bank transfer (automatic),84.42,2520.25,1,0.7500722690965521,High,月額契約で解約しやすい / 月額料金が高い / TechSupport未加入 / Fiber optic利用で料金・品質不満の可能性,長期契約特典: 1年契約への移行割引やポイント付与を提案する / 料金プラン見直し: 利用状況に合う低負担プランを提案する / サポート加入キャンペーン: 初月無料のTechSupportを提案する
4138-ZBT,Female,0,Yes,Yes,10,Yes,Yes,DSL,No,Yes,No,No,No,No,Month-to-month,Yes,Electronic check,44.95,452.47,0,0.7500368086773032,High,月額契約で解約しやすい / 利用期間が短い / TechSupport未加入 / OnlineSecurity未加入 / Electronic check利用,長期契約特典: 1年契約への移行割引やポイント付与を提案する / オンボーディング強化: 初期活用サポートや利用定着メールを送る / サポート加入キャンペーン: 初月無料のTechSupportを提案する
7080-KGO,Female,0,No,No,41,Yes,Yes,Fiber optic,No,Yes,No,No,Yes,Yes,Month-to-month,Yes,Credit card (automatic),83.84,3439.88,1,0.7500127634326007,High,月額契約で解約しやすい / 月額料金が高い / TechSupport未加入 / OnlineSecurity未加入 / Fiber optic利用で料金・品質不満の可能性,長期契約特典: 1年契約への移行割引やポイント付与を提案する / 料金プラン見直し: 利用状況に合う低負担プランを提案する / サポート加入キャンペーン: 初月無料のTechSupportを提案する
6064-FJX,Female,0,No,No,19,Yes,No,Fiber optic,Yes,No,Yes,No,No,No,Month-to-month,No,Credit card (automatic),74.62,1417.58,1,0.7497791392748921,High,月額契約で解約しやすい / TechSupport未加入 / Fiber optic利用で料金・品質不満の可能性,長期契約特典: 1年契約への移行割引やポイント付与を提案する / サポート加入キャンペーン: 初月無料のTechSupportを提案する / 満足度確認: 通信品質・料金への不満をヒアリングする
5926-LXD,Female,0,Yes,No,23,Yes,No,Fiber optic,Yes,Yes,No,No,No,No,Month-to-month,No,Mailed check,102.52,2354.54,0,0.7497213337936782,High,月額契約で解約しやすい / 月額料金が高い / TechSupport未加入 / Fiber optic利用で料金・品質不満の可能性,長期契約特典: 1年契約への移行割引やポイント付与を提案する / 料金プラン見直し: 利用状況に合う低負担プランを提案する / サポート加入キャンペーン: 初月無料のTechSupportを提案する
7913-SIL,Female,0,No,No,34,Yes,Yes,Fiber optic,No,Yes,No,Yes,No,No,Month-to-month,Yes,Credit card (automatic),89.61,3007.69,0,0.7492222154538635,High,月額契約で解約しやすい / 月額料金が高い / OnlineSecurity未加入 / Fiber optic利用で料金・品質不満の可能性,長期契約特典: 1年契約への移行割引やポイント付与を提案する / 料金プラン見直し: 利用状況に合う低負担プランを提案する / セキュリティ提案: OnlineSecurityの価値を説明し利用を促す
8786-ZNZ,Male,0,No,Yes,38,Yes,Yes,Fiber optic,No,Yes,Yes,No,Yes,No,Month-to-month,No,Electronic check,90.61,3466.72,1,0.7491792741615659,High,月額契約で解約しやすい / 月額料金が高い / TechSupport未加入 / OnlineSecurity未加入 / Electronic check利用,長期契約特典: 1年契約への移行割引やポイント付与を提案する / 料金プラン見直し: 利用状況に合う低負担プランを提案する / サポート加入キャンペーン: 初月無料のTechSupportを提案する
8417-CTY,Male,0,No,No,33,Yes,No,Fiber optic,No,No,Yes,No,Yes,No,Month-to-month,No,Electronic check,70.54,2288.61,0,0.7489884750803937,High,月額契約で解約しやすい / TechSupport未加入 / OnlineSecurity未加入 / Electronic check利用 / Fiber optic利用で料金・品質不満の可能性,長期契約特典: 1年契約への移行割引やポイント付与を提案する / サポート加入キャンペーン: 初月無料のTechSupportを提案する / セキュリティ提案: OnlineSecurityの価値を説明し利用を促す
7710-IXK,Male,0,No,No,37,Yes,No phone service,Fiber optic,No,Yes,No,No,Yes,No,Month-to-month,Yes,Mailed check,84.62,3141.9,1,0.7488591056560223,High,月額契約で解約しやすい / 月額料金が高い / TechSupport未加入 / OnlineSecurity未加入 / Fiber optic利用で料金・品質不満の可能性,長期契約特典: 1年契約への移行割引やポイント付与を提案する / 料金プラン見直し: 利用状況に合う低負担プランを提案する / サポート加入キャンペーン: 初月無料のTechSupportを提案する
7216-BYV,Male,0,Yes,Yes,7,Yes,Yes,DSL,No,No,Yes,No,Yes,Yes,Month-to-month,Yes,Bank transfer (automatic),56.17,421.97,0,0.7482035281157169,High,月額契約で解約しやすい / 利用期間が短い / TechSupport未加入 / OnlineSecurity未加入,長期契約特典: 1年契約への移行割引やポイント付与を提案する / オンボーディング強化: 初期活用サポートや利用定着メールを送る / サポート加入キャンペーン: 初月無料のTechSupportを提案する
1578-GMR,Male,0,Yes,No,3,Yes,Yes,DSL,No,Yes,No,No,Yes,Yes,Month-to-month,No,Bank transfer (automatic),58.5,157.55,1,0.7479297761933578,High,月額契約で解約しやすい / 利用期間が短い / TechSupport未加入 / OnlineSecurity未加入,長期契約特典: 1年契約への移行割引やポイント付与を提案する / オンボーディング強化: 初期活用サポートや利用定着メールを送る / サポート加入キャンペーン: 初月無料のTechSupportを提案する
6096-VVD,Female,0,No,Yes,38,Yes,No,Fiber optic,Yes,Yes,Yes,No,No,Yes,Month-to-month,Yes,Electronic check,78.68,3050.52,1,0.7475906744780668,High,月額契約で解約しやすい / 月額料金が高い / TechSupport未加入 / Electronic check利用 / Fiber optic利用で料金・品質不満の可能性,長期契約特典: 1年契約への移行割引やポイント付与を提案する / 料金プラン見直し: 利用状況に合う低負担プランを提案する / サポート加入キャンペーン: 初月無料のTechSupportを提案する
6655-ILT,Female,0,Yes,No,36,Yes,Yes,Fiber optic,No,No,Yes,No,Yes,Yes,Month-to-month,No,Electronic check,72.8,2698.89,1,0.7472867055458785,High,月額契約で解約しやすい / TechSupport未加入 / OnlineSecurity未加入 / Electronic check利用 / Fiber optic利用で料金・品質不満の可能性,長期契約特典: 1年契約への移行割引やポイント付与を提案する / サポート加入キャンペーン: 初月無料のTechSupportを提案する / セキュリティ提案: OnlineSecurityの価値を説明し利用を促す
7523-VML,Male,0,No,No,16,Yes,No,DSL,Yes,No,No,No,Yes,No,Month-to-month,Yes,Electronic check,80.93,1321.98,1,0.7470855704888983,High,月額契約で解約しやすい / 月額料金が高い / TechSupport未加入 / Electronic check利用,長期契約特典: 1年契約への移行割引やポイント付与を提案する / 料金プラン見直し: 利用状況に合う低負担プランを提案する / サポート加入キャンペーン: 初月無料のTechSupportを提案する
7993-MGZ,Female,0,Yes,No,7,Yes,Yes,DSL,Yes,Yes,Yes,No,Yes,Yes,Month-to-month,No,Electronic check,68.04,521.01,0,0.7469568520244723,High,月額契約で解約しやすい / 利用期間が短い / TechSupport未加入 / Electronic check利用,長期契約特典: 1年契約への移行割引やポイント付与を提案する / オンボーディング強化: 初期活用サポートや利用定着メールを送る / サポート加入キャンペーン: 初月無料のTechSupportを提案する
9350-VMK,Female,0,Yes,No,6,Yes,No,Fiber optic,Yes,Yes,No,No,Yes,No,One year,Yes,Credit card (automatic),91.45,558.38,0,0.7469502339239121,High,月額料金が高い / 利用期間が短い / TechSupport未加入 / Fiber optic利用で料金・品質不満の可能性,料金プラン見直し: 利用状況に合う低負担プランを提案する / オンボーディング強化: 初期活用サポートや利用定着メールを送る / サポート加入キャンペーン: 初月無料のTechSupportを提案する
6709-EWG,Female,0,Yes,No,41,Yes,No phone service,Fiber optic,No,Yes,No,No,No,No,Month-to-month,Yes,Credit card (automatic),80.64,3323.38,1,0.7465589770762832,High,月額契約で解約しやすい / 月額料金が高い / TechSupport未加入 / OnlineSecurity未加入 / Fiber optic利用で料金・品質不満の可能性,長期契約特典: 1年契約への移行割引やポイント付与を提案する / 料金プラン見直し: 利用状況に合う低負担プランを提案する / サポート加入キャンペーン: 初月無料のTechSupportを提案する
7213-IWR,Male,0,Yes,Yes,24,Yes,Yes,Fiber optic,No,Yes,No,No,No,No,Month-to-month,No,Mailed check,84.1,1976.62,1,0.746460897245795,High,月額契約で解約しやすい / 月額料金が高い / TechSupport未加入 / OnlineSecurity未加入 / Fiber optic利用で料金・品質不満の可能性,長期契約特典: 1年契約への移行割引やポイント付与を提案する / 料金プラン見直し: 利用状況に合う低負担プランを提案する / サポート加入キャンペーン: 初月無料のTechSupportを提案する
7067-ZFU,Male,0,No,No,17,Yes,No,Fiber optic,No,No,Yes,No,Yes,No,One year,Yes,Electronic check,73.32,1290.62,0,0.7463658675309669,High,TechSupport未加入 / OnlineSecurity未加入 / Electronic check利用 / Fiber optic利用で料金・品質不満の可能性,サポート加入キャンペーン: 初月無料のTechSupportを提案する / セキュリティ提案: OnlineSecurityの価値を説明し利用を促す / 支払い方法変更: 自動支払いへの変更特典を提案する
8924-ERK,Male,0,No,Yes,38,Yes,No,Fiber optic,No,Yes,Yes,No,No,Yes,Month-to-month,Yes,Electronic check,49.27,1837.57,1,0.7463536623908104,High,月額契約で解約しやすい / TechSupport未加入 / OnlineSecurity未加入 / Electronic check利用 / Fiber optic利用で料金・品質不満の可能性,長期契約特典: 1年契約への移行割引やポイント付与を提案する / サポート加入キャンペーン: 初月無料のTechSupportを提案する / セキュリティ提案: OnlineSecurityの価値を説明し利用を促す
6774-CZH,Male,0,No,No,6,Yes,Yes,DSL,No,Yes,No,No,Yes,No,Month-to-month,No,Electronic check,47.95,274.52,1,0.7462453030147119,High,月額契約で解約しやすい / 利用期間が短い / TechSupport未加入 / OnlineSecurity未加入 / Electronic check利用,長期契約特典: 1年契約への移行割引やポイント付与を提案する / オンボーディング強化: 初期活用サポートや利用定着メールを送る / サポート加入キャンペーン: 初月無料のTechSupportを提案する
3681-RQY,Male,0,No,No,53,No,No phone service,Fiber optic,No,No,No,No,No,No,Month-to-month,Yes,Electronic check,90.18,4799.84,1,0.7462170811673561,High,月額契約で解約しやすい / 月額料金が高い / TechSupport未加入 / OnlineSecurity未加入 / Electronic check利用,長期契約特典: 1年契約への移行割引やポイント付与を提案する / 料金プラン見直し: 利用状況に合う低負担プランを提案する / サポート加入キャンペーン: 初月無料のTechSupportを提案する
2486-TCQ,Female,0,No,No,12,Yes,No,DSL,No,No,Yes,No,No,Yes,Month-to-month,No,Bank transfer (automatic),71.66,838.97,0,0.7459663418347758,High,月額契約で解約しやすい / 利用期間が短い / TechSupport未加入 / OnlineSecurity未加入,長期契約特典: 1年契約への移行割引やポイント付与を提案する / オンボーディング強化: 初期活用サポートや利用定着メールを送る / サポート加入キャンペーン: 初月無料のTechSupportを提案する
4571-TBO,Male,1,No,Yes,7,Yes,Yes,Fiber optic,No,Yes,No,No,No,No,One year,No,Electronic check,44.83,367.91,1,0.7457562527508589,High,利用期間が短い / TechSupport未加入 / OnlineSecurity未加入 / Electronic check利用 / Fiber optic利用で料金・品質不満の可能性,オンボーディング強化: 初期活用サポートや利用定着メールを送る / サポート加入キャンペーン: 初月無料のTechSupportを提案する / セキュリティ提案: OnlineSecurityの価値を説明し利用を促す
9235-BGK,Female,0,Yes,No,28,Yes,No,Fiber optic,No,Yes,No,Yes,Yes,No,Month-to-month,No,Bank transfer (automatic),104.26,2919.96,0,0.7453544289142497,High,月額契約で解約しやすい / 月額料金が高い / OnlineSecurity未加入 / Fiber optic利用で料金・品質不満の可能性,長期契約特典: 1年契約への移行割引やポイント付与を提案する / 料金プラン見直し: 利用状況に合う低負担プランを提案する / セキュリティ提案: OnlineSecurityの価値を説明し利用を促す
7315-MRU,Female,0,No,No,2,Yes,No,DSL,No,Yes,No,No,No,No,Month-to-month,Yes,Mailed check,45.62,53.55,1,0.7453124706773785,High,月額契約で解約しやすい / 利用期間が短い / TechSupport未加入 / OnlineSecurity未加入,長期契約特典: 1年契約への移行割引やポイント付与を提案する / オンボーディング強化: 初期活用サポートや利用定着メールを送る / サポート加入キャンペーン: 初月無料のTechSupportを提案する
1886-TAU,Male,0,No,No,32,Yes,No,Fiber optic,Yes,No,No,No,No,Yes,Month-to-month,Yes,Bank transfer (automatic),83.32,2618.75,1,0.7452797200483393,High,月額契約で解約しやすい / 月額料金が高い / TechSupport未加入 / Fiber optic利用で料金・品質不満の可能性,長期契約特典: 1年契約への移行割引やポイント付与を提案する / 料金プラン見直し: 利用状況に合う低負担プランを提案する / サポート加入キャンペーン: 初月無料のTechSupportを提案する
9233-EVR,Male,0,No,No,31,No,Yes,Fiber optic,No,Yes,No,Yes,Yes,No,Month-to-month,Yes,Electronic check,59.29,1842.55,0,0.7450317517970392,High,月額契約で解約しやすい / OnlineSecurity未加入 / Electronic check利用 / Fiber optic利用で料金・品質不満の可能性,長期契約特典: 1年契約への移行割引やポイント付与を提案する / セキュリティ提案: OnlineSecurityの価値を説明し利用を促す / 支払い方法変更: 自動支払いへの変更特典を提案する
6508-JWV,Male,0,No,Yes,16,Yes,Yes,Fiber optic,Yes,No,No,Yes,No,Yes,Month-to-month,Yes,Mailed check,74.15,1193.81,0,0.7447484594131077,High,月額契約で解約しやすい / Fiber optic利用で料金・品質不満の可能性,長期契約特典: 1年契約への移行割引やポイント付与を提案する / 満足度確認: 通信品質・料金への不満をヒアリングする
5293-JZJ,Male,0,Yes,No,1,Yes,Yes,Fiber optic,No,No,Yes,Yes,Yes,No,One year,Yes,Mailed check,86.09,135.28,1,0.744690302520938,High,月額料金が高い / 利用期間が短い / OnlineSecurity未加入 / Fiber optic利用で料金・品質不満の可能性,料金プラン見直し: 利用状況に合う低負担プランを提案する / オンボーディング強化: 初期活用サポートや利用定着メールを送る / セキュリティ提案: OnlineSecurityの価値を説明し利用を促す
2672-LBD,Female,0,Yes,No,18,Yes,Yes,DSL,No,No,Yes,No,No,Yes,Month-to-month,No,Electronic check,68.23,1262.22,1,0.7446145513811399,High,月額契約で解約しやすい / TechSupport未加入 / OnlineSecurity未加入 / Electronic check利用,長期契約特典: 1年契約への移行割引やポイント付与を提案する / サポート加入キャンペーン: 初月無料のTechSupportを提案する / セキュリティ提案: OnlineSecurityの価値を説明し利用を促す
6368-ARB,Male,0,No,Yes,8,Yes,No,DSL,No,No,Yes,No,No,No,Month-to-month,Yes,Credit card (automatic),54.46,437.21,1,0.7444589413076531,High,月額契約で解約しやすい / 利用期間が短い / TechSupport未加入 / OnlineSecurity未加入,長期契約特典: 1年契約への移行割引やポイント付与を提案する / オンボーディング強化: 初期活用サポートや利用定着メールを送る / サポート加入キャンペーン: 初月無料のTechSupportを提案する
1190-QDC,Female,0,Yes,No,24,Yes,No phone service,Fiber optic,Yes,No,Yes,Yes,Yes,No,Month-to-month,No,Electronic check,82.89,2009.96,1,0.7442984051086262,High,月額契約で解約しやすい / 月額料金が高い / Electronic check利用 / Fiber optic利用で料金・品質不満の可能性,長期契約特典: 1年契約への移行割引やポイント付与を提案する / 料金プラン見直し: 利用状況に合う低負担プランを提案する / 支払い方法変更: 自動支払いへの変更特典を提案する
5336-SFO,Male,1,No,No,45,Yes,No,Fiber optic,Yes,Yes,Yes,Yes,No,Yes,Month-to-month,Yes,Electronic check,89.01,4002.75,1,0.7442612905555714,High,月額契約で解約しやすい / 月額料金が高い / Electronic check利用 / Fiber optic利用で料金・品質不満の可能性,長期契約特典: 1年契約への移行割引やポイント付与を提案する / 料金プラン見直し: 利用状況に合う低負担プランを提案する / 支払い方法変更: 自動支払いへの変更特典を提案する
3856-CIH,Male,0,No,No,22,Yes,Yes,Fiber optic,No,Yes,Yes,Yes,No,Yes,Month-to-month,No,Mailed check,75.73,1618.1,0,0.744176979390093,High,月額契約で解約しやすい / 月額料金が高い / OnlineSecurity未加入 / Fiber optic利用で料金・品質不満の可能性,長期契約特典: 1年契約への移行割引やポイント付与を提案する / 料金プラン見直し: 利用状況に合う低負担プランを提案する / セキュリティ提案: OnlineSecurityの価値を説明し利用を促す
7688-YHH,Male,0,No,No,30,Yes,No,Fiber optic,No,Yes,No,No,No,Yes,Month-to-month,Yes,Mailed check,57.6,1719.97,1,0.7439995357584642,High,月額契約で解約しやすい / TechSupport未加入 / OnlineSecurity未加入 / Fiber optic利用で料金・品質不満の可能性,長期契約特典: 1年契約への移行割引やポイント付与を提案する / サポート加入キャンペーン: 初月無料のTechSupportを提案する / セキュリティ提案: OnlineSecurityの価値を説明し利用を促す
8147-IHR,Female,0,No,No,42,Yes,No phone service,Fiber optic,No,No,Yes,No,Yes,Yes,Month-to-month,No,Electronic check,70.91,3007.47,0,0.7437545188469252,High,月額契約で解約しやすい / TechSupport未加入 / OnlineSecurity未加入 / Electronic check利用 / Fiber optic利用で料金・品質不満の可能性,長期契約特典: 1年契約への移行割引やポイント付与を提案する / サポート加入キャンペーン: 初月無料のTechSupportを提案する / セキュリティ提案: OnlineSecurityの価値を説明し利用を促す
5718-XGI,Female,1,Yes,Yes,32,Yes,No phone service,Fiber optic,No,No,No,No,Yes,Yes,One year,Yes,Electronic check,78.46,2513.94,1,0.7435841685185586,High,月額料金が高い / TechSupport未加入 / OnlineSecurity未加入 / Electronic check利用 / Fiber optic利用で料金・品質不満の可能性,料金プラン見直し: 利用状況に合う低負担プランを提案する / サポート加入キャンペーン: 初月無料のTechSupportを提案する / セキュリティ提案: OnlineSecurityの価値を説明し利用を促す
7407-IYX,Male,0,Yes,No,9,Yes,Yes,Fiber optic,Yes,Yes,No,No,No,Yes,One year,Yes,Electronic check,65.19,567.73,0,0.7435645771914027,High,利用期間が短い / TechSupport未加入 / Electronic check利用 / Fiber optic利用で料金・品質不満の可能性,オンボーディング強化: 初期活用サポートや利用定着メールを送る / サポート加入キャンペーン: 初月無料のTechSupportを提案する / 支払い方法変更: 自動支払いへの変更特典を提案する
2430-CMR,Female,0,No,Yes,1,Yes,Yes,DSL,No,No,Yes,Yes,Yes,No,Month-to-month,Yes,Electronic check,40.16,13.62,0,0.7432066821287364,High,月額契約で解約しやすい / 利用期間が短い / OnlineSecurity未加入 / Electronic check利用,長期契約特典: 1年契約への移行割引やポイント付与を提案する / オンボーディング強化: 初期活用サポートや利用定着メールを送る / セキュリティ提案: OnlineSecurityの価値を説明し利用を促す
9280-SKI,Male,0,No,No,5,Yes,No,DSL,No,No,No,No,No,No,Month-to-month,No,Bank transfer (automatic),64.24,336.14,1,0.7431687543766519,High,月額契約で解約しやすい / 利用期間が短い / TechSupport未加入 / OnlineSecurity未加入,長期契約特典: 1年契約への移行割引やポイント付与を提案する / オンボーディング強化: 初期活用サポートや利用定着メールを送る / サポート加入キャンペーン: 初月無料のTechSupportを提案する
6664-FYI,Female,0,No,No,20,Yes,No,DSL,No,Yes,Yes,No,Yes,No,Month-to-month,Yes,Electronic check,60.41,1151.73,1,0.7430916345747464,High,月額契約で解約しやすい / TechSupport未加入 / OnlineSecurity未加入 / Electronic check利用,長期契約特典: 1年契約への移行割引やポイント付与を提案する / サポート加入キャンペーン: 初月無料のTechSupportを提案する / セキュリティ提案: OnlineSecurityの価値を説明し利用を促す
6586-XHE,Female,1,No,Yes,2,Yes,No,Fiber optic,Yes,No,Yes,No,Yes,No,One year,Yes,Bank transfer (automatic),63.34,117.06,0,0.7430088155929346,High,利用期間が短い / TechSupport未加入 / Fiber optic利用で料金・品質不満の可能性,オンボーディング強化: 初期活用サポートや利用定着メールを送る / サポート加入キャンペーン: 初月無料のTechSupportを提案する / 満足度確認: 通信品質・料金への不満をヒアリングする
3493-ENN,Male,0,No,No,47,Yes,Yes,Fiber optic,No,No,No,No,No,No,Month-to-month,Yes,Electronic check,84.9,3947.26,0,0.743008504176734,High,月額契約で解約しやすい / 月額料金が高い / TechSupport未加入 / OnlineSecurity未加入 / Electronic check利用,長期契約特典: 1年契約への移行割引やポイント付与を提案する / 料金プラン見直し: 利用状況に合う低負担プランを提案する / サポート加入キャンペーン: 初月無料のTechSupportを提案する
3413-XKY,Female,1,Yes,Yes,31,Yes,No,Fiber optic,Yes,No,No,No,No,No,Month-to-month,Yes,Electronic check,49.44,1538.81,0,0.7429173865618702,High,月額契約で解約しやすい / TechSupport未加入 / Electronic check利用 / Fiber optic利用で料金・品質不満の可能性,長期契約特典: 1年契約への移行割引やポイント付与を提案する / サポート加入キャンペーン: 初月無料のTechSupportを提案する / 支払い方法変更: 自動支払いへの変更特典を提案する
9790-LTX,Male,1,No,No,49,Yes,No phone service,Fiber optic,Yes,No,Yes,No,Yes,Yes,Month-to-month,No,Electronic check,96.83,4761.93,0,0.7428168148047095,High,月額契約で解約しやすい / 月額料金が高い / TechSupport未加入 / Electronic check利用 / Fiber optic利用で料金・品質不満の可能性,長期契約特典: 1年契約への移行割引やポイント付与を提案する / 料金プラン見直し: 利用状況に合う低負担プランを提案する / サポート加入キャンペーン: 初月無料のTechSupportを提案する
9216-BSY,Female,0,Yes,Yes,2,Yes,No phone service,DSL,Yes,No,No,No,No,Yes,Month-to-month,No,Electronic check,46.81,58.77,1,0.742759436987584,High,月額契約で解約しやすい / 利用期間が短い / TechSupport未加入 / Electronic check利用,長期契約特典: 1年契約への移行割引やポイント付与を提案する / オンボーディング強化: 初期活用サポートや利用定着メールを送る / サポート加入キャンペーン: 初月無料のTechSupportを提案する
1805-KUA,Female,0,No,No,21,Yes,Yes,Fiber optic,No,No,No,No,Yes,No,One year,Yes,Electronic check,83.17,1745.93,0,0.742730196651408,High,月額料金が高い / TechSupport未加入 / OnlineSecurity未加入 / Electronic check利用 / Fiber optic利用で料金・品質不満の可能性,料金プラン見直し: 利用状況に合う低負担プランを提案する / サポート加入キャンペーン: 初月無料のTechSupportを提案する / セキュリティ提案: OnlineSecurityの価値を説明し利用を促す
3298-TZV,Male,0,Yes,No,28,Yes,No phone service,Fiber optic,No,Yes,No,Yes,No,Yes,Month-to-month,No,Mailed check,86.42,2460.19,0,0.7426517406200321,High,月額契約で解約しやすい / 月額料金が高い / OnlineSecurity未加入 / Fiber optic利用で料金・品質不満の可能性,長期契約特典: 1年契約への移行割引やポイント付与を提案する / 料金プラン見直し: 利用状況に合う低負担プランを提案する / セキュリティ提案: OnlineSecurityの価値を説明し利用を促す
4332-RWS,Male,1,Yes,No,31,Yes,No,Fiber optic,No,Yes,Yes,No,No,No,Month-to-month,No,Mailed check,71.53,2307.51,0,0.7425151002389174,High,月額契約で解約しやすい / TechSupport未加入 / OnlineSecurity未加入 / Fiber optic利用で料金・品質不満の可能性,長期契約特典: 1年契約への移行割引やポイント付与を提案する / サポート加入キャンペーン: 初月無料のTechSupportを提案する / セキュリティ提案: OnlineSecurityの価値を説明し利用を促す
7384-OTO,Male,0,No,Yes,0,Yes,Yes,DSL,No,No,No,Yes,Yes,Yes,Month-to-month,Yes,Mailed check,60.31,0.0,1,0.7424913562080617,High,月額契約で解約しやすい / 利用期間が短い / OnlineSecurity未加入,長期契約特典: 1年契約への移行割引やポイント付与を提案する / オンボーディング強化: 初期活用サポートや利用定着メールを送る / セキュリティ提案: OnlineSecurityの価値を説明し利用を促す
4740-PLC,Male,0,No,No,7,Yes,Yes,DSL,No,Yes,No,Yes,No,Yes,Month-to-month,No,Electronic check,53.42,396.0,0,0.7423535659116652,High,月額契約で解約しやすい / 利用期間が短い / OnlineSecurity未加入 / Electronic check利用,長期契約特典: 1年契約への移行割引やポイント付与を提案する / オンボーディング強化: 初期活用サポートや利用定着メールを送る / セキュリティ提案: OnlineSecurityの価値を説明し利用を促す
9387-EOM,Female,0,No,No,22,Yes,No,Fiber optic,No,No,No,No,No,No,One year,Yes,Electronic check,80.91,1814.91,1,0.7421361925821607,High,月額料金が高い / TechSupport未加入 / OnlineSecurity未加入 / Electronic check利用 / Fiber optic利用で料金・品質不満の可能性,料金プラン見直し: 利用状況に合う低負担プランを提案する / サポート加入キャンペーン: 初月無料のTechSupportを提案する / セキュリティ提案: OnlineSecurityの価値を説明し利用を促す
1603-JGN,Male,0,Yes,Yes,8,Yes,Yes,Fiber optic,Yes,Yes,No,Yes,No,No,Month-to-month,No,Credit card (automatic),71.38,598.16,1,0.7421027018119887,High,月額契約で解約しやすい / 利用期間が短い / Fiber optic利用で料金・品質不満の可能性,長期契約特典: 1年契約への移行割引やポイント付与を提案する / オンボーディング強化: 初期活用サポートや利用定着メールを送る / 満足度確認: 通信品質・料金への不満をヒアリングする
5301-JGN,Female,0,No,Yes,36,Yes,Yes,Fiber optic,No,Yes,Yes,No,Yes,No,Month-to-month,Yes,Mailed check,95.94,3526.3,0,0.7420230594291516,High,月額契約で解約しやすい / 月額料金が高い / TechSupport未加入 / OnlineSecurity未加入 / Fiber optic利用で料金・品質不満の可能性,長期契約特典: 1年契約への移行割引やポイント付与を提案する / 料金プラン見直し: 利用状況に合う低負担プランを提案する / サポート加入キャンペーン: 初月無料のTechSupportを提案する
4386-IGS,Male,0,No,No,27,Yes,Yes,Fiber optic,No,No,Yes,No,No,No,Month-to-month,No,Bank transfer (automatic),71.82,1959.63,1,0.7418390911572543,High,月額契約で解約しやすい / TechSupport未加入 / OnlineSecurity未加入 / Fiber optic利用で料金・品質不満の可能性,長期契約特典: 1年契約への移行割引やポイント付与を提案する / サポート加入キャンペーン: 初月無料のTechSupportを提案する / セキュリティ提案: OnlineSecurityの価値を説明し利用を促す
7332-SID,Male,0,No,No,18,Yes,Yes,Fiber optic,Yes,No,Yes,No,Yes,No,Month-to-month,No,Credit card (automatic),73.84,1291.24,1,0.7417222405639317,High,月額契約で解約しやすい / TechSupport未加入 / Fiber optic利用で料金・品質不満の可能性,長期契約特典: 1年契約への移行割引やポイント付与を提案する / サポート加入キャンペーン: 初月無料のTechSupportを提案する / 満足度確認: 通信品質・料金への不満をヒアリングする
7072-DCP,Female,0,No,No,3,Yes,No,Fiber optic,Yes,Yes,No,No,No,No,One year,No,Bank transfer (automatic),94.79,305.18,0,0.7415986869487047,High,月額料金が高い / 利用期間が短い / TechSupport未加入 / Fiber optic利用で料金・品質不満の可能性,料金プラン見直し: 利用状況に合う低負担プランを提案する / オンボーディング強化: 初期活用サポートや利用定着メールを送る / サポート加入キャンペーン: 初月無料のTechSupportを提案する
4089-BCT,Male,0,No,Yes,24,Yes,Yes,Fiber optic,No,Yes,No,No,No,No,Month-to-month,No,Credit card (automatic),64.35,1559.94,0,0.7415815329157179,High,月額契約で解約しやすい / TechSupport未加入 / OnlineSecurity未加入 / Fiber optic利用で料金・品質不満の可能性,長期契約特典: 1年契約への移行割引やポイント付与を提案する / サポート加入キャンペーン: 初月無料のTechSupportを提案する / セキュリティ提案: OnlineSecurityの価値を説明し利用を促す
6436-CPD,Male,0,Yes,Yes,16,No,No,Fiber optic,No,No,Yes,Yes,Yes,No,One year,Yes,Electronic check,94.75,1486.8,1,0.7415541824887716,High,月額料金が高い / OnlineSecurity未加入 / Electronic check利用 / Fiber optic利用で料金・品質不満の可能性,料金プラン見直し: 利用状況に合う低負担プランを提案する / セキュリティ提案: OnlineSecurityの価値を説明し利用を促す / 支払い方法変更: 自動支払いへの変更特典を提案する
8529-XHY,Female,0,No,Yes,6,Yes,No,DSL,No,Yes,Yes,No,Yes,No,Month-to-month,No,Electronic check,49.64,342.33,1,0.7413499775832387,High,月額契約で解約しやすい / 利用期間が短い / TechSupport未加入 / OnlineSecurity未加入 / Electronic check利用,長期契約特典: 1年契約への移行割引やポイント付与を提案する / オンボーディング強化: 初期活用サポートや利用定着メールを送る / サポート加入キャンペーン: 初月無料のTechSupportを提案する
1382-TCM,Male,0,Yes,No,14,Yes,No,DSL,No,No,No,No,Yes,Yes,Month-to-month,Yes,Credit card (automatic),62.64,873.21,1,0.7410690165261721,High,月額契約で解約しやすい / TechSupport未加入 / OnlineSecurity未加入,長期契約特典: 1年契約への移行割引やポイント付与を提案する / サポート加入キャンペーン: 初月無料のTechSupportを提案する / セキュリティ提案: OnlineSecurityの価値を説明し利用を促す
2804-XHE,Male,0,Yes,No,9,No,Yes,DSL,Yes,Yes,Yes,No,Yes,No,Month-to-month,Yes,Electronic check,59.59,552.95,1,0.7410574518582913,High,月額契約で解約しやすい / 利用期間が短い / TechSupport未加入 / Electronic check利用,長期契約特典: 1年契約への移行割引やポイント付与を提案する / オンボーディング強化: 初期活用サポートや利用定着メールを送る / サポート加入キャンペーン: 初月無料のTechSupportを提案する
6144-MQJ,Female,0,Yes,Yes,33,Yes,No,Fiber optic,Yes,No,Yes,No,No,Yes,Month-to-month,No,Bank transfer (automatic),115.41,3777.98,1,0.7410215192060614,High,月額契約で解約しやすい / 月額料金が高い / TechSupport未加入 / Fiber optic利用で料金・品質不満の可能性,長期契約特典: 1年契約への移行割引やポイント付与を提案する / 料金プラン見直し: 利用状況に合う低負担プランを提案する / サポート加入キャンペーン: 初月無料のTechSupportを提案する
3238-ATC,Female,0,Yes,No,18,Yes,No,DSL,Yes,No,No,No,Yes,Yes,Month-to-month,Yes,Electronic check,77.11,1349.47,0,0.7409855587870576,High,月額契約で解約しやすい / 月額料金が高い / TechSupport未加入 / Electronic check利用,長期契約特典: 1年契約への移行割引やポイント付与を提案する / 料金プラン見直し: 利用状況に合う低負担プランを提案する / サポート加入キャンペーン: 初月無料のTechSupportを提案する
6283-JBA,Female,0,Yes,No,36,Yes,No,Fiber optic,No,Yes,No,No,Yes,Yes,Month-to-month,No,Credit card (automatic),90.8,3253.58,1,0.7409763552708339,High,月額契約で解約しやすい / 月額料金が高い / TechSupport未加入 / OnlineSecurity未加入 / Fiber optic利用で料金・品質不満の可能性,長期契約特典: 1年契約への移行割引やポイント付与を提案する / 料金プラン見直し: 利用状況に合う低負担プランを提案する / サポート加入キャンペーン: 初月無料のTechSupportを提案する
5988-ZBE,Male,0,No,Yes,28,Yes,No,Fiber optic,Yes,Yes,No,No,No,Yes,Month-to-month,No,Electronic check,69.27,1968.25,0,0.7409645799805888,High,月額契約で解約しやすい / TechSupport未加入 / Electronic check利用 / Fiber optic利用で料金・品質不満の可能性,長期契約特典: 1年契約への移行割引やポイント付与を提案する / サポート加入キャンペーン: 初月無料のTechSupportを提案する / 支払い方法変更: 自動支払いへの変更特典を提案する
4051-FKY,Female,0,Yes,No,31,No,No,Fiber optic,No,No,Yes,No,Yes,Yes,Month-to-month,No,Bank transfer (automatic),77.55,2391.36,0,0.7406276662262248,High,月額契約で解約しやすい / 月額料金が高い / TechSupport未加入 / OnlineSecurity未加入 / Fiber optic利用で料金・品質不満の可能性,長期契約特典: 1年契約への移行割引やポイント付与を提案する / 料金プラン見直し: 利用状況に合う低負担プランを提案する / サポート加入キャンペーン: 初月無料のTechSupportを提案する
1729-SCY,Male,0,Yes,No,21,Yes,Yes,Fiber optic,Yes,Yes,No,Yes,No,Yes,Month-to-month,No,Bank transfer (automatic),93.55,1990.3,0,0.7399678537497913,High,月額契約で解約しやすい / 月額料金が高い / Fiber optic利用で料金・品質不満の可能性,長期契約特典: 1年契約への移行割引やポイント付与を提案する / 料金プラン見直し: 利用状況に合う低負担プランを提案する / 満足度確認: 通信品質・料金への不満をヒアリングする
6991-PZT,Female,0,No,Yes,24,Yes,Yes,Fiber optic,Yes,No,No,Yes,No,Yes,Month-to-month,No,Electronic check,79.21,1858.66,0,0.7397992817362475,High,月額契約で解約しやすい / 月額料金が高い / Electronic check利用 / Fiber optic利用で料金・品質不満の可能性,長期契約特典: 1年契約への移行割引やポイント付与を提案する / 料金プラン見直し: 利用状況に合う低負担プランを提案する / 支払い方法変更: 自動支払いへの変更特典を提案する
9984-EBJ,Male,0,Yes,No,1,Yes,Yes,DSL,No,No,No,No,Yes,No,Month-to-month,No,Bank transfer (automatic),61.57,53.77,1,0.7392498284354737,High,月額契約で解約しやすい / 利用期間が短い / TechSupport未加入 / OnlineSecurity未加入,長期契約特典: 1年契約への移行割引やポイント付与を提案する / オンボーディング強化: 初期活用サポートや利用定着メールを送る / サポート加入キャンペーン: 初月無料のTechSupportを提案する
1606-NNC,Female,0,No,No,36,Yes,No,Fiber optic,No,Yes,Yes,Yes,No,Yes,Month-to-month,Yes,Electronic check,55.51,2031.25,1,0.739047656840696,High,月額契約で解約しやすい / OnlineSecurity未加入 / Electronic check利用 / Fiber optic利用で料金・品質不満の可能性,長期契約特典: 1年契約への移行割引やポイント付与を提案する / セキュリティ提案: OnlineSecurityの価値を説明し利用を促す / 支払い方法変更: 自動支払いへの変更特典を提案する
5061-HXH,Male,0,No,No,50,Yes,No phone service,Fiber optic,No,No,No,No,No,No,Month-to-month,Yes,Bank transfer (automatic),108.88,5448.84,0,0.7388499318373395,High,月額契約で解約しやすい / 月額料金が高い / TechSupport未加入 / OnlineSecurity未加入 / Fiber optic利用で料金・品質不満の可能性,長期契約特典: 1年契約への移行割引やポイント付与を提案する / 料金プラン見直し: 利用状況に合う低負担プランを提案する / サポート加入キャンペーン: 初月無料のTechSupportを提案する
1025-SJT,Male,0,No,No,24,Yes,No,Fiber optic,No,Yes,Yes,Yes,Yes,No,Month-to-month,No,Bank transfer (automatic),85.08,2135.46,0,0.7388381081603581,High,月額契約で解約しやすい / 月額料金が高い / OnlineSecurity未加入 / Fiber optic利用で料金・品質不満の可能性,長期契約特典: 1年契約への移行割引やポイント付与を提案する / 料金プラン見直し: 利用状況に合う低負担プランを提案する / セキュリティ提案: OnlineSecurityの価値を説明し利用を促す
1615-ZEE,Female,0,No,No,21,Yes,No,DSL,No,No,Yes,No,Yes,Yes,Month-to-month,Yes,Electronic check,53.66,1204.02,1,0.7387475441053927,High,月額契約で解約しやすい / TechSupport未加入 / OnlineSecurity未加入 / Electronic check利用,長期契約特典: 1年契約への移行割引やポイント付与を提案する / サポート加入キャンペーン: 初月無料のTechSupportを提案する / セキュリティ提案: OnlineSecurityの価値を説明し利用を促す
1540-NIZ,Male,0,Yes,No,13,Yes,No,DSL,No,No,Yes,No,Yes,No,Month-to-month,Yes,Electronic check,48.01,639.35,1,0.7384437539146671,High,月額契約で解約しやすい / TechSupport未加入 / OnlineSecurity未加入 / Electronic check利用,長期契約特典: 1年契約への移行割引やポイント付与を提案する / サポート加入キャンペーン: 初月無料のTechSupportを提案する / セキュリティ提案: OnlineSecurityの価値を説明し利用を促す
9609-ZDB,Male,1,No,No,3,No,No,DSL,Yes,Yes,Yes,No,Yes,Yes,Month-to-month,Yes,Mailed check,39.52,84.4,1,0.7384285479850207,High,月額契約で解約しやすい / 利用期間が短い / TechSupport未加入,長期契約特典: 1年契約への移行割引やポイント付与を提案する / オンボーディング強化: 初期活用サポートや利用定着メールを送る / サポート加入キャンペーン: 初月無料のTechSupportを提案する
2755-ITO,Female,1,No,Yes,50,Yes,No,Fiber optic,No,Yes,Yes,No,Yes,Yes,Month-to-month,No,Electronic check,83.65,4162.57,1,0.7384157637829987,High,月額契約で解約しやすい / 月額料金が高い / TechSupport未加入 / OnlineSecurity未加入 / Electronic check利用,長期契約特典: 1年契約への移行割引やポイント付与を提案する / 料金プラン見直し: 利用状況に合う低負担プランを提案する / サポート加入キャンペーン: 初月無料のTechSupportを提案する
2012-ZCV,Male,0,No,No,23,Yes,Yes,Fiber optic,No,Yes,No,Yes,No,No,Month-to-month,Yes,Mailed check,67.22,1515.79,1,0.7383985712848248,High,月額契約で解約しやすい / OnlineSecurity未加入 / Fiber optic利用で料金・品質不満の可能性,長期契約特典: 1年契約への移行割引やポイント付与を提案する / セキュリティ提案: OnlineSecurityの価値を説明し利用を促す / 満足度確認: 通信品質・料金への不満をヒアリングする
3885-ZIF,Male,1,Yes,Yes,11,Yes,No,Fiber optic,Yes,Yes,Yes,No,No,No,One year,Yes,Electronic check,59.53,617.21,0,0.738291927361716,High,利用期間が短い / TechSupport未加入 / Electronic check利用 / Fiber optic利用で料金・品質不満の可能性,オンボーディング強化: 初期活用サポートや利用定着メールを送る / サポート加入キャンペーン: 初月無料のTechSupportを提案する / 支払い方法変更: 自動支払いへの変更特典を提案する
3991-EEN,Female,0,Yes,No,32,Yes,No phone service,Fiber optic,Yes,No,No,Yes,No,Yes,Month-to-month,No,Electronic check,88.63,2795.1,1,0.7381167278214178,High,月額契約で解約しやすい / 月額料金が高い / Electronic check利用 / Fiber optic利用で料金・品質不満の可能性,長期契約特典: 1年契約への移行割引やポイント付与を提案する / 料金プラン見直し: 利用状況に合う低負担プランを提案する / 支払い方法変更: 自動支払いへの変更特典を提案する
2424-LTO,Female,0,No,Yes,23,Yes,Yes,Fiber optic,No,Yes,Yes,Yes,Yes,Yes,Month-to-month,No,Bank transfer (automatic),76.18,1752.18,0,0.738036522605818,High,月額契約で解約しやすい / 月額料金が高い / OnlineSecurity未加入 / Fiber optic利用で料金・品質不満の可能性,長期契約特典: 1年契約への移行割引やポイント付与を提案する / 料金プラン見直し: 利用状況に合う低負担プランを提案する / セキュリティ提案: OnlineSecurityの価値を説明し利用を促す
2813-WKA,Male,1,No,No,21,Yes,No phone service,Fiber optic,No,Yes,Yes,Yes,No,Yes,One year,Yes,Mailed check,82.64,1776.76,0,0.7380362019450968,High,月額料金が高い / OnlineSecurity未加入 / Fiber optic利用で料金・品質不満の可能性,料金プラン見直し: 利用状況に合う低負担プランを提案する / セキュリティ提案: OnlineSecurityの価値を説明し利用を促す / 満足度確認: 通信品質・料金への不満をヒアリングする
8324-LCP,Female,0,No,Yes,36,No,Yes,Fiber optic,No,No,No,No,Yes,Yes,Month-to-month,No,Electronic check,67.67,2511.25,1,0.7379469446024566,High,月額契約で解約しやすい / TechSupport未加入 / OnlineSecurity未加入 / Electronic check利用 / Fiber optic利用で料金・品質不満の可能性,長期契約特典: 1年契約への移行割引やポイント付与を提案する / サポート加入キャンペーン: 初月無料のTechSupportを提案する / セキュリティ提案: OnlineSecurityの価値を説明し利用を促す
6344-EIV,Male,1,Yes,Yes,8,Yes,No,DSL,No,Yes,No,No,No,No,Month-to-month,No,Credit card (automatic),51.86,411.45,0,0.7378690621063193,High,月額契約で解約しやすい / 利用期間が短い / TechSupport未加入 / OnlineSecurity未加入,長期契約特典: 1年契約への移行割引やポイント付与を提案する / オンボーディング強化: 初期活用サポートや利用定着メールを送る / サポート加入キャンペーン: 初月無料のTechSupportを提案する
6033-IMZ,Female,0,No,No,34,Yes,Yes,Fiber optic,No,No,Yes,No,No,No,Month-to-month,No,Electronic check,62.88,2112.27,0,0.7373765145265656,High,月額契約で解約しやすい / TechSupport未加入 / OnlineSecurity未加入 / Electronic check利用 / Fiber optic利用で料金・品質不満の可能性,長期契約特典: 1年契約への移行割引やポイント付与を提案する / サポート加入キャンペーン: 初月無料のTechSupportを提案する / セキュリティ提案: OnlineSecurityの価値を説明し利用を促す
1794-IOC,Female,0,Yes,Yes,36,Yes,No,Fiber optic,No,No,No,Yes,No,Yes,Month-to-month,Yes,Electronic check,68.92,2502.96,0,0.7370172543418722,High,月額契約で解約しやすい / OnlineSecurity未加入 / Electronic check利用 / Fiber optic利用で料金・品質不満の可能性,長期契約特典: 1年契約への移行割引やポイント付与を提案する / セキュリティ提案: OnlineSecurityの価値を説明し利用を促す / 支払い方法変更: 自動支払いへの変更特典を提案する
4730-ZJX,Male,1,No,No,41,Yes,Yes,Fiber optic,No,No,No,Yes,No,No,Month-to-month,Yes,Electronic check,58.44,2354.6,1,0.7369275654933513,High,月額契約で解約しやすい / OnlineSecurity未加入 / Electronic check利用 / Fiber optic利用で料金・品質不満の可能性,長期契約特典: 1年契約への移行割引やポイント付与を提案する / セキュリティ提案: OnlineSecurityの価値を説明し利用を促す / 支払い方法変更: 自動支払いへの変更特典を提案する
3795-XMZ,Female,0,No,No,26,Yes,Yes,Fiber optic,Yes,No,Yes,Yes,Yes,No,Month-to-month,Yes,Electronic check,72.07,1901.86,0,0.7369259073072523,High,月額契約で解約しやすい / Electronic check利用 / Fiber optic利用で料金・品質不満の可能性,長期契約特典: 1年契約への移行割引やポイント付与を提案する / 支払い方法変更: 自動支払いへの変更特典を提案する / 満足度確認: 通信品質・料金への不満をヒアリングする
5984-JVT,Male,0,Yes,No,32,Yes,No,Fiber optic,No,No,No,No,No,Yes,Month-to-month,No,Bank transfer (automatic),78.36,2487.84,0,0.7368640020562773,High,月額契約で解約しやすい / 月額料金が高い / TechSupport未加入 / OnlineSecurity未加入 / Fiber optic利用で料金・品質不満の可能性,長期契約特典: 1年契約への移行割引やポイント付与を提案する / 料金プラン見直し: 利用状況に合う低負担プランを提案する / サポート加入キャンペーン: 初月無料のTechSupportを提案する
4884-AAY,Male,0,No,No,23,Yes,Yes,Fiber optic,No,Yes,Yes,No,No,Yes,One year,Yes,Credit card (automatic),89.77,2016.46,0,0.7368350704465786,High,月額料金が高い / TechSupport未加入 / OnlineSecurity未加入 / Fiber optic利用で料金・品質不満の可能性,料金プラン見直し: 利用状況に合う低負担プランを提案する / サポート加入キャンペーン: 初月無料のTechSupportを提案する / セキュリティ提案: OnlineSecurityの価値を説明し利用を促す
4923-HXU,Female,0,No,No,17,Yes,Yes,Fiber optic,No,No,Yes,Yes,No,No,One year,Yes,Electronic check,83.61,1430.3,0,0.7365902254814515,High,月額料金が高い / OnlineSecurity未加入 / Electronic check利用 / Fiber optic利用で料金・品質不満の可能性,料金プラン見直し: 利用状況に合う低負担プランを提案する / セキュリティ提案: OnlineSecurityの価値を説明し利用を促す / 支払い方法変更: 自動支払いへの変更特典を提案する
4378-KDT,Male,0,Yes,No,46,Yes,Yes,Fiber optic,No,Yes,Yes,No,No,Yes,Month-to-month,Yes,Credit card (automatic),93.13,4288.77,0,0.7365650633200824,High,月額契約で解約しやすい / 月額料金が高い / TechSupport未加入 / OnlineSecurity未加入 / Fiber optic利用で料金・品質不満の可能性,長期契約特典: 1年契約への移行割引やポイント付与を提案する / 料金プラン見直し: 利用状況に合う低負担プランを提案する / サポート加入キャンペーン: 初月無料のTechSupportを提案する
2537-VES,Female,0,Yes,No,0,No,No,DSL,No,No,No,Yes,Yes,No,Month-to-month,Yes,Bank transfer (automatic),54.62,0.0,0,0.7364477947721233,High,月額契約で解約しやすい / 利用期間が短い / OnlineSecurity未加入,長期契約特典: 1年契約への移行割引やポイント付与を提案する / オンボーディング強化: 初期活用サポートや利用定着メールを送る / セキュリティ提案: OnlineSecurityの価値を説明し利用を促す
5594-EGD,Female,1,Yes,No,22,Yes,No,Fiber optic,No,No,No,No,No,No,One year,Yes,Electronic check,59.34,1352.97,1,0.7364133429045477,High,TechSupport未加入 / OnlineSecurity未加入 / Electronic check利用 / Fiber optic利用で料金・品質不満の可能性,サポート加入キャンペーン: 初月無料のTechSupportを提案する / セキュリティ提案: OnlineSecurityの価値を説明し利用を促す / 支払い方法変更: 自動支払いへの変更特典を提案する
8383-SCF,Female,0,No,No,10,Yes,No,DSL,No,Yes,Yes,Yes,Yes,Yes,Month-to-month,Yes,Credit card (automatic),61.78,646.35,1,0.7363195364601214,High,月額契約で解約しやすい / 利用期間が短い / OnlineSecurity未加入,長期契約特典: 1年契約への移行割引やポイント付与を提案する / オンボーディング強化: 初期活用サポートや利用定着メールを送る / セキュリティ提案: OnlineSecurityの価値を説明し利用を促す
3923-RZB,Female,0,Yes,Yes,29,Yes,Yes,Fiber optic,No,No,Yes,Yes,No,No,Month-to-month,Yes,Electronic check,58.92,1739.16,0,0.7362257858760952,High,月額契約で解約しやすい / OnlineSecurity未加入 / Electronic check利用 / Fiber optic利用で料金・品質不満の可能性,長期契約特典: 1年契約への移行割引やポイント付与を提案する / セキュリティ提案: OnlineSecurityの価値を説明し利用を促す / 支払い方法変更: 自動支払いへの変更特典を提案する
9165-OHU,Female,0,No,No,8,No,No,DSL,Yes,Yes,Yes,No,No,Yes,Month-to-month,No,Electronic check,54.56,423.69,0,0.735971983250867,High,月額契約で解約しやすい / 利用期間が短い / TechSupport未加入 / Electronic check利用,長期契約特典: 1年契約への移行割引やポイント付与を提案する / オンボーディング強化: 初期活用サポートや利用定着メールを送る / サポート加入キャンペーン: 初月無料のTechSupportを提案する
8091-YDQ,Female,1,No,No,13,Yes,Yes,DSL,No,Yes,No,No,No,No,Month-to-month,No,Electronic check,33.61,480.64,1,0.7354773962254857,High,月額契約で解約しやすい / TechSupport未加入 / OnlineSecurity未加入 / Electronic check利用,長期契約特典: 1年契約への移行割引やポイント付与を提案する / サポート加入キャンペーン: 初月無料のTechSupportを提案する / セキュリティ提案: OnlineSecurityの価値を説明し利用を促す
8171-FMC,Female,0,No,No,32,Yes,No,Fiber optic,No,Yes,Yes,No,Yes,Yes,Month-to-month,No,Credit card (automatic),70.25,2244.1,1,0.7354518580219744,High,月額契約で解約しやすい / TechSupport未加入 / OnlineSecurity未加入 / Fiber optic利用で料金・品質不満の可能性,長期契約特典: 1年契約への移行割引やポイント付与を提案する / サポート加入キャンペーン: 初月無料のTechSupportを提案する / セキュリティ提案: OnlineSecurityの価値を説明し利用を促す
2111-ONG,Female,0,No,No,37,Yes,No,Fiber optic,No,No,Yes,No,Yes,Yes,Month-to-month,Yes,Bank transfer (automatic),69.16,2565.47,0,0.7353441904726965,High,月額契約で解約しやすい / TechSupport未加入 / OnlineSecurity未加入 / Fiber optic利用で料金・品質不満の可能性,長期契約特典: 1年契約への移行割引やポイント付与を提案する / サポート加入キャンペーン: 初月無料のTechSupportを提案する / セキュリティ提案: OnlineSecurityの価値を説明し利用を促す
7562-QFQ,Female,0,No,No,20,Yes,Yes,DSL,No,No,Yes,No,Yes,No,Month-to-month,No,Electronic check,79.82,1612.49,0,0.7348961598992194,High,月額契約で解約しやすい / 月額料金が高い / TechSupport未加入 / OnlineSecurity未加入 / Electronic check利用,長期契約特典: 1年契約への移行割引やポイント付与を提案する / 料金プラン見直し: 利用状況に合う低負担プランを提案する / サポート加入キャンペーン: 初月無料のTechSupportを提案する
9189-IYO,Male,0,No,Yes,21,Yes,No,Fiber optic,Yes,No,Yes,No,Yes,No,Month-to-month,Yes,Credit card (automatic),64.25,1314.81,0,0.734883884291741,High,月額契約で解約しやすい / TechSupport未加入 / Fiber optic利用で料金・品質不満の可能性,長期契約特典: 1年契約への移行割引やポイント付与を提案する / サポート加入キャンペーン: 初月無料のTechSupportを提案する / 満足度確認: 通信品質・料金への不満をヒアリングする
2318-AKD,Female,0,No,No,27,Yes,No,Fiber optic,Yes,Yes,No,No,Yes,Yes,Month-to-month,No,Mailed check,97.39,2640.18,0,0.7347384552700411,High,月額契約で解約しやすい / 月額料金が高い / TechSupport未加入 / Fiber optic利用で料金・品質不満の可能性,長期契約特典: 1年契約への移行割引やポイント付与を提案する / 料金プラン見直し: 利用状況に合う低負担プランを提案する / サポート加入キャンペーン: 初月無料のTechSupportを提案する
2833-ESW,Female,0,No,No,34,Yes,Yes,Fiber optic,No,Yes,No,Yes,No,Yes,Month-to-month,Yes,Bank transfer (automatic),75.82,2624.46,0,0.7342891739215102,High,月額契約で解約しやすい / 月額料金が高い / OnlineSecurity未加入 / Fiber optic利用で料金・品質不満の可能性,長期契約特典: 1年契約への移行割引やポイント付与を提案する / 料金プラン見直し: 利用状況に合う低負担プランを提案する / セキュリティ提案: OnlineSecurityの価値を説明し利用を促す
5672-SDZ,Male,1,No,No,40,Yes,No,DSL,No,Yes,No,No,No,Yes,Month-to-month,Yes,Electronic check,74.56,2950.93,0,0.7338974690950137,High,月額契約で解約しやすい / TechSupport未加入 / OnlineSecurity未加入 / Electronic check利用,長期契約特典: 1年契約への移行割引やポイント付与を提案する / サポート加入キャンペーン: 初月無料のTechSupportを提案する / セキュリティ提案: OnlineSecurityの価値を説明し利用を促す
7410-WEJ,Female,1,Yes,No,13,Yes,No phone service,DSL,No,No,No,Yes,Yes,Yes,Month-to-month,No,Electronic check,41.3,553.12,0,0.7337941182960642,High,月額契約で解約しやすい / OnlineSecurity未加入 / Electronic check利用,長期契約特典: 1年契約への移行割引やポイント付与を提案する / セキュリティ提案: OnlineSecurityの価値を説明し利用を促す / 支払い方法変更: 自動支払いへの変更特典を提案する
8056-AMQ,Female,0,No,No,39,Yes,Yes,Fiber optic,No,Yes,No,No,Yes,Yes,Month-to-month,No,Electronic check,69.17,2768.76,1,0.7336076465092336,High,月額契約で解約しやすい / TechSupport未加入 / OnlineSecurity未加入 / Electronic check利用 / Fiber optic利用で料金・品質不満の可能性,長期契約特典: 1年契約への移行割引やポイント付与を提案する / サポート加入キャンペーン: 初月無料のTechSupportを提案する / セキュリティ提案: OnlineSecurityの価値を説明し利用を促す
1361-IYU,Male,1,Yes,Yes,37,Yes,No,Fiber optic,Yes,No,Yes,No,No,Yes,Month-to-month,Yes,Bank transfer (automatic),77.47,2849.5,1,0.73345197671289,High,月額契約で解約しやすい / 月額料金が高い / TechSupport未加入 / Fiber optic利用で料金・品質不満の可能性,長期契約特典: 1年契約への移行割引やポイント付与を提案する / 料金プラン見直し: 利用状況に合う低負担プランを提案する / サポート加入キャンペーン: 初月無料のTechSupportを提案する
4972-NQN,Female,0,No,No,49,Yes,No,Fiber optic,No,Yes,Yes,No,Yes,Yes,Month-to-month,Yes,Electronic check,75.49,3718.17,0,0.7333357119004471,High,月額契約で解約しやすい / 月額料金が高い / TechSupport未加入 / OnlineSecurity未加入 / Electronic check利用,長期契約特典: 1年契約への移行割引やポイント付与を提案する / 料金プラン見直し: 利用状況に合う低負担プランを提案する / サポート加入キャンペーン: 初月無料のTechSupportを提案する
5104-KAE,Male,0,Yes,Yes,22,No,Yes,Fiber optic,No,Yes,No,No,No,No,Month-to-month,Yes,Mailed check,50.7,1210.95,1,0.7332858517442381,High,月額契約で解約しやすい / TechSupport未加入 / OnlineSecurity未加入 / Fiber optic利用で料金・品質不満の可能性,長期契約特典: 1年契約への移行割引やポイント付与を提案する / サポート加入キャンペーン: 初月無料のTechSupportを提案する / セキュリティ提案: OnlineSecurityの価値を説明し利用を促す
4229-GTV,Male,1,Yes,No,19,Yes,No phone service,DSL,No,Yes,Yes,No,No,No,Month-to-month,Yes,Credit card (automatic),40.82,787.38,0,0.7331678287395229,High,月額契約で解約しやすい / TechSupport未加入 / OnlineSecurity未加入,長期契約特典: 1年契約への移行割引やポイント付与を提案する / サポート加入キャンペーン: 初月無料のTechSupportを提案する / セキュリティ提案: OnlineSecurityの価値を説明し利用を促す
7756-CKR,Female,0,Yes,No,35,Yes,No phone service,Fiber optic,Yes,No,Yes,Yes,Yes,No,Month-to-month,Yes,Electronic check,89.29,3138.36,0,0.7330837403727202,High,月額契約で解約しやすい / 月額料金が高い / Electronic check利用 / Fiber optic利用で料金・品質不満の可能性,長期契約特典: 1年契約への移行割引やポイント付与を提案する / 料金プラン見直し: 利用状況に合う低負担プランを提案する / 支払い方法変更: 自動支払いへの変更特典を提案する
6744-PQZ,Male,0,Yes,Yes,39,Yes,No phone service,Fiber optic,No,Yes,No,No,No,Yes,Month-to-month,Yes,Bank transfer (automatic),67.27,2650.77,1,0.7329570092565352,High,月額契約で解約しやすい / TechSupport未加入 / OnlineSecurity未加入 / Fiber optic利用で料金・品質不満の可能性,長期契約特典: 1年契約への移行割引やポイント付与を提案する / サポート加入キャンペーン: 初月無料のTechSupportを提案する / セキュリティ提案: OnlineSecurityの価値を説明し利用を促す
5816-CDB,Male,0,No,No,16,Yes,Yes,DSL,No,Yes,Yes,No,No,Yes,Month-to-month,No,Electronic check,52.21,838.86,0,0.7329169086121674,High,月額契約で解約しやすい / TechSupport未加入 / OnlineSecurity未加入 / Electronic check利用,長期契約特典: 1年契約への移行割引やポイント付与を提案する / サポート加入キャンペーン: 初月無料のTechSupportを提案する / セキュリティ提案: OnlineSecurityの価値を説明し利用を促す
1579-YEN,Male,0,No,Yes,11,Yes,No,Fiber optic,No,Yes,No,Yes,Yes,Yes,One year,Yes,Electronic check,65.06,669.02,0,0.7329092222689007,High,利用期間が短い / OnlineSecurity未加入 / Electronic check利用 / Fiber optic利用で料金・品質不満の可能性,オンボーディング強化: 初期活用サポートや利用定着メールを送る / セキュリティ提案: OnlineSecurityの価値を説明し利用を促す / 支払い方法変更: 自動支払いへの変更特典を提案する
1862-GOJ,Female,0,Yes,No,35,Yes,No,Fiber optic,Yes,No,No,No,Yes,Yes,Month-to-month,Yes,Bank transfer (automatic),96.38,3368.36,1,0.732843976325132,High,月額契約で解約しやすい / 月額料金が高い / TechSupport未加入 / Fiber optic利用で料金・品質不満の可能性,長期契約特典: 1年契約への移行割引やポイント付与を提案する / 料金プラン見直し: 利用状況に合う低負担プランを提案する / サポート加入キャンペーン: 初月無料のTechSupportを提案する
2704-CSG,Female,0,No,No,32,Yes,Yes,Fiber optic,No,Yes,Yes,No,Yes,Yes,Month-to-month,No,Credit card (automatic),69.65,2268.53,1,0.7325978263068635,High,月額契約で解約しやすい / TechSupport未加入 / OnlineSecurity未加入 / Fiber optic利用で料金・品質不満の可能性,長期契約特典: 1年契約への移行割引やポイント付与を提案する / サポート加入キャンペーン: 初月無料のTechSupportを提案する / セキュリティ提案: OnlineSecurityの価値を説明し利用を促す
3920-EEY,Female,0,No,No,32,Yes,Yes,Fiber optic,No,Yes,Yes,Yes,No,Yes,Month-to-month,No,Electronic check,63.04,2014.83,1,0.7325109525340712,High,月額契約で解約しやすい / OnlineSecurity未加入 / Electronic check利用 / Fiber optic利用で料金・品質不満の可能性,長期契約特典: 1年契約への移行割引やポイント付与を提案する / セキュリティ提案: OnlineSecurityの価値を説明し利用を促す / 支払い方法変更: 自動支払いへの変更特典を提案する
5080-CPT,Female,0,No,No,26,Yes,No,Fiber optic,No,Yes,No,No,No,Yes,One year,Yes,Credit card (automatic),96.78,2510.43,0,0.7322029693329053,High,月額料金が高い / TechSupport未加入 / OnlineSecurity未加入 / Fiber optic利用で料金・品質不満の可能性,料金プラン見直し: 利用状況に合う低負担プランを提案する / サポート加入キャンペーン: 初月無料のTechSupportを提案する / セキュリティ提案: OnlineSecurityの価値を説明し利用を促す
8984-WPZ,Male,1,Yes,Yes,55,Yes,No,Fiber optic,No,Yes,Yes,No,No,Yes,Month-to-month,Yes,Electronic check,73.42,4037.92,0,0.7319728420228985,High,月額契約で解約しやすい / TechSupport未加入 / OnlineSecurity未加入 / Electronic check利用 / Fiber optic利用で料金・品質不満の可能性,長期契約特典: 1年契約への移行割引やポイント付与を提案する / サポート加入キャンペーン: 初月無料のTechSupportを提案する / セキュリティ提案: OnlineSecurityの価値を説明し利用を促す
5884-VQP,Male,0,Yes,No,40,Yes,No,Fiber optic,No,Yes,Yes,No,Yes,Yes,Month-to-month,No,Credit card (automatic),98.93,3954.43,0,0.7316083278222706,High,月額契約で解約しやすい / 月額料金が高い / TechSupport未加入 / OnlineSecurity未加入 / Fiber optic利用で料金・品質不満の可能性,長期契約特典: 1年契約への移行割引やポイント付与を提案する / 料金プラン見直し: 利用状況に合う低負担プランを提案する / サポート加入キャンペーン: 初月無料のTechSupportを提案する
4753-NSU,Female,1,No,No,28,Yes,Yes,DSL,No,No,Yes,No,Yes,No,Month-to-month,Yes,Electronic check,55.51,1523.34,0,0.7314229714328413,High,月額契約で解約しやすい / TechSupport未加入 / OnlineSecurity未加入 / Electronic check利用,長期契約特典: 1年契約への移行割引やポイント付与を提案する / サポート加入キャンペーン: 初月無料のTechSupportを提案する / セキュリティ提案: OnlineSecurityの価値を説明し利用を促す
2441-EUN,Male,1,No,No,49,Yes,No,Fiber optic,No,No,Yes,No,No,No,Month-to-month,Yes,Credit card (automatic),81.71,4064.21,1,0.7312135317846598,High,月額契約で解約しやすい / 月額料金が高い / TechSupport未加入 / OnlineSecurity未加入 / Fiber optic利用で料金・品質不満の可能性,長期契約特典: 1年契約への移行割引やポイント付与を提案する / 料金プラン見直し: 利用状況に合う低負担プランを提案する / サポート加入キャンペーン: 初月無料のTechSupportを提案する
2192-HRU,Male,0,No,No,10,Yes,No,DSL,No,Yes,No,No,Yes,No,Month-to-month,No,Electronic check,51.76,576.83,0,0.731174263740156,High,月額契約で解約しやすい / 利用期間が短い / TechSupport未加入 / OnlineSecurity未加入 / Electronic check利用,長期契約特典: 1年契約への移行割引やポイント付与を提案する / オンボーディング強化: 初期活用サポートや利用定着メールを送る / サポート加入キャンペーン: 初月無料のTechSupportを提案する
5246-XXS,Male,0,Yes,No,12,Yes,No,DSL,No,Yes,No,Yes,Yes,Yes,Month-to-month,Yes,Electronic check,50.38,586.73,1,0.7310522015407734,High,月額契約で解約しやすい / 利用期間が短い / OnlineSecurity未加入 / Electronic check利用,長期契約特典: 1年契約への移行割引やポイント付与を提案する / オンボーディング強化: 初期活用サポートや利用定着メールを送る / セキュリティ提案: OnlineSecurityの価値を説明し利用を促す
3420-XWP,Female,0,Yes,No,32,Yes,No,Fiber optic,No,No,No,Yes,No,Yes,Month-to-month,Yes,Electronic check,47.97,1461.37,1,0.7309145438206809,High,月額契約で解約しやすい / OnlineSecurity未加入 / Electronic check利用 / Fiber optic利用で料金・品質不満の可能性,長期契約特典: 1年契約への移行割引やポイント付与を提案する / セキュリティ提案: OnlineSecurityの価値を説明し利用を促す / 支払い方法変更: 自動支払いへの変更特典を提案する
2172-HKM,Female,0,Yes,No,13,Yes,No,Fiber optic,Yes,No,No,No,No,No,Month-to-month,No,Mailed check,68.81,867.81,1,0.7308618985560672,High,月額契約で解約しやすい / TechSupport未加入 / Fiber optic利用で料金・品質不満の可能性,長期契約特典: 1年契約への移行割引やポイント付与を提案する / サポート加入キャンペーン: 初月無料のTechSupportを提案する / 満足度確認: 通信品質・料金への不満をヒアリングする
9931-IHN,Female,0,No,Yes,0,No,No,Fiber optic,Yes,No,Yes,No,No,Yes,One year,No,Credit card (automatic),74.19,0.0,1,0.7308532640987325,High,利用期間が短い / TechSupport未加入 / Fiber optic利用で料金・品質不満の可能性,オンボーディング強化: 初期活用サポートや利用定着メールを送る / サポート加入キャンペーン: 初月無料のTechSupportを提案する / 満足度確認: 通信品質・料金への不満をヒアリングする
7815-PVV,Male,1,Yes,No,36,No,Yes,Fiber optic,Yes,Yes,Yes,No,No,No,Month-to-month,Yes,Credit card (automatic),70.05,2529.33,1,0.7307337672323697,High,月額契約で解約しやすい / TechSupport未加入 / Fiber optic利用で料金・品質不満の可能性,長期契約特典: 1年契約への移行割引やポイント付与を提案する / サポート加入キャンペーン: 初月無料のTechSupportを提案する / 満足度確認: 通信品質・料金への不満をヒアリングする
7073-VEY,Male,0,No,No,28,Yes,Yes,Fiber optic,No,Yes,No,No,No,No,Month-to-month,Yes,Mailed check,57.49,1607.99,1,0.7307114276657375,High,月額契約で解約しやすい / TechSupport未加入 / OnlineSecurity未加入 / Fiber optic利用で料金・品質不満の可能性,長期契約特典: 1年契約への移行割引やポイント付与を提案する / サポート加入キャンペーン: 初月無料のTechSupportを提案する / セキュリティ提案: OnlineSecurityの価値を説明し利用を促す
1084-OSA,Male,0,Yes,Yes,30,Yes,Yes,Fiber optic,No,No,Yes,Yes,No,Yes,Month-to-month,Yes,Credit card (automatic),71.1,2145.92,1,0.7305924757041015,High,月額契約で解約しやすい / OnlineSecurity未加入 / Fiber optic利用で料金・品質不満の可能性,長期契約特典: 1年契約への移行割引やポイント付与を提案する / セキュリティ提案: OnlineSecurityの価値を説明し利用を促す / 満足度確認: 通信品質・料金への不満をヒアリングする
7446-MUR,Female,1,Yes,No,3,Yes,Yes,DSL,No,Yes,Yes,No,Yes,No,Month-to-month,Yes,Mailed check,29.04,111.09,1,0.7304835985108585,High,月額契約で解約しやすい / 利用期間が短い / TechSupport未加入 / OnlineSecurity未加入,長期契約特典: 1年契約への移行割引やポイント付与を提案する / オンボーディング強化: 初期活用サポートや利用定着メールを送る / サポート加入キャンペーン: 初月無料のTechSupportを提案する
3331-NVY,Male,1,Yes,No,43,Yes,Yes,Fiber optic,No,Yes,Yes,No,No,No,Month-to-month,No,Credit card (automatic),87.93,3752.99,0,0.7302672931269157,High,月額契約で解約しやすい / 月額料金が高い / TechSupport未加入 / OnlineSecurity未加入 / Fiber optic利用で料金・品質不満の可能性,長期契約特典: 1年契約への移行割引やポイント付与を提案する / 料金プラン見直し: 利用状況に合う低負担プランを提案する / サポート加入キャンペーン: 初月無料のTechSupportを提案する
6736-CNE,Female,0,No,No,36,Yes,No,Fiber optic,No,Yes,No,No,Yes,Yes,Month-to-month,Yes,Credit card (automatic),58.98,2155.64,0,0.7302210839122566,High,月額契約で解約しやすい / TechSupport未加入 / OnlineSecurity未加入 / Fiber optic利用で料金・品質不満の可能性,長期契約特典: 1年契約への移行割引やポイント付与を提案する / サポート加入キャンペーン: 初月無料のTechSupportを提案する / セキュリティ提案: OnlineSecurityの価値を説明し利用を促す
8976-SHC,Female,1,No,Yes,16,Yes,No,DSL,Yes,Yes,Yes,No,Yes,Yes,Month-to-month,Yes,Mailed check,75.56,1163.27,1,0.730188486653296,High,月額契約で解約しやすい / 月額料金が高い / TechSupport未加入,長期契約特典: 1年契約への移行割引やポイント付与を提案する / 料金プラン見直し: 利用状況に合う低負担プランを提案する / サポート加入キャンペーン: 初月無料のTechSupportを提案する
1063-TIH,Male,0,Yes,No,25,Yes,Yes,Fiber optic,No,Yes,No,No,Yes,No,Month-to-month,No,Mailed check,79.56,2049.06,0,0.7301024663344454,High,月額契約で解約しやすい / 月額料金が高い / TechSupport未加入 / OnlineSecurity未加入 / Fiber optic利用で料金・品質不満の可能性,長期契約特典: 1年契約への移行割引やポイント付与を提案する / 料金プラン見直し: 利用状況に合う低負担プランを提案する / サポート加入キャンペーン: 初月無料のTechSupportを提案する
6895-ZXV,Female,0,No,Yes,20,Yes,Yes,Fiber optic,No,No,Yes,No,No,Yes,One year,Yes,Mailed check,98.81,2005.98,1,0.7299433600185866,High,月額料金が高い / TechSupport未加入 / OnlineSecurity未加入 / Fiber optic利用で料金・品質不満の可能性,料金プラン見直し: 利用状況に合う低負担プランを提案する / サポート加入キャンペーン: 初月無料のTechSupportを提案する / セキュリティ提案: OnlineSecurityの価値を説明し利用を促す
8108-UVN,Female,1,Yes,No,59,Yes,Yes,Fiber optic,No,No,Yes,No,No,Yes,Month-to-month,Yes,Electronic check,81.49,4800.26,0,0.7298776470849012,High,月額契約で解約しやすい / 月額料金が高い / TechSupport未加入 / OnlineSecurity未加入 / Electronic check利用,長期契約特典: 1年契約への移行割引やポイント付与を提案する / 料金プラン見直し: 利用状況に合う低負担プランを提案する / サポート加入キャンペーン: 初月無料のTechSupportを提案する
3830-KGQ,Female,0,No,Yes,40,Yes,Yes,Fiber optic,No,No,Yes,No,Yes,Yes,Month-to-month,Yes,Credit card (automatic),78.61,3174.46,1,0.7296955323044929,High,月額契約で解約しやすい / 月額料金が高い / TechSupport未加入 / OnlineSecurity未加入 / Fiber optic利用で料金・品質不満の可能性,長期契約特典: 1年契約への移行割引やポイント付与を提案する / 料金プラン見直し: 利用状況に合う低負担プランを提案する / サポート加入キャンペーン: 初月無料のTechSupportを提案する
7659-MON,Female,0,No,Yes,11,Yes,No,DSL,No,Yes,Yes,No,Yes,No,Month-to-month,No,Credit card (automatic),76.7,807.7,1,0.7296153018539134,High,月額契約で解約しやすい / 月額料金が高い / 利用期間が短い / TechSupport未加入 / OnlineSecurity未加入,長期契約特典: 1年契約への移行割引やポイント付与を提案する / 料金プラン見直し: 利用状況に合う低負担プランを提案する / オンボーディング強化: 初期活用サポートや利用定着メールを送る
6661-SAW,Female,0,Yes,No,48,Yes,No phone service,Fiber optic,No,Yes,Yes,No,Yes,Yes,Month-to-month,Yes,Electronic check,62.19,2995.54,0,0.7295898393204244,High,月額契約で解約しやすい / TechSupport未加入 / OnlineSecurity未加入 / Electronic check利用 / Fiber optic利用で料金・品質不満の可能性,長期契約特典: 1年契約への移行割引やポイント付与を提案する / サポート加入キャンペーン: 初月無料のTechSupportを提案する / セキュリティ提案: OnlineSecurityの価値を説明し利用を促す
8557-NGO,Female,0,Yes,No,17,Yes,No phone service,Fiber optic,No,Yes,No,No,No,No,One year,No,Credit card (automatic),93.45,1593.62,1,0.7291138351878532,High,月額料金が高い / TechSupport未加入 / OnlineSecurity未加入 / Fiber optic利用で料金・品質不満の可能性,料金プラン見直し: 利用状況に合う低負担プランを提案する / サポート加入キャンペーン: 初月無料のTechSupportを提案する / セキュリティ提案: OnlineSecurityの価値を説明し利用を促す
7807-AEI,Female,0,No,No,36,No,No,Fiber optic,No,No,No,Yes,Yes,No,Month-to-month,Yes,Electronic check,67.75,2469.47,0,0.7289764695456413,High,月額契約で解約しやすい / OnlineSecurity未加入 / Electronic check利用 / Fiber optic利用で料金・品質不満の可能性,長期契約特典: 1年契約への移行割引やポイント付与を提案する / セキュリティ提案: OnlineSecurityの価値を説明し利用を促す / 支払い方法変更: 自動支払いへの変更特典を提案する
5542-JNS,Male,0,No,No,22,Yes,No phone service,DSL,No,Yes,No,Yes,No,No,Month-to-month,Yes,Electronic check,65.62,1453.05,0,0.7288319937444906,High,月額契約で解約しやすい / OnlineSecurity未加入 / Electronic check利用,長期契約特典: 1年契約への移行割引やポイント付与を提案する / セキュリティ提案: OnlineSecurityの価値を説明し利用を促す / 支払い方法変更: 自動支払いへの変更特典を提案する
6520-BPD,Female,0,No,No,24,No,No,Fiber optic,Yes,No,Yes,No,No,No,Month-to-month,No,Bank transfer (automatic),80.81,1997.66,0,0.7287479551916288,High,月額契約で解約しやすい / 月額料金が高い / TechSupport未加入 / Fiber optic利用で料金・品質不満の可能性,長期契約特典: 1年契約への移行割引やポイント付与を提案する / 料金プラン見直し: 利用状況に合う低負担プランを提案する / サポート加入キャンペーン: 初月無料のTechSupportを提案する
9317-SBF,Male,0,No,Yes,4,Yes,No,DSL,Yes,No,Yes,No,No,No,Month-to-month,Yes,Electronic check,43.27,182.71,1,0.7284306034785959,High,月額契約で解約しやすい / 利用期間が短い / TechSupport未加入 / Electronic check利用,長期契約特典: 1年契約への移行割引やポイント付与を提案する / オンボーディング強化: 初期活用サポートや利用定着メールを送る / サポート加入キャンペーン: 初月無料のTechSupportを提案する
2566-YYY,Male,0,Yes,No,17,Yes,No,Fiber optic,Yes,No,Yes,Yes,Yes,Yes,Month-to-month,Yes,Bank transfer (automatic),63.38,1148.16,0,0.7283946633076326,High,月額契約で解約しやすい / Fiber optic利用で料金・品質不満の可能性,長期契約特典: 1年契約への移行割引やポイント付与を提案する / 満足度確認: 通信品質・料金への不満をヒアリングする
9007-LGX,Male,0,Yes,No,28,Yes,No,Fiber optic,Yes,Yes,No,Yes,No,Yes,Month-to-month,Yes,Electronic check,62.2,1747.14,1,0.7283745041381249,High,月額契約で解約しやすい / Electronic check利用 / Fiber optic利用で料金・品質不満の可能性,長期契約特典: 1年契約への移行割引やポイント付与を提案する / 支払い方法変更: 自動支払いへの変更特典を提案する / 満足度確認: 通信品質・料金への不満をヒアリングする
5765-TGF,Male,0,Yes,Yes,7,Yes,No phone service,DSL,No,No,No,No,No,Yes,Month-to-month,No,Mailed check,61.73,474.44,0,0.7283278346346702,High,月額契約で解約しやすい / 利用期間が短い / TechSupport未加入 / OnlineSecurity未加入,長期契約特典: 1年契約への移行割引やポイント付与を提案する / オンボーディング強化: 初期活用サポートや利用定着メールを送る / サポート加入キャンペーン: 初月無料のTechSupportを提案する
7683-TAM,Male,0,Yes,Yes,1,Yes,Yes,DSL,Yes,No,No,No,Yes,No,Month-to-month,Yes,Electronic check,45.42,0.0,0,0.7281538711688338,High,月額契約で解約しやすい / 利用期間が短い / TechSupport未加入 / Electronic check利用,長期契約特典: 1年契約への移行割引やポイント付与を提案する / オンボーディング強化: 初期活用サポートや利用定着メールを送る / サポート加入キャンペーン: 初月無料のTechSupportを提案する
1100-SAT,Male,1,Yes,Yes,38,Yes,No,Fiber optic,Yes,No,Yes,No,Yes,No,Month-to-month,No,Electronic check,89.94,3409.18,1,0.7280835668251102,High,月額契約で解約しやすい / 月額料金が高い / TechSupport未加入 / Electronic check利用 / Fiber optic利用で料金・品質不満の可能性,長期契約特典: 1年契約への移行割引やポイント付与を提案する / 料金プラン見直し: 利用状況に合う低負担プランを提案する / サポート加入キャンペーン: 初月無料のTechSupportを提案する
1270-NFZ,Male,1,Yes,No,55,Yes,Yes,Fiber optic,No,Yes,Yes,No,No,Yes,Month-to-month,No,Electronic check,90.34,5002.19,0,0.72789751084585,High,月額契約で解約しやすい / 月額料金が高い / TechSupport未加入 / OnlineSecurity未加入 / Electronic check利用,長期契約特典: 1年契約への移行割引やポイント付与を提案する / 料金プラン見直し: 利用状況に合う低負担プランを提案する / サポート加入キャンペーン: 初月無料のTechSupportを提案する
6198-JUI,Female,0,Yes,Yes,25,Yes,Yes,DSL,No,No,Yes,No,Yes,Yes,Month-to-month,Yes,Electronic check,70.11,1756.58,1,0.7278964565191265,High,月額契約で解約しやすい / TechSupport未加入 / OnlineSecurity未加入 / Electronic check利用,長期契約特典: 1年契約への移行割引やポイント付与を提案する / サポート加入キャンペーン: 初月無料のTechSupportを提案する / セキュリティ提案: OnlineSecurityの価値を説明し利用を促す
9306-XEM,Female,1,No,Yes,42,Yes,No phone service,Fiber optic,No,Yes,No,No,Yes,No,Month-to-month,Yes,Mailed check,69.25,2938.15,0,0.7278259500104028,High,月額契約で解約しやすい / TechSupport未加入 / OnlineSecurity未加入 / Fiber optic利用で料金・品質不満の可能性,長期契約特典: 1年契約への移行割引やポイント付与を提案する / サポート加入キャンペーン: 初月無料のTechSupportを提案する / セキュリティ提案: OnlineSecurityの価値を説明し利用を促す
3634-GLL,Female,0,Yes,No,19,Yes,No,DSL,No,Yes,No,No,Yes,Yes,Month-to-month,No,Electronic check,67.11,1316.52,0,0.7276936218866481,High,月額契約で解約しやすい / TechSupport未加入 / OnlineSecurity未加入 / Electronic check利用,長期契約特典: 1年契約への移行割引やポイント付与を提案する / サポート加入キャンペーン: 初月無料のTechSupportを提案する / セキュリティ提案: OnlineSecurityの価値を説明し利用を促す
6487-LZI,Female,1,Yes,No,28,No,No,DSL,No,Yes,Yes,No,No,No,Month-to-month,No,Electronic check,69.93,1986.23,1,0.7275448334659625,High,月額契約で解約しやすい / TechSupport未加入 / OnlineSecurity未加入 / Electronic check利用,長期契約特典: 1年契約への移行割引やポイント付与を提案する / サポート加入キャンペーン: 初月無料のTechSupportを提案する / セキュリティ提案: OnlineSecurityの価値を説明し利用を促す
1638-MYG,Male,1,No,No,29,No,No,Fiber optic,Yes,Yes,Yes,No,Yes,Yes,Month-to-month,No,Mailed check,72.4,2120.43,1,0.7275111048499553,High,月額契約で解約しやすい / TechSupport未加入 / Fiber optic利用で料金・品質不満の可能性,長期契約特典: 1年契約への移行割引やポイント付与を提案する / サポート加入キャンペーン: 初月無料のTechSupportを提案する / 満足度確認: 通信品質・料金への不満をヒアリングする
6126-OGI,Male,0,No,Yes,2,Yes,Yes,No,No internet service,No internet service,No internet service,No internet service,No internet service,No internet service,Month-to-month,Yes,Electronic check,55.19,122.75,1,0.7273122773886671,High,月額契約で解約しやすい / 利用期間が短い / Electronic check利用,長期契約特典: 1年契約への移行割引やポイント付与を提案する / オンボーディング強化: 初期活用サポートや利用定着メールを送る / 支払い方法変更: 自動支払いへの変更特典を提案する
3640-JNJ,Female,0,No,No,5,Yes,No phone service,DSL,No,Yes,Yes,No,Yes,Yes,Month-to-month,No,Mailed check,47.9,255.36,0,0.7270917743266168,High,月額契約で解約しやすい / 利用期間が短い / TechSupport未加入 / OnlineSecurity未加入,長期契約特典: 1年契約への移行割引やポイント付与を提案する / オンボーディング強化: 初期活用サポートや利用定着メールを送る / サポート加入キャンペーン: 初月無料のTechSupportを提案する
6578-AHY,Female,1,No,No,18,No,Yes,DSL,Yes,No,Yes,No,No,No,Month-to-month,Yes,Bank transfer (automatic),70.57,1285.74,1,0.7270012868766608,High,月額契約で解約しやすい / TechSupport未加入,長期契約特典: 1年契約への移行割引やポイント付与を提案する / サポート加入キャンペーン: 初月無料のTechSupportを提案する
9846-YXS,Female,0,Yes,No,27,Yes,No,Fiber optic,No,Yes,No,No,No,No,Month-to-month,No,Bank transfer (automatic),68.22,1904.85,0,0.7269497867088556,High,月額契約で解約しやすい / TechSupport未加入 / OnlineSecurity未加入 / Fiber optic利用で料金・品質不満の可能性,長期契約特典: 1年契約への移行割引やポイント付与を提案する / サポート加入キャンペーン: 初月無料のTechSupportを提案する / セキュリティ提案: OnlineSecurityの価値を説明し利用を促す
8959-CDP,Male,0,Yes,Yes,5,Yes,No,Fiber optic,No,Yes,Yes,No,No,Yes,One year,No,Mailed check,78.44,337.32,1,0.7266759296226237,High,月額料金が高い / 利用期間が短い / TechSupport未加入 / OnlineSecurity未加入 / Fiber optic利用で料金・品質不満の可能性,料金プラン見直し: 利用状況に合う低負担プランを提案する / オンボーディング強化: 初期活用サポートや利用定着メールを送る / サポート加入キャンペーン: 初月無料のTechSupportを提案する
3089-XEB,Male,0,No,No,8,Yes,No,Fiber optic,Yes,Yes,No,No,No,Yes,One year,No,Electronic check,70.51,617.29,1,0.726296177393531,High,利用期間が短い / TechSupport未加入 / Electronic check利用 / Fiber optic利用で料金・品質不満の可能性,オンボーディング強化: 初期活用サポートや利用定着メールを送る / サポート加入キャンペーン: 初月無料のTechSupportを提案する / 支払い方法変更: 自動支払いへの変更特典を提案する
1136-LOQ,Male,0,No,No,17,Yes,No phone service,Fiber optic,Yes,Yes,Yes,No,Yes,No,Month-to-month,No,Bank transfer (automatic),55.0,924.04,0,0.7262156233150289,High,月額契約で解約しやすい / TechSupport未加入 / Fiber optic利用で料金・品質不満の可能性,長期契約特典: 1年契約への移行割引やポイント付与を提案する / サポート加入キャンペーン: 初月無料のTechSupportを提案する / 満足度確認: 通信品質・料金への不満をヒアリングする
6392-PUI,Female,0,Yes,No,29,No,Yes,Fiber optic,Yes,Yes,Yes,Yes,Yes,Yes,Month-to-month,Yes,Electronic check,64.73,1897.58,1,0.7256754425387272,High,月額契約で解約しやすい / Electronic check利用 / Fiber optic利用で料金・品質不満の可能性,長期契約特典: 1年契約への移行割引やポイント付与を提案する / 支払い方法変更: 自動支払いへの変更特典を提案する / 満足度確認: 通信品質・料金への不満をヒアリングする
5214-GRI,Male,0,No,Yes,37,Yes,Yes,Fiber optic,No,No,No,No,Yes,No,Month-to-month,Yes,Mailed check,95.14,3526.43,1,0.7256625182041303,High,月額契約で解約しやすい / 月額料金が高い / TechSupport未加入 / OnlineSecurity未加入 / Fiber optic利用で料金・品質不満の可能性,長期契約特典: 1年契約への移行割引やポイント付与を提案する / 料金プラン見直し: 利用状況に合う低負担プランを提案する / サポート加入キャンペーン: 初月無料のTechSupportを提案する
5028-EAE,Female,1,No,No,34,Yes,No,Fiber optic,No,No,No,No,Yes,Yes,One year,Yes,Electronic check,77.34,2588.41,0,0.7256025993758395,High,月額料金が高い / TechSupport未加入 / OnlineSecurity未加入 / Electronic check利用 / Fiber optic利用で料金・品質不満の可能性,料金プラン見直し: 利用状況に合う低負担プランを提案する / サポート加入キャンペーン: 初月無料のTechSupportを提案する / セキュリティ提案: OnlineSecurityの価値を説明し利用を促す
1066-SGC,Male,0,No,No,10,Yes,Yes,Fiber optic,No,No,No,No,No,No,One year,Yes,Mailed check,76.0,795.35,0,0.7255857049981562,High,月額料金が高い / 利用期間が短い / TechSupport未加入 / OnlineSecurity未加入 / Fiber optic利用で料金・品質不満の可能性,料金プラン見直し: 利用状況に合う低負担プランを提案する / オンボーディング強化: 初期活用サポートや利用定着メールを送る / サポート加入キャンペーン: 初月無料のTechSupportを提案する
7335-NCT,Male,0,No,Yes,45,Yes,No,Fiber optic,No,Yes,Yes,Yes,No,Yes,Month-to-month,Yes,Electronic check,83.34,3709.44,0,0.7253874349285497,High,月額契約で解約しやすい / 月額料金が高い / OnlineSecurity未加入 / Electronic check利用 / Fiber optic利用で料金・品質不満の可能性,長期契約特典: 1年契約への移行割引やポイント付与を提案する / 料金プラン見直し: 利用状況に合う低負担プランを提案する / セキュリティ提案: OnlineSecurityの価値を説明し利用を促す
5340-ROD,Female,0,Yes,Yes,34,No,No,Fiber optic,No,No,No,Yes,No,Yes,Month-to-month,No,Electronic check,76.47,2572.39,1,0.7253832464829097,High,月額契約で解約しやすい / 月額料金が高い / OnlineSecurity未加入 / Electronic check利用 / Fiber optic利用で料金・品質不満の可能性,長期契約特典: 1年契約への移行割引やポイント付与を提案する / 料金プラン見直し: 利用状況に合う低負担プランを提案する / セキュリティ提案: OnlineSecurityの価値を説明し利用を促す
5643-SCW,Female,0,No,Yes,37,Yes,No,Fiber optic,Yes,No,Yes,No,Yes,No,Month-to-month,Yes,Electronic check,83.66,3087.71,0,0.7253578136966303,High,月額契約で解約しやすい / 月額料金が高い / TechSupport未加入 / Electronic check利用 / Fiber optic利用で料金・品質不満の可能性,長期契約特典: 1年契約への移行割引やポイント付与を提案する / 料金プラン見直し: 利用状況に合う低負担プランを提案する / サポート加入キャンペーン: 初月無料のTechSupportを提案する
5869-JKW,Female,0,Yes,Yes,31,Yes,Yes,Fiber optic,No,Yes,Yes,No,Yes,Yes,Month-to-month,No,Mailed check,87.83,2700.57,1,0.725239285143378,High,月額契約で解約しやすい / 月額料金が高い / TechSupport未加入 / OnlineSecurity未加入 / Fiber optic利用で料金・品質不満の可能性,長期契約特典: 1年契約への移行割引やポイント付与を提案する / 料金プラン見直し: 利用状況に合う低負担プランを提案する / サポート加入キャンペーン: 初月無料のTechSupportを提案する
6958-VTK,Female,1,No,No,22,No,No,DSL,No,No,No,Yes,Yes,Yes,Month-to-month,Yes,Bank transfer (automatic),69.42,1542.27,0,0.725145263187202,High,月額契約で解約しやすい / OnlineSecurity未加入,長期契約特典: 1年契約への移行割引やポイント付与を提案する / セキュリティ提案: OnlineSecurityの価値を説明し利用を促す
8728-GUQ,Female,0,No,No,38,Yes,No,Fiber optic,No,Yes,Yes,No,Yes,Yes,Month-to-month,Yes,Credit card (automatic),60.91,2265.7,0,0.7250522787111848,High,月額契約で解約しやすい / TechSupport未加入 / OnlineSecurity未加入 / Fiber optic利用で料金・品質不満の可能性,長期契約特典: 1年契約への移行割引やポイント付与を提案する / サポート加入キャンペーン: 初月無料のTechSupportを提案する / セキュリティ提案: OnlineSecurityの価値を説明し利用を促す
1150-BGH,Female,0,No,No,13,Yes,Yes,DSL,No,Yes,No,No,No,Yes,Month-to-month,Yes,Bank transfer (automatic),45.88,560.78,1,0.7249615393015528,High,月額契約で解約しやすい / TechSupport未加入 / OnlineSecurity未加入,長期契約特典: 1年契約への移行割引やポイント付与を提案する / サポート加入キャンペーン: 初月無料のTechSupportを提案する / セキュリティ提案: OnlineSecurityの価値を説明し利用を促す
2174-HFS,Female,0,Yes,No,30,Yes,Yes,Fiber optic,No,No,No,Yes,No,Yes,Month-to-month,Yes,Credit card (automatic),62.7,1834.78,0,0.7248988094238031,High,月額契約で解約しやすい / OnlineSecurity未加入 / Fiber optic利用で料金・品質不満の可能性,長期契約特典: 1年契約への移行割引やポイント付与を提案する / セキュリティ提案: OnlineSecurityの価値を説明し利用を促す / 満足度確認: 通信品質・料金への不満をヒアリングする
8842-LFP,Male,1,No,No,15,Yes,No phone service,DSL,Yes,Yes,No,No,No,Yes,Month-to-month,Yes,Bank transfer (automatic),42.08,547.51,0,0.7248958634747116,High,月額契約で解約しやすい / TechSupport未加入,長期契約特典: 1年契約への移行割引やポイント付与を提案する / サポート加入キャンペーン: 初月無料のTechSupportを提案する
4989-SWM,Male,0,No,No,38,Yes,No,Fiber optic,No,No,Yes,Yes,Yes,No,Month-to-month,Yes,Electronic check,74.53,2879.06,0,0.7247241949577043,High,月額契約で解約しやすい / OnlineSecurity未加入 / Electronic check利用 / Fiber optic利用で料金・品質不満の可能性,長期契約特典: 1年契約への移行割引やポイント付与を提案する / セキュリティ提案: OnlineSecurityの価値を説明し利用を促す / 支払い方法変更: 自動支払いへの変更特典を提案する
7728-XUP,Female,0,No,Yes,17,Yes,Yes,Fiber optic,No,Yes,Yes,No,No,Yes,One year,No,Electronic check,72.57,1262.86,1,0.7246474697989258,High,TechSupport未加入 / OnlineSecurity未加入 / Electronic check利用 / Fiber optic利用で料金・品質不満の可能性,サポート加入キャンペーン: 初月無料のTechSupportを提案する / セキュリティ提案: OnlineSecurityの価値を説明し利用を促す / 支払い方法変更: 自動支払いへの変更特典を提案する
3184-VEF,Female,0,Yes,Yes,37,Yes,Yes,Fiber optic,No,Yes,Yes,Yes,No,No,Month-to-month,Yes,Electronic check,74.58,2749.44,1,0.7245280416636039,High,月額契約で解約しやすい / OnlineSecurity未加入 / Electronic check利用 / Fiber optic利用で料金・品質不満の可能性,長期契約特典: 1年契約への移行割引やポイント付与を提案する / セキュリティ提案: OnlineSecurityの価値を説明し利用を促す / 支払い方法変更: 自動支払いへの変更特典を提案する
4186-IRM,Male,0,Yes,No,1,Yes,No,DSL,No,Yes,No,No,No,Yes,Month-to-month,No,Credit card (automatic),37.47,48.51,1,0.7244319207506718,High,月額契約で解約しやすい / 利用期間が短い / TechSupport未加入 / OnlineSecurity未加入,長期契約特典: 1年契約への移行割引やポイント付与を提案する / オンボーディング強化: 初期活用サポートや利用定着メールを送る / サポート加入キャンペーン: 初月無料のTechSupportを提案する
1122-MLB,Male,0,No,No,38,Yes,No,Fiber optic,Yes,Yes,Yes,No,Yes,Yes,Month-to-month,Yes,Credit card (automatic),90.59,3461.75,1,0.7242067464179797,High,月額契約で解約しやすい / 月額料金が高い / TechSupport未加入 / Fiber optic利用で料金・品質不満の可能性,長期契約特典: 1年契約への移行割引やポイント付与を提案する / 料金プラン見直し: 利用状況に合う低負担プランを提案する / サポート加入キャンペーン: 初月無料のTechSupportを提案する
5889-NHI,Female,0,No,No,10,Yes,Yes,Fiber optic,No,No,Yes,No,Yes,No,One year,Yes,Bank transfer (automatic),69.3,734.83,1,0.7240148274607913,High,利用期間が短い / TechSupport未加入 / OnlineSecurity未加入 / Fiber optic利用で料金・品質不満の可能性,オンボーディング強化: 初期活用サポートや利用定着メールを送る / サポート加入キャンペーン: 初月無料のTechSupportを提案する / セキュリティ提案: OnlineSecurityの価値を説明し利用を促す
2131-DON,Male,0,No,Yes,24,Yes,Yes,Fiber optic,Yes,Yes,Yes,Yes,No,No,Month-to-month,Yes,Mailed check,95.46,2337.61,0,0.7239494442533949,High,月額契約で解約しやすい / 月額料金が高い / Fiber optic利用で料金・品質不満の可能性,長期契約特典: 1年契約への移行割引やポイント付与を提案する / 料金プラン見直し: 利用状況に合う低負担プランを提案する / 満足度確認: 通信品質・料金への不満をヒアリングする
6148-WKW,Male,0,No,No,13,Yes,No,Fiber optic,No,Yes,No,No,No,Yes,One year,Yes,Mailed check,70.75,898.92,0,0.7239426170677916,High,TechSupport未加入 / OnlineSecurity未加入 / Fiber optic利用で料金・品質不満の可能性,サポート加入キャンペーン: 初月無料のTechSupportを提案する / セキュリティ提案: OnlineSecurityの価値を説明し利用を促す / 満足度確認: 通信品質・料金への不満をヒアリングする
6223-AFA,Female,0,No,No,38,No,Yes,Fiber optic,No,No,No,No,Yes,No,Month-to-month,No,Electronic check,72.05,2736.65,1,0.7238728703360523,High,月額契約で解約しやすい / TechSupport未加入 / OnlineSecurity未加入 / Electronic check利用 / Fiber optic利用で料金・品質不満の可能性,長期契約特典: 1年契約への移行割引やポイント付与を提案する / サポート加入キャンペーン: 初月無料のTechSupportを提案する / セキュリティ提案: OnlineSecurityの価値を説明し利用を促す
6581-UYV,Female,0,No,Yes,19,Yes,No phone service,DSL,No,Yes,No,No,No,Yes,Month-to-month,No,Electronic check,50.35,928.9,1,0.7238725085689139,High,月額契約で解約しやすい / TechSupport未加入 / OnlineSecurity未加入 / Electronic check利用,長期契約特典: 1年契約への移行割引やポイント付与を提案する / サポート加入キャンペーン: 初月無料のTechSupportを提案する / セキュリティ提案: OnlineSecurityの価値を説明し利用を促す
6259-OTG,Male,0,No,No,39,Yes,No,Fiber optic,No,Yes,Yes,Yes,Yes,Yes,Month-to-month,Yes,Credit card (automatic),86.6,3378.44,0,0.7238200819124572,High,月額契約で解約しやすい / 月額料金が高い / OnlineSecurity未加入 / Fiber optic利用で料金・品質不満の可能性,長期契約特典: 1年契約への移行割引やポイント付与を提案する / 料金プラン見直し: 利用状況に合う低負担プランを提案する / セキュリティ提案: OnlineSecurityの価値を説明し利用を促す
7617-WDB,Female,0,Yes,No,9,Yes,No,DSL,No,Yes,No,No,Yes,Yes,Month-to-month,Yes,Credit card (automatic),40.95,380.38,0,0.723595361950074,High,月額契約で解約しやすい / 利用期間が短い / TechSupport未加入 / OnlineSecurity未加入,長期契約特典: 1年契約への移行割引やポイント付与を提案する / オンボーディング強化: 初期活用サポートや利用定着メールを送る / サポート加入キャンペーン: 初月無料のTechSupportを提案する
5650-PUF,Male,0,No,No,44,Yes,No phone service,Fiber optic,No,Yes,Yes,No,No,No,Month-to-month,Yes,Mailed check,88.35,3873.54,0,0.7233727387972493,High,月額契約で解約しやすい / 月額料金が高い / TechSupport未加入 / OnlineSecurity未加入 / Fiber optic利用で料金・品質不満の可能性,長期契約特典: 1年契約への移行割引やポイント付与を提案する / 料金プラン見直し: 利用状況に合う低負担プランを提案する / サポート加入キャンペーン: 初月無料のTechSupportを提案する
6596-HDR,Female,0,Yes,Yes,13,Yes,Yes,DSL,Yes,Yes,Yes,No,Yes,No,Month-to-month,Yes,Electronic check,69.86,909.03,0,0.7233425980411252,High,月額契約で解約しやすい / TechSupport未加入 / Electronic check利用,長期契約特典: 1年契約への移行割引やポイント付与を提案する / サポート加入キャンペーン: 初月無料のTechSupportを提案する / 支払い方法変更: 自動支払いへの変更特典を提案する
4834-NVE,Female,0,No,No,20,Yes,No,Fiber optic,No,Yes,No,No,Yes,No,One year,Yes,Electronic check,69.69,1359.81,1,0.7231411107390795,High,TechSupport未加入 / OnlineSecurity未加入 / Electronic check利用 / Fiber optic利用で料金・品質不満の可能性,サポート加入キャンペーン: 初月無料のTechSupportを提案する / セキュリティ提案: OnlineSecurityの価値を説明し利用を促す / 支払い方法変更: 自動支払いへの変更特典を提案する
3329-DMB,Female,0,No,Yes,0,Yes,No,Fiber optic,No,Yes,No,Yes,Yes,No,One year,Yes,Mailed check,74.37,0.0,1,0.7230972125517442,High,利用期間が短い / OnlineSecurity未加入 / Fiber optic利用で料金・品質不満の可能性,オンボーディング強化: 初期活用サポートや利用定着メールを送る / セキュリティ提案: OnlineSecurityの価値を説明し利用を促す / 満足度確認: 通信品質・料金への不満をヒアリングする
4296-OGA,Male,0,No,No,41,Yes,Yes,Fiber optic,No,Yes,Yes,No,No,Yes,Month-to-month,Yes,Mailed check,80.03,3259.99,1,0.7230909462515547,High,月額契約で解約しやすい / 月額料金が高い / TechSupport未加入 / OnlineSecurity未加入 / Fiber optic利用で料金・品質不満の可能性,長期契約特典: 1年契約への移行割引やポイント付与を提案する / 料金プラン見直し: 利用状況に合う低負担プランを提案する / サポート加入キャンペーン: 初月無料のTechSupportを提案する
7798-IAH,Male,0,Yes,No,38,Yes,No,Fiber optic,No,Yes,Yes,No,No,No,Month-to-month,Yes,Credit card (automatic),72.2,2694.77,0,0.7230544246208234,High,月額契約で解約しやすい / TechSupport未加入 / OnlineSecurity未加入 / Fiber optic利用で料金・品質不満の可能性,長期契約特典: 1年契約への移行割引やポイント付与を提案する / サポート加入キャンペーン: 初月無料のTechSupportを提案する / セキュリティ提案: OnlineSecurityの価値を説明し利用を促す
7355-MFK,Male,0,No,No,36,Yes,Yes,Fiber optic,No,Yes,Yes,No,Yes,No,Month-to-month,Yes,Credit card (automatic),66.79,2377.09,0,0.7230056130052556,High,月額契約で解約しやすい / TechSupport未加入 / OnlineSecurity未加入 / Fiber optic利用で料金・品質不満の可能性,長期契約特典: 1年契約への移行割引やポイント付与を提案する / サポート加入キャンペーン: 初月無料のTechSupportを提案する / セキュリティ提案: OnlineSecurityの価値を説明し利用を促す
7304-JHQ,Male,1,No,No,21,No,Yes,DSL,No,Yes,No,No,No,Yes,Month-to-month,No,Mailed check,70.16,1501.36,0,0.7229625853738884,High,月額契約で解約しやすい / TechSupport未加入 / OnlineSecurity未加入,長期契約特典: 1年契約への移行割引やポイント付与を提案する / サポート加入キャンペーン: 初月無料のTechSupportを提案する / セキュリティ提案: OnlineSecurityの価値を説明し利用を促す
2398-KEE,Female,1,No,Yes,42,Yes,No,Fiber optic,Yes,Yes,No,No,Yes,Yes,Month-to-month,No,Electronic check,81.75,3462.09,0,0.7229161729343968,High,月額契約で解約しやすい / 月額料金が高い / TechSupport未加入 / Electronic check利用 / Fiber optic利用で料金・品質不満の可能性,長期契約特典: 1年契約への移行割引やポイント付与を提案する / 料金プラン見直し: 利用状況に合う低負担プランを提案する / サポート加入キャンペーン: 初月無料のTechSupportを提案する
8857-VJO,Female,1,Yes,Yes,3,Yes,Yes,No,No internet service,No internet service,No internet service,No internet service,No internet service,No internet service,Month-to-month,Yes,Electronic check,37.91,90.7,1,0.7228453305413572,High,月額契約で解約しやすい / 利用期間が短い / Electronic check利用,長期契約特典: 1年契約への移行割引やポイント付与を提案する / オンボーディング強化: 初期活用サポートや利用定着メールを送る / 支払い方法変更: 自動支払いへの変更特典を提案する
8270-DSO,Female,0,Yes,No,8,Yes,No phone service,Fiber optic,No,Yes,Yes,No,Yes,No,One year,No,Mailed check,82.47,636.96,0,0.722699102751793,High,月額料金が高い / 利用期間が短い / TechSupport未加入 / OnlineSecurity未加入 / Fiber optic利用で料金・品質不満の可能性,料金プラン見直し: 利用状況に合う低負担プランを提案する / オンボーディング強化: 初期活用サポートや利用定着メールを送る / サポート加入キャンペーン: 初月無料のTechSupportを提案する
4074-RDQ,Male,0,Yes,No,1,Yes,Yes,Fiber optic,No,Yes,No,Yes,No,Yes,One year,Yes,Mailed check,63.42,106.33,1,0.7224930532233282,High,利用期間が短い / OnlineSecurity未加入 / Fiber optic利用で料金・品質不満の可能性,オンボーディング強化: 初期活用サポートや利用定着メールを送る / セキュリティ提案: OnlineSecurityの価値を説明し利用を促す / 満足度確認: 通信品質・料金への不満をヒアリングする
9325-RZA,Female,0,No,Yes,7,Yes,No,DSL,Yes,Yes,No,No,Yes,Yes,Month-to-month,No,Electronic check,59.59,383.38,1,0.7223720061704877,High,月額契約で解約しやすい / 利用期間が短い / TechSupport未加入 / Electronic check利用,長期契約特典: 1年契約への移行割引やポイント付与を提案する / オンボーディング強化: 初期活用サポートや利用定着メールを送る / サポート加入キャンペーン: 初月無料のTechSupportを提案する
8388-CUD,Female,1,Yes,No,20,Yes,No,DSL,No,Yes,Yes,No,Yes,No,Month-to-month,Yes,Mailed check,66.96,1325.9,1,0.7221590562401774,High,月額契約で解約しやすい / TechSupport未加入 / OnlineSecurity未加入,長期契約特典: 1年契約への移行割引やポイント付与を提案する / サポート加入キャンペーン: 初月無料のTechSupportを提案する / セキュリティ提案: OnlineSecurityの価値を説明し利用を促す
6491-PFB,Male,0,No,No,29,Yes,Yes,Fiber optic,No,No,Yes,No,No,No,Month-to-month,No,Bank transfer (automatic),68.85,2000.71,1,0.722128929840043,High,月額契約で解約しやすい / TechSupport未加入 / OnlineSecurity未加入 / Fiber optic利用で料金・品質不満の可能性,長期契約特典: 1年契約への移行割引やポイント付与を提案する / サポート加入キャンペーン: 初月無料のTechSupportを提案する / セキュリティ提案: OnlineSecurityの価値を説明し利用を促す
6500-EUR,Female,0,Yes,No,24,Yes,No,Fiber optic,Yes,No,No,No,Yes,Yes,Month-to-month,Yes,Credit card (automatic),55.96,1335.51,1,0.7220287485752119,High,月額契約で解約しやすい / TechSupport未加入 / Fiber optic利用で料金・品質不満の可能性,長期契約特典: 1年契約への移行割引やポイント付与を提案する / サポート加入キャンペーン: 初月無料のTechSupportを提案する / 満足度確認: 通信品質・料金への不満をヒアリングする
6222-AML,Male,0,No,No,42,No,Yes,Fiber optic,No,No,Yes,No,No,No,Month-to-month,No,Electronic check,78.09,3288.67,0,0.7220017309266324,High,月額契約で解約しやすい / 月額料金が高い / TechSupport未加入 / OnlineSecurity未加入 / Electronic check利用,長期契約特典: 1年契約への移行割引やポイント付与を提案する / 料金プラン見直し: 利用状況に合う低負担プランを提案する / サポート加入キャンペーン: 初月無料のTechSupportを提案する
3821-SRT,Male,0,No,No,10,Yes,No,DSL,No,Yes,Yes,No,No,No,Month-to-month,Yes,Credit card (automatic),43.41,429.08,1,0.7219161780966101,High,月額契約で解約しやすい / 利用期間が短い / TechSupport未加入 / OnlineSecurity未加入,長期契約特典: 1年契約への移行割引やポイント付与を提案する / オンボーディング強化: 初期活用サポートや利用定着メールを送る / サポート加入キャンペーン: 初月無料のTechSupportを提案する
8650-QMS,Female,1,No,No,26,Yes,No,DSL,No,No,No,No,No,No,Month-to-month,No,Credit card (automatic),84.48,2186.42,1,0.7218247972879709,High,月額契約で解約しやすい / 月額料金が高い / TechSupport未加入 / OnlineSecurity未加入,長期契約特典: 1年契約への移行割引やポイント付与を提案する / 料金プラン見直し: 利用状況に合う低負担プランを提案する / サポート加入キャンペーン: 初月無料のTechSupportを提案する
5166-TMB,Male,0,Yes,Yes,1,Yes,Yes,Fiber optic,Yes,No,No,No,Yes,No,One year,Yes,Mailed check,88.52,87.95,0,0.7215147311778412,High,月額料金が高い / 利用期間が短い / TechSupport未加入 / Fiber optic利用で料金・品質不満の可能性,料金プラン見直し: 利用状況に合う低負担プランを提案する / オンボーディング強化: 初期活用サポートや利用定着メールを送る / サポート加入キャンペーン: 初月無料のTechSupportを提案する
7507-MGR,Male,1,No,No,58,Yes,No,Fiber optic,No,No,Yes,No,No,Yes,Month-to-month,Yes,Bank transfer (automatic),99.74,5803.38,0,0.7214842537006702,High,月額契約で解約しやすい / 月額料金が高い / TechSupport未加入 / OnlineSecurity未加入 / Fiber optic利用で料金・品質不満の可能性,長期契約特典: 1年契約への移行割引やポイント付与を提案する / 料金プラン見直し: 利用状況に合う低負担プランを提案する / サポート加入キャンペーン: 初月無料のTechSupportを提案する
2797-NPY,Male,0,Yes,Yes,20,Yes,Yes,DSL,No,No,Yes,No,Yes,No,Month-to-month,Yes,Electronic check,65.32,1381.1,1,0.7214314335584068,High,月額契約で解約しやすい / TechSupport未加入 / OnlineSecurity未加入 / Electronic check利用,長期契約特典: 1年契約への移行割引やポイント付与を提案する / サポート加入キャンペーン: 初月無料のTechSupportを提案する / セキュリティ提案: OnlineSecurityの価値を説明し利用を促す
4891-MRF,Female,0,Yes,No,16,Yes,No phone service,DSL,No,No,Yes,Yes,Yes,No,Month-to-month,Yes,Electronic check,56.25,913.35,0,0.7212828438922823,High,月額契約で解約しやすい / OnlineSecurity未加入 / Electronic check利用,長期契約特典: 1年契約への移行割引やポイント付与を提案する / セキュリティ提案: OnlineSecurityの価値を説明し利用を促す / 支払い方法変更: 自動支払いへの変更特典を提案する
9658-MNA,Male,0,No,No,6,Yes,No,DSL,No,No,No,No,No,Yes,Month-to-month,No,Bank transfer (automatic),48.67,281.31,0,0.721272086126482,High,月額契約で解約しやすい / 利用期間が短い / TechSupport未加入 / OnlineSecurity未加入,長期契約特典: 1年契約への移行割引やポイント付与を提案する / オンボーディング強化: 初期活用サポートや利用定着メールを送る / サポート加入キャンペーン: 初月無料のTechSupportを提案する
8829-EQD,Female,1,Yes,Yes,32,No,Yes,Fiber optic,Yes,Yes,Yes,Yes,Yes,Yes,Month-to-month,No,Electronic check,74.01,2451.2,1,0.7210846789832168,High,月額契約で解約しやすい / Electronic check利用 / Fiber optic利用で料金・品質不満の可能性,長期契約特典: 1年契約への移行割引やポイント付与を提案する / 支払い方法変更: 自動支払いへの変更特典を提案する / 満足度確認: 通信品質・料金への不満をヒアリングする
3870-HJU,Male,0,No,Yes,29,Yes,No,Fiber optic,No,No,No,No,No,No,Month-to-month,No,Mailed check,84.86,2454.93,1,0.7210628194132664,High,月額契約で解約しやすい / 月額料金が高い / TechSupport未加入 / OnlineSecurity未加入 / Fiber optic利用で料金・品質不満の可能性,長期契約特典: 1年契約への移行割引やポイント付与を提案する / 料金プラン見直し: 利用状況に合う低負担プランを提案する / サポート加入キャンペーン: 初月無料のTechSupportを提案する
3209-IZV,Male,0,No,No,29,Yes,Yes,Fiber optic,No,No,Yes,No,No,No,Month-to-month,No,Mailed check,78.3,2276.1,1,0.7207201088457789,High,月額契約で解約しやすい / 月額料金が高い / TechSupport未加入 / OnlineSecurity未加入 / Fiber optic利用で料金・品質不満の可能性,長期契約特典: 1年契約への移行割引やポイント付与を提案する / 料金プラン見直し: 利用状況に合う低負担プランを提案する / サポート加入キャンペーン: 初月無料のTechSupportを提案する
9582-PZL,Female,0,No,No,17,Yes,Yes,DSL,Yes,No,No,No,Yes,Yes,Month-to-month,Yes,Electronic check,62.31,1063.48,1,0.72062805260231,High,月額契約で解約しやすい / TechSupport未加入 / Electronic check利用,長期契約特典: 1年契約への移行割引やポイント付与を提案する / サポート加入キャンペーン: 初月無料のTechSupportを提案する / 支払い方法変更: 自動支払いへの変更特典を提案する
4741-EVK,Female,0,No,Yes,21,Yes,No,Fiber optic,Yes,No,Yes,Yes,Yes,No,Month-to-month,No,Electronic check,76.6,1584.04,0,0.7203414399307946,High,月額契約で解約しやすい / 月額料金が高い / Electronic check利用 / Fiber optic利用で料金・品質不満の可能性,長期契約特典: 1年契約への移行割引やポイント付与を提案する / 料金プラン見直し: 利用状況に合う低負担プランを提案する / 支払い方法変更: 自動支払いへの変更特典を提案する
7509-MUD,Female,0,No,No,7,Yes,No phone service,DSL,No,Yes,Yes,No,No,Yes,Month-to-month,No,Mailed check,45.68,306.71,1,0.7202776526424506,High,月額契約で解約しやすい / 利用期間が短い / TechSupport未加入 / OnlineSecurity未加入,長期契約特典: 1年契約への移行割引やポイント付与を提案する / オンボーディング強化: 初期活用サポートや利用定着メールを送る / サポート加入キャンペーン: 初月無料のTechSupportを提案する
9957-GZF,Female,0,Yes,No,27,Yes,Yes,DSL,No,No,Yes,No,No,Yes,Month-to-month,Yes,Electronic check,62.27,1751.33,0,0.7200822129802601,High,月額契約で解約しやすい / TechSupport未加入 / OnlineSecurity未加入 / Electronic check利用,長期契約特典: 1年契約への移行割引やポイント付与を提案する / サポート加入キャンペーン: 初月無料のTechSupportを提案する / セキュリティ提案: OnlineSecurityの価値を説明し利用を促す
5870-YFD,Female,0,No,No,31,Yes,No,Fiber optic,No,No,Yes,Yes,No,No,Month-to-month,Yes,Bank transfer (automatic),72.36,2272.08,1,0.7198692711201776,High,月額契約で解約しやすい / OnlineSecurity未加入 / Fiber optic利用で料金・品質不満の可能性,長期契約特典: 1年契約への移行割引やポイント付与を提案する / セキュリティ提案: OnlineSecurityの価値を説明し利用を促す / 満足度確認: 通信品質・料金への不満をヒアリングする
1761-XIR,Female,0,Yes,No,15,Yes,Yes,Fiber optic,No,No,Yes,Yes,No,No,Month-to-month,No,Mailed check,63.44,983.99,1,0.7196010158766291,High,月額契約で解約しやすい / OnlineSecurity未加入 / Fiber optic利用で料金・品質不満の可能性,長期契約特典: 1年契約への移行割引やポイント付与を提案する / セキュリティ提案: OnlineSecurityの価値を説明し利用を促す / 満足度確認: 通信品質・料金への不満をヒアリングする
7649-XGC,Male,1,Yes,Yes,19,Yes,Yes,DSL,No,No,No,No,Yes,Yes,Month-to-month,Yes,Credit card (automatic),49.52,940.43,1,0.7193763543288222,High,月額契約で解約しやすい / TechSupport未加入 / OnlineSecurity未加入,長期契約特典: 1年契約への移行割引やポイント付与を提案する / サポート加入キャンペーン: 初月無料のTechSupportを提案する / セキュリティ提案: OnlineSecurityの価値を説明し利用を促す
8977-UQB,Male,0,Yes,No,0,No,Yes,Fiber optic,Yes,Yes,Yes,Yes,No,Yes,One year,Yes,Credit card (automatic),67.89,0.0,0,0.7193157444220919,High,利用期間が短い / Fiber optic利用で料金・品質不満の可能性,オンボーディング強化: 初期活用サポートや利用定着メールを送る / 満足度確認: 通信品質・料金への不満をヒアリングする
5664-RJN,Female,0,No,Yes,25,Yes,No,Fiber optic,No,No,Yes,No,No,No,Month-to-month,No,Mailed check,71.11,1802.01,1,0.7192477456172911,High,月額契約で解約しやすい / TechSupport未加入 / OnlineSecurity未加入 / Fiber optic利用で料金・品質不満の可能性,長期契約特典: 1年契約への移行割引やポイント付与を提案する / サポート加入キャンペーン: 初月無料のTechSupportを提案する / セキュリティ提案: OnlineSecurityの価値を説明し利用を促す
6616-ENY,Male,1,Yes,No,30,Yes,Yes,Fiber optic,Yes,Yes,Yes,No,No,Yes,One year,Yes,Electronic check,88.51,2669.01,1,0.7192171932383147,High,月額料金が高い / TechSupport未加入 / Electronic check利用 / Fiber optic利用で料金・品質不満の可能性,料金プラン見直し: 利用状況に合う低負担プランを提案する / サポート加入キャンペーン: 初月無料のTechSupportを提案する / 支払い方法変更: 自動支払いへの変更特典を提案する
2770-JJD,Male,1,No,No,39,Yes,No phone service,Fiber optic,Yes,Yes,Yes,Yes,No,Yes,Month-to-month,No,Electronic check,68.34,2693.57,1,0.7192145642024325,High,月額契約で解約しやすい / Electronic check利用 / Fiber optic利用で料金・品質不満の可能性,長期契約特典: 1年契約への移行割引やポイント付与を提案する / 支払い方法変更: 自動支払いへの変更特典を提案する / 満足度確認: 通信品質・料金への不満をヒアリングする
6044-TMR,Female,0,No,Yes,44,Yes,No,Fiber optic,No,No,Yes,Yes,No,Yes,Month-to-month,Yes,Electronic check,79.14,3495.56,0,0.7192011003453845,High,月額契約で解約しやすい / 月額料金が高い / OnlineSecurity未加入 / Electronic check利用 / Fiber optic利用で料金・品質不満の可能性,長期契約特典: 1年契約への移行割引やポイント付与を提案する / 料金プラン見直し: 利用状況に合う低負担プランを提案する / セキュリティ提案: OnlineSecurityの価値を説明し利用を促す
4296-FIS,Female,0,No,Yes,34,No,Yes,Fiber optic,No,Yes,Yes,No,No,No,Month-to-month,No,Mailed check,92.7,3116.3,0,0.7191889285314039,High,月額契約で解約しやすい / 月額料金が高い / TechSupport未加入 / OnlineSecurity未加入 / Fiber optic利用で料金・品質不満の可能性,長期契約特典: 1年契約への移行割引やポイント付与を提案する / 料金プラン見直し: 利用状況に合う低負担プランを提案する / サポート加入キャンペーン: 初月無料のTechSupportを提案する
8490-PXP,Female,1,Yes,No,2,Yes,Yes,No,No internet service,No internet service,No internet service,No internet service,No internet service,No internet service,Month-to-month,Yes,Electronic check,29.08,0.0,1,0.7191147795710008,High,月額契約で解約しやすい / 利用期間が短い / Electronic check利用,長期契約特典: 1年契約への移行割引やポイント付与を提案する / オンボーディング強化: 初期活用サポートや利用定着メールを送る / 支払い方法変更: 自動支払いへの変更特典を提案する
6949-BHR,Male,0,No,No,14,Yes,No,DSL,No,No,Yes,No,Yes,Yes,Month-to-month,No,Credit card (automatic),67.9,963.65,1,0.7187184380367811,High,月額契約で解約しやすい / TechSupport未加入 / OnlineSecurity未加入,長期契約特典: 1年契約への移行割引やポイント付与を提案する / サポート加入キャンペーン: 初月無料のTechSupportを提案する / セキュリティ提案: OnlineSecurityの価値を説明し利用を促す
7447-UMP,Male,0,Yes,No,11,Yes,No,DSL,No,No,Yes,Yes,No,Yes,Month-to-month,Yes,Mailed check,72.12,801.22,0,0.7186779961763465,High,月額契約で解約しやすい / 利用期間が短い / OnlineSecurity未加入,長期契約特典: 1年契約への移行割引やポイント付与を提案する / オンボーディング強化: 初期活用サポートや利用定着メールを送る / セキュリティ提案: OnlineSecurityの価値を説明し利用を促す
6699-JFA,Male,1,No,No,32,Yes,No,Fiber optic,Yes,Yes,No,No,No,Yes,Month-to-month,No,Mailed check,75.78,2378.5,0,0.7185915105612064,High,月額契約で解約しやすい / 月額料金が高い / TechSupport未加入 / Fiber optic利用で料金・品質不満の可能性,長期契約特典: 1年契約への移行割引やポイント付与を提案する / 料金プラン見直し: 利用状況に合う低負担プランを提案する / サポート加入キャンペーン: 初月無料のTechSupportを提案する
3502-UQB,Male,0,Yes,No,6,Yes,No,Fiber optic,Yes,No,No,No,Yes,No,One year,Yes,Bank transfer (automatic),86.14,507.81,1,0.7185244105966394,High,月額料金が高い / 利用期間が短い / TechSupport未加入 / Fiber optic利用で料金・品質不満の可能性,料金プラン見直し: 利用状況に合う低負担プランを提案する / オンボーディング強化: 初期活用サポートや利用定着メールを送る / サポート加入キャンペーン: 初月無料のTechSupportを提案する
6181-PJG,Female,0,Yes,No,7,Yes,Yes,DSL,No,Yes,Yes,No,Yes,No,Month-to-month,No,Electronic check,42.15,259.67,1,0.7181510662565271,High,月額契約で解約しやすい / 利用期間が短い / TechSupport未加入 / OnlineSecurity未加入 / Electronic check利用,長期契約特典: 1年契約への移行割引やポイント付与を提案する / オンボーディング強化: 初期活用サポートや利用定着メールを送る / サポート加入キャンペーン: 初月無料のTechSupportを提案する
9228-SOF,Male,0,Yes,No,15,Yes,No phone service,DSL,No,Yes,Yes,No,Yes,No,Month-to-month,No,Electronic check,51.66,819.17,0,0.7181275939384113,High,月額契約で解約しやすい / TechSupport未加入 / OnlineSecurity未加入 / Electronic check利用,長期契約特典: 1年契約への移行割引やポイント付与を提案する / サポート加入キャンペーン: 初月無料のTechSupportを提案する / セキュリティ提案: OnlineSecurityの価値を説明し利用を促す
7575-KJB,Male,0,No,Yes,0,Yes,No,Fiber optic,Yes,No,No,No,Yes,Yes,One year,No,Bank transfer (automatic),80.49,0.0,0,0.7178292500222134,High,月額料金が高い / 利用期間が短い / TechSupport未加入 / Fiber optic利用で料金・品質不満の可能性,料金プラン見直し: 利用状況に合う低負担プランを提案する / オンボーディング強化: 初期活用サポートや利用定着メールを送る / サポート加入キャンペーン: 初月無料のTechSupportを提案する
6923-RER,Female,0,Yes,No,17,Yes,No,DSL,No,Yes,Yes,No,No,Yes,Month-to-month,No,Electronic check,52.02,871.02,1,0.717622210122886,High,月額契約で解約しやすい / TechSupport未加入 / OnlineSecurity未加入 / Electronic check利用,長期契約特典: 1年契約への移行割引やポイント付与を提案する / サポート加入キャンペーン: 初月無料のTechSupportを提案する / セキュリティ提案: OnlineSecurityの価値を説明し利用を促す
5211-GQH,Male,0,No,No,50,Yes,Yes,Fiber optic,No,Yes,No,No,No,Yes,Month-to-month,No,Electronic check,92.26,4639.17,1,0.7175837053181375,High,月額契約で解約しやすい / 月額料金が高い / TechSupport未加入 / OnlineSecurity未加入 / Electronic check利用,長期契約特典: 1年契約への移行割引やポイント付与を提案する / 料金プラン見直し: 利用状況に合う低負担プランを提案する / サポート加入キャンペーン: 初月無料のTechSupportを提案する
7316-OCI,Male,0,No,Yes,39,No,No,Fiber optic,No,No,Yes,No,Yes,No,Month-to-month,No,Credit card (automatic),101.11,3915.44,0,0.7174835045895667,High,月額契約で解約しやすい / 月額料金が高い / TechSupport未加入 / OnlineSecurity未加入 / Fiber optic利用で料金・品質不満の可能性,長期契約特典: 1年契約への移行割引やポイント付与を提案する / 料金プラン見直し: 利用状況に合う低負担プランを提案する / サポート加入キャンペーン: 初月無料のTechSupportを提案する
9141-MVT,Male,0,No,No,26,Yes,Yes,Fiber optic,No,Yes,Yes,Yes,No,No,Month-to-month,No,Bank transfer (automatic),76.96,2022.85,0,0.71746880892558,High,月額契約で解約しやすい / 月額料金が高い / OnlineSecurity未加入 / Fiber optic利用で料金・品質不満の可能性,長期契約特典: 1年契約への移行割引やポイント付与を提案する / 料金プラン見直し: 利用状況に合う低負担プランを提案する / セキュリティ提案: OnlineSecurityの価値を説明し利用を促す
7774-EMO,Female,0,No,Yes,10,Yes,Yes,DSL,No,Yes,Yes,No,No,No,Month-to-month,Yes,Credit card (automatic),46.76,493.11,0,0.7171725386090981,High,月額契約で解約しやすい / 利用期間が短い / TechSupport未加入 / OnlineSecurity未加入,長期契約特典: 1年契約への移行割引やポイント付与を提案する / オンボーディング強化: 初期活用サポートや利用定着メールを送る / サポート加入キャンペーン: 初月無料のTechSupportを提案する
1977-SMG,Female,0,Yes,No,3,Yes,Yes,Fiber optic,No,No,Yes,No,No,Yes,Two year,Yes,Electronic check,99.2,315.82,0,0.7171311930858955,High,月額料金が高い / 利用期間が短い / TechSupport未加入 / OnlineSecurity未加入 / Electronic check利用,料金プラン見直し: 利用状況に合う低負担プランを提案する / オンボーディング強化: 初期活用サポートや利用定着メールを送る / サポート加入キャンペーン: 初月無料のTechSupportを提案する
6552-HYZ,Female,0,No,No,45,Yes,Yes,Fiber optic,No,Yes,Yes,No,No,No,Month-to-month,No,Electronic check,85.26,3835.34,1,0.7167995440082787,High,月額契約で解約しやすい / 月額料金が高い / TechSupport未加入 / OnlineSecurity未加入 / Electronic check利用,長期契約特典: 1年契約への移行割引やポイント付与を提案する / 料金プラン見直し: 利用状況に合う低負担プランを提案する / サポート加入キャンペーン: 初月無料のTechSupportを提案する
5924-FWW,Female,0,No,No,33,Yes,Yes,Fiber optic,Yes,No,Yes,No,No,No,Month-to-month,No,Electronic check,78.97,2604.27,0,0.7167529144372976,High,月額契約で解約しやすい / 月額料金が高い / TechSupport未加入 / Electronic check利用 / Fiber optic利用で料金・品質不満の可能性,長期契約特典: 1年契約への移行割引やポイント付与を提案する / 料金プラン見直し: 利用状況に合う低負担プランを提案する / サポート加入キャンペーン: 初月無料のTechSupportを提案する
9009-JQX,Male,1,Yes,No,27,Yes,No phone service,Fiber optic,No,Yes,Yes,Yes,Yes,No,One year,Yes,Electronic check,75.71,2057.96,0,0.7167524102992451,High,月額料金が高い / OnlineSecurity未加入 / Electronic check利用 / Fiber optic利用で料金・品質不満の可能性,料金プラン見直し: 利用状況に合う低負担プランを提案する / セキュリティ提案: OnlineSecurityの価値を説明し利用を促す / 支払い方法変更: 自動支払いへの変更特典を提案する
5046-XTS,Male,0,Yes,No,0,Yes,No,No,No internet service,No internet service,No internet service,No internet service,No internet service,No internet service,Month-to-month,Yes,Credit card (automatic),64.02,0.0,1,0.7164902781442377,High,月額契約で解約しやすい / 利用期間が短い,長期契約特典: 1年契約への移行割引やポイント付与を提案する / オンボーディング強化: 初期活用サポートや利用定着メールを送る
9637-RWY,Male,0,No,Yes,33,Yes,No phone service,Fiber optic,Yes,Yes,Yes,Yes,No,No,Month-to-month,Yes,Bank transfer (automatic),96.76,3176.51,1,0.7164848384905393,High,月額契約で解約しやすい / 月額料金が高い / Fiber optic利用で料金・品質不満の可能性,長期契約特典: 1年契約への移行割引やポイント付与を提案する / 料金プラン見直し: 利用状況に合う低負担プランを提案する / 満足度確認: 通信品質・料金への不満をヒアリングする
3745-IMY,Female,0,Yes,Yes,30,Yes,No,Fiber optic,Yes,No,No,No,Yes,No,Month-to-month,Yes,Credit card (automatic),87.37,2639.17,0,0.7164797369407597,High,月額契約で解約しやすい / 月額料金が高い / TechSupport未加入 / Fiber optic利用で料金・品質不満の可能性,長期契約特典: 1年契約への移行割引やポイント付与を提案する / 料金プラン見直し: 利用状況に合う低負担プランを提案する / サポート加入キャンペーン: 初月無料のTechSupportを提案する
3227-DEP,Male,0,Yes,No,47,No,Yes,Fiber optic,No,No,Yes,No,No,No,Month-to-month,Yes,Electronic check,73.55,3494.71,1,0.7163871156000539,High,月額契約で解約しやすい / TechSupport未加入 / OnlineSecurity未加入 / Electronic check利用 / Fiber optic利用で料金・品質不満の可能性,長期契約特典: 1年契約への移行割引やポイント付与を提案する / サポート加入キャンペーン: 初月無料のTechSupportを提案する / セキュリティ提案: OnlineSecurityの価値を説明し利用を促す
8427-ZXE,Male,0,No,No,12,Yes,No,DSL,Yes,No,Yes,No,No,No,Month-to-month,Yes,Electronic check,53.07,696.17,1,0.716358130341557,High,月額契約で解約しやすい / 利用期間が短い / TechSupport未加入 / Electronic check利用,長期契約特典: 1年契約への移行割引やポイント付与を提案する / オンボーディング強化: 初期活用サポートや利用定着メールを送る / サポート加入キャンペーン: 初月無料のTechSupportを提案する
3940-TKK,Female,0,No,No,2,Yes,Yes,DSL,No,Yes,Yes,Yes,Yes,No,Month-to-month,Yes,Bank transfer (automatic),47.78,80.24,0,0.7163506887194739,High,月額契約で解約しやすい / 利用期間が短い / OnlineSecurity未加入,長期契約特典: 1年契約への移行割引やポイント付与を提案する / オンボーディング強化: 初期活用サポートや利用定着メールを送る / セキュリティ提案: OnlineSecurityの価値を説明し利用を促す
6626-MCR,Female,0,Yes,No,15,Yes,No,Fiber optic,No,Yes,Yes,No,Yes,Yes,One year,Yes,Mailed check,80.39,1190.57,0,0.7162923344850034,High,月額料金が高い / TechSupport未加入 / OnlineSecurity未加入 / Fiber optic利用で料金・品質不満の可能性,料金プラン見直し: 利用状況に合う低負担プランを提案する / サポート加入キャンペーン: 初月無料のTechSupportを提案する / セキュリティ提案: OnlineSecurityの価値を説明し利用を促す
8895-CPQ,Female,0,No,No,17,No,Yes,DSL,No,Yes,No,No,No,No,Month-to-month,Yes,Credit card (automatic),57.12,1041.26,1,0.7159061638702757,High,月額契約で解約しやすい / TechSupport未加入 / OnlineSecurity未加入,長期契約特典: 1年契約への移行割引やポイント付与を提案する / サポート加入キャンペーン: 初月無料のTechSupportを提案する / セキュリティ提案: OnlineSecurityの価値を説明し利用を促す
3442-RKV,Female,0,Yes,No,18,No,Yes,Fiber optic,Yes,No,No,Yes,Yes,No,Month-to-month,No,Electronic check,64.26,1117.24,1,0.7157131472658054,High,月額契約で解約しやすい / Electronic check利用 / Fiber optic利用で料金・品質不満の可能性,長期契約特典: 1年契約への移行割引やポイント付与を提案する / 支払い方法変更: 自動支払いへの変更特典を提案する / 満足度確認: 通信品質・料金への不満をヒアリングする
9214-XWS,Female,0,No,Yes,0,Yes,No,No,No internet service,No internet service,No internet service,No internet service,No internet service,No internet service,Month-to-month,Yes,Electronic check,45.34,0.0,1,0.7156747775015033,High,月額契約で解約しやすい / 利用期間が短い / Electronic check利用,長期契約特典: 1年契約への移行割引やポイント付与を提案する / オンボーディング強化: 初期活用サポートや利用定着メールを送る / 支払い方法変更: 自動支払いへの変更特典を提案する
7487-LNC,Male,0,Yes,Yes,5,Yes,Yes,DSL,No,Yes,No,Yes,No,Yes,Month-to-month,Yes,Mailed check,60.35,282.46,1,0.7156707662864071,High,月額契約で解約しやすい / 利用期間が短い / OnlineSecurity未加入,長期契約特典: 1年契約への移行割引やポイント付与を提案する / オンボーディング強化: 初期活用サポートや利用定着メールを送る / セキュリティ提案: OnlineSecurityの価値を説明し利用を促す
6626-NPZ,Female,0,No,No,39,Yes,No phone service,Fiber optic,No,No,Yes,Yes,No,Yes,Month-to-month,No,Credit card (automatic),88.95,3443.85,1,0.7156601904542116,High,月額契約で解約しやすい / 月額料金が高い / OnlineSecurity未加入 / Fiber optic利用で料金・品質不満の可能性,長期契約特典: 1年契約への移行割引やポイント付与を提案する / 料金プラン見直し: 利用状況に合う低負担プランを提案する / セキュリティ提案: OnlineSecurityの価値を説明し利用を促す
4239-QKK,Male,0,No,No,30,Yes,No,DSL,No,No,No,No,No,Yes,Month-to-month,Yes,Electronic check,64.99,1966.31,1,0.7155713521871304,High,月額契約で解約しやすい / TechSupport未加入 / OnlineSecurity未加入 / Electronic check利用,長期契約特典: 1年契約への移行割引やポイント付与を提案する / サポート加入キャンペーン: 初月無料のTechSupportを提案する / セキュリティ提案: OnlineSecurityの価値を説明し利用を促す
6367-TVV,Female,0,No,Yes,11,Yes,No,Fiber optic,No,Yes,Yes,No,No,No,One year,Yes,Mailed check,76.21,864.74,0,0.7155664845983097,High,月額料金が高い / 利用期間が短い / TechSupport未加入 / OnlineSecurity未加入 / Fiber optic利用で料金・品質不満の可能性,料金プラン見直し: 利用状況に合う低負担プランを提案する / オンボーディング強化: 初期活用サポートや利用定着メールを送る / サポート加入キャンペーン: 初月無料のTechSupportを提案する
8102-XQJ,Male,1,No,No,45,Yes,No phone service,DSL,No,No,No,No,Yes,Yes,Month-to-month,Yes,Electronic check,76.84,3492.09,1,0.7155607444609328,High,月額契約で解約しやすい / 月額料金が高い / TechSupport未加入 / OnlineSecurity未加入 / Electronic check利用,長期契約特典: 1年契約への移行割引やポイント付与を提案する / 料金プラン見直し: 利用状況に合う低負担プランを提案する / サポート加入キャンペーン: 初月無料のTechSupportを提案する
3382-XIR,Male,0,Yes,No,14,Yes,Yes,DSL,No,Yes,No,No,No,Yes,Month-to-month,Yes,Credit card (automatic),46.34,653.43,0,0.7150011190438084,High,月額契約で解約しやすい / TechSupport未加入 / OnlineSecurity未加入,長期契約特典: 1年契約への移行割引やポイント付与を提案する / サポート加入キャンペーン: 初月無料のTechSupportを提案する / セキュリティ提案: OnlineSecurityの価値を説明し利用を促す
4061-CJE,Male,1,No,No,25,Yes,No,DSL,No,No,No,No,Yes,Yes,Month-to-month,Yes,Credit card (automatic),53.05,1352.94,1,0.7148612906920689,High,月額契約で解約しやすい / TechSupport未加入 / OnlineSecurity未加入,長期契約特典: 1年契約への移行割引やポイント付与を提案する / サポート加入キャンペーン: 初月無料のTechSupportを提案する / セキュリティ提案: OnlineSecurityの価値を説明し利用を促す
7325-IOI,Female,0,No,No,11,Yes,No,DSL,No,Yes,Yes,No,Yes,No,Month-to-month,Yes,Mailed check,59.17,632.17,0,0.7148299227060113,High,月額契約で解約しやすい / 利用期間が短い / TechSupport未加入 / OnlineSecurity未加入,長期契約特典: 1年契約への移行割引やポイント付与を提案する / オンボーディング強化: 初期活用サポートや利用定着メールを送る / サポート加入キャンペーン: 初月無料のTechSupportを提案する
9056-YOB,Female,0,Yes,No,42,Yes,No phone service,Fiber optic,No,Yes,Yes,No,Yes,Yes,Month-to-month,Yes,Bank transfer (automatic),64.78,2690.53,1,0.714817992860203,High,月額契約で解約しやすい / TechSupport未加入 / OnlineSecurity未加入 / Fiber optic利用で料金・品質不満の可能性,長期契約特典: 1年契約への移行割引やポイント付与を提案する / サポート加入キャンペーン: 初月無料のTechSupportを提案する / セキュリティ提案: OnlineSecurityの価値を説明し利用を促す
3832-OJB,Female,1,No,Yes,0,Yes,Yes,DSL,Yes,No,No,No,No,No,One year,Yes,Electronic check,68.58,0.0,1,0.7148042529030614,High,利用期間が短い / TechSupport未加入 / Electronic check利用,オンボーディング強化: 初期活用サポートや利用定着メールを送る / サポート加入キャンペーン: 初月無料のTechSupportを提案する / 支払い方法変更: 自動支払いへの変更特典を提案する
6545-MCL,Female,0,Yes,Yes,28,Yes,No,DSL,No,Yes,No,No,No,Yes,Month-to-month,Yes,Electronic check,66.35,1796.23,1,0.7147635276181656,High,月額契約で解約しやすい / TechSupport未加入 / OnlineSecurity未加入 / Electronic check利用,長期契約特典: 1年契約への移行割引やポイント付与を提案する / サポート加入キャンペーン: 初月無料のTechSupportを提案する / セキュリティ提案: OnlineSecurityの価値を説明し利用を促す
4411-UUI,Female,0,No,Yes,3,Yes,Yes,No,No internet service,No internet service,No internet service,No internet service,No internet service,No internet service,Month-to-month,Yes,Electronic check,52.34,162.02,0,0.7147259651754705,High,月額契約で解約しやすい / 利用期間が短い / Electronic check利用,長期契約特典: 1年契約への移行割引やポイント付与を提案する / オンボーディング強化: 初期活用サポートや利用定着メールを送る / 支払い方法変更: 自動支払いへの変更特典を提案する
8845-PGL,Male,1,No,Yes,21,Yes,No phone service,Fiber optic,No,No,Yes,No,Yes,No,One year,Yes,Mailed check,75.23,1517.97,0,0.7146780615147936,High,月額料金が高い / TechSupport未加入 / OnlineSecurity未加入 / Fiber optic利用で料金・品質不満の可能性,料金プラン見直し: 利用状況に合う低負担プランを提案する / サポート加入キャンペーン: 初月無料のTechSupportを提案する / セキュリティ提案: OnlineSecurityの価値を説明し利用を促す
6723-FGY,Female,0,No,No,42,Yes,No,Fiber optic,No,No,Yes,No,No,Yes,Month-to-month,Yes,Bank transfer (automatic),69.48,2937.81,0,0.7139316568058955,High,月額契約で解約しやすい / TechSupport未加入 / OnlineSecurity未加入 / Fiber optic利用で料金・品質不満の可能性,長期契約特典: 1年契約への移行割引やポイント付与を提案する / サポート加入キャンペーン: 初月無料のTechSupportを提案する / セキュリティ提案: OnlineSecurityの価値を説明し利用を促す
5478-CWV,Female,0,No,Yes,3,Yes,Yes,Fiber optic,Yes,Yes,No,No,No,No,One year,Yes,Electronic check,49.53,185.55,1,0.7138903414384741,High,利用期間が短い / TechSupport未加入 / Electronic check利用 / Fiber optic利用で料金・品質不満の可能性,オンボーディング強化: 初期活用サポートや利用定着メールを送る / サポート加入キャンペーン: 初月無料のTechSupportを提案する / 支払い方法変更: 自動支払いへの変更特典を提案する
7964-FAO,Male,0,No,Yes,33,Yes,No,Fiber optic,Yes,Yes,No,No,No,No,Month-to-month,No,Electronic check,82.81,2724.15,0,0.7137691207459846,High,月額契約で解約しやすい / 月額料金が高い / TechSupport未加入 / Electronic check利用 / Fiber optic利用で料金・品質不満の可能性,長期契約特典: 1年契約への移行割引やポイント付与を提案する / 料金プラン見直し: 利用状況に合う低負担プランを提案する / サポート加入キャンペーン: 初月無料のTechSupportを提案する
4009-IXG,Female,0,No,No,36,No,Yes,Fiber optic,Yes,No,Yes,No,Yes,No,Month-to-month,Yes,Credit card (automatic),89.96,3239.56,0,0.7136691924481847,High,月額契約で解約しやすい / 月額料金が高い / TechSupport未加入 / Fiber optic利用で料金・品質不満の可能性,長期契約特典: 1年契約への移行割引やポイント付与を提案する / 料金プラン見直し: 利用状況に合う低負担プランを提案する / サポート加入キャンペーン: 初月無料のTechSupportを提案する
6275-HWM,Male,0,No,No,32,Yes,No,Fiber optic,Yes,Yes,Yes,Yes,No,Yes,Month-to-month,Yes,Credit card (automatic),83.25,2583.8,0,0.7134232939613345,High,月額契約で解約しやすい / 月額料金が高い / Fiber optic利用で料金・品質不満の可能性,長期契約特典: 1年契約への移行割引やポイント付与を提案する / 料金プラン見直し: 利用状況に合う低負担プランを提案する / 満足度確認: 通信品質・料金への不満をヒアリングする
5442-GNC,Male,0,No,No,31,Yes,Yes,Fiber optic,No,No,No,No,No,Yes,Month-to-month,No,Mailed check,70.84,2166.57,0,0.7134168583539441,High,月額契約で解約しやすい / TechSupport未加入 / OnlineSecurity未加入 / Fiber optic利用で料金・品質不満の可能性,長期契約特典: 1年契約への移行割引やポイント付与を提案する / サポート加入キャンペーン: 初月無料のTechSupportを提案する / セキュリティ提案: OnlineSecurityの価値を説明し利用を促す
9346-DOR,Female,0,No,Yes,32,Yes,Yes,Fiber optic,No,No,Yes,No,Yes,No,Month-to-month,No,Electronic check,57.47,1822.14,0,0.7130745763564934,High,月額契約で解約しやすい / TechSupport未加入 / OnlineSecurity未加入 / Electronic check利用 / Fiber optic利用で料金・品質不満の可能性,長期契約特典: 1年契約への移行割引やポイント付与を提案する / サポート加入キャンペーン: 初月無料のTechSupportを提案する / セキュリティ提案: OnlineSecurityの価値を説明し利用を促す
9178-NQJ,Male,0,No,No,16,No,Yes,DSL,Yes,Yes,No,No,Yes,Yes,Month-to-month,Yes,Electronic check,52.78,874.58,0,0.7124862371326169,High,月額契約で解約しやすい / TechSupport未加入 / Electronic check利用,長期契約特典: 1年契約への移行割引やポイント付与を提案する / サポート加入キャンペーン: 初月無料のTechSupportを提案する / 支払い方法変更: 自動支払いへの変更特典を提案する
8867-VKE,Male,0,No,Yes,6,Yes,Yes,DSL,Yes,Yes,Yes,Yes,No,Yes,Month-to-month,Yes,Electronic check,49.1,292.74,1,0.7124064009813353,High,月額契約で解約しやすい / 利用期間が短い / Electronic check利用,長期契約特典: 1年契約への移行割引やポイント付与を提案する / オンボーディング強化: 初期活用サポートや利用定着メールを送る / 支払い方法変更: 自動支払いへの変更特典を提案する
5227-CXH,Male,0,No,No,0,Yes,No phone service,DSL,No,Yes,Yes,No,Yes,Yes,One year,Yes,Credit card (automatic),61.77,0.0,0,0.712204452689767,High,利用期間が短い / TechSupport未加入 / OnlineSecurity未加入,オンボーディング強化: 初期活用サポートや利用定着メールを送る / サポート加入キャンペーン: 初月無料のTechSupportを提案する / セキュリティ提案: OnlineSecurityの価値を説明し利用を促す
2432-TQK,Male,1,No,No,21,Yes,Yes,Fiber optic,No,No,Yes,Yes,No,No,One year,No,Electronic check,81.98,1734.21,0,0.7120572741994218,High,月額料金が高い / OnlineSecurity未加入 / Electronic check利用 / Fiber optic利用で料金・品質不満の可能性,料金プラン見直し: 利用状況に合う低負担プランを提案する / セキュリティ提案: OnlineSecurityの価値を説明し利用を促す / 支払い方法変更: 自動支払いへの変更特典を提案する
3063-VUW,Female,0,No,Yes,36,Yes,Yes,Fiber optic,No,No,No,No,Yes,No,Month-to-month,Yes,Credit card (automatic),70.75,2544.27,1,0.711917709183793,High,月額契約で解約しやすい / TechSupport未加入 / OnlineSecurity未加入 / Fiber optic利用で料金・品質不満の可能性,長期契約特典: 1年契約への移行割引やポイント付与を提案する / サポート加入キャンペーン: 初月無料のTechSupportを提案する / セキュリティ提案: OnlineSecurityの価値を説明し利用を促す
8070-ANZ,Male,0,No,Yes,12,Yes,No phone service,DSL,No,No,Yes,Yes,Yes,Yes,Month-to-month,Yes,Bank transfer (automatic),57.67,716.17,1,0.7117005017997939,High,月額契約で解約しやすい / 利用期間が短い / OnlineSecurity未加入,長期契約特典: 1年契約への移行割引やポイント付与を提案する / オンボーディング強化: 初期活用サポートや利用定着メールを送る / セキュリティ提案: OnlineSecurityの価値を説明し利用を促す
7739-SMH,Female,0,Yes,No,45,Yes,Yes,Fiber optic,No,Yes,No,No,Yes,No,Month-to-month,No,Electronic check,94.74,4296.04,0,0.7111479870077115,High,月額契約で解約しやすい / 月額料金が高い / TechSupport未加入 / OnlineSecurity未加入 / Electronic check利用,長期契約特典: 1年契約への移行割引やポイント付与を提案する / 料金プラン見直し: 利用状況に合う低負担プランを提案する / サポート加入キャンペーン: 初月無料のTechSupportを提案する
5812-UFH,Female,1,No,No,55,Yes,Yes,Fiber optic,No,No,No,No,Yes,Yes,Month-to-month,No,Electronic check,84.25,4587.04,1,0.7111129150183263,High,月額契約で解約しやすい / 月額料金が高い / TechSupport未加入 / OnlineSecurity未加入 / Electronic check利用,長期契約特典: 1年契約への移行割引やポイント付与を提案する / 料金プラン見直し: 利用状況に合う低負担プランを提案する / サポート加入キャンペーン: 初月無料のTechSupportを提案する
2286-TNO,Female,0,Yes,No,22,Yes,No,Fiber optic,Yes,Yes,No,No,Yes,Yes,One year,Yes,Electronic check,90.45,1958.42,0,0.7108003130224329,High,月額料金が高い / TechSupport未加入 / Electronic check利用 / Fiber optic利用で料金・品質不満の可能性,料金プラン見直し: 利用状況に合う低負担プランを提案する / サポート加入キャンペーン: 初月無料のTechSupportを提案する / 支払い方法変更: 自動支払いへの変更特典を提案する
3072-CQE,Male,0,Yes,Yes,38,Yes,No,Fiber optic,No,Yes,No,Yes,Yes,Yes,Month-to-month,No,Electronic check,88.79,3355.5,1,0.7106253900141435,High,月額契約で解約しやすい / 月額料金が高い / OnlineSecurity未加入 / Electronic check利用 / Fiber optic利用で料金・品質不満の可能性,長期契約特典: 1年契約への移行割引やポイント付与を提案する / 料金プラン見直し: 利用状況に合う低負担プランを提案する / セキュリティ提案: OnlineSecurityの価値を説明し利用を促す
8295-CAP,Male,1,No,No,39,Yes,Yes,Fiber optic,No,No,No,No,Yes,No,Month-to-month,Yes,Mailed check,61.69,2367.15,0,0.7105473392847448,High,月額契約で解約しやすい / TechSupport未加入 / OnlineSecurity未加入 / Fiber optic利用で料金・品質不満の可能性,長期契約特典: 1年契約への移行割引やポイント付与を提案する / サポート加入キャンペーン: 初月無料のTechSupportを提案する / セキュリティ提案: OnlineSecurityの価値を説明し利用を促す
8087-DQE,Female,1,Yes,No,48,Yes,Yes,Fiber optic,Yes,No,No,No,Yes,Yes,Month-to-month,No,Electronic check,97.46,4740.67,0,0.7100272012235991,High,月額契約で解約しやすい / 月額料金が高い / TechSupport未加入 / Electronic check利用 / Fiber optic利用で料金・品質不満の可能性,長期契約特典: 1年契約への移行割引やポイント付与を提案する / 料金プラン見直し: 利用状況に合う低負担プランを提案する / サポート加入キャンペーン: 初月無料のTechSupportを提案する
5013-PVI,Female,0,Yes,No,26,Yes,No phone service,Fiber optic,No,Yes,Yes,No,No,Yes,One year,Yes,Bank transfer (automatic),83.03,2141.04,1,0.7099538812567294,High,月額料金が高い / TechSupport未加入 / OnlineSecurity未加入 / Fiber optic利用で料金・品質不満の可能性,料金プラン見直し: 利用状況に合う低負担プランを提案する / サポート加入キャンペーン: 初月無料のTechSupportを提案する / セキュリティ提案: OnlineSecurityの価値を説明し利用を促す
2021-KEQ,Female,1,Yes,No,56,Yes,Yes,Fiber optic,No,No,No,No,Yes,Yes,Month-to-month,Yes,Electronic check,67.89,3810.95,0,0.7099152675912207,High,月額契約で解約しやすい / TechSupport未加入 / OnlineSecurity未加入 / Electronic check利用 / Fiber optic利用で料金・品質不満の可能性,長期契約特典: 1年契約への移行割引やポイント付与を提案する / サポート加入キャンペーン: 初月無料のTechSupportを提案する / セキュリティ提案: OnlineSecurityの価値を説明し利用を促す
7251-KEJ,Male,0,Yes,No,45,Yes,Yes,Fiber optic,No,No,Yes,No,Yes,Yes,Month-to-month,Yes,Electronic check,60.06,2700.37,1,0.7095726700324837,High,月額契約で解約しやすい / TechSupport未加入 / OnlineSecurity未加入 / Electronic check利用 / Fiber optic利用で料金・品質不満の可能性,長期契約特典: 1年契約への移行割引やポイント付与を提案する / サポート加入キャンペーン: 初月無料のTechSupportを提案する / セキュリティ提案: OnlineSecurityの価値を説明し利用を促す
2129-FBY,Male,0,No,No,32,Yes,No,Fiber optic,No,No,Yes,Yes,No,Yes,Month-to-month,No,Electronic check,55.37,1753.68,1,0.7094474644914445,High,月額契約で解約しやすい / OnlineSecurity未加入 / Electronic check利用 / Fiber optic利用で料金・品質不満の可能性,長期契約特典: 1年契約への移行割引やポイント付与を提案する / セキュリティ提案: OnlineSecurityの価値を説明し利用を促す / 支払い方法変更: 自動支払いへの変更特典を提案する
7667-HKE,Female,0,Yes,Yes,8,Yes,No,DSL,No,No,Yes,Yes,No,No,Month-to-month,Yes,Bank transfer (automatic),66.34,538.83,1,0.7092249868621284,High,月額契約で解約しやすい / 利用期間が短い / OnlineSecurity未加入,長期契約特典: 1年契約への移行割引やポイント付与を提案する / オンボーディング強化: 初期活用サポートや利用定着メールを送る / セキュリティ提案: OnlineSecurityの価値を説明し利用を促す
5163-TXW,Male,1,Yes,Yes,17,Yes,No,Fiber optic,No,No,No,No,No,No,One year,No,Electronic check,60.81,999.39,0,0.7091997850895535,High,TechSupport未加入 / OnlineSecurity未加入 / Electronic check利用 / Fiber optic利用で料金・品質不満の可能性,サポート加入キャンペーン: 初月無料のTechSupportを提案する / セキュリティ提案: OnlineSecurityの価値を説明し利用を促す / 支払い方法変更: 自動支払いへの変更特典を提案する
6877-FMC,Male,0,Yes,Yes,45,Yes,No,Fiber optic,No,Yes,Yes,No,No,Yes,Month-to-month,No,Electronic check,81.82,3690.28,1,0.7091965654067542,High,月額契約で解約しやすい / 月額料金が高い / TechSupport未加入 / OnlineSecurity未加入 / Electronic check利用,長期契約特典: 1年契約への移行割引やポイント付与を提案する / 料金プラン見直し: 利用状況に合う低負担プランを提案する / サポート加入キャンペーン: 初月無料のTechSupportを提案する
8714-XJA,Male,0,No,No,33,Yes,No,Fiber optic,No,Yes,Yes,No,No,No,Month-to-month,No,Bank transfer (automatic),71.83,2300.77,1,0.7089690106544697,High,月額契約で解約しやすい / TechSupport未加入 / OnlineSecurity未加入 / Fiber optic利用で料金・品質不満の可能性,長期契約特典: 1年契約への移行割引やポイント付与を提案する / サポート加入キャンペーン: 初月無料のTechSupportを提案する / セキュリティ提案: OnlineSecurityの価値を説明し利用を促す
9899-JMX,Female,0,Yes,No,29,Yes,No,Fiber optic,No,No,Yes,Yes,No,No,Month-to-month,No,Credit card (automatic),84.27,2469.91,0,0.7089111925638549,High,月額契約で解約しやすい / 月額料金が高い / OnlineSecurity未加入 / Fiber optic利用で料金・品質不満の可能性,長期契約特典: 1年契約への移行割引やポイント付与を提案する / 料金プラン見直し: 利用状況に合う低負担プランを提案する / セキュリティ提案: OnlineSecurityの価値を説明し利用を促す
8239-XXD,Female,0,Yes,No,0,No,Yes,DSL,Yes,No,Yes,No,No,Yes,Month-to-month,Yes,Credit card (automatic),33.1,0.0,0,0.7089055552504696,High,月額契約で解約しやすい / 利用期間が短い / TechSupport未加入,長期契約特典: 1年契約への移行割引やポイント付与を提案する / オンボーディング強化: 初期活用サポートや利用定着メールを送る / サポート加入キャンペーン: 初月無料のTechSupportを提案する
1678-WID,Male,0,No,Yes,39,Yes,Yes,Fiber optic,No,Yes,No,No,Yes,No,Month-to-month,No,Electronic check,75.53,2878.55,1,0.7087214233067476,High,月額契約で解約しやすい / 月額料金が高い / TechSupport未加入 / OnlineSecurity未加入 / Electronic check利用,長期契約特典: 1年契約への移行割引やポイント付与を提案する / 料金プラン見直し: 利用状況に合う低負担プランを提案する / サポート加入キャンペーン: 初月無料のTechSupportを提案する
9403-RNW,Male,1,Yes,No,26,Yes,Yes,Fiber optic,No,No,No,Yes,Yes,Yes,Month-to-month,No,Bank transfer (automatic),50.48,1277.21,1,0.7087172109740708,High,月額契約で解約しやすい / OnlineSecurity未加入 / Fiber optic利用で料金・品質不満の可能性,長期契約特典: 1年契約への移行割引やポイント付与を提案する / セキュリティ提案: OnlineSecurityの価値を説明し利用を促す / 満足度確認: 通信品質・料金への不満をヒアリングする
2809-CIU,Female,0,Yes,Yes,34,Yes,Yes,Fiber optic,No,Yes,No,Yes,Yes,No,Month-to-month,Yes,Credit card (automatic),87.44,2933.42,1,0.708651329533737,High,月額契約で解約しやすい / 月額料金が高い / OnlineSecurity未加入 / Fiber optic利用で料金・品質不満の可能性,長期契約特典: 1年契約への移行割引やポイント付与を提案する / 料金プラン見直し: 利用状況に合う低負担プランを提案する / セキュリティ提案: OnlineSecurityの価値を説明し利用を促す
7606-EGR,Female,1,Yes,No,15,No,No,Fiber optic,No,No,Yes,No,Yes,No,One year,No,Credit card (automatic),70.86,1045.37,0,0.7086430882613604,High,TechSupport未加入 / OnlineSecurity未加入 / Fiber optic利用で料金・品質不満の可能性,サポート加入キャンペーン: 初月無料のTechSupportを提案する / セキュリティ提案: OnlineSecurityの価値を説明し利用を促す / 満足度確認: 通信品質・料金への不満をヒアリングする
1985-LSX,Male,0,Yes,Yes,40,Yes,No,Fiber optic,No,No,No,No,No,No,Month-to-month,Yes,Electronic check,57.58,2230.05,0,0.7086312780443813,High,月額契約で解約しやすい / TechSupport未加入 / OnlineSecurity未加入 / Electronic check利用 / Fiber optic利用で料金・品質不満の可能性,長期契約特典: 1年契約への移行割引やポイント付与を提案する / サポート加入キャンペーン: 初月無料のTechSupportを提案する / セキュリティ提案: OnlineSecurityの価値を説明し利用を促す
6178-BTM,Female,0,Yes,Yes,18,Yes,No,Fiber optic,No,No,No,No,Yes,No,Month-to-month,No,Mailed check,57.8,1006.47,0,0.7086004285104835,High,月額契約で解約しやすい / TechSupport未加入 / OnlineSecurity未加入 / Fiber optic利用で料金・品質不満の可能性,長期契約特典: 1年契約への移行割引やポイント付与を提案する / サポート加入キャンペーン: 初月無料のTechSupportを提案する / セキュリティ提案: OnlineSecurityの価値を説明し利用を促す
1272-MCV,Male,1,No,Yes,32,Yes,No,Fiber optic,No,Yes,No,No,No,Yes,Month-to-month,No,Credit card (automatic),36.12,1183.34,0,0.7084962007883026,High,月額契約で解約しやすい / TechSupport未加入 / OnlineSecurity未加入 / Fiber optic利用で料金・品質不満の可能性,長期契約特典: 1年契約への移行割引やポイント付与を提案する / サポート加入キャンペーン: 初月無料のTechSupportを提案する / セキュリティ提案: OnlineSecurityの価値を説明し利用を促す
9532-AQC,Male,0,No,No,14,Yes,No,Fiber optic,No,No,Yes,Yes,No,No,Month-to-month,No,Mailed check,52.3,733.62,0,0.7084921197854035,High,月額契約で解約しやすい / OnlineSecurity未加入 / Fiber optic利用で料金・品質不満の可能性,長期契約特典: 1年契約への移行割引やポイント付与を提案する / セキュリティ提案: OnlineSecurityの価値を説明し利用を促す / 満足度確認: 通信品質・料金への不満をヒアリングする
9357-YUU,Male,0,Yes,No,31,Yes,Yes,Fiber optic,No,No,No,Yes,Yes,Yes,Month-to-month,Yes,Mailed check,78.32,2438.68,0,0.7082332749743753,High,月額契約で解約しやすい / 月額料金が高い / OnlineSecurity未加入 / Fiber optic利用で料金・品質不満の可能性,長期契約特典: 1年契約への移行割引やポイント付与を提案する / 料金プラン見直し: 利用状況に合う低負担プランを提案する / セキュリティ提案: OnlineSecurityの価値を説明し利用を促す
8095-YDM,Male,0,No,No,8,No,Yes,DSL,No,Yes,No,No,No,No,Month-to-month,Yes,Bank transfer (automatic),35.45,267.07,0,0.7079463387891665,High,月額契約で解約しやすい / 利用期間が短い / TechSupport未加入 / OnlineSecurity未加入,長期契約特典: 1年契約への移行割引やポイント付与を提案する / オンボーディング強化: 初期活用サポートや利用定着メールを送る / サポート加入キャンペーン: 初月無料のTechSupportを提案する
2019-VQM,Female,0,No,Yes,21,Yes,Yes,DSL,No,Yes,No,No,Yes,No,Month-to-month,Yes,Electronic check,56.02,1195.22,0,0.707922025778317,High,月額契約で解約しやすい / TechSupport未加入 / OnlineSecurity未加入 / Electronic check利用,長期契約特典: 1年契約への移行割引やポイント付与を提案する / サポート加入キャンペーン: 初月無料のTechSupportを提案する / セキュリティ提案: OnlineSecurityの価値を説明し利用を促す
6157-AIC,Female,0,No,Yes,27,Yes,Yes,DSL,No,Yes,Yes,No,Yes,No,Month-to-month,Yes,Electronic check,71.09,1933.53,0,0.707110412708208,High,月額契約で解約しやすい / TechSupport未加入 / OnlineSecurity未加入 / Electronic check利用,長期契約特典: 1年契約への移行割引やポイント付与を提案する / サポート加入キャンペーン: 初月無料のTechSupportを提案する / セキュリティ提案: OnlineSecurityの価値を説明し利用を促す
2501-LYU,Female,0,Yes,Yes,3,Yes,Yes,DSL,Yes,No,Yes,No,Yes,Yes,Month-to-month,No,Electronic check,49.76,134.53,1,0.7065343635287148,High,月額契約で解約しやすい / 利用期間が短い / TechSupport未加入 / Electronic check利用,長期契約特典: 1年契約への移行割引やポイント付与を提案する / オンボーディング強化: 初期活用サポートや利用定着メールを送る / サポート加入キャンペーン: 初月無料のTechSupportを提案する
3188-QDL,Female,0,No,No,24,Yes,Yes,DSL,No,No,Yes,Yes,No,Yes,Month-to-month,Yes,Electronic check,63.95,1578.91,1,0.7065258421951335,High,月額契約で解約しやすい / OnlineSecurity未加入 / Electronic check利用,長期契約特典: 1年契約への移行割引やポイント付与を提案する / セキュリティ提案: OnlineSecurityの価値を説明し利用を促す / 支払い方法変更: 自動支払いへの変更特典を提案する
8213-VDE,Male,0,Yes,No,29,Yes,Yes,Fiber optic,Yes,Yes,No,No,Yes,No,Month-to-month,No,Electronic check,72.2,2091.65,0,0.7063680664477175,High,月額契約で解約しやすい / TechSupport未加入 / Electronic check利用 / Fiber optic利用で料金・品質不満の可能性,長期契約特典: 1年契約への移行割引やポイント付与を提案する / サポート加入キャンペーン: 初月無料のTechSupportを提案する / 支払い方法変更: 自動支払いへの変更特典を提案する
4132-BIS,Female,0,No,No,17,Yes,Yes,Fiber optic,Yes,No,Yes,No,Yes,Yes,One year,No,Electronic check,91.48,1546.61,0,0.7060666749213337,High,月額料金が高い / TechSupport未加入 / Electronic check利用 / Fiber optic利用で料金・品質不満の可能性,料金プラン見直し: 利用状況に合う低負担プランを提案する / サポート加入キャンペーン: 初月無料のTechSupportを提案する / 支払い方法変更: 自動支払いへの変更特典を提案する
4544-XUO,Female,0,No,No,12,Yes,No phone service,DSL,No,No,No,Yes,No,No,Month-to-month,Yes,Credit card (automatic),52.35,603.13,0,0.7059018691433263,High,月額契約で解約しやすい / 利用期間が短い / OnlineSecurity未加入,長期契約特典: 1年契約への移行割引やポイント付与を提案する / オンボーディング強化: 初期活用サポートや利用定着メールを送る / セキュリティ提案: OnlineSecurityの価値を説明し利用を促す
1275-SJZ,Female,1,No,Yes,62,Yes,No,Fiber optic,No,Yes,Yes,No,No,Yes,Month-to-month,No,Electronic check,104.88,6530.39,0,0.7057348450053826,High,月額契約で解約しやすい / 月額料金が高い / TechSupport未加入 / OnlineSecurity未加入 / Electronic check利用,長期契約特典: 1年契約への移行割引やポイント付与を提案する / 料金プラン見直し: 利用状況に合う低負担プランを提案する / サポート加入キャンペーン: 初月無料のTechSupportを提案する
3198-RNG,Female,0,No,No,17,Yes,Yes,DSL,No,Yes,Yes,No,Yes,No,Month-to-month,Yes,Electronic check,38.58,707.54,1,0.7055297772782019,High,月額契約で解約しやすい / TechSupport未加入 / OnlineSecurity未加入 / Electronic check利用,長期契約特典: 1年契約への移行割引やポイント付与を提案する / サポート加入キャンペーン: 初月無料のTechSupportを提案する / セキュリティ提案: OnlineSecurityの価値を説明し利用を促す
5544-QKU,Male,0,Yes,No,17,Yes,No,Fiber optic,Yes,No,No,No,Yes,Yes,Month-to-month,Yes,Mailed check,44.8,745.73,0,0.705470514779388,High,月額契約で解約しやすい / TechSupport未加入 / Fiber optic利用で料金・品質不満の可能性,長期契約特典: 1年契約への移行割引やポイント付与を提案する / サポート加入キャンペーン: 初月無料のTechSupportを提案する / 満足度確認: 通信品質・料金への不満をヒアリングする
4234-DSS,Male,0,No,No,21,Yes,Yes,Fiber optic,Yes,Yes,No,No,No,Yes,Month-to-month,Yes,Mailed check,44.39,949.21,0,0.7053333195409622,High,月額契約で解約しやすい / TechSupport未加入 / Fiber optic利用で料金・品質不満の可能性,長期契約特典: 1年契約への移行割引やポイント付与を提案する / サポート加入キャンペーン: 初月無料のTechSupportを提案する / 満足度確認: 通信品質・料金への不満をヒアリングする
3538-MSB,Male,0,No,No,27,Yes,No phone service,DSL,No,No,Yes,No,No,No,Month-to-month,Yes,Electronic check,50.2,1350.06,1,0.7052168927247868,High,月額契約で解約しやすい / TechSupport未加入 / OnlineSecurity未加入 / Electronic check利用,長期契約特典: 1年契約への移行割引やポイント付与を提案する / サポート加入キャンペーン: 初月無料のTechSupportを提案する / セキュリティ提案: OnlineSecurityの価値を説明し利用を促す
3597-DQS,Male,0,No,No,41,Yes,Yes,Fiber optic,No,Yes,Yes,Yes,Yes,No,Month-to-month,Yes,Electronic check,72.76,2983.91,1,0.7050153468750162,High,月額契約で解約しやすい / OnlineSecurity未加入 / Electronic check利用 / Fiber optic利用で料金・品質不満の可能性,長期契約特典: 1年契約への移行割引やポイント付与を提案する / セキュリティ提案: OnlineSecurityの価値を説明し利用を促す / 支払い方法変更: 自動支払いへの変更特典を提案する
8542-USC,Male,0,Yes,No,51,No,Yes,Fiber optic,No,Yes,Yes,Yes,No,Yes,Month-to-month,Yes,Electronic check,90.19,4607.56,0,0.7048886093377111,High,月額契約で解約しやすい / 月額料金が高い / OnlineSecurity未加入 / Electronic check利用 / Fiber optic利用で料金・品質不満の可能性,長期契約特典: 1年契約への移行割引やポイント付与を提案する / 料金プラン見直し: 利用状況に合う低負担プランを提案する / セキュリティ提案: OnlineSecurityの価値を説明し利用を促す
3805-KLS,Female,0,No,No,18,Yes,No,DSL,No,No,Yes,No,Yes,Yes,Month-to-month,Yes,Credit card (automatic),52.67,960.94,1,0.7047976408689987,High,月額契約で解約しやすい / TechSupport未加入 / OnlineSecurity未加入,長期契約特典: 1年契約への移行割引やポイント付与を提案する / サポート加入キャンペーン: 初月無料のTechSupportを提案する / セキュリティ提案: OnlineSecurityの価値を説明し利用を促す
9576-AHR,Female,1,No,No,2,Yes,No,No,No internet service,No internet service,No internet service,No internet service,No internet service,No internet service,Month-to-month,Yes,Credit card (automatic),38.98,126.66,1,0.7046827929527879,High,月額契約で解約しやすい / 利用期間が短い,長期契約特典: 1年契約への移行割引やポイント付与を提案する / オンボーディング強化: 初期活用サポートや利用定着メールを送る
9350-KBX,Male,0,Yes,No,1,Yes,No,Fiber optic,No,Yes,No,No,No,No,One year,No,Credit card (automatic),54.59,91.09,0,0.7046246639992999,High,利用期間が短い / TechSupport未加入 / OnlineSecurity未加入 / Fiber optic利用で料金・品質不満の可能性,オンボーディング強化: 初期活用サポートや利用定着メールを送る / サポート加入キャンペーン: 初月無料のTechSupportを提案する / セキュリティ提案: OnlineSecurityの価値を説明し利用を促す
9279-FQQ,Male,0,Yes,Yes,35,Yes,No,Fiber optic,No,No,No,Yes,No,Yes,Month-to-month,Yes,Mailed check,89.4,3125.32,1,0.7046054880996044,High,月額契約で解約しやすい / 月額料金が高い / OnlineSecurity未加入 / Fiber optic利用で料金・品質不満の可能性,長期契約特典: 1年契約への移行割引やポイント付与を提案する / 料金プラン見直し: 利用状況に合う低負担プランを提案する / セキュリティ提案: OnlineSecurityの価値を説明し利用を促す
2935-QZT,Female,0,No,No,26,Yes,No,Fiber optic,No,Yes,Yes,Yes,No,No,One year,Yes,Electronic check,93.32,2367.02,1,0.7044376822416503,High,月額料金が高い / OnlineSecurity未加入 / Electronic check利用 / Fiber optic利用で料金・品質不満の可能性,料金プラン見直し: 利用状況に合う低負担プランを提案する / セキュリティ提案: OnlineSecurityの価値を説明し利用を促す / 支払い方法変更: 自動支払いへの変更特典を提案する
1059-AAR,Male,0,No,No,3,Yes,No,DSL,Yes,No,Yes,Yes,Yes,Yes,Month-to-month,No,Electronic check,58.03,166.77,1,0.704423058098495,High,月額契約で解約しやすい / 利用期間が短い / Electronic check利用,長期契約特典: 1年契約への移行割引やポイント付与を提案する / オンボーディング強化: 初期活用サポートや利用定着メールを送る / 支払い方法変更: 自動支払いへの変更特典を提案する
1087-XCO,Female,0,Yes,No,10,No,No,Fiber optic,Yes,No,Yes,No,No,No,One year,Yes,Mailed check,92.04,937.03,1,0.7038833036064598,High,月額料金が高い / 利用期間が短い / TechSupport未加入 / Fiber optic利用で料金・品質不満の可能性,料金プラン見直し: 利用状況に合う低負担プランを提案する / オンボーディング強化: 初期活用サポートや利用定着メールを送る / サポート加入キャンペーン: 初月無料のTechSupportを提案する
6116-OFM,Male,0,Yes,Yes,17,Yes,Yes,Fiber optic,No,Yes,Yes,No,Yes,No,One year,Yes,Electronic check,64.26,1081.67,1,0.7038139033094597,High,TechSupport未加入 / OnlineSecurity未加入 / Electronic check利用 / Fiber optic利用で料金・品質不満の可能性,サポート加入キャンペーン: 初月無料のTechSupportを提案する / セキュリティ提案: OnlineSecurityの価値を説明し利用を促す / 支払い方法変更: 自動支払いへの変更特典を提案する
9147-GBR,Male,0,No,No,0,Yes,No,Fiber optic,No,Yes,No,Yes,Yes,No,One year,No,Credit card (automatic),69.42,0.0,1,0.7037432824522771,High,利用期間が短い / OnlineSecurity未加入 / Fiber optic利用で料金・品質不満の可能性,オンボーディング強化: 初期活用サポートや利用定着メールを送る / セキュリティ提案: OnlineSecurityの価値を説明し利用を促す / 満足度確認: 通信品質・料金への不満をヒアリングする
9236-DCQ,Male,0,Yes,No,36,Yes,No,Fiber optic,No,Yes,No,No,No,Yes,Month-to-month,No,Mailed check,84.05,3010.97,1,0.703572976061254,High,月額契約で解約しやすい / 月額料金が高い / TechSupport未加入 / OnlineSecurity未加入 / Fiber optic利用で料金・品質不満の可能性,長期契約特典: 1年契約への移行割引やポイント付与を提案する / 料金プラン見直し: 利用状況に合う低負担プランを提案する / サポート加入キャンペーン: 初月無料のTechSupportを提案する
9831-UPA,Male,0,Yes,No,7,Yes,Yes,DSL,No,No,Yes,Yes,No,No,Month-to-month,No,Bank transfer (automatic),76.32,571.82,1,0.7034653331380799,High,月額契約で解約しやすい / 月額料金が高い / 利用期間が短い / OnlineSecurity未加入,長期契約特典: 1年契約への移行割引やポイント付与を提案する / 料金プラン見直し: 利用状況に合う低負担プランを提案する / オンボーディング強化: 初期活用サポートや利用定着メールを送る
6879-BKI,Male,1,No,No,12,Yes,No,DSL,No,Yes,No,Yes,Yes,No,Month-to-month,Yes,Bank transfer (automatic),46.53,608.3,0,0.7032045339549898,High,月額契約で解約しやすい / 利用期間が短い / OnlineSecurity未加入,長期契約特典: 1年契約への移行割引やポイント付与を提案する / オンボーディング強化: 初期活用サポートや利用定着メールを送る / セキュリティ提案: OnlineSecurityの価値を説明し利用を促す
6150-ZQW,Female,1,No,Yes,51,Yes,No phone service,Fiber optic,No,Yes,No,Yes,No,Yes,Month-to-month,No,Electronic check,75.74,3891.34,0,0.7029685367401897,High,月額契約で解約しやすい / 月額料金が高い / OnlineSecurity未加入 / Electronic check利用 / Fiber optic利用で料金・品質不満の可能性,長期契約特典: 1年契約への移行割引やポイント付与を提案する / 料金プラン見直し: 利用状況に合う低負担プランを提案する / セキュリティ提案: OnlineSecurityの価値を説明し利用を促す
8668-RFL,Female,0,Yes,No,39,Yes,Yes,Fiber optic,No,No,No,No,Yes,No,Month-to-month,Yes,Credit card (automatic),75.11,2967.41,0,0.702962431668486,High,月額契約で解約しやすい / 月額料金が高い / TechSupport未加入 / OnlineSecurity未加入 / Fiber optic利用で料金・品質不満の可能性,長期契約特典: 1年契約への移行割引やポイント付与を提案する / 料金プラン見直し: 利用状況に合う低負担プランを提案する / サポート加入キャンペーン: 初月無料のTechSupportを提案する
7307-VVT,Male,0,Yes,Yes,12,Yes,No,DSL,No,No,No,Yes,Yes,No,Month-to-month,Yes,Electronic check,56.97,712.09,1,0.7029390110340336,High,月額契約で解約しやすい / 利用期間が短い / OnlineSecurity未加入 / Electronic check利用,長期契約特典: 1年契約への移行割引やポイント付与を提案する / オンボーディング強化: 初期活用サポートや利用定着メールを送る / セキュリティ提案: OnlineSecurityの価値を説明し利用を促す
8371-GDQ,Male,0,No,Yes,9,No,No,DSL,No,No,Yes,Yes,Yes,No,Month-to-month,Yes,Mailed check,73.5,648.58,0,0.7027796179272428,High,月額契約で解約しやすい / 利用期間が短い / OnlineSecurity未加入,長期契約特典: 1年契約への移行割引やポイント付与を提案する / オンボーディング強化: 初期活用サポートや利用定着メールを送る / セキュリティ提案: OnlineSecurityの価値を説明し利用を促す
5763-IYD,Female,0,No,No,16,Yes,No,DSL,No,No,Yes,No,No,No,Month-to-month,Yes,Credit card (automatic),52.0,780.21,0,0.7027278694770835,High,月額契約で解約しやすい / TechSupport未加入 / OnlineSecurity未加入,長期契約特典: 1年契約への移行割引やポイント付与を提案する / サポート加入キャンペーン: 初月無料のTechSupportを提案する / セキュリティ提案: OnlineSecurityの価値を説明し利用を促す
9715-NMR,Male,0,Yes,No,37,Yes,No phone service,Fiber optic,No,No,No,No,No,Yes,Month-to-month,No,Mailed check,76.27,2789.43,0,0.7025433829642466,High,月額契約で解約しやすい / 月額料金が高い / TechSupport未加入 / OnlineSecurity未加入 / Fiber optic利用で料金・品質不満の可能性,長期契約特典: 1年契約への移行割引やポイント付与を提案する / 料金プラン見直し: 利用状況に合う低負担プランを提案する / サポート加入キャンペーン: 初月無料のTechSupportを提案する
1335-IVR,Male,1,No,No,12,Yes,Yes,DSL,Yes,Yes,No,No,Yes,No,Month-to-month,Yes,Credit card (automatic),48.99,618.71,0,0.7024710380199367,High,月額契約で解約しやすい / 利用期間が短い / TechSupport未加入,長期契約特典: 1年契約への移行割引やポイント付与を提案する / オンボーディング強化: 初期活用サポートや利用定着メールを送る / サポート加入キャンペーン: 初月無料のTechSupportを提案する
1549-RPY,Female,0,No,No,28,Yes,Yes,Fiber optic,No,Yes,No,No,Yes,No,Month-to-month,No,Credit card (automatic),57.31,1620.01,0,0.7024576919627848,High,月額契約で解約しやすい / TechSupport未加入 / OnlineSecurity未加入 / Fiber optic利用で料金・品質不満の可能性,長期契約特典: 1年契約への移行割引やポイント付与を提案する / サポート加入キャンペーン: 初月無料のTechSupportを提案する / セキュリティ提案: OnlineSecurityの価値を説明し利用を促す
1610-UZD,Male,1,Yes,Yes,38,Yes,No,DSL,No,Yes,No,No,No,Yes,Month-to-month,Yes,Electronic check,65.25,2405.68,0,0.702294121408873,High,月額契約で解約しやすい / TechSupport未加入 / OnlineSecurity未加入 / Electronic check利用,長期契約特典: 1年契約への移行割引やポイント付与を提案する / サポート加入キャンペーン: 初月無料のTechSupportを提案する / セキュリティ提案: OnlineSecurityの価値を説明し利用を促す
1738-ZYE,Male,1,No,No,1,Yes,Yes,DSL,Yes,No,Yes,Yes,No,No,Month-to-month,Yes,Mailed check,49.1,21.87,0,0.7018395327631138,High,月額契約で解約しやすい / 利用期間が短い,長期契約特典: 1年契約への移行割引やポイント付与を提案する / オンボーディング強化: 初期活用サポートや利用定着メールを送る
5178-UJJ,Male,0,No,No,54,Yes,No,Fiber optic,No,Yes,Yes,Yes,No,Yes,Month-to-month,Yes,Electronic check,96.56,5234.76,1,0.7018037628641802,High,月額契約で解約しやすい / 月額料金が高い / OnlineSecurity未加入 / Electronic check利用 / Fiber optic利用で料金・品質不満の可能性,長期契約特典: 1年契約への移行割引やポイント付与を提案する / 料金プラン見直し: 利用状況に合う低負担プランを提案する / セキュリティ提案: OnlineSecurityの価値を説明し利用を促す
8387-TAR,Female,0,No,Yes,50,Yes,Yes,Fiber optic,No,Yes,Yes,No,Yes,No,Month-to-month,No,Electronic check,107.45,5371.87,1,0.701748359520201,High,月額契約で解約しやすい / 月額料金が高い / TechSupport未加入 / OnlineSecurity未加入 / Electronic check利用,長期契約特典: 1年契約への移行割引やポイント付与を提案する / 料金プラン見直し: 利用状況に合う低負担プランを提案する / サポート加入キャンペーン: 初月無料のTechSupportを提案する
4826-ZLT,Female,0,No,No,35,Yes,No phone service,DSL,No,Yes,Yes,Yes,No,Yes,Month-to-month,Yes,Electronic check,78.94,2773.75,0,0.7016752475156539,High,月額契約で解約しやすい / 月額料金が高い / OnlineSecurity未加入 / Electronic check利用,長期契約特典: 1年契約への移行割引やポイント付与を提案する / 料金プラン見直し: 利用状況に合う低負担プランを提案する / セキュリティ提案: OnlineSecurityの価値を説明し利用を促す
2169-WAK,Female,1,Yes,No,8,Yes,No,DSL,Yes,No,No,No,Yes,No,Month-to-month,No,Electronic check,43.32,366.66,1,0.7016408083555526,High,月額契約で解約しやすい / 利用期間が短い / TechSupport未加入 / Electronic check利用,長期契約特典: 1年契約への移行割引やポイント付与を提案する / オンボーディング強化: 初期活用サポートや利用定着メールを送る / サポート加入キャンペーン: 初月無料のTechSupportを提案する
1631-KLS,Female,0,Yes,No,21,Yes,Yes,DSL,No,No,Yes,No,No,No,Month-to-month,Yes,Credit card (automatic),70.02,1503.87,0,0.701411371505257,High,月額契約で解約しやすい / TechSupport未加入 / OnlineSecurity未加入,長期契約特典: 1年契約への移行割引やポイント付与を提案する / サポート加入キャンペーン: 初月無料のTechSupportを提案する / セキュリティ提案: OnlineSecurityの価値を説明し利用を促す
2990-KSY,Male,0,Yes,No,35,Yes,No,Fiber optic,No,No,No,No,No,Yes,One year,Yes,Electronic check,96.29,3333.72,0,0.7014035431977065,High,月額料金が高い / TechSupport未加入 / OnlineSecurity未加入 / Electronic check利用 / Fiber optic利用で料金・品質不満の可能性,料金プラン見直し: 利用状況に合う低負担プランを提案する / サポート加入キャンペーン: 初月無料のTechSupportを提案する / セキュリティ提案: OnlineSecurityの価値を説明し利用を促す
2571-SZJ,Male,0,Yes,No,58,Yes,No,Fiber optic,No,Yes,No,No,No,Yes,Month-to-month,Yes,Electronic check,92.65,5376.24,1,0.7013131560264674,High,月額契約で解約しやすい / 月額料金が高い / TechSupport未加入 / OnlineSecurity未加入 / Electronic check利用,長期契約特典: 1年契約への移行割引やポイント付与を提案する / 料金プラン見直し: 利用状況に合う低負担プランを提案する / サポート加入キャンペーン: 初月無料のTechSupportを提案する
9151-UDF,Male,0,No,Yes,11,Yes,Yes,Fiber optic,No,No,No,No,Yes,Yes,One year,Yes,Credit card (automatic),56.5,579.63,1,0.70126552701353,High,利用期間が短い / TechSupport未加入 / OnlineSecurity未加入 / Fiber optic利用で料金・品質不満の可能性,オンボーディング強化: 初期活用サポートや利用定着メールを送る / サポート加入キャンペーン: 初月無料のTechSupportを提案する / セキュリティ提案: OnlineSecurityの価値を説明し利用を促す
2668-MCL,Male,0,Yes,No,35,Yes,Yes,Fiber optic,No,No,No,No,Yes,No,Month-to-month,Yes,Bank transfer (automatic),66.51,2318.21,1,0.7010788041288073,High,月額契約で解約しやすい / TechSupport未加入 / OnlineSecurity未加入 / Fiber optic利用で料金・品質不満の可能性,長期契約特典: 1年契約への移行割引やポイント付与を提案する / サポート加入キャンペーン: 初月無料のTechSupportを提案する / セキュリティ提案: OnlineSecurityの価値を説明し利用を促す
8772-GDT,Male,1,No,No,14,Yes,No,DSL,Yes,No,Yes,Yes,No,Yes,Month-to-month,Yes,Bank transfer (automatic),61.9,869.11,0,0.7010179869632647,High,月額契約で解約しやすい,長期契約特典: 1年契約への移行割引やポイント付与を提案する
6522-GLR,Female,0,No,No,17,Yes,Yes,DSL,No,No,Yes,Yes,No,No,Month-to-month,No,Electronic check,72.75,1191.5,1,0.7009239830828405,High,月額契約で解約しやすい / OnlineSecurity未加入 / Electronic check利用,長期契約特典: 1年契約への移行割引やポイント付与を提案する / セキュリティ提案: OnlineSecurityの価値を説明し利用を促す / 支払い方法変更: 自動支払いへの変更特典を提案する
7455-ZCK,Female,0,No,No,6,Yes,Yes,DSL,No,No,No,Yes,Yes,Yes,Month-to-month,No,Electronic check,40.71,217.12,1,0.7006960247228794,High,月額契約で解約しやすい / 利用期間が短い / OnlineSecurity未加入 / Electronic check利用,長期契約特典: 1年契約への移行割引やポイント付与を提案する / オンボーディング強化: 初期活用サポートや利用定着メールを送る / セキュリティ提案: OnlineSecurityの価値を説明し利用を促す
5416-LCP,Female,0,No,No,51,Yes,Yes,Fiber optic,No,Yes,No,No,Yes,Yes,Month-to-month,Yes,Electronic check,67.65,3451.46,1,0.700577651216556,High,月額契約で解約しやすい / TechSupport未加入 / OnlineSecurity未加入 / Electronic check利用 / Fiber optic利用で料金・品質不満の可能性,長期契約特典: 1年契約への移行割引やポイント付与を提案する / サポート加入キャンペーン: 初月無料のTechSupportを提案する / セキュリティ提案: OnlineSecurityの価値を説明し利用を促す
3491-UUB,Male,0,No,No,18,No,Yes,Fiber optic,No,No,Yes,No,Yes,Yes,One year,Yes,Mailed check,78.33,1388.31,1,0.7005005144177439,High,月額料金が高い / TechSupport未加入 / OnlineSecurity未加入 / Fiber optic利用で料金・品質不満の可能性,料金プラン見直し: 利用状況に合う低負担プランを提案する / サポート加入キャンペーン: 初月無料のTechSupportを提案する / セキュリティ提案: OnlineSecurityの価値を説明し利用を促す
1955-XXJ,Male,0,Yes,No,21,Yes,No phone service,DSL,No,Yes,No,No,No,No,Month-to-month,Yes,Bank transfer (automatic),61.26,1360.86,1,0.7003958190393376,High,月額契約で解約しやすい / TechSupport未加入 / OnlineSecurity未加入,長期契約特典: 1年契約への移行割引やポイント付与を提案する / サポート加入キャンペーン: 初月無料のTechSupportを提案する / セキュリティ提案: OnlineSecurityの価値を説明し利用を促す
2343-HFL,Male,0,Yes,No,14,Yes,No phone service,Fiber optic,No,No,Yes,No,No,No,One year,Yes,Bank transfer (automatic),59.8,859.44,1,0.7001315052103938,High,TechSupport未加入 / OnlineSecurity未加入 / Fiber optic利用で料金・品質不満の可能性,サポート加入キャンペーン: 初月無料のTechSupportを提案する / セキュリティ提案: OnlineSecurityの価値を説明し利用を促す / 満足度確認: 通信品質・料金への不満をヒアリングする
1377-SVS,Female,1,Yes,Yes,28,Yes,Yes,Fiber optic,No,No,No,No,No,Yes,One year,No,Electronic check,77.03,2191.05,0,0.7000691912148045,High,月額料金が高い / TechSupport未加入 / OnlineSecurity未加入 / Electronic check利用 / Fiber optic利用で料金・品質不満の可能性,料金プラン見直し: 利用状況に合う低負担プランを提案する / サポート加入キャンペーン: 初月無料のTechSupportを提案する / セキュリティ提案: OnlineSecurityの価値を説明し利用を促す
9638-WHV,Male,0,No,No,13,Yes,Yes,DSL,No,No,Yes,Yes,Yes,Yes,Month-to-month,No,Electronic check,57.44,764.27,1,0.7000345429454544,High,月額契約で解約しやすい / OnlineSecurity未加入 / Electronic check利用,長期契約特典: 1年契約への移行割引やポイント付与を提案する / セキュリティ提案: OnlineSecurityの価値を説明し利用を促す / 支払い方法変更: 自動支払いへの変更特典を提案する
